2026-02-25 00:40:19,333 - INFO - ============================================================
2026-02-25 00:40:19,338 - INFO - Starting INSTITUTION-LEVEL Panel Construction
2026-02-25 00:40:19,338 - INFO - ============================================================
2026-02-25 00:40:19,341 - INFO - Loading 35 consolidated Individual Institution files from c:\Users\pedro\OneDrive\Documentos\Yale\Year 3 (2024 - 2025)\Open Finance\Open-Finance\BCB\IF Data\Individual Institutions
2026-02-25 00:40:19,481 - ERROR -   Error loading c:\Users\pedro\OneDrive\Documentos\Yale\Year 3 (2024 - 2025)\Open Finance\Open-Finance\BCB\IF Data\Individual Institutions\IF_DATA_Values_2016_12.csv: CSV parser got out of sync with chunker. This can mean the data file contains cell values spanning multiple lines; please consider enabling the option 'newlines_in_values'.
2026-02-25 00:40:19,526 - ERROR -   Error loading c:\Users\pedro\OneDrive\Documentos\Yale\Year 3 (2024 - 2025)\Open Finance\Open-Finance\BCB\IF Data\Individual Institutions\IF_DATA_Values_2016_3.csv: CSV parser got out of sync with chunker. This can mean the data file contains cell values spanning multiple lines; please consider enabling the option 'newlines_in_values'.
2026-02-25 00:40:19,546 - ERROR -   Error loading c:\Users\pedro\OneDrive\Documentos\Yale\Year 3 (2024 - 2025)\Open Finance\Open-Finance\BCB\IF Data\Individual Institutions\IF_DATA_Values_2016_6.csv: CSV parser got out of sync with chunker. This can mean the data file contains cell values spanning multiple lines; please consider enabling the option 'newlines_in_values'.
2026-02-25 00:40:19,565 - ERROR -   Error loading c:\Users\pedro\OneDrive\Documentos\Yale\Year 3 (2024 - 2025)\Open Finance\Open-Finance\BCB\IF Data\Individual Institutions\IF_DATA_Values_2016_9.csv: CSV parser got out of sync with chunker. This can mean the data file contains cell values spanning multiple lines; please consider enabling the option 'newlines_in_values'.
2026-02-25 00:40:19,587 - ERROR -   Error loading c:\Users\pedro\OneDrive\Documentos\Yale\Year 3 (2024 - 2025)\Open Finance\Open-Finance\BCB\IF Data\Individual Institutions\IF_DATA_Values_2017_12.csv: CSV parser got out of sync with chunker. This can mean the data file contains cell values spanning multiple lines; please consider enabling the option 'newlines_in_values'.
2026-02-25 00:40:19,611 - ERROR -   Error loading c:\Users\pedro\OneDrive\Documentos\Yale\Year 3 (2024 - 2025)\Open Finance\Open-Finance\BCB\IF Data\Individual Institutions\IF_DATA_Values_2017_3.csv: CSV parser got out of sync with chunker. This can mean the data file contains cell values spanning multiple lines; please consider enabling the option 'newlines_in_values'.
2026-02-25 00:40:19,648 - ERROR -   Error loading c:\Users\pedro\OneDrive\Documentos\Yale\Year 3 (2024 - 2025)\Open Finance\Open-Finance\BCB\IF Data\Individual Institutions\IF_DATA_Values_2017_6.csv: CSV parser got out of sync with chunker. This can mean the data file contains cell values spanning multiple lines; please consider enabling the option 'newlines_in_values'.
2026-02-25 00:40:19,670 - ERROR -   Error loading c:\Users\pedro\OneDrive\Documentos\Yale\Year 3 (2024 - 2025)\Open Finance\Open-Finance\BCB\IF Data\Individual Institutions\IF_DATA_Values_2017_9.csv: CSV parser got out of sync with chunker. This can mean the data file contains cell values spanning multiple lines; please consider enabling the option 'newlines_in_values'.
2026-02-25 00:40:19,715 - ERROR -   Error loading c:\Users\pedro\OneDrive\Documentos\Yale\Year 3 (2024 - 2025)\Open Finance\Open-Finance\BCB\IF Data\Individual Institutions\IF_DATA_Values_2018_12.csv: CSV parser got out of sync with chunker. This can mean the data file contains cell values spanning multiple lines; please consider enabling the option 'newlines_in_values'.
2026-02-25 00:40:19,741 - ERROR -   Error loading c:\Users\pedro\OneDrive\Documentos\Yale\Year 3 (2024 - 2025)\Open Finance\Open-Finance\BCB\IF Data\Individual Institutions\IF_DATA_Values_2018_3.csv: CSV parser got out of sync with chunker. This can mean the data file contains cell values spanning multiple lines; please consider enabling the option 'newlines_in_values'.
2026-02-25 00:40:19,808 - ERROR -   Error loading c:\Users\pedro\OneDrive\Documentos\Yale\Year 3 (2024 - 2025)\Open Finance\Open-Finance\BCB\IF Data\Individual Institutions\IF_DATA_Values_2018_6.csv: CSV parser got out of sync with chunker. This can mean the data file contains cell values spanning multiple lines; please consider enabling the option 'newlines_in_values'.
2026-02-25 00:40:19,857 - ERROR -   Error loading c:\Users\pedro\OneDrive\Documentos\Yale\Year 3 (2024 - 2025)\Open Finance\Open-Finance\BCB\IF Data\Individual Institutions\IF_DATA_Values_2018_9.csv: CSV parser got out of sync with chunker. This can mean the data file contains cell values spanning multiple lines; please consider enabling the option 'newlines_in_values'.
2026-02-25 00:40:19,906 - ERROR -   Error loading c:\Users\pedro\OneDrive\Documentos\Yale\Year 3 (2024 - 2025)\Open Finance\Open-Finance\BCB\IF Data\Individual Institutions\IF_DATA_Values_2019_12.csv: CSV parser got out of sync with chunker. This can mean the data file contains cell values spanning multiple lines; please consider enabling the option 'newlines_in_values'.
2026-02-25 00:40:19,983 - ERROR -   Error loading c:\Users\pedro\OneDrive\Documentos\Yale\Year 3 (2024 - 2025)\Open Finance\Open-Finance\BCB\IF Data\Individual Institutions\IF_DATA_Values_2019_3.csv: CSV parser got out of sync with chunker. This can mean the data file contains cell values spanning multiple lines; please consider enabling the option 'newlines_in_values'.
2026-02-25 00:40:20,047 - ERROR -   Error loading c:\Users\pedro\OneDrive\Documentos\Yale\Year 3 (2024 - 2025)\Open Finance\Open-Finance\BCB\IF Data\Individual Institutions\IF_DATA_Values_2019_6.csv: CSV parser got out of sync with chunker. This can mean the data file contains cell values spanning multiple lines; please consider enabling the option 'newlines_in_values'.
2026-02-25 00:40:20,112 - ERROR -   Error loading c:\Users\pedro\OneDrive\Documentos\Yale\Year 3 (2024 - 2025)\Open Finance\Open-Finance\BCB\IF Data\Individual Institutions\IF_DATA_Values_2019_9.csv: CSV parser got out of sync with chunker. This can mean the data file contains cell values spanning multiple lines; please consider enabling the option 'newlines_in_values'.
2026-02-25 00:40:20,178 - ERROR -   Error loading c:\Users\pedro\OneDrive\Documentos\Yale\Year 3 (2024 - 2025)\Open Finance\Open-Finance\BCB\IF Data\Individual Institutions\IF_DATA_Values_2020_12.csv: CSV parser got out of sync with chunker. This can mean the data file contains cell values spanning multiple lines; please consider enabling the option 'newlines_in_values'.
2026-02-25 00:40:20,252 - ERROR -   Error loading c:\Users\pedro\OneDrive\Documentos\Yale\Year 3 (2024 - 2025)\Open Finance\Open-Finance\BCB\IF Data\Individual Institutions\IF_DATA_Values_2020_3.csv: CSV parser got out of sync with chunker. This can mean the data file contains cell values spanning multiple lines; please consider enabling the option 'newlines_in_values'.
2026-02-25 00:40:20,396 - ERROR -   Error loading c:\Users\pedro\OneDrive\Documentos\Yale\Year 3 (2024 - 2025)\Open Finance\Open-Finance\BCB\IF Data\Individual Institutions\IF_DATA_Values_2020_6.csv: CSV parser got out of sync with chunker. This can mean the data file contains cell values spanning multiple lines; please consider enabling the option 'newlines_in_values'.
2026-02-25 00:40:20,442 - ERROR -   Error loading c:\Users\pedro\OneDrive\Documentos\Yale\Year 3 (2024 - 2025)\Open Finance\Open-Finance\BCB\IF Data\Individual Institutions\IF_DATA_Values_2020_9.csv: CSV parser got out of sync with chunker. This can mean the data file contains cell values spanning multiple lines; please consider enabling the option 'newlines_in_values'.
2026-02-25 00:40:20,472 - ERROR -   Error loading c:\Users\pedro\OneDrive\Documentos\Yale\Year 3 (2024 - 2025)\Open Finance\Open-Finance\BCB\IF Data\Individual Institutions\IF_DATA_Values_2021_12.csv: CSV parser got out of sync with chunker. This can mean the data file contains cell values spanning multiple lines; please consider enabling the option 'newlines_in_values'.
2026-02-25 00:40:20,513 - ERROR -   Error loading c:\Users\pedro\OneDrive\Documentos\Yale\Year 3 (2024 - 2025)\Open Finance\Open-Finance\BCB\IF Data\Individual Institutions\IF_DATA_Values_2021_3.csv: CSV parser got out of sync with chunker. This can mean the data file contains cell values spanning multiple lines; please consider enabling the option 'newlines_in_values'.
2026-02-25 00:40:20,548 - ERROR -   Error loading c:\Users\pedro\OneDrive\Documentos\Yale\Year 3 (2024 - 2025)\Open Finance\Open-Finance\BCB\IF Data\Individual Institutions\IF_DATA_Values_2021_6.csv: CSV parser got out of sync with chunker. This can mean the data file contains cell values spanning multiple lines; please consider enabling the option 'newlines_in_values'.
2026-02-25 00:40:20,569 - ERROR -   Error loading c:\Users\pedro\OneDrive\Documentos\Yale\Year 3 (2024 - 2025)\Open Finance\Open-Finance\BCB\IF Data\Individual Institutions\IF_DATA_Values_2021_9.csv: CSV parser got out of sync with chunker. This can mean the data file contains cell values spanning multiple lines; please consider enabling the option 'newlines_in_values'.
2026-02-25 00:40:20,614 - ERROR -   Error loading c:\Users\pedro\OneDrive\Documentos\Yale\Year 3 (2024 - 2025)\Open Finance\Open-Finance\BCB\IF Data\Individual Institutions\IF_DATA_Values_2022_12.csv: CSV parser got out of sync with chunker. This can mean the data file contains cell values spanning multiple lines; please consider enabling the option 'newlines_in_values'.
2026-02-25 00:40:20,657 - ERROR -   Error loading c:\Users\pedro\OneDrive\Documentos\Yale\Year 3 (2024 - 2025)\Open Finance\Open-Finance\BCB\IF Data\Individual Institutions\IF_DATA_Values_2022_3.csv: CSV parser got out of sync with chunker. This can mean the data file contains cell values spanning multiple lines; please consider enabling the option 'newlines_in_values'.
2026-02-25 00:40:20,694 - ERROR -   Error loading c:\Users\pedro\OneDrive\Documentos\Yale\Year 3 (2024 - 2025)\Open Finance\Open-Finance\BCB\IF Data\Individual Institutions\IF_DATA_Values_2022_6.csv: CSV parser got out of sync with chunker. This can mean the data file contains cell values spanning multiple lines; please consider enabling the option 'newlines_in_values'.
2026-02-25 00:40:20,730 - ERROR -   Error loading c:\Users\pedro\OneDrive\Documentos\Yale\Year 3 (2024 - 2025)\Open Finance\Open-Finance\BCB\IF Data\Individual Institutions\IF_DATA_Values_2022_9.csv: CSV parser got out of sync with chunker. This can mean the data file contains cell values spanning multiple lines; please consider enabling the option 'newlines_in_values'.
2026-02-25 00:40:20,752 - ERROR -   Error loading c:\Users\pedro\OneDrive\Documentos\Yale\Year 3 (2024 - 2025)\Open Finance\Open-Finance\BCB\IF Data\Individual Institutions\IF_DATA_Values_2023_12.csv: CSV parser got out of sync with chunker. This can mean the data file contains cell values spanning multiple lines; please consider enabling the option 'newlines_in_values'.
2026-02-25 00:40:20,785 - ERROR -   Error loading c:\Users\pedro\OneDrive\Documentos\Yale\Year 3 (2024 - 2025)\Open Finance\Open-Finance\BCB\IF Data\Individual Institutions\IF_DATA_Values_2023_3.csv: CSV parser got out of sync with chunker. This can mean the data file contains cell values spanning multiple lines; please consider enabling the option 'newlines_in_values'.
2026-02-25 00:40:20,803 - ERROR -   Error loading c:\Users\pedro\OneDrive\Documentos\Yale\Year 3 (2024 - 2025)\Open Finance\Open-Finance\BCB\IF Data\Individual Institutions\IF_DATA_Values_2023_6.csv: CSV parser got out of sync with chunker. This can mean the data file contains cell values spanning multiple lines; please consider enabling the option 'newlines_in_values'.
2026-02-25 00:40:20,817 - ERROR -   Error loading c:\Users\pedro\OneDrive\Documentos\Yale\Year 3 (2024 - 2025)\Open Finance\Open-Finance\BCB\IF Data\Individual Institutions\IF_DATA_Values_2023_9.csv: CSV parser got out of sync with chunker. This can mean the data file contains cell values spanning multiple lines; please consider enabling the option 'newlines_in_values'.
2026-02-25 00:40:20,849 - ERROR -   Error loading c:\Users\pedro\OneDrive\Documentos\Yale\Year 3 (2024 - 2025)\Open Finance\Open-Finance\BCB\IF Data\Individual Institutions\IF_DATA_Values_2024_3.csv: CSV parser got out of sync with chunker. This can mean the data file contains cell values spanning multiple lines; please consider enabling the option 'newlines_in_values'.
2026-02-25 00:40:20,868 - ERROR -   Error loading c:\Users\pedro\OneDrive\Documentos\Yale\Year 3 (2024 - 2025)\Open Finance\Open-Finance\BCB\IF Data\Individual Institutions\IF_DATA_Values_2024_6.csv: CSV parser got out of sync with chunker. This can mean the data file contains cell values spanning multiple lines; please consider enabling the option 'newlines_in_values'.
2026-02-25 00:40:20,881 - ERROR -   Error loading c:\Users\pedro\OneDrive\Documentos\Yale\Year 3 (2024 - 2025)\Open Finance\Open-Finance\BCB\IF Data\Individual Institutions\IF_DATA_Values_2024_9.csv: CSV parser got out of sync with chunker. This can mean the data file contains cell values spanning multiple lines; please consider enabling the option 'newlines_in_values'.
2026-02-25 00:40:20,906 - INFO - Loading 88 per-report API files from c:\Users\pedro\OneDrive\Documentos\Yale\Year 3 (2024 - 2025)\Open Finance\Open-Finance\BCB\Egan_et_al_2025_Rep\raw\IF_DATA_RAW\Individual
2026-02-25 00:40:20,915 - ERROR -   Error loading c:\Users\pedro\OneDrive\Documentos\Yale\Year 3 (2024 - 2025)\Open Finance\Open-Finance\BCB\Egan_et_al_2025_Rep\raw\IF_DATA_RAW\Individual\IF_DATA_Passivo_2014_12.csv: CSV parser got out of sync with chunker. This can mean the data file contains cell values spanning multiple lines; please consider enabling the option 'newlines_in_values'.
2026-02-25 00:40:20,915 - ERROR -   Error loading c:\Users\pedro\OneDrive\Documentos\Yale\Year 3 (2024 - 2025)\Open Finance\Open-Finance\BCB\Egan_et_al_2025_Rep\raw\IF_DATA_RAW\Individual\IF_DATA_Passivo_2014_3.csv: CSV parser got out of sync with chunker. This can mean the data file contains cell values spanning multiple lines; please consider enabling the option 'newlines_in_values'.
2026-02-25 00:40:20,929 - ERROR -   Error loading c:\Users\pedro\OneDrive\Documentos\Yale\Year 3 (2024 - 2025)\Open Finance\Open-Finance\BCB\Egan_et_al_2025_Rep\raw\IF_DATA_RAW\Individual\IF_DATA_Passivo_2014_6.csv: CSV parser got out of sync with chunker. This can mean the data file contains cell values spanning multiple lines; please consider enabling the option 'newlines_in_values'.
2026-02-25 00:40:20,929 - ERROR -   Error loading c:\Users\pedro\OneDrive\Documentos\Yale\Year 3 (2024 - 2025)\Open Finance\Open-Finance\BCB\Egan_et_al_2025_Rep\raw\IF_DATA_RAW\Individual\IF_DATA_Passivo_2014_9.csv: CSV parser got out of sync with chunker. This can mean the data file contains cell values spanning multiple lines; please consider enabling the option 'newlines_in_values'.
2026-02-25 00:40:20,945 - ERROR -   Error loading c:\Users\pedro\OneDrive\Documentos\Yale\Year 3 (2024 - 2025)\Open Finance\Open-Finance\BCB\Egan_et_al_2025_Rep\raw\IF_DATA_RAW\Individual\IF_DATA_Passivo_2015_12.csv: CSV parser got out of sync with chunker. This can mean the data file contains cell values spanning multiple lines; please consider enabling the option 'newlines_in_values'.
2026-02-25 00:40:20,945 - ERROR -   Error loading c:\Users\pedro\OneDrive\Documentos\Yale\Year 3 (2024 - 2025)\Open Finance\Open-Finance\BCB\Egan_et_al_2025_Rep\raw\IF_DATA_RAW\Individual\IF_DATA_Passivo_2015_3.csv: CSV parser got out of sync with chunker. This can mean the data file contains cell values spanning multiple lines; please consider enabling the option 'newlines_in_values'.
2026-02-25 00:40:20,967 - ERROR -   Error loading c:\Users\pedro\OneDrive\Documentos\Yale\Year 3 (2024 - 2025)\Open Finance\Open-Finance\BCB\Egan_et_al_2025_Rep\raw\IF_DATA_RAW\Individual\IF_DATA_Passivo_2015_6.csv: CSV parser got out of sync with chunker. This can mean the data file contains cell values spanning multiple lines; please consider enabling the option 'newlines_in_values'.
2026-02-25 00:40:20,979 - ERROR -   Error loading c:\Users\pedro\OneDrive\Documentos\Yale\Year 3 (2024 - 2025)\Open Finance\Open-Finance\BCB\Egan_et_al_2025_Rep\raw\IF_DATA_RAW\Individual\IF_DATA_Passivo_2015_9.csv: CSV parser got out of sync with chunker. This can mean the data file contains cell values spanning multiple lines; please consider enabling the option 'newlines_in_values'.
2026-02-25 00:40:20,991 - ERROR -   Error loading c:\Users\pedro\OneDrive\Documentos\Yale\Year 3 (2024 - 2025)\Open Finance\Open-Finance\BCB\Egan_et_al_2025_Rep\raw\IF_DATA_RAW\Individual\IF_DATA_Passivo_2016_12.csv: CSV parser got out of sync with chunker. This can mean the data file contains cell values spanning multiple lines; please consider enabling the option 'newlines_in_values'.
2026-02-25 00:40:21,054 - ERROR -   Error loading c:\Users\pedro\OneDrive\Documentos\Yale\Year 3 (2024 - 2025)\Open Finance\Open-Finance\BCB\Egan_et_al_2025_Rep\raw\IF_DATA_RAW\Individual\IF_DATA_Passivo_2016_6.csv: CSV parser got out of sync with chunker. This can mean the data file contains cell values spanning multiple lines; please consider enabling the option 'newlines_in_values'.
2026-02-25 00:40:21,102 - ERROR -   Error loading c:\Users\pedro\OneDrive\Documentos\Yale\Year 3 (2024 - 2025)\Open Finance\Open-Finance\BCB\Egan_et_al_2025_Rep\raw\IF_DATA_RAW\Individual\IF_DATA_Passivo_2017_12.csv: CSV parser got out of sync with chunker. This can mean the data file contains cell values spanning multiple lines; please consider enabling the option 'newlines_in_values'.
2026-02-25 00:40:21,112 - ERROR -   Error loading c:\Users\pedro\OneDrive\Documentos\Yale\Year 3 (2024 - 2025)\Open Finance\Open-Finance\BCB\Egan_et_al_2025_Rep\raw\IF_DATA_RAW\Individual\IF_DATA_Passivo_2017_3.csv: CSV parser got out of sync with chunker. This can mean the data file contains cell values spanning multiple lines; please consider enabling the option 'newlines_in_values'.
2026-02-25 00:40:21,118 - ERROR -   Error loading c:\Users\pedro\OneDrive\Documentos\Yale\Year 3 (2024 - 2025)\Open Finance\Open-Finance\BCB\Egan_et_al_2025_Rep\raw\IF_DATA_RAW\Individual\IF_DATA_Passivo_2017_6.csv: CSV parser got out of sync with chunker. This can mean the data file contains cell values spanning multiple lines; please consider enabling the option 'newlines_in_values'.
2026-02-25 00:40:21,128 - ERROR -   Error loading c:\Users\pedro\OneDrive\Documentos\Yale\Year 3 (2024 - 2025)\Open Finance\Open-Finance\BCB\Egan_et_al_2025_Rep\raw\IF_DATA_RAW\Individual\IF_DATA_Passivo_2017_9.csv: CSV parser got out of sync with chunker. This can mean the data file contains cell values spanning multiple lines; please consider enabling the option 'newlines_in_values'.
2026-02-25 00:40:21,135 - ERROR -   Error loading c:\Users\pedro\OneDrive\Documentos\Yale\Year 3 (2024 - 2025)\Open Finance\Open-Finance\BCB\Egan_et_al_2025_Rep\raw\IF_DATA_RAW\Individual\IF_DATA_Passivo_2018_12.csv: CSV parser got out of sync with chunker. This can mean the data file contains cell values spanning multiple lines; please consider enabling the option 'newlines_in_values'.
2026-02-25 00:40:21,143 - ERROR -   Error loading c:\Users\pedro\OneDrive\Documentos\Yale\Year 3 (2024 - 2025)\Open Finance\Open-Finance\BCB\Egan_et_al_2025_Rep\raw\IF_DATA_RAW\Individual\IF_DATA_Passivo_2018_3.csv: CSV parser got out of sync with chunker. This can mean the data file contains cell values spanning multiple lines; please consider enabling the option 'newlines_in_values'.
2026-02-25 00:40:21,152 - ERROR -   Error loading c:\Users\pedro\OneDrive\Documentos\Yale\Year 3 (2024 - 2025)\Open Finance\Open-Finance\BCB\Egan_et_al_2025_Rep\raw\IF_DATA_RAW\Individual\IF_DATA_Passivo_2018_6.csv: CSV parser got out of sync with chunker. This can mean the data file contains cell values spanning multiple lines; please consider enabling the option 'newlines_in_values'.
2026-02-25 00:40:21,160 - ERROR -   Error loading c:\Users\pedro\OneDrive\Documentos\Yale\Year 3 (2024 - 2025)\Open Finance\Open-Finance\BCB\Egan_et_al_2025_Rep\raw\IF_DATA_RAW\Individual\IF_DATA_Passivo_2018_9.csv: CSV parser got out of sync with chunker. This can mean the data file contains cell values spanning multiple lines; please consider enabling the option 'newlines_in_values'.
2026-02-25 00:40:21,169 - ERROR -   Error loading c:\Users\pedro\OneDrive\Documentos\Yale\Year 3 (2024 - 2025)\Open Finance\Open-Finance\BCB\Egan_et_al_2025_Rep\raw\IF_DATA_RAW\Individual\IF_DATA_Passivo_2019_12.csv: CSV parser got out of sync with chunker. This can mean the data file contains cell values spanning multiple lines; please consider enabling the option 'newlines_in_values'.
2026-02-25 00:40:21,177 - ERROR -   Error loading c:\Users\pedro\OneDrive\Documentos\Yale\Year 3 (2024 - 2025)\Open Finance\Open-Finance\BCB\Egan_et_al_2025_Rep\raw\IF_DATA_RAW\Individual\IF_DATA_Passivo_2019_3.csv: CSV parser got out of sync with chunker. This can mean the data file contains cell values spanning multiple lines; please consider enabling the option 'newlines_in_values'.
2026-02-25 00:40:21,181 - ERROR -   Error loading c:\Users\pedro\OneDrive\Documentos\Yale\Year 3 (2024 - 2025)\Open Finance\Open-Finance\BCB\Egan_et_al_2025_Rep\raw\IF_DATA_RAW\Individual\IF_DATA_Passivo_2019_6.csv: CSV parser got out of sync with chunker. This can mean the data file contains cell values spanning multiple lines; please consider enabling the option 'newlines_in_values'.
2026-02-25 00:40:21,195 - ERROR -   Error loading c:\Users\pedro\OneDrive\Documentos\Yale\Year 3 (2024 - 2025)\Open Finance\Open-Finance\BCB\Egan_et_al_2025_Rep\raw\IF_DATA_RAW\Individual\IF_DATA_Passivo_2019_9.csv: CSV parser got out of sync with chunker. This can mean the data file contains cell values spanning multiple lines; please consider enabling the option 'newlines_in_values'.
2026-02-25 00:40:21,199 - ERROR -   Error loading c:\Users\pedro\OneDrive\Documentos\Yale\Year 3 (2024 - 2025)\Open Finance\Open-Finance\BCB\Egan_et_al_2025_Rep\raw\IF_DATA_RAW\Individual\IF_DATA_Passivo_2020_12.csv: CSV parser got out of sync with chunker. This can mean the data file contains cell values spanning multiple lines; please consider enabling the option 'newlines_in_values'.
2026-02-25 00:40:21,210 - ERROR -   Error loading c:\Users\pedro\OneDrive\Documentos\Yale\Year 3 (2024 - 2025)\Open Finance\Open-Finance\BCB\Egan_et_al_2025_Rep\raw\IF_DATA_RAW\Individual\IF_DATA_Passivo_2020_3.csv: CSV parser got out of sync with chunker. This can mean the data file contains cell values spanning multiple lines; please consider enabling the option 'newlines_in_values'.
2026-02-25 00:40:21,215 - ERROR -   Error loading c:\Users\pedro\OneDrive\Documentos\Yale\Year 3 (2024 - 2025)\Open Finance\Open-Finance\BCB\Egan_et_al_2025_Rep\raw\IF_DATA_RAW\Individual\IF_DATA_Passivo_2020_6.csv: CSV parser got out of sync with chunker. This can mean the data file contains cell values spanning multiple lines; please consider enabling the option 'newlines_in_values'.
2026-02-25 00:40:21,229 - ERROR -   Error loading c:\Users\pedro\OneDrive\Documentos\Yale\Year 3 (2024 - 2025)\Open Finance\Open-Finance\BCB\Egan_et_al_2025_Rep\raw\IF_DATA_RAW\Individual\IF_DATA_Passivo_2020_9.csv: CSV parser got out of sync with chunker. This can mean the data file contains cell values spanning multiple lines; please consider enabling the option 'newlines_in_values'.
2026-02-25 00:40:21,229 - ERROR -   Error loading c:\Users\pedro\OneDrive\Documentos\Yale\Year 3 (2024 - 2025)\Open Finance\Open-Finance\BCB\Egan_et_al_2025_Rep\raw\IF_DATA_RAW\Individual\IF_DATA_Passivo_2021_12.csv: CSV parser got out of sync with chunker. This can mean the data file contains cell values spanning multiple lines; please consider enabling the option 'newlines_in_values'.
2026-02-25 00:40:21,244 - ERROR -   Error loading c:\Users\pedro\OneDrive\Documentos\Yale\Year 3 (2024 - 2025)\Open Finance\Open-Finance\BCB\Egan_et_al_2025_Rep\raw\IF_DATA_RAW\Individual\IF_DATA_Passivo_2021_3.csv: CSV parser got out of sync with chunker. This can mean the data file contains cell values spanning multiple lines; please consider enabling the option 'newlines_in_values'.
2026-02-25 00:40:21,252 - ERROR -   Error loading c:\Users\pedro\OneDrive\Documentos\Yale\Year 3 (2024 - 2025)\Open Finance\Open-Finance\BCB\Egan_et_al_2025_Rep\raw\IF_DATA_RAW\Individual\IF_DATA_Passivo_2021_6.csv: CSV parser got out of sync with chunker. This can mean the data file contains cell values spanning multiple lines; please consider enabling the option 'newlines_in_values'.
2026-02-25 00:40:21,260 - ERROR -   Error loading c:\Users\pedro\OneDrive\Documentos\Yale\Year 3 (2024 - 2025)\Open Finance\Open-Finance\BCB\Egan_et_al_2025_Rep\raw\IF_DATA_RAW\Individual\IF_DATA_Passivo_2021_9.csv: CSV parser got out of sync with chunker. This can mean the data file contains cell values spanning multiple lines; please consider enabling the option 'newlines_in_values'.
2026-02-25 00:40:21,265 - ERROR -   Error loading c:\Users\pedro\OneDrive\Documentos\Yale\Year 3 (2024 - 2025)\Open Finance\Open-Finance\BCB\Egan_et_al_2025_Rep\raw\IF_DATA_RAW\Individual\IF_DATA_Passivo_2022_12.csv: CSV parser got out of sync with chunker. This can mean the data file contains cell values spanning multiple lines; please consider enabling the option 'newlines_in_values'.
2026-02-25 00:40:21,273 - ERROR -   Error loading c:\Users\pedro\OneDrive\Documentos\Yale\Year 3 (2024 - 2025)\Open Finance\Open-Finance\BCB\Egan_et_al_2025_Rep\raw\IF_DATA_RAW\Individual\IF_DATA_Passivo_2022_3.csv: CSV parser got out of sync with chunker. This can mean the data file contains cell values spanning multiple lines; please consider enabling the option 'newlines_in_values'.
2026-02-25 00:40:21,312 - ERROR -   Error loading c:\Users\pedro\OneDrive\Documentos\Yale\Year 3 (2024 - 2025)\Open Finance\Open-Finance\BCB\Egan_et_al_2025_Rep\raw\IF_DATA_RAW\Individual\IF_DATA_Passivo_2022_9.csv: CSV parser got out of sync with chunker. This can mean the data file contains cell values spanning multiple lines; please consider enabling the option 'newlines_in_values'.
2026-02-25 00:40:21,312 - ERROR -   Error loading c:\Users\pedro\OneDrive\Documentos\Yale\Year 3 (2024 - 2025)\Open Finance\Open-Finance\BCB\Egan_et_al_2025_Rep\raw\IF_DATA_RAW\Individual\IF_DATA_Passivo_2023_12.csv: CSV parser got out of sync with chunker. This can mean the data file contains cell values spanning multiple lines; please consider enabling the option 'newlines_in_values'.
2026-02-25 00:40:21,322 - ERROR -   Error loading c:\Users\pedro\OneDrive\Documentos\Yale\Year 3 (2024 - 2025)\Open Finance\Open-Finance\BCB\Egan_et_al_2025_Rep\raw\IF_DATA_RAW\Individual\IF_DATA_Passivo_2023_3.csv: CSV parser got out of sync with chunker. This can mean the data file contains cell values spanning multiple lines; please consider enabling the option 'newlines_in_values'.
2026-02-25 00:40:21,329 - ERROR -   Error loading c:\Users\pedro\OneDrive\Documentos\Yale\Year 3 (2024 - 2025)\Open Finance\Open-Finance\BCB\Egan_et_al_2025_Rep\raw\IF_DATA_RAW\Individual\IF_DATA_Passivo_2023_6.csv: CSV parser got out of sync with chunker. This can mean the data file contains cell values spanning multiple lines; please consider enabling the option 'newlines_in_values'.
2026-02-25 00:40:21,338 - ERROR -   Error loading c:\Users\pedro\OneDrive\Documentos\Yale\Year 3 (2024 - 2025)\Open Finance\Open-Finance\BCB\Egan_et_al_2025_Rep\raw\IF_DATA_RAW\Individual\IF_DATA_Passivo_2023_9.csv: CSV parser got out of sync with chunker. This can mean the data file contains cell values spanning multiple lines; please consider enabling the option 'newlines_in_values'.
2026-02-25 00:40:21,343 - ERROR -   Error loading c:\Users\pedro\OneDrive\Documentos\Yale\Year 3 (2024 - 2025)\Open Finance\Open-Finance\BCB\Egan_et_al_2025_Rep\raw\IF_DATA_RAW\Individual\IF_DATA_Passivo_2024_12.csv: CSV parser got out of sync with chunker. This can mean the data file contains cell values spanning multiple lines; please consider enabling the option 'newlines_in_values'.
2026-02-25 00:40:21,355 - ERROR -   Error loading c:\Users\pedro\OneDrive\Documentos\Yale\Year 3 (2024 - 2025)\Open Finance\Open-Finance\BCB\Egan_et_al_2025_Rep\raw\IF_DATA_RAW\Individual\IF_DATA_Passivo_2024_3.csv: CSV parser got out of sync with chunker. This can mean the data file contains cell values spanning multiple lines; please consider enabling the option 'newlines_in_values'.
2026-02-25 00:40:21,365 - ERROR -   Error loading c:\Users\pedro\OneDrive\Documentos\Yale\Year 3 (2024 - 2025)\Open Finance\Open-Finance\BCB\Egan_et_al_2025_Rep\raw\IF_DATA_RAW\Individual\IF_DATA_Passivo_2024_6.csv: CSV parser got out of sync with chunker. This can mean the data file contains cell values spanning multiple lines; please consider enabling the option 'newlines_in_values'.
2026-02-25 00:40:21,375 - ERROR -   Error loading c:\Users\pedro\OneDrive\Documentos\Yale\Year 3 (2024 - 2025)\Open Finance\Open-Finance\BCB\Egan_et_al_2025_Rep\raw\IF_DATA_RAW\Individual\IF_DATA_Passivo_2024_9.csv: CSV parser got out of sync with chunker. This can mean the data file contains cell values spanning multiple lines; please consider enabling the option 'newlines_in_values'.
2026-02-25 00:40:22,460 - INFO - Removed 107 SFN aggregate rows (CodInst = 00000000)
2026-02-25 00:40:22,495 - INFO - Macro series loaded: 4836 daily obs
2026-02-25 00:40:22,502 - INFO - Loading institution info from 108 List files
2026-02-25 00:40:24,817 - INFO - Institution info loaded: 2876 unique CNPJs
2026-02-25 00:40:24,826 - INFO - Loading COSIF quarterly from Parquet: c:\Users\pedro\OneDrive\Documentos\Yale\Year 3 (2024 - 2025)\Open Finance\Open-Finance\BCB\Egan_et_al_2025_Rep\processed\COSIF_PROCESSED\cosif_quarterly_institution.parquet
2026-02-25 00:40:26,962 - INFO - COSIF quarterly loaded: 55,210 obs | 1834 institutions | rate coverage: 41,290
2026-02-25 00:40:26,962 - INFO - ============================================================
2026-02-25 00:40:26,962 - INFO - Building INSTITUTION-LEVEL Egan et al. (2025) panel ...
2026-02-25 00:40:26,962 - INFO - ============================================================
2026-02-25 00:40:27,032 - INFO - Deposit panel: 163,425 obs | 2179 institutions | 5 types
2026-02-25 00:40:27,099 - INFO - Bank chars panel: 95,876 institution-quarter obs from 2179 institutions
2026-02-25 00:40:27,116 - INFO - Segment panel: 2876 institutions | distribution: {'S5': 1353, 'S4': 809, 'S3': 177, 'S1': 101, 'S2': 61}
2026-02-25 00:40:27,151 - INFO - Quarterly macro rates: 52 quarters
2026-02-25 00:40:27,232 - INFO - Bank chars coverage: 163,425 / 163,425
2026-02-25 00:40:27,266 - INFO - Segment coverage: 131,775 / 163,425
2026-02-25 00:40:27,329 - INFO - COSIF rate coverage: 65,875 / 163,425
2026-02-25 00:40:27,488 - INFO - Panel complete: 163,425 obs | 2179 institutions | 3 quarters | 5 deposit types
2026-02-25 00:40:29,411 - INFO - Panel saved to c:\Users\pedro\OneDrive\Documentos\Yale\Year 3 (2024 - 2025)\Open Finance\Open-Finance\BCB\Egan_et_al_2025_Rep\processed\PANEL_INTERMED\egan_panel_institution.csv
2026-02-25 00:40:29,545 - INFO - Panel saved to c:\Users\pedro\OneDrive\Documentos\Yale\Year 3 (2024 - 2025)\Open Finance\Open-Finance\BCB\Egan_et_al_2025_Rep\processed\PANEL_INTERMED\egan_panel_institution.parquet
2026-02-25 00:40:29,576 - INFO - Quarterly macro rates: 52 quarters
2026-02-25 00:40:29,679 - INFO - Script completed successfully.
2026-02-25 10:30:38,317 - INFO - ============================================================
2026-02-25 10:30:38,317 - INFO - Starting INSTITUTION-LEVEL Panel Construction
2026-02-25 10:30:38,317 - INFO - ============================================================
2026-02-25 10:30:38,317 - INFO - Loading 35 consolidated Individual Institution files from c:\Users\pedro\OneDrive\Documentos\Yale\Year 3 (2024 - 2025)\Open Finance\Open-Finance\BCB\IF Data\Individual Institutions
2026-02-25 10:30:38,538 - INFO -   IF_DATA_Values_2016_12.csv: 14517 rows
2026-02-25 10:30:38,745 - INFO -   IF_DATA_Values_2016_3.csv: 14940 rows
2026-02-25 10:30:38,958 - INFO -   IF_DATA_Values_2016_6.csv: 14823 rows
2026-02-25 10:30:39,179 - INFO -   IF_DATA_Values_2016_9.csv: 14715 rows
2026-02-25 10:30:39,407 - INFO -   IF_DATA_Values_2017_12.csv: 13968 rows
2026-02-25 10:30:39,620 - INFO -   IF_DATA_Values_2017_3.csv: 14391 rows
2026-02-25 10:30:39,845 - INFO -   IF_DATA_Values_2017_6.csv: 14247 rows
2026-02-25 10:30:40,067 - INFO -   IF_DATA_Values_2017_9.csv: 14103 rows
2026-02-25 10:30:40,272 - INFO -   IF_DATA_Values_2018_12.csv: 13554 rows
2026-02-25 10:30:40,473 - INFO -   IF_DATA_Values_2018_3.csv: 13941 rows
2026-02-25 10:30:40,678 - INFO -   IF_DATA_Values_2018_6.csv: 13797 rows
2026-02-25 10:30:40,907 - INFO -   IF_DATA_Values_2018_9.csv: 13635 rows
2026-02-25 10:30:41,122 - INFO -   IF_DATA_Values_2019_12.csv: 13140 rows
2026-02-25 10:30:41,337 - INFO -   IF_DATA_Values_2019_3.csv: 13446 rows
2026-02-25 10:30:41,554 - INFO -   IF_DATA_Values_2019_6.csv: 13311 rows
2026-02-25 10:30:41,775 - INFO -   IF_DATA_Values_2019_9.csv: 13248 rows
2026-02-25 10:30:41,991 - INFO -   IF_DATA_Values_2020_12.csv: 14630 rows
2026-02-25 10:30:42,180 - INFO -   IF_DATA_Values_2020_3.csv: 13104 rows
2026-02-25 10:30:42,385 - INFO -   IF_DATA_Values_2020_6.csv: 14530 rows
2026-02-25 10:30:42,624 - INFO -   IF_DATA_Values_2020_9.csv: 14560 rows
2026-02-25 10:30:42,839 - INFO -   IF_DATA_Values_2021_12.csv: 14720 rows
2026-02-25 10:30:43,057 - INFO -   IF_DATA_Values_2021_3.csv: 14650 rows
2026-02-25 10:30:43,247 - INFO -   IF_DATA_Values_2021_6.csv: 14720 rows
2026-02-25 10:30:43,467 - INFO -   IF_DATA_Values_2021_9.csv: 14720 rows
2026-02-25 10:30:43,684 - INFO -   IF_DATA_Values_2022_12.csv: 15130 rows
2026-02-25 10:30:43,906 - INFO -   IF_DATA_Values_2022_3.csv: 14850 rows
2026-02-25 10:30:44,139 - INFO -   IF_DATA_Values_2022_6.csv: 14940 rows
2026-02-25 10:30:44,351 - INFO -   IF_DATA_Values_2022_9.csv: 15000 rows
2026-02-25 10:30:44,572 - INFO -   IF_DATA_Values_2023_12.csv: 15520 rows
2026-02-25 10:30:44,781 - INFO -   IF_DATA_Values_2023_3.csv: 15240 rows
2026-02-25 10:30:45,002 - INFO -   IF_DATA_Values_2023_6.csv: 15300 rows
2026-02-25 10:30:45,235 - INFO -   IF_DATA_Values_2023_9.csv: 15450 rows
2026-02-25 10:30:45,489 - INFO -   IF_DATA_Values_2024_3.csv: 15630 rows
2026-02-25 10:30:45,736 - INFO -   IF_DATA_Values_2024_6.csv: 15660 rows
2026-02-25 10:30:45,990 - INFO -   IF_DATA_Values_2024_9.csv: 15830 rows
2026-02-25 10:30:45,990 - INFO - Loading 94 per-report API files from c:\Users\pedro\OneDrive\Documentos\Yale\Year 3 (2024 - 2025)\Open Finance\Open-Finance\BCB\Egan_et_al_2025_Rep\raw\IF_DATA_RAW\Individual
2026-02-25 10:30:52,836 - INFO - Remapped 62,699 rows from 2025+ account codes to canonical pre-2025 codes
2026-02-25 10:30:53,542 - INFO - Removed 743 SFN aggregate rows (CodInst = 00000000)
2026-02-25 10:30:53,754 - INFO - Macro series loaded: 4836 daily obs
2026-02-25 10:30:53,754 - INFO - Loading institution info from 108 List files
2026-02-25 10:30:57,300 - INFO - Institution info loaded: 2876 unique CNPJs
2026-02-25 10:30:57,304 - INFO - Loading COSIF quarterly from Parquet: c:\Users\pedro\OneDrive\Documentos\Yale\Year 3 (2024 - 2025)\Open Finance\Open-Finance\BCB\Egan_et_al_2025_Rep\processed\COSIF_PROCESSED\cosif_quarterly_institution.parquet
2026-02-25 10:30:59,308 - INFO - COSIF quarterly loaded: 55,210 obs | 1834 institutions | rate coverage: 41,290
2026-02-25 10:30:59,308 - INFO - ============================================================
2026-02-25 10:30:59,308 - INFO - Building INSTITUTION-LEVEL Egan et al. (2025) panel ...
2026-02-25 10:30:59,308 - INFO - ============================================================
2026-02-25 10:31:00,177 - INFO - Deposit panel: 2,617,900 obs | 2228 institutions | 5 types
2026-02-25 10:31:00,294 - INFO - Bank chars panel: 104,716 institution-quarter obs from 2228 institutions
2026-02-25 10:31:00,318 - INFO - Segment panel: 2876 institutions | distribution: {'S5': 1353, 'S4': 809, 'S3': 177, 'S1': 101, 'S2': 61}
2026-02-25 10:31:00,376 - INFO - Quarterly macro rates: 52 quarters
2026-02-25 10:31:03,059 - INFO - Bank chars coverage: 2,617,900 / 2,617,900
2026-02-25 10:31:04,652 - INFO - Segment coverage: 2,064,475 / 2,617,900
2026-02-25 10:31:06,013 - INFO - COSIF rate coverage: 961,250 / 2,617,900
2026-02-25 10:31:11,002 - INFO - Panel complete: 2,617,900 obs | 2228 institutions | 47 quarters | 5 deposit types
2026-02-25 10:34:34,332 - INFO - Panel saved to c:\Users\pedro\OneDrive\Documentos\Yale\Year 3 (2024 - 2025)\Open Finance\Open-Finance\BCB\Egan_et_al_2025_Rep\processed\PANEL_INTERMED\egan_panel_institution.csv
2026-02-25 10:34:51,288 - INFO - Panel saved to c:\Users\pedro\OneDrive\Documentos\Yale\Year 3 (2024 - 2025)\Open Finance\Open-Finance\BCB\Egan_et_al_2025_Rep\processed\PANEL_INTERMED\egan_panel_institution.parquet
2026-02-25 10:34:51,754 - INFO - Quarterly macro rates: 52 quarters
2026-02-25 10:34:59,950 - INFO - Script completed successfully.
2026-02-25 11:41:09,672 - INFO - Loading 35 consolidated Individual Institution files from C:\Users\pedro\OneDrive\Documentos\Yale\Year 3 (2024 - 2025)\Open Finance\Open-Finance\BCB\IF Data\Individual Institutions
2026-02-25 11:41:10,284 - INFO -   IF_DATA_Values_2016_12.csv: 14517 rows
2026-02-25 11:41:10,844 - INFO -   IF_DATA_Values_2016_3.csv: 14940 rows
2026-02-25 11:41:11,372 - INFO -   IF_DATA_Values_2016_6.csv: 14823 rows
2026-02-25 11:41:11,863 - INFO -   IF_DATA_Values_2016_9.csv: 14715 rows
2026-02-25 11:41:12,350 - INFO -   IF_DATA_Values_2017_12.csv: 13968 rows
2026-02-25 11:41:12,813 - INFO -   IF_DATA_Values_2017_3.csv: 14391 rows
2026-02-25 11:41:13,345 - INFO -   IF_DATA_Values_2017_6.csv: 14247 rows
2026-02-25 11:41:13,663 - INFO -   IF_DATA_Values_2017_9.csv: 14103 rows
2026-02-25 11:41:14,094 - INFO -   IF_DATA_Values_2018_12.csv: 13554 rows
2026-02-25 11:41:14,561 - INFO -   IF_DATA_Values_2018_3.csv: 13941 rows
2026-02-25 11:41:15,163 - INFO -   IF_DATA_Values_2018_6.csv: 13797 rows
2026-02-25 11:41:15,660 - INFO -   IF_DATA_Values_2018_9.csv: 13635 rows
2026-02-25 11:41:16,182 - INFO -   IF_DATA_Values_2019_12.csv: 13140 rows
2026-02-25 11:41:16,536 - INFO -   IF_DATA_Values_2019_3.csv: 13446 rows
2026-02-25 11:41:16,894 - INFO -   IF_DATA_Values_2019_6.csv: 13311 rows
2026-02-25 11:41:17,358 - INFO -   IF_DATA_Values_2019_9.csv: 13248 rows
2026-02-25 11:41:17,845 - INFO -   IF_DATA_Values_2020_12.csv: 14630 rows
2026-02-25 11:41:18,296 - INFO -   IF_DATA_Values_2020_3.csv: 13104 rows
2026-02-25 11:41:18,562 - INFO -   IF_DATA_Values_2020_6.csv: 14530 rows
2026-02-25 11:41:19,129 - INFO -   IF_DATA_Values_2020_9.csv: 14560 rows
2026-02-25 11:41:19,680 - INFO -   IF_DATA_Values_2021_12.csv: 14720 rows
2026-02-25 11:41:20,379 - INFO -   IF_DATA_Values_2021_3.csv: 14650 rows
2026-02-25 11:41:20,738 - INFO -   IF_DATA_Values_2021_6.csv: 14720 rows
2026-02-25 11:41:21,385 - INFO -   IF_DATA_Values_2021_9.csv: 14720 rows
2026-02-25 11:41:21,882 - INFO -   IF_DATA_Values_2022_12.csv: 15130 rows
2026-02-25 11:41:22,154 - INFO -   IF_DATA_Values_2022_3.csv: 14850 rows
2026-02-25 11:41:22,520 - INFO -   IF_DATA_Values_2022_6.csv: 14940 rows
2026-02-25 11:41:22,977 - INFO -   IF_DATA_Values_2022_9.csv: 15000 rows
2026-02-25 11:41:23,219 - INFO -   IF_DATA_Values_2023_12.csv: 15520 rows
2026-02-25 11:41:23,570 - INFO -   IF_DATA_Values_2023_3.csv: 15240 rows
2026-02-25 11:41:23,938 - INFO -   IF_DATA_Values_2023_6.csv: 15300 rows
2026-02-25 11:41:24,246 - INFO -   IF_DATA_Values_2023_9.csv: 15450 rows
2026-02-25 11:41:24,819 - INFO -   IF_DATA_Values_2024_3.csv: 15630 rows
2026-02-25 11:41:25,227 - INFO -   IF_DATA_Values_2024_6.csv: 15660 rows
2026-02-25 11:41:25,755 - INFO -   IF_DATA_Values_2024_9.csv: 15830 rows
2026-02-25 11:41:25,763 - INFO - Loading 94 per-report API files from C:\Users\pedro\OneDrive\Documentos\Yale\Year 3 (2024 - 2025)\Open Finance\Open-Finance\BCB\Egan_et_al_2025_Rep\raw\IF_DATA_RAW\Individual
2026-02-25 11:41:37,959 - INFO - Remapped 62,699 rows from 2025+ account codes to canonical pre-2025 codes
2026-02-25 11:41:39,442 - INFO - Removed 743 SFN aggregate rows (CodInst = 00000000)
2026-02-25 11:41:40,282 - INFO - Deposit panel: 327,921 obs | 2227 institutions | 5 types
2026-02-25 11:41:58,698 - INFO - ============================================================
2026-02-25 11:41:58,698 - INFO - Starting INSTITUTION-LEVEL Panel Construction
2026-02-25 11:41:58,698 - INFO - ============================================================
2026-02-25 11:41:58,700 - INFO - Loading 35 consolidated Individual Institution files from C:\Users\pedro\OneDrive\Documentos\Yale\Year 3 (2024 - 2025)\Open Finance\Open-Finance\BCB\IF Data\Individual Institutions
2026-02-25 11:41:58,943 - INFO -   IF_DATA_Values_2016_12.csv: 14517 rows
2026-02-25 11:41:59,271 - INFO -   IF_DATA_Values_2016_3.csv: 14940 rows
2026-02-25 11:41:59,671 - INFO -   IF_DATA_Values_2016_6.csv: 14823 rows
2026-02-25 11:42:00,220 - INFO -   IF_DATA_Values_2016_9.csv: 14715 rows
2026-02-25 11:42:00,705 - INFO -   IF_DATA_Values_2017_12.csv: 13968 rows
2026-02-25 11:42:01,175 - INFO -   IF_DATA_Values_2017_3.csv: 14391 rows
2026-02-25 11:42:01,702 - INFO -   IF_DATA_Values_2017_6.csv: 14247 rows
2026-02-25 11:42:02,083 - INFO -   IF_DATA_Values_2017_9.csv: 14103 rows
2026-02-25 11:42:02,601 - INFO -   IF_DATA_Values_2018_12.csv: 13554 rows
2026-02-25 11:42:03,119 - INFO -   IF_DATA_Values_2018_3.csv: 13941 rows
2026-02-25 11:42:03,414 - INFO -   IF_DATA_Values_2018_6.csv: 13797 rows
2026-02-25 11:42:03,687 - INFO -   IF_DATA_Values_2018_9.csv: 13635 rows
2026-02-25 11:42:04,191 - INFO -   IF_DATA_Values_2019_12.csv: 13140 rows
2026-02-25 11:42:04,799 - INFO -   IF_DATA_Values_2019_3.csv: 13446 rows
2026-02-25 11:42:05,324 - INFO -   IF_DATA_Values_2019_6.csv: 13311 rows
2026-02-25 11:42:05,907 - INFO -   IF_DATA_Values_2019_9.csv: 13248 rows
2026-02-25 11:42:06,349 - INFO -   IF_DATA_Values_2020_12.csv: 14630 rows
2026-02-25 11:42:06,906 - INFO -   IF_DATA_Values_2020_3.csv: 13104 rows
2026-02-25 11:42:07,488 - INFO -   IF_DATA_Values_2020_6.csv: 14530 rows
2026-02-25 11:42:08,188 - INFO -   IF_DATA_Values_2020_9.csv: 14560 rows
2026-02-25 11:42:08,735 - INFO -   IF_DATA_Values_2021_12.csv: 14720 rows
2026-02-25 11:42:09,162 - INFO -   IF_DATA_Values_2021_3.csv: 14650 rows
2026-02-25 11:42:09,445 - INFO -   IF_DATA_Values_2021_6.csv: 14720 rows
2026-02-25 11:42:09,889 - INFO -   IF_DATA_Values_2021_9.csv: 14720 rows
2026-02-25 11:42:10,232 - INFO -   IF_DATA_Values_2022_12.csv: 15130 rows
2026-02-25 11:42:10,653 - INFO -   IF_DATA_Values_2022_3.csv: 14850 rows
2026-02-25 11:42:11,130 - INFO -   IF_DATA_Values_2022_6.csv: 14940 rows
2026-02-25 11:42:11,459 - INFO -   IF_DATA_Values_2022_9.csv: 15000 rows
2026-02-25 11:42:11,765 - INFO -   IF_DATA_Values_2023_12.csv: 15520 rows
2026-02-25 11:42:12,246 - INFO -   IF_DATA_Values_2023_3.csv: 15240 rows
2026-02-25 11:42:12,576 - INFO -   IF_DATA_Values_2023_6.csv: 15300 rows
2026-02-25 11:42:13,026 - INFO -   IF_DATA_Values_2023_9.csv: 15450 rows
2026-02-25 11:42:13,632 - INFO -   IF_DATA_Values_2024_3.csv: 15630 rows
2026-02-25 11:42:14,180 - INFO -   IF_DATA_Values_2024_6.csv: 15660 rows
2026-02-25 11:42:14,662 - INFO -   IF_DATA_Values_2024_9.csv: 15830 rows
2026-02-25 11:42:14,671 - INFO - Loading 94 per-report API files from C:\Users\pedro\OneDrive\Documentos\Yale\Year 3 (2024 - 2025)\Open Finance\Open-Finance\BCB\Egan_et_al_2025_Rep\raw\IF_DATA_RAW\Individual
2026-02-25 11:42:24,760 - INFO - Remapped 62,699 rows from 2025+ account codes to canonical pre-2025 codes
2026-02-25 11:42:26,090 - INFO - Removed 743 SFN aggregate rows (CodInst = 00000000)
2026-02-25 11:42:26,437 - INFO - Macro series loaded: 4836 daily obs
2026-02-25 11:42:26,441 - INFO - Loading institution info from 108 List files
2026-02-25 11:42:33,126 - INFO - Institution info loaded: 2876 unique CNPJs
2026-02-25 11:42:33,141 - INFO - Loading COSIF quarterly from Parquet: C:\Users\pedro\OneDrive\Documentos\Yale\Year 3 (2024 - 2025)\Open Finance\Open-Finance\BCB\Egan_et_al_2025_Rep\processed\COSIF_PROCESSED\cosif_quarterly_institution.parquet
2026-02-25 11:42:36,197 - INFO - COSIF quarterly loaded: 55,210 obs | 1834 institutions | rate coverage: 41,290
2026-02-25 11:42:36,206 - INFO - ============================================================
2026-02-25 11:42:36,206 - INFO - Building INSTITUTION-LEVEL Egan et al. (2025) panel ...
2026-02-25 11:42:36,215 - INFO - ============================================================
2026-02-25 11:42:36,633 - INFO - Deposit panel: 327,921 obs | 2227 institutions | 5 types
2026-02-25 11:42:36,724 - INFO - Bank chars panel: 73,605 institution-quarter obs from 2227 institutions
2026-02-25 11:42:36,740 - INFO - Segment panel: 2876 institutions | distribution: {'S5': 1353, 'S4': 809, 'S3': 177, 'S1': 101, 'S2': 61}
2026-02-25 11:42:36,824 - INFO - Quarterly macro rates: 52 quarters
2026-02-25 11:42:37,194 - INFO - Bank chars coverage: 327,921 / 327,921
2026-02-25 11:42:37,457 - INFO - Segment coverage: 305,121 / 327,921
2026-02-25 11:42:37,792 - INFO - COSIF rate coverage: 171,882 / 327,921
2026-02-25 11:42:38,757 - INFO - Panel complete: 327,921 obs | 2227 institutions | 47 quarters | 5 deposit types
2026-02-25 11:42:53,662 - INFO - Panel saved to C:\Users\pedro\OneDrive\Documentos\Yale\Year 3 (2024 - 2025)\Open Finance\Open-Finance\BCB\Egan_et_al_2025_Rep\processed\PANEL_INTERMED\egan_panel_institution.csv
2026-02-25 11:42:54,826 - INFO - Panel saved to C:\Users\pedro\OneDrive\Documentos\Yale\Year 3 (2024 - 2025)\Open Finance\Open-Finance\BCB\Egan_et_al_2025_Rep\processed\PANEL_INTERMED\egan_panel_institution.parquet
2026-02-25 11:42:55,025 - INFO - Quarterly macro rates: 52 quarters
2026-02-25 11:42:55,645 - INFO - Script completed successfully.
2026-02-26 13:54:37,020 - INFO - ============================================================
2026-02-26 13:54:37,020 - INFO - Starting INSTITUTION-LEVEL Panel Construction
2026-02-26 13:54:37,020 - INFO - ============================================================
2026-02-26 13:54:37,034 - INFO - Loading 35 consolidated Individual Institution files from C:\Users\pedro\OneDrive\Documentos\Yale\Year 3 (2024 - 2025)\Open Finance\Open-Finance\BCB\IF Data\Individual Institutions
2026-02-26 13:54:37,682 - INFO -   IF_DATA_Values_2016_12.csv: 14517 rows
2026-02-26 13:54:38,401 - INFO -   IF_DATA_Values_2016_3.csv: 14940 rows
2026-02-26 13:54:39,049 - INFO -   IF_DATA_Values_2016_6.csv: 14823 rows
2026-02-26 13:54:39,502 - INFO -   IF_DATA_Values_2016_9.csv: 14715 rows
2026-02-26 13:54:39,914 - INFO -   IF_DATA_Values_2017_12.csv: 13968 rows
2026-02-26 13:54:40,219 - INFO -   IF_DATA_Values_2017_3.csv: 14391 rows
2026-02-26 13:54:40,807 - INFO -   IF_DATA_Values_2017_6.csv: 14247 rows
2026-02-26 13:54:41,312 - INFO -   IF_DATA_Values_2017_9.csv: 14103 rows
2026-02-26 13:54:41,673 - INFO -   IF_DATA_Values_2018_12.csv: 13554 rows
2026-02-26 13:54:42,016 - INFO -   IF_DATA_Values_2018_3.csv: 13941 rows
2026-02-26 13:54:42,406 - INFO -   IF_DATA_Values_2018_6.csv: 13797 rows
2026-02-26 13:54:42,850 - INFO -   IF_DATA_Values_2018_9.csv: 13635 rows
2026-02-26 13:54:43,140 - INFO -   IF_DATA_Values_2019_12.csv: 13140 rows
2026-02-26 13:54:43,562 - INFO -   IF_DATA_Values_2019_3.csv: 13446 rows
2026-02-26 13:54:43,861 - INFO -   IF_DATA_Values_2019_6.csv: 13311 rows
2026-02-26 13:54:44,080 - INFO -   IF_DATA_Values_2019_9.csv: 13248 rows
2026-02-26 13:54:44,432 - INFO -   IF_DATA_Values_2020_12.csv: 14630 rows
2026-02-26 13:54:45,009 - INFO -   IF_DATA_Values_2020_3.csv: 13104 rows
2026-02-26 13:54:45,391 - INFO -   IF_DATA_Values_2020_6.csv: 14530 rows
2026-02-26 13:54:45,748 - INFO -   IF_DATA_Values_2020_9.csv: 14560 rows
2026-02-26 13:54:45,982 - INFO -   IF_DATA_Values_2021_12.csv: 14720 rows
2026-02-26 13:54:46,378 - INFO -   IF_DATA_Values_2021_3.csv: 14650 rows
2026-02-26 13:54:46,662 - INFO -   IF_DATA_Values_2021_6.csv: 14720 rows
2026-02-26 13:54:47,254 - INFO -   IF_DATA_Values_2021_9.csv: 14720 rows
2026-02-26 13:54:47,901 - INFO -   IF_DATA_Values_2022_12.csv: 15130 rows
2026-02-26 13:54:48,497 - INFO -   IF_DATA_Values_2022_3.csv: 14850 rows
2026-02-26 13:54:49,155 - INFO -   IF_DATA_Values_2022_6.csv: 14940 rows
2026-02-26 13:54:49,745 - INFO -   IF_DATA_Values_2022_9.csv: 15000 rows
2026-02-26 13:54:49,986 - INFO -   IF_DATA_Values_2023_12.csv: 15520 rows
2026-02-26 13:54:50,253 - INFO -   IF_DATA_Values_2023_3.csv: 15240 rows
2026-02-26 13:54:50,548 - INFO -   IF_DATA_Values_2023_6.csv: 15300 rows
2026-02-26 13:54:51,022 - INFO -   IF_DATA_Values_2023_9.csv: 15450 rows
2026-02-26 13:54:51,783 - INFO -   IF_DATA_Values_2024_3.csv: 15630 rows
2026-02-26 13:54:52,095 - INFO -   IF_DATA_Values_2024_6.csv: 15660 rows
2026-02-26 13:54:52,377 - INFO -   IF_DATA_Values_2024_9.csv: 15830 rows
2026-02-26 13:54:52,450 - INFO - Loading 94 per-report API files from C:\Users\pedro\OneDrive\Documentos\Yale\Year 3 (2024 - 2025)\Open Finance\Open-Finance\BCB\Egan_et_al_2025_Rep\raw\IF_DATA_RAW\Individual
2026-02-26 13:55:04,577 - INFO - Remapped 62,699 rows from 2025+ account codes to canonical pre-2025 codes
2026-02-26 13:55:05,709 - INFO - Removed 743 SFN aggregate rows (CodInst = 00000000)
2026-02-26 13:55:06,138 - INFO - Macro series loaded: 4836 daily obs
2026-02-26 13:55:06,148 - INFO - Loading institution info from 108 List files
2026-02-26 13:55:11,861 - INFO - Payment Institutions identified: 158 IPs out of 2876 total institutions
2026-02-26 13:55:11,863 - INFO - Institution info loaded: 2876 unique CNPJs
2026-02-26 13:55:11,884 - INFO - Loading COSIF quarterly from Parquet: C:\Users\pedro\OneDrive\Documentos\Yale\Year 3 (2024 - 2025)\Open Finance\Open-Finance\BCB\Egan_et_al_2025_Rep\processed\COSIF_PROCESSED\cosif_quarterly_institution.parquet
2026-02-26 13:55:12,866 - INFO - COSIF quarterly loaded: 55,210 obs | 1834 institutions | rate coverage: 41,290
2026-02-26 13:55:12,881 - INFO - ============================================================
2026-02-26 13:55:12,882 - INFO - Building INSTITUTION-LEVEL Egan et al. (2025) panel ...
2026-02-26 13:55:12,882 - INFO - ============================================================
2026-02-26 13:55:13,538 - INFO - Deposit panel: 327,921 obs | 2227 institutions | 5 types
2026-02-26 13:55:13,802 - INFO - Bank chars panel: 73,605 institution-quarter obs from 2227 institutions
2026-02-26 13:55:13,813 - INFO - Segment panel: 2876 institutions | distribution: {'S5': 1353, 'S4': 809, 'S3': 177, 'S1': 101, 'S2': 61}
2026-02-26 13:55:13,900 - INFO - Quarterly macro rates: 52 quarters
2026-02-26 13:55:14,264 - INFO - Bank chars coverage: 327,921 / 327,921
2026-02-26 13:55:14,555 - INFO - Segment coverage: 305,121 / 327,921
2026-02-26 13:55:14,812 - INFO - COSIF rate coverage: 171,882 / 327,921
2026-02-26 13:55:15,048 - INFO - IP flag merged: 9,447 obs from Payment Institutions (154 unique IPs)
2026-02-26 13:55:15,193 - INFO - Median IP rate computed for 3 quarters | overall median = 0.188664
2026-02-26 13:55:16,352 - INFO - Panel complete: 327,921 obs | 2227 institutions | 47 quarters | 5 deposit types
2026-02-26 13:55:26,644 - INFO - Panel saved to C:\Users\pedro\OneDrive\Documentos\Yale\Year 3 (2024 - 2025)\Open Finance\Open-Finance\BCB\Egan_et_al_2025_Rep\processed\PANEL_INTERMED\egan_panel_institution.csv
2026-02-26 13:55:27,452 - INFO - Panel saved to C:\Users\pedro\OneDrive\Documentos\Yale\Year 3 (2024 - 2025)\Open Finance\Open-Finance\BCB\Egan_et_al_2025_Rep\processed\PANEL_INTERMED\egan_panel_institution.parquet
2026-02-26 13:55:27,545 - INFO - Quarterly macro rates: 52 quarters
2026-02-26 13:55:27,886 - INFO - Script completed successfully.
2026-02-26 17:20:07,943 - INFO - ============================================================
2026-02-26 17:20:07,943 - INFO - Starting INSTITUTION-LEVEL Panel Construction
2026-02-26 17:20:07,956 - INFO - ============================================================
2026-02-26 17:20:07,958 - INFO - Loading 35 consolidated Individual Institution files from C:\Users\pedro\OneDrive\Documentos\Yale\Year 3 (2024 - 2025)\Open Finance\Open-Finance\BCB\IF Data\Individual Institutions
2026-02-26 17:20:08,139 - INFO -   IF_DATA_Values_2016_12.csv: 14517 rows
2026-02-26 17:20:08,307 - INFO -   IF_DATA_Values_2016_3.csv: 14940 rows
2026-02-26 17:20:08,506 - INFO -   IF_DATA_Values_2016_6.csv: 14823 rows
2026-02-26 17:20:08,802 - INFO -   IF_DATA_Values_2016_9.csv: 14715 rows
2026-02-26 17:20:08,980 - INFO -   IF_DATA_Values_2017_12.csv: 13968 rows
2026-02-26 17:20:09,233 - INFO -   IF_DATA_Values_2017_3.csv: 14391 rows
2026-02-26 17:20:09,623 - INFO -   IF_DATA_Values_2017_6.csv: 14247 rows
2026-02-26 17:20:09,790 - INFO -   IF_DATA_Values_2017_9.csv: 14103 rows
2026-02-26 17:20:09,944 - INFO -   IF_DATA_Values_2018_12.csv: 13554 rows
2026-02-26 17:20:10,082 - INFO -   IF_DATA_Values_2018_3.csv: 13941 rows
2026-02-26 17:20:10,222 - INFO -   IF_DATA_Values_2018_6.csv: 13797 rows
2026-02-26 17:20:10,384 - INFO -   IF_DATA_Values_2018_9.csv: 13635 rows
2026-02-26 17:20:10,539 - INFO -   IF_DATA_Values_2019_12.csv: 13140 rows
2026-02-26 17:20:10,705 - INFO -   IF_DATA_Values_2019_3.csv: 13446 rows
2026-02-26 17:20:10,949 - INFO -   IF_DATA_Values_2019_6.csv: 13311 rows
2026-02-26 17:20:11,104 - INFO -   IF_DATA_Values_2019_9.csv: 13248 rows
2026-02-26 17:20:11,237 - INFO -   IF_DATA_Values_2020_12.csv: 14630 rows
2026-02-26 17:20:11,387 - INFO -   IF_DATA_Values_2020_3.csv: 13104 rows
2026-02-26 17:20:11,556 - INFO -   IF_DATA_Values_2020_6.csv: 14530 rows
2026-02-26 17:20:11,726 - INFO -   IF_DATA_Values_2020_9.csv: 14560 rows
2026-02-26 17:20:11,873 - INFO -   IF_DATA_Values_2021_12.csv: 14720 rows
2026-02-26 17:20:12,058 - INFO -   IF_DATA_Values_2021_3.csv: 14650 rows
2026-02-26 17:20:12,244 - INFO -   IF_DATA_Values_2021_6.csv: 14720 rows
2026-02-26 17:20:12,435 - INFO -   IF_DATA_Values_2021_9.csv: 14720 rows
2026-02-26 17:20:12,626 - INFO -   IF_DATA_Values_2022_12.csv: 15130 rows
2026-02-26 17:20:12,905 - INFO -   IF_DATA_Values_2022_3.csv: 14850 rows
2026-02-26 17:20:13,202 - INFO -   IF_DATA_Values_2022_6.csv: 14940 rows
2026-02-26 17:20:13,587 - INFO -   IF_DATA_Values_2022_9.csv: 15000 rows
2026-02-26 17:20:13,822 - INFO -   IF_DATA_Values_2023_12.csv: 15520 rows
2026-02-26 17:20:14,018 - INFO -   IF_DATA_Values_2023_3.csv: 15240 rows
2026-02-26 17:20:14,226 - INFO -   IF_DATA_Values_2023_6.csv: 15300 rows
2026-02-26 17:20:14,390 - INFO -   IF_DATA_Values_2023_9.csv: 15450 rows
2026-02-26 17:20:14,618 - INFO -   IF_DATA_Values_2024_3.csv: 15630 rows
2026-02-26 17:20:14,784 - INFO -   IF_DATA_Values_2024_6.csv: 15660 rows
2026-02-26 17:20:15,004 - INFO -   IF_DATA_Values_2024_9.csv: 15830 rows
2026-02-26 17:20:15,058 - INFO - Loading 94 per-report API files from C:\Users\pedro\OneDrive\Documentos\Yale\Year 3 (2024 - 2025)\Open Finance\Open-Finance\BCB\Egan_et_al_2025_Rep\raw\IF_DATA_RAW\Individual
2026-02-26 17:20:27,199 - INFO - Remapped 62,699 rows from 2025+ account codes to canonical pre-2025 codes
2026-02-26 17:20:28,342 - INFO - Removed 743 SFN aggregate rows (CodInst = 00000000)
2026-02-26 17:20:28,666 - INFO - Macro series loaded: 4836 daily obs
2026-02-26 17:20:28,673 - INFO - Loading institution info from 108 List files
2026-02-26 17:20:34,950 - INFO - Payment Institutions identified: 158 IPs out of 2876 total institutions
2026-02-26 17:20:34,951 - INFO - Institution info loaded: 2876 unique CNPJs
2026-02-26 17:20:34,959 - INFO - Loading COSIF quarterly from Parquet: C:\Users\pedro\OneDrive\Documentos\Yale\Year 3 (2024 - 2025)\Open Finance\Open-Finance\BCB\Egan_et_al_2025_Rep\processed\COSIF_PROCESSED\cosif_quarterly_institution.parquet
2026-02-26 17:20:35,882 - INFO - COSIF quarterly loaded: 55,210 obs | 1834 institutions | rate coverage: 41,290
2026-02-26 17:20:36,028 - INFO - Loading 44 DRE (Demonstra��o de Resultado) files from C:\Users\pedro\OneDrive\Documentos\Yale\Year 3 (2024 - 2025)\Open Finance\Open-Finance\BCB\Egan_et_al_2025_Rep\raw\IF_DATA_RAW\Financial
2026-02-26 17:20:45,263 - INFO - ============================================================
2026-02-26 17:20:45,263 - INFO - Building INSTITUTION-LEVEL Egan et al. (2025) panel ...
2026-02-26 17:20:45,322 - INFO - ============================================================
2026-02-26 17:20:45,692 - INFO - Deposit panel: 327,921 obs | 2227 institutions | 5 types
2026-02-26 17:20:45,828 - INFO - Bank chars panel: 73,605 institution-quarter obs from 2227 institutions
2026-02-26 17:21:20,738 - INFO - DRE ratios panel: 61,849 obs | 2047 institutions | personnel_cost_ratio_lag non-null: 56,367
2026-02-26 17:21:20,771 - INFO - Segment panel: 2876 institutions | distribution: {'S5': 1353, 'S4': 809, 'S3': 177, 'S1': 101, 'S2': 61}
2026-02-26 17:21:20,949 - INFO - Quarterly macro rates: 52 quarters
2026-02-26 17:21:21,355 - INFO - Bank chars coverage: 327,921 / 327,921
2026-02-26 17:21:21,512 - INFO - DRE cost ratio coverage: personnel=249,314 / 327,921
2026-02-26 17:21:21,677 - INFO - Segment coverage: 305,121 / 327,921
2026-02-26 17:21:21,928 - INFO - COSIF rate coverage: 171,882 / 327,921
2026-02-26 17:21:22,153 - INFO - IP flag merged: 9,447 obs from Payment Institutions (154 unique IPs)
2026-02-26 17:21:22,228 - INFO - Median IP rate computed for 3 quarters | overall median = 0.188664
2026-02-26 17:21:23,068 - INFO - Panel complete: 327,921 obs | 2227 institutions | 47 quarters | 5 deposit types
2026-02-26 17:21:37,205 - INFO - Panel saved to C:\Users\pedro\OneDrive\Documentos\Yale\Year 3 (2024 - 2025)\Open Finance\Open-Finance\BCB\Egan_et_al_2025_Rep\processed\PANEL_INTERMED\egan_panel_institution.csv
2026-02-26 17:21:37,939 - INFO - Panel saved to C:\Users\pedro\OneDrive\Documentos\Yale\Year 3 (2024 - 2025)\Open Finance\Open-Finance\BCB\Egan_et_al_2025_Rep\processed\PANEL_INTERMED\egan_panel_institution.parquet
2026-02-26 17:21:38,052 - INFO - Quarterly macro rates: 52 quarters
2026-02-26 17:21:38,438 - INFO - Script completed successfully.
2026-02-26 17:24:42,994 - INFO - ============================================================
2026-02-26 17:24:42,995 - INFO - Starting INSTITUTION-LEVEL Panel Construction
2026-02-26 17:24:42,995 - INFO - ============================================================
2026-02-26 17:24:42,998 - INFO - Loading 35 consolidated Individual Institution files from C:\Users\pedro\OneDrive\Documentos\Yale\Year 3 (2024 - 2025)\Open Finance\Open-Finance\BCB\IF Data\Individual Institutions
2026-02-26 17:24:43,324 - INFO -   IF_DATA_Values_2016_12.csv: 14517 rows
2026-02-26 17:24:43,602 - INFO -   IF_DATA_Values_2016_3.csv: 14940 rows
2026-02-26 17:24:43,902 - INFO -   IF_DATA_Values_2016_6.csv: 14823 rows
2026-02-26 17:24:44,492 - INFO -   IF_DATA_Values_2016_9.csv: 14715 rows
2026-02-26 17:24:44,855 - INFO -   IF_DATA_Values_2017_12.csv: 13968 rows
2026-02-26 17:24:45,351 - INFO -   IF_DATA_Values_2017_3.csv: 14391 rows
2026-02-26 17:24:45,630 - INFO -   IF_DATA_Values_2017_6.csv: 14247 rows
2026-02-26 17:24:45,951 - INFO -   IF_DATA_Values_2017_9.csv: 14103 rows
2026-02-26 17:24:46,407 - INFO -   IF_DATA_Values_2018_12.csv: 13554 rows
2026-02-26 17:24:46,665 - INFO -   IF_DATA_Values_2018_3.csv: 13941 rows
2026-02-26 17:24:47,175 - INFO -   IF_DATA_Values_2018_6.csv: 13797 rows
2026-02-26 17:24:47,687 - INFO -   IF_DATA_Values_2018_9.csv: 13635 rows
2026-02-26 17:24:47,982 - INFO -   IF_DATA_Values_2019_12.csv: 13140 rows
2026-02-26 17:24:48,437 - INFO -   IF_DATA_Values_2019_3.csv: 13446 rows
2026-02-26 17:24:48,873 - INFO -   IF_DATA_Values_2019_6.csv: 13311 rows
2026-02-26 17:24:49,492 - INFO -   IF_DATA_Values_2019_9.csv: 13248 rows
2026-02-26 17:24:50,029 - INFO -   IF_DATA_Values_2020_12.csv: 14630 rows
2026-02-26 17:24:50,404 - INFO -   IF_DATA_Values_2020_3.csv: 13104 rows
2026-02-26 17:24:50,776 - INFO -   IF_DATA_Values_2020_6.csv: 14530 rows
2026-02-26 17:24:51,390 - INFO -   IF_DATA_Values_2020_9.csv: 14560 rows
2026-02-26 17:24:51,845 - INFO -   IF_DATA_Values_2021_12.csv: 14720 rows
2026-02-26 17:24:52,483 - INFO -   IF_DATA_Values_2021_3.csv: 14650 rows
2026-02-26 17:24:52,898 - INFO -   IF_DATA_Values_2021_6.csv: 14720 rows
2026-02-26 17:24:53,141 - INFO -   IF_DATA_Values_2021_9.csv: 14720 rows
2026-02-26 17:24:53,371 - INFO -   IF_DATA_Values_2022_12.csv: 15130 rows
2026-02-26 17:24:53,683 - INFO -   IF_DATA_Values_2022_3.csv: 14850 rows
2026-02-26 17:24:54,017 - INFO -   IF_DATA_Values_2022_6.csv: 14940 rows
2026-02-26 17:24:54,385 - INFO -   IF_DATA_Values_2022_9.csv: 15000 rows
2026-02-26 17:24:54,886 - INFO -   IF_DATA_Values_2023_12.csv: 15520 rows
2026-02-26 17:24:55,447 - INFO -   IF_DATA_Values_2023_3.csv: 15240 rows
2026-02-26 17:24:55,849 - INFO -   IF_DATA_Values_2023_6.csv: 15300 rows
2026-02-26 17:24:56,143 - INFO -   IF_DATA_Values_2023_9.csv: 15450 rows
2026-02-26 17:24:56,871 - INFO -   IF_DATA_Values_2024_3.csv: 15630 rows
2026-02-26 17:24:57,635 - INFO -   IF_DATA_Values_2024_6.csv: 15660 rows
2026-02-26 17:24:57,933 - INFO -   IF_DATA_Values_2024_9.csv: 15830 rows
2026-02-26 17:24:57,941 - INFO - Loading 94 per-report API files from C:\Users\pedro\OneDrive\Documentos\Yale\Year 3 (2024 - 2025)\Open Finance\Open-Finance\BCB\Egan_et_al_2025_Rep\raw\IF_DATA_RAW\Individual
2026-02-26 17:25:06,727 - INFO - Remapped 62,699 rows from 2025+ account codes to canonical pre-2025 codes
2026-02-26 17:25:07,118 - INFO - Removed 743 SFN aggregate rows (CodInst = 00000000)
2026-02-26 17:25:07,215 - INFO - Macro series loaded: 4836 daily obs
2026-02-26 17:25:07,218 - INFO - Loading institution info from 108 List files
2026-02-26 17:25:12,784 - INFO - Payment Institutions identified: 158 IPs out of 2876 total institutions
2026-02-26 17:25:12,786 - INFO - Institution info loaded: 2876 unique CNPJs
2026-02-26 17:25:12,815 - INFO - Loading COSIF quarterly from Parquet: C:\Users\pedro\OneDrive\Documentos\Yale\Year 3 (2024 - 2025)\Open Finance\Open-Finance\BCB\Egan_et_al_2025_Rep\processed\COSIF_PROCESSED\cosif_quarterly_institution.parquet
2026-02-26 17:25:14,132 - INFO - COSIF quarterly loaded: 55,210 obs | 1834 institutions | rate coverage: 41,290
2026-02-26 17:25:14,167 - INFO - Loading 44 DRE (Demonstra��o de Resultado) files from C:\Users\pedro\OneDrive\Documentos\Yale\Year 3 (2024 - 2025)\Open Finance\Open-Finance\BCB\Egan_et_al_2025_Rep\raw\IF_DATA_RAW\Financial
2026-02-26 17:25:26,429 - INFO - ============================================================
2026-02-26 17:25:26,432 - INFO - Building INSTITUTION-LEVEL Egan et al. (2025) panel ...
2026-02-26 17:25:26,435 - INFO - ============================================================
2026-02-26 17:25:26,890 - INFO - Deposit panel: 327,921 obs | 2227 institutions | 5 types
2026-02-26 17:25:27,223 - INFO - Bank chars panel: 73,605 institution-quarter obs from 2227 institutions
2026-02-26 17:25:53,185 - INFO - DRE ratios panel: 61,849 obs | 2047 institutions | personnel_cost_ratio_lag non-null: 56,367
2026-02-26 17:25:53,205 - INFO - Segment panel: 2876 institutions | distribution: {'S5': 1353, 'S4': 809, 'S3': 177, 'S1': 101, 'S2': 61}
2026-02-26 17:25:53,369 - INFO - Quarterly macro rates: 52 quarters
2026-02-26 17:25:53,771 - INFO - Bank chars coverage: 327,921 / 327,921
2026-02-26 17:25:54,042 - INFO - DRE cost ratio coverage: personnel=249,314 / 327,921
2026-02-26 17:25:54,282 - INFO - Segment coverage: 305,121 / 327,921
2026-02-26 17:25:54,568 - INFO - COSIF rate coverage: 171,882 / 327,921
2026-02-26 17:25:54,950 - INFO - IP flag merged: 9,447 obs from Payment Institutions (154 unique IPs)
2026-02-26 17:25:55,033 - INFO - Median IP rate computed for 3 quarters | overall median = 0.188664
2026-02-26 17:25:56,163 - INFO - Panel complete: 327,921 obs | 2227 institutions | 47 quarters | 5 deposit types
2026-02-26 17:26:10,167 - INFO - Panel saved to C:\Users\pedro\OneDrive\Documentos\Yale\Year 3 (2024 - 2025)\Open Finance\Open-Finance\BCB\Egan_et_al_2025_Rep\processed\PANEL_INTERMED\egan_panel_institution.csv
2026-02-26 17:26:11,495 - INFO - Panel saved to C:\Users\pedro\OneDrive\Documentos\Yale\Year 3 (2024 - 2025)\Open Finance\Open-Finance\BCB\Egan_et_al_2025_Rep\processed\PANEL_INTERMED\egan_panel_institution.parquet
2026-02-26 17:26:11,895 - INFO - Quarterly macro rates: 52 quarters
2026-02-26 17:26:12,633 - INFO - Script completed successfully.
2026-03-01 14:01:06,639 - INFO - ============================================================
2026-03-01 14:01:06,728 - INFO - Starting INSTITUTION-LEVEL Panel Construction
2026-03-01 14:01:06,744 - INFO - ============================================================
2026-03-01 14:01:06,748 - INFO - Loading 35 consolidated Individual Institution files from c:\Users\pedro\OneDrive\Documentos\Yale\Year 3 (2024 - 2025)\Open Finance\Open-Finance\BCB\IF Data\Individual Institutions
2026-03-01 14:01:07,114 - INFO -   IF_DATA_Values_2016_12.csv: 14517 rows
2026-03-01 14:01:07,336 - INFO -   IF_DATA_Values_2016_3.csv: 14940 rows
2026-03-01 14:01:07,556 - INFO -   IF_DATA_Values_2016_6.csv: 14823 rows
2026-03-01 14:01:07,770 - INFO -   IF_DATA_Values_2016_9.csv: 14715 rows
2026-03-01 14:01:07,965 - INFO -   IF_DATA_Values_2017_12.csv: 13968 rows
2026-03-01 14:01:08,148 - INFO -   IF_DATA_Values_2017_3.csv: 14391 rows
2026-03-01 14:01:08,387 - INFO -   IF_DATA_Values_2017_6.csv: 14247 rows
2026-03-01 14:01:08,606 - INFO -   IF_DATA_Values_2017_9.csv: 14103 rows
2026-03-01 14:01:08,814 - INFO -   IF_DATA_Values_2018_12.csv: 13554 rows
2026-03-01 14:01:09,028 - INFO -   IF_DATA_Values_2018_3.csv: 13941 rows
2026-03-01 14:01:09,229 - INFO -   IF_DATA_Values_2018_6.csv: 13797 rows
2026-03-01 14:01:09,467 - INFO -   IF_DATA_Values_2018_9.csv: 13635 rows
2026-03-01 14:01:09,665 - INFO -   IF_DATA_Values_2019_12.csv: 13140 rows
2026-03-01 14:01:09,876 - INFO -   IF_DATA_Values_2019_3.csv: 13446 rows
2026-03-01 14:01:10,062 - INFO -   IF_DATA_Values_2019_6.csv: 13311 rows
2026-03-01 14:01:10,268 - INFO -   IF_DATA_Values_2019_9.csv: 13248 rows
2026-03-01 14:01:10,476 - INFO -   IF_DATA_Values_2020_12.csv: 14630 rows
2026-03-01 14:01:10,651 - INFO -   IF_DATA_Values_2020_3.csv: 13104 rows
2026-03-01 14:01:11,051 - INFO -   IF_DATA_Values_2020_6.csv: 14530 rows
2026-03-01 14:01:11,378 - INFO -   IF_DATA_Values_2020_9.csv: 14560 rows
2026-03-01 14:01:11,786 - INFO -   IF_DATA_Values_2021_12.csv: 14720 rows
2026-03-01 14:01:12,068 - INFO -   IF_DATA_Values_2021_3.csv: 14650 rows
2026-03-01 14:01:12,252 - INFO -   IF_DATA_Values_2021_6.csv: 14720 rows
2026-03-01 14:01:12,448 - INFO -   IF_DATA_Values_2021_9.csv: 14720 rows
2026-03-01 14:01:12,630 - INFO -   IF_DATA_Values_2022_12.csv: 15130 rows
2026-03-01 14:01:12,833 - INFO -   IF_DATA_Values_2022_3.csv: 14850 rows
2026-03-01 14:01:13,032 - INFO -   IF_DATA_Values_2022_6.csv: 14940 rows
2026-03-01 14:01:13,232 - INFO -   IF_DATA_Values_2022_9.csv: 15000 rows
2026-03-01 14:01:13,782 - INFO -   IF_DATA_Values_2023_12.csv: 15520 rows
2026-03-01 14:01:14,440 - INFO -   IF_DATA_Values_2023_3.csv: 15240 rows
2026-03-01 14:01:15,091 - INFO -   IF_DATA_Values_2023_6.csv: 15300 rows
2026-03-01 14:01:15,731 - INFO -   IF_DATA_Values_2023_9.csv: 15450 rows
2026-03-01 14:01:16,452 - INFO -   IF_DATA_Values_2024_3.csv: 15630 rows
2026-03-01 14:01:17,085 - INFO -   IF_DATA_Values_2024_6.csv: 15660 rows
2026-03-01 14:01:17,742 - INFO -   IF_DATA_Values_2024_9.csv: 15830 rows
2026-03-01 14:01:17,781 - INFO - Loading 94 per-report API files from c:\Users\pedro\OneDrive\Documentos\Yale\Year 3 (2024 - 2025)\Open Finance\Open-Finance\BCB\Egan_et_al_2025_Rep\raw\IF_DATA_RAW\Individual
2026-03-01 14:01:25,917 - INFO - Remapped 62,699 rows from 2025+ account codes to canonical pre-2025 codes
2026-03-01 14:01:26,597 - INFO - Removed 743 SFN aggregate rows (CodInst = 00000000)
2026-03-01 14:01:26,848 - INFO - Macro series loaded: 4836 daily obs
2026-03-01 14:01:26,851 - INFO - Loading institution info from 108 List files
2026-03-01 14:01:31,004 - INFO - Payment Institutions identified: 158 IPs out of 2876 total institutions
2026-03-01 14:01:31,008 - INFO - Institution info loaded: 2876 unique CNPJs
2026-03-01 14:01:31,010 - INFO - Loading COSIF quarterly from Parquet: c:\Users\pedro\OneDrive\Documentos\Yale\Year 3 (2024 - 2025)\Open Finance\Open-Finance\BCB\Egan_et_al_2025_Rep\processed\COSIF_PROCESSED\cosif_quarterly_institution.parquet
2026-03-01 14:01:33,487 - INFO - COSIF quarterly loaded: 55,210 obs | 1834 institutions | rate coverage: 41,290
2026-03-01 14:01:33,493 - INFO - Loading 44 DRE (Demonstra��o de Resultado) files from c:\Users\pedro\OneDrive\Documentos\Yale\Year 3 (2024 - 2025)\Open Finance\Open-Finance\BCB\Egan_et_al_2025_Rep\raw\IF_DATA_RAW\Financial
2026-03-01 14:01:39,434 - INFO - ============================================================
2026-03-01 14:01:39,434 - INFO - Building INSTITUTION-LEVEL Egan et al. (2025) panel ...
2026-03-01 14:01:39,434 - INFO - ============================================================
2026-03-01 14:01:39,690 - INFO - Deposit panel: 327,921 obs | 2227 institutions | 5 types
2026-03-01 14:01:39,819 - INFO - Bank chars panel: 73,605 institution-quarter obs from 2227 institutions
2026-03-01 14:01:58,288 - INFO - DRE ratios panel: 61,849 obs | 2047 institutions | personnel_cost_ratio_lag non-null: 56,367
2026-03-01 14:01:58,300 - INFO - Segment panel: 2876 institutions | distribution: {'S5': 1353, 'S4': 809, 'S3': 177, 'S1': 101, 'S2': 61}
2026-03-01 14:01:58,369 - INFO - Quarterly macro rates: 52 quarters
2026-03-01 14:01:58,702 - INFO - Bank chars coverage: 327,921 / 327,921
2026-03-01 14:01:58,926 - INFO - DRE cost ratio coverage: personnel=249,314 / 327,921
2026-03-01 14:01:59,096 - INFO - Segment coverage: 305,121 / 327,921
2026-03-01 14:01:59,300 - INFO - COSIF rate coverage: 171,882 / 327,921
2026-03-01 14:01:59,496 - INFO - IP flag merged: 9,447 obs from Payment Institutions (154 unique IPs)
2026-03-01 14:01:59,660 - INFO - Median IP rate computed for 3 quarters | overall median = 0.188664
2026-03-01 14:02:00,412 - INFO - Panel complete: 327,921 obs | 2227 institutions | 47 quarters | 5 deposit types
2026-03-01 14:02:11,728 - INFO - Panel saved to c:\Users\pedro\OneDrive\Documentos\Yale\Year 3 (2024 - 2025)\Open Finance\Open-Finance\BCB\Egan_et_al_2025_Rep\processed\PANEL_INTERMED\egan_panel_institution.csv
2026-03-01 14:02:12,466 - INFO - Panel saved to c:\Users\pedro\OneDrive\Documentos\Yale\Year 3 (2024 - 2025)\Open Finance\Open-Finance\BCB\Egan_et_al_2025_Rep\processed\PANEL_INTERMED\egan_panel_institution.parquet
2026-03-01 14:02:12,528 - INFO - Quarterly macro rates: 52 quarters
2026-03-01 14:02:12,749 - INFO - Script completed successfully.
2026-03-01 14:24:15,288 - INFO - ============================================================
2026-03-01 14:24:15,293 - INFO - Starting INSTITUTION-LEVEL Panel Construction
2026-03-01 14:24:15,295 - INFO - ============================================================
2026-03-01 14:24:15,301 - INFO - Loading 35 consolidated Individual Institution files from c:\Users\pedro\OneDrive\Documentos\Yale\Year 3 (2024 - 2025)\Open Finance\Open-Finance\BCB\IF Data\Individual Institutions
2026-03-01 14:24:15,978 - INFO -   IF_DATA_Values_2016_12.csv: 14517 rows
2026-03-01 14:24:16,607 - INFO -   IF_DATA_Values_2016_3.csv: 14940 rows
2026-03-01 14:24:17,144 - INFO -   IF_DATA_Values_2016_6.csv: 14823 rows
2026-03-01 14:24:17,761 - INFO -   IF_DATA_Values_2016_9.csv: 14715 rows
2026-03-01 14:24:18,298 - INFO -   IF_DATA_Values_2017_12.csv: 13968 rows
2026-03-01 14:24:18,846 - INFO -   IF_DATA_Values_2017_3.csv: 14391 rows
2026-03-01 14:24:19,398 - INFO -   IF_DATA_Values_2017_6.csv: 14247 rows
2026-03-01 14:24:19,860 - INFO -   IF_DATA_Values_2017_9.csv: 14103 rows
2026-03-01 14:24:20,338 - INFO -   IF_DATA_Values_2018_12.csv: 13554 rows
2026-03-01 14:24:20,777 - INFO -   IF_DATA_Values_2018_3.csv: 13941 rows
2026-03-01 14:24:21,232 - INFO -   IF_DATA_Values_2018_6.csv: 13797 rows
2026-03-01 14:24:21,806 - INFO -   IF_DATA_Values_2018_9.csv: 13635 rows
2026-03-01 14:24:22,333 - INFO -   IF_DATA_Values_2019_12.csv: 13140 rows
2026-03-01 14:24:22,894 - INFO -   IF_DATA_Values_2019_3.csv: 13446 rows
2026-03-01 14:24:23,449 - INFO -   IF_DATA_Values_2019_6.csv: 13311 rows
2026-03-01 14:24:23,944 - INFO -   IF_DATA_Values_2019_9.csv: 13248 rows
2026-03-01 14:24:24,345 - INFO -   IF_DATA_Values_2020_12.csv: 14630 rows
2026-03-01 14:24:24,823 - INFO -   IF_DATA_Values_2020_3.csv: 13104 rows
2026-03-01 14:24:25,317 - INFO -   IF_DATA_Values_2020_6.csv: 14530 rows
2026-03-01 14:24:25,859 - INFO -   IF_DATA_Values_2020_9.csv: 14560 rows
2026-03-01 14:24:26,354 - INFO -   IF_DATA_Values_2021_12.csv: 14720 rows
2026-03-01 14:24:26,917 - INFO -   IF_DATA_Values_2021_3.csv: 14650 rows
2026-03-01 14:24:27,466 - INFO -   IF_DATA_Values_2021_6.csv: 14720 rows
2026-03-01 14:24:28,024 - INFO -   IF_DATA_Values_2021_9.csv: 14720 rows
2026-03-01 14:24:28,564 - INFO -   IF_DATA_Values_2022_12.csv: 15130 rows
2026-03-01 14:24:29,150 - INFO -   IF_DATA_Values_2022_3.csv: 14850 rows
2026-03-01 14:24:29,693 - INFO -   IF_DATA_Values_2022_6.csv: 14940 rows
2026-03-01 14:24:30,176 - INFO -   IF_DATA_Values_2022_9.csv: 15000 rows
2026-03-01 14:24:30,687 - INFO -   IF_DATA_Values_2023_12.csv: 15520 rows
2026-03-01 14:24:31,195 - INFO -   IF_DATA_Values_2023_3.csv: 15240 rows
2026-03-01 14:24:31,816 - INFO -   IF_DATA_Values_2023_6.csv: 15300 rows
2026-03-01 14:24:32,402 - INFO -   IF_DATA_Values_2023_9.csv: 15450 rows
2026-03-01 14:24:33,078 - INFO -   IF_DATA_Values_2024_3.csv: 15630 rows
2026-03-01 14:24:33,720 - INFO -   IF_DATA_Values_2024_6.csv: 15660 rows
2026-03-01 14:24:34,275 - INFO -   IF_DATA_Values_2024_9.csv: 15830 rows
2026-03-01 14:24:34,344 - INFO - Loading 94 per-report API files from c:\Users\pedro\OneDrive\Documentos\Yale\Year 3 (2024 - 2025)\Open Finance\Open-Finance\BCB\Egan_et_al_2025_Rep\raw\IF_DATA_RAW\Individual
2026-03-01 14:24:50,233 - INFO - Remapped 62,699 rows from 2025+ account codes to canonical pre-2025 codes
2026-03-01 14:24:51,624 - INFO - Removed 743 SFN aggregate rows (CodInst = 00000000)
2026-03-01 14:24:51,968 - INFO - Macro series loaded: 4836 daily obs
2026-03-01 14:24:51,979 - INFO - Loading institution info from 108 List files
2026-03-01 14:24:58,562 - INFO - Payment Institutions identified: 158 IPs out of 2876 total institutions
2026-03-01 14:24:58,562 - INFO - Institution info loaded: 2876 unique CNPJs
2026-03-01 14:24:58,577 - INFO - Loading COSIF quarterly from Parquet: c:\Users\pedro\OneDrive\Documentos\Yale\Year 3 (2024 - 2025)\Open Finance\Open-Finance\BCB\Egan_et_al_2025_Rep\processed\COSIF_PROCESSED\cosif_quarterly_institution.parquet
2026-03-01 14:24:59,411 - INFO - COSIF quarterly loaded: 55,210 obs | 1834 institutions | rate coverage: 41,290
2026-03-01 14:24:59,688 - INFO - Loading 44 DRE (Demonstra��o de Resultado) files from c:\Users\pedro\OneDrive\Documentos\Yale\Year 3 (2024 - 2025)\Open Finance\Open-Finance\BCB\Egan_et_al_2025_Rep\raw\IF_DATA_RAW\Financial
2026-03-01 14:25:12,521 - INFO - ============================================================
2026-03-01 14:25:12,528 - INFO - Building INSTITUTION-LEVEL Egan et al. (2025) panel ...
2026-03-01 14:25:12,530 - INFO - ============================================================
2026-03-01 14:25:13,070 - INFO - Deposit panel: 327,921 obs | 2227 institutions | 5 types
2026-03-01 14:25:13,327 - INFO - Bank chars panel: 73,605 institution-quarter obs from 2227 institutions
2026-03-01 14:25:56,967 - INFO - DRE ratios panel: 61,849 obs | 2047 institutions | personnel_cost_ratio_lag non-null: 56,367
2026-03-01 14:25:56,978 - INFO - Segment panel: 2876 institutions | distribution: {'S5': 1353, 'S4': 809, 'S3': 177, 'S1': 101, 'S2': 61}
2026-03-01 14:25:57,159 - INFO - Quarterly macro rates: 52 quarters
2026-03-01 14:25:57,805 - INFO - Bank chars coverage: 327,921 / 327,921
2026-03-01 14:25:58,138 - INFO - DRE cost ratio coverage: personnel=249,314 / 327,921
2026-03-01 14:25:58,552 - INFO - Segment coverage: 305,121 / 327,921
2026-03-01 14:25:58,945 - INFO - COSIF rate coverage: 171,882 / 327,921
2026-03-01 14:25:59,257 - INFO - IP flag merged: 9,447 obs from Payment Institutions (154 unique IPs)
2026-03-01 14:25:59,403 - INFO - Median IP rate computed for 3 quarters | overall median = 0.188664
2026-03-01 14:26:01,109 - INFO - Panel complete: 327,921 obs | 2227 institutions | 47 quarters | 5 deposit types
2026-03-01 14:26:27,526 - INFO - Panel saved to c:\Users\pedro\OneDrive\Documentos\Yale\Year 3 (2024 - 2025)\Open Finance\Open-Finance\BCB\Egan_et_al_2025_Rep\processed\PANEL_INTERMED\egan_panel_institution.csv
2026-03-01 14:26:29,255 - INFO - Panel saved to c:\Users\pedro\OneDrive\Documentos\Yale\Year 3 (2024 - 2025)\Open Finance\Open-Finance\BCB\Egan_et_al_2025_Rep\processed\PANEL_INTERMED\egan_panel_institution.parquet
2026-03-01 14:26:29,559 - INFO - Quarterly macro rates: 52 quarters
2026-03-01 14:26:30,271 - INFO - Script completed successfully.
2026-03-01 17:08:14,723 - INFO - ============================================================
2026-03-01 17:08:14,734 - INFO - Starting INSTITUTION-LEVEL Panel Construction
2026-03-01 17:08:14,734 - INFO - ============================================================
2026-03-01 17:08:14,741 - INFO - Loading 35 consolidated Individual Institution files from c:\Users\pedro\OneDrive\Documentos\Yale\Year 3 (2024 - 2025)\Open Finance\Open-Finance\BCB\IF Data\Individual Institutions
2026-03-01 17:08:15,062 - INFO -   IF_DATA_Values_2016_12.csv: 14517 rows
2026-03-01 17:08:15,485 - INFO -   IF_DATA_Values_2016_3.csv: 14940 rows
2026-03-01 17:08:15,768 - INFO -   IF_DATA_Values_2016_6.csv: 14823 rows
2026-03-01 17:08:16,034 - INFO -   IF_DATA_Values_2016_9.csv: 14715 rows
2026-03-01 17:08:16,291 - INFO -   IF_DATA_Values_2017_12.csv: 13968 rows
2026-03-01 17:08:16,579 - INFO -   IF_DATA_Values_2017_3.csv: 14391 rows
2026-03-01 17:08:16,864 - INFO -   IF_DATA_Values_2017_6.csv: 14247 rows
2026-03-01 17:08:17,135 - INFO -   IF_DATA_Values_2017_9.csv: 14103 rows
2026-03-01 17:08:17,411 - INFO -   IF_DATA_Values_2018_12.csv: 13554 rows
2026-03-01 17:08:17,675 - INFO -   IF_DATA_Values_2018_3.csv: 13941 rows
2026-03-01 17:08:17,928 - INFO -   IF_DATA_Values_2018_6.csv: 13797 rows
2026-03-01 17:08:18,185 - INFO -   IF_DATA_Values_2018_9.csv: 13635 rows
2026-03-01 17:08:18,488 - INFO -   IF_DATA_Values_2019_12.csv: 13140 rows
2026-03-01 17:08:18,839 - INFO -   IF_DATA_Values_2019_3.csv: 13446 rows
2026-03-01 17:08:19,106 - INFO -   IF_DATA_Values_2019_6.csv: 13311 rows
2026-03-01 17:08:19,365 - INFO -   IF_DATA_Values_2019_9.csv: 13248 rows
2026-03-01 17:08:19,630 - INFO -   IF_DATA_Values_2020_12.csv: 14630 rows
2026-03-01 17:08:19,887 - INFO -   IF_DATA_Values_2020_3.csv: 13104 rows
2026-03-01 17:08:20,136 - INFO -   IF_DATA_Values_2020_6.csv: 14530 rows
2026-03-01 17:08:20,405 - INFO -   IF_DATA_Values_2020_9.csv: 14560 rows
2026-03-01 17:08:20,652 - INFO -   IF_DATA_Values_2021_12.csv: 14720 rows
2026-03-01 17:08:20,895 - INFO -   IF_DATA_Values_2021_3.csv: 14650 rows
2026-03-01 17:08:21,145 - INFO -   IF_DATA_Values_2021_6.csv: 14720 rows
2026-03-01 17:08:21,407 - INFO -   IF_DATA_Values_2021_9.csv: 14720 rows
2026-03-01 17:08:21,668 - INFO -   IF_DATA_Values_2022_12.csv: 15130 rows
2026-03-01 17:08:21,948 - INFO -   IF_DATA_Values_2022_3.csv: 14850 rows
2026-03-01 17:08:22,191 - INFO -   IF_DATA_Values_2022_6.csv: 14940 rows
2026-03-01 17:08:22,489 - INFO -   IF_DATA_Values_2022_9.csv: 15000 rows
2026-03-01 17:08:22,804 - INFO -   IF_DATA_Values_2023_12.csv: 15520 rows
2026-03-01 17:08:23,090 - INFO -   IF_DATA_Values_2023_3.csv: 15240 rows
2026-03-01 17:08:23,384 - INFO -   IF_DATA_Values_2023_6.csv: 15300 rows
2026-03-01 17:08:23,679 - INFO -   IF_DATA_Values_2023_9.csv: 15450 rows
2026-03-01 17:08:23,941 - INFO -   IF_DATA_Values_2024_3.csv: 15630 rows
2026-03-01 17:08:24,207 - INFO -   IF_DATA_Values_2024_6.csv: 15660 rows
2026-03-01 17:08:24,486 - INFO -   IF_DATA_Values_2024_9.csv: 15830 rows
2026-03-01 17:08:24,561 - INFO - Loading 94 per-report API files from c:\Users\pedro\OneDrive\Documentos\Yale\Year 3 (2024 - 2025)\Open Finance\Open-Finance\BCB\Egan_et_al_2025_Rep\raw\IF_DATA_RAW\Individual
2026-03-01 17:08:33,693 - INFO - Remapped 62,699 rows from 2025+ account codes to canonical pre-2025 codes
2026-03-01 17:08:34,380 - INFO - Removed 743 SFN aggregate rows (CodInst = 00000000)
2026-03-01 17:08:34,600 - INFO - Macro series loaded: 4836 daily obs
2026-03-01 17:08:34,604 - INFO - Loading institution info from 108 List files
2026-03-01 17:08:38,371 - INFO - Payment Institutions identified: 158 IPs out of 2876 total institutions
2026-03-01 17:08:38,371 - INFO - Institution info loaded: 2876 unique CNPJs
2026-03-01 17:08:38,381 - INFO - Loading COSIF quarterly from Parquet: c:\Users\pedro\OneDrive\Documentos\Yale\Year 3 (2024 - 2025)\Open Finance\Open-Finance\BCB\Egan_et_al_2025_Rep\processed\COSIF_PROCESSED\cosif_quarterly_institution.parquet
2026-03-01 17:08:39,007 - INFO - COSIF quarterly loaded: 55,210 obs | 1834 institutions | rate coverage: 41,290
2026-03-01 17:08:39,169 - INFO - Loading 44 DRE (Demonstra��o de Resultado) files from c:\Users\pedro\OneDrive\Documentos\Yale\Year 3 (2024 - 2025)\Open Finance\Open-Finance\BCB\Egan_et_al_2025_Rep\raw\IF_DATA_RAW\Financial
2026-03-01 17:08:46,380 - INFO - ============================================================
2026-03-01 17:08:46,380 - INFO - Building INSTITUTION-LEVEL Egan et al. (2025) panel ...
2026-03-01 17:08:46,383 - INFO - ============================================================
2026-03-01 17:08:46,802 - INFO - Deposit panel: 327,921 obs | 2227 institutions | 5 types
2026-03-01 17:08:46,971 - INFO - Bank chars panel: 73,605 institution-quarter obs from 2227 institutions
2026-03-01 17:09:26,027 - INFO - DRE ratios panel: 61,849 obs | 2047 institutions | personnel_cost_ratio_lag non-null: 56,367
2026-03-01 17:09:26,043 - INFO - Segment panel: 2876 institutions | distribution: {'S5': 1353, 'S4': 809, 'S3': 177, 'S1': 101, 'S2': 61}
2026-03-01 17:09:26,187 - INFO - Quarterly macro rates: 52 quarters
2026-03-01 17:09:26,614 - INFO - Bank chars coverage: 327,921 / 327,921
2026-03-01 17:09:26,881 - INFO - DRE cost ratio coverage: personnel=249,314 / 327,921
2026-03-01 17:09:27,110 - INFO - Segment coverage: 305,121 / 327,921
2026-03-01 17:09:27,332 - INFO - COSIF rate coverage: 171,882 / 327,921
2026-03-01 17:09:27,524 - INFO - IP flag merged: 9,447 obs from Payment Institutions (154 unique IPs)
2026-03-01 17:09:27,610 - INFO - Median IP rate computed for 3 quarters | overall median = 0.188664
2026-03-01 17:09:28,486 - INFO - Panel complete: 327,921 obs | 2227 institutions | 47 quarters | 5 deposit types
2026-03-01 17:09:49,601 - INFO - Panel saved to c:\Users\pedro\OneDrive\Documentos\Yale\Year 3 (2024 - 2025)\Open Finance\Open-Finance\BCB\Egan_et_al_2025_Rep\processed\PANEL_INTERMED\egan_panel_institution.csv
2026-03-01 17:09:50,690 - INFO - Panel saved to c:\Users\pedro\OneDrive\Documentos\Yale\Year 3 (2024 - 2025)\Open Finance\Open-Finance\BCB\Egan_et_al_2025_Rep\processed\PANEL_INTERMED\egan_panel_institution.parquet
2026-03-01 17:09:50,775 - INFO - Quarterly macro rates: 52 quarters
2026-03-01 17:09:51,216 - INFO - Script completed successfully.
2026-03-01 17:24:26,884 - INFO - ============================================================
2026-03-01 17:24:26,891 - INFO - Starting INSTITUTION-LEVEL Panel Construction
2026-03-01 17:24:26,900 - INFO - ============================================================
2026-03-01 17:24:26,906 - INFO - Loading 35 consolidated Individual Institution files from c:\Users\pedro\OneDrive\Documentos\Yale\Year 3 (2024 - 2025)\Open Finance\Open-Finance\BCB\IF Data\Individual Institutions
2026-03-01 17:24:27,522 - INFO -   IF_DATA_Values_2016_12.csv: 14517 rows
2026-03-01 17:24:28,138 - INFO -   IF_DATA_Values_2016_3.csv: 14940 rows
2026-03-01 17:24:28,793 - INFO -   IF_DATA_Values_2016_6.csv: 14823 rows
2026-03-01 17:24:29,488 - INFO -   IF_DATA_Values_2016_9.csv: 14715 rows
2026-03-01 17:24:30,082 - INFO -   IF_DATA_Values_2017_12.csv: 13968 rows
2026-03-01 17:24:30,821 - INFO -   IF_DATA_Values_2017_3.csv: 14391 rows
2026-03-01 17:24:31,389 - INFO -   IF_DATA_Values_2017_6.csv: 14247 rows
2026-03-01 17:24:32,018 - INFO -   IF_DATA_Values_2017_9.csv: 14103 rows
2026-03-01 17:24:32,568 - INFO -   IF_DATA_Values_2018_12.csv: 13554 rows
2026-03-01 17:24:33,127 - INFO -   IF_DATA_Values_2018_3.csv: 13941 rows
2026-03-01 17:24:33,566 - INFO -   IF_DATA_Values_2018_6.csv: 13797 rows
2026-03-01 17:24:34,126 - INFO -   IF_DATA_Values_2018_9.csv: 13635 rows
2026-03-01 17:24:34,674 - INFO -   IF_DATA_Values_2019_12.csv: 13140 rows
2026-03-01 17:24:35,295 - INFO -   IF_DATA_Values_2019_3.csv: 13446 rows
2026-03-01 17:24:35,847 - INFO -   IF_DATA_Values_2019_6.csv: 13311 rows
2026-03-01 17:24:36,371 - INFO -   IF_DATA_Values_2019_9.csv: 13248 rows
2026-03-01 17:24:36,877 - INFO -   IF_DATA_Values_2020_12.csv: 14630 rows
2026-03-01 17:24:37,375 - INFO -   IF_DATA_Values_2020_3.csv: 13104 rows
2026-03-01 17:24:37,904 - INFO -   IF_DATA_Values_2020_6.csv: 14530 rows
2026-03-01 17:24:38,476 - INFO -   IF_DATA_Values_2020_9.csv: 14560 rows
2026-03-01 17:24:38,958 - INFO -   IF_DATA_Values_2021_12.csv: 14720 rows
2026-03-01 17:24:39,469 - INFO -   IF_DATA_Values_2021_3.csv: 14650 rows
2026-03-01 17:24:39,982 - INFO -   IF_DATA_Values_2021_6.csv: 14720 rows
2026-03-01 17:24:40,474 - INFO -   IF_DATA_Values_2021_9.csv: 14720 rows
2026-03-01 17:24:40,982 - INFO -   IF_DATA_Values_2022_12.csv: 15130 rows
2026-03-01 17:24:41,466 - INFO -   IF_DATA_Values_2022_3.csv: 14850 rows
2026-03-01 17:24:41,936 - INFO -   IF_DATA_Values_2022_6.csv: 14940 rows
2026-03-01 17:24:42,404 - INFO -   IF_DATA_Values_2022_9.csv: 15000 rows
2026-03-01 17:24:42,880 - INFO -   IF_DATA_Values_2023_12.csv: 15520 rows
2026-03-01 17:24:43,324 - INFO -   IF_DATA_Values_2023_3.csv: 15240 rows
2026-03-01 17:24:43,844 - INFO -   IF_DATA_Values_2023_6.csv: 15300 rows
2026-03-01 17:24:44,320 - INFO -   IF_DATA_Values_2023_9.csv: 15450 rows
2026-03-01 17:24:44,826 - INFO -   IF_DATA_Values_2024_3.csv: 15630 rows
2026-03-01 17:24:45,307 - INFO -   IF_DATA_Values_2024_6.csv: 15660 rows
2026-03-01 17:24:45,872 - INFO -   IF_DATA_Values_2024_9.csv: 15830 rows
2026-03-01 17:24:45,884 - INFO - Loading 94 per-report API files from c:\Users\pedro\OneDrive\Documentos\Yale\Year 3 (2024 - 2025)\Open Finance\Open-Finance\BCB\Egan_et_al_2025_Rep\raw\IF_DATA_RAW\Individual
2026-03-01 17:25:03,055 - INFO - Remapped 62,699 rows from 2025+ account codes to canonical pre-2025 codes
2026-03-01 17:25:04,568 - INFO - Removed 743 SFN aggregate rows (CodInst = 00000000)
2026-03-01 17:25:04,928 - INFO - IF-Data Individual loaded: 563,196 rows | 2227 institutions | 47 quarters (201403 - 202509)
2026-03-01 17:25:04,969 - INFO - Macro series loaded: 4836 daily obs
2026-03-01 17:25:04,985 - INFO - Loading institution info from 108 List files
2026-03-01 17:25:13,370 - INFO - Payment Institutions identified: 158 IPs out of 2876 total institutions
2026-03-01 17:25:13,375 - INFO - Institution info loaded: 2876 unique CNPJs
2026-03-01 17:25:13,396 - INFO - Loading COSIF quarterly from Parquet: c:\Users\pedro\OneDrive\Documentos\Yale\Year 3 (2024 - 2025)\Open Finance\Open-Finance\BCB\Egan_et_al_2025_Rep\processed\COSIF_PROCESSED\cosif_quarterly_institution.parquet
2026-03-01 17:25:14,591 - INFO - COSIF quarterly loaded: 55,210 obs | 1834 institutions | rate coverage: 41,290
2026-03-01 17:25:14,648 - INFO - Loading 44 DRE (Demonstração de Resultado) files from c:\Users\pedro\OneDrive\Documentos\Yale\Year 3 (2024 - 2025)\Open Finance\Open-Finance\BCB\Egan_et_al_2025_Rep\raw\IF_DATA_RAW\Financial
2026-03-01 17:25:27,827 - INFO - DRE data loaded: 123,698 rows | 2047 institutions | 44 quarters (201403 - 202412)
2026-03-01 17:25:27,827 - INFO - ============================================================
2026-03-01 17:25:27,831 - INFO - Building INSTITUTION-LEVEL Egan et al. (2025) panel ...
2026-03-01 17:25:27,833 - INFO - ============================================================
2026-03-01 17:25:28,489 - INFO - Deposit panel: 327,921 obs | 2227 institutions | 5 types
2026-03-01 17:25:28,699 - INFO - Bank chars panel: 73,605 institution-quarter obs from 2227 institutions
2026-03-01 17:25:46,561 - INFO - ============================================================
2026-03-01 17:25:46,563 - INFO - Starting INSTITUTION-LEVEL Panel Construction
2026-03-01 17:25:46,565 - INFO - ============================================================
2026-03-01 17:25:46,569 - INFO - Loading 35 consolidated Individual Institution files from C:\Users\pedro\OneDrive\Documentos\Yale\Year 3 (2024 - 2025)\Open Finance\Open-Finance\BCB\IF Data\Individual Institutions
2026-03-01 17:25:47,161 - INFO -   IF_DATA_Values_2016_12.csv: 14517 rows
2026-03-01 17:25:47,760 - INFO -   IF_DATA_Values_2016_3.csv: 14940 rows
2026-03-01 17:25:48,331 - INFO -   IF_DATA_Values_2016_6.csv: 14823 rows
2026-03-01 17:25:48,903 - INFO -   IF_DATA_Values_2016_9.csv: 14715 rows
2026-03-01 17:25:49,406 - INFO -   IF_DATA_Values_2017_12.csv: 13968 rows
2026-03-01 17:25:49,970 - INFO -   IF_DATA_Values_2017_3.csv: 14391 rows
2026-03-01 17:25:50,659 - INFO -   IF_DATA_Values_2017_6.csv: 14247 rows
2026-03-01 17:25:51,180 - INFO -   IF_DATA_Values_2017_9.csv: 14103 rows
2026-03-01 17:25:51,679 - INFO -   IF_DATA_Values_2018_12.csv: 13554 rows
2026-03-01 17:25:52,183 - INFO -   IF_DATA_Values_2018_3.csv: 13941 rows
2026-03-01 17:25:52,637 - INFO -   IF_DATA_Values_2018_6.csv: 13797 rows
2026-03-01 17:25:53,059 - INFO -   IF_DATA_Values_2018_9.csv: 13635 rows
2026-03-01 17:25:53,493 - INFO -   IF_DATA_Values_2019_12.csv: 13140 rows
2026-03-01 17:25:53,946 - INFO -   IF_DATA_Values_2019_3.csv: 13446 rows
2026-03-01 17:25:54,363 - INFO -   IF_DATA_Values_2019_6.csv: 13311 rows
2026-03-01 17:25:54,835 - INFO -   IF_DATA_Values_2019_9.csv: 13248 rows
2026-03-01 17:25:55,349 - INFO -   IF_DATA_Values_2020_12.csv: 14630 rows
2026-03-01 17:25:55,872 - INFO -   IF_DATA_Values_2020_3.csv: 13104 rows
2026-03-01 17:25:56,300 - INFO -   IF_DATA_Values_2020_6.csv: 14530 rows
2026-03-01 17:25:56,807 - INFO -   IF_DATA_Values_2020_9.csv: 14560 rows
2026-03-01 17:25:57,283 - INFO -   IF_DATA_Values_2021_12.csv: 14720 rows
2026-03-01 17:25:57,761 - INFO -   IF_DATA_Values_2021_3.csv: 14650 rows
2026-03-01 17:25:58,160 - INFO -   IF_DATA_Values_2021_6.csv: 14720 rows
2026-03-01 17:25:58,579 - INFO -   IF_DATA_Values_2021_9.csv: 14720 rows
2026-03-01 17:25:58,999 - INFO -   IF_DATA_Values_2022_12.csv: 15130 rows
2026-03-01 17:25:59,505 - INFO -   IF_DATA_Values_2022_3.csv: 14850 rows
2026-03-01 17:26:00,062 - INFO -   IF_DATA_Values_2022_6.csv: 14940 rows
2026-03-01 17:26:00,607 - INFO -   IF_DATA_Values_2022_9.csv: 15000 rows
2026-03-01 17:26:01,115 - INFO -   IF_DATA_Values_2023_12.csv: 15520 rows
2026-03-01 17:26:01,584 - INFO -   IF_DATA_Values_2023_3.csv: 15240 rows
2026-03-01 17:26:02,101 - INFO -   IF_DATA_Values_2023_6.csv: 15300 rows
2026-03-01 17:26:02,587 - INFO -   IF_DATA_Values_2023_9.csv: 15450 rows
2026-03-01 17:26:03,104 - INFO -   IF_DATA_Values_2024_3.csv: 15630 rows
2026-03-01 17:26:03,605 - INFO -   IF_DATA_Values_2024_6.csv: 15660 rows
2026-03-01 17:26:04,073 - INFO -   IF_DATA_Values_2024_9.csv: 15830 rows
2026-03-01 17:26:04,073 - INFO - Loading 94 per-report API files from C:\Users\pedro\OneDrive\Documentos\Yale\Year 3 (2024 - 2025)\Open Finance\Open-Finance\BCB\Egan_et_al_2025_Rep\raw\IF_DATA_RAW\Individual
2026-03-01 17:26:11,584 - INFO - DRE ratios panel: 61,849 obs | 2047 institutions | personnel_cost_ratio_lag non-null: 56,367
2026-03-01 17:26:11,615 - INFO - Segment panel: 2876 institutions | distribution: {'S5': 1353, 'S4': 809, 'S3': 177, 'S1': 101, 'S2': 61}
2026-03-01 17:26:11,829 - INFO - Quarterly macro rates: 52 quarters
2026-03-01 17:26:12,429 - INFO - Bank chars coverage: 327,921 / 327,921
2026-03-01 17:26:12,802 - INFO - DRE cost ratio coverage: personnel=249,314 / 327,921
2026-03-01 17:26:13,110 - INFO - Segment coverage: 305,121 / 327,921
2026-03-01 17:26:13,542 - INFO - COSIF rate coverage: 171,882 / 327,921
2026-03-01 17:26:13,860 - INFO - IP flag merged: 9,447 obs from Payment Institutions (154 unique IPs)
2026-03-01 17:26:14,027 - INFO - Median IP rate computed for 3 quarters | overall median = 0.188664
2026-03-01 17:26:15,743 - INFO - Panel complete: 327,921 obs | 2227 institutions | 47 quarters | 5 deposit types
2026-03-01 17:26:20,350 - INFO - Remapped 62,699 rows from 2025+ account codes to canonical pre-2025 codes
2026-03-01 17:26:21,885 - INFO - Removed 743 SFN aggregate rows (CodInst = 00000000)
2026-03-01 17:26:22,226 - INFO - IF-Data Individual loaded: 563,196 rows | 2227 institutions | 47 quarters (201403 - 202509)
2026-03-01 17:26:22,257 - INFO - Macro series loaded: 4836 daily obs
2026-03-01 17:26:22,257 - INFO - Loading institution info from 108 List files
2026-03-01 17:26:29,983 - INFO - Payment Institutions identified: 158 IPs out of 2876 total institutions
2026-03-01 17:26:29,985 - INFO - Institution info loaded: 2876 unique CNPJs
2026-03-01 17:26:29,993 - INFO - Loading COSIF quarterly from Parquet: C:\Users\pedro\OneDrive\Documentos\Yale\Year 3 (2024 - 2025)\Open Finance\Open-Finance\BCB\Egan_et_al_2025_Rep\processed\COSIF_PROCESSED\cosif_quarterly_institution.parquet
2026-03-01 17:26:30,611 - INFO - COSIF quarterly loaded: 55,210 obs | 1834 institutions | rate coverage: 41,290
2026-03-01 17:26:30,636 - INFO - Loading 44 DRE (Demonstração de Resultado) files from C:\Users\pedro\OneDrive\Documentos\Yale\Year 3 (2024 - 2025)\Open Finance\Open-Finance\BCB\Egan_et_al_2025_Rep\raw\IF_DATA_RAW\Financial
2026-03-01 17:26:42,500 - INFO - Panel saved to c:\Users\pedro\OneDrive\Documentos\Yale\Year 3 (2024 - 2025)\Open Finance\Open-Finance\BCB\Egan_et_al_2025_Rep\processed\PANEL_INTERMED\egan_panel_institution.csv
2026-03-01 17:26:44,163 - INFO - DRE data loaded: 123,698 rows | 2047 institutions | 44 quarters (201403 - 202412)
2026-03-01 17:26:44,167 - INFO - ============================================================
2026-03-01 17:26:44,167 - INFO - Building INSTITUTION-LEVEL Egan et al. (2025) panel ...
2026-03-01 17:26:44,169 - INFO - ============================================================
2026-03-01 17:26:44,458 - INFO - Panel saved to c:\Users\pedro\OneDrive\Documentos\Yale\Year 3 (2024 - 2025)\Open Finance\Open-Finance\BCB\Egan_et_al_2025_Rep\processed\PANEL_INTERMED\egan_panel_institution.parquet
2026-03-01 17:26:44,638 - INFO - Quarterly macro rates: 52 quarters
2026-03-01 17:26:44,732 - INFO - Deposit panel: 327,921 obs | 2227 institutions | 5 types
2026-03-01 17:26:44,969 - INFO - Bank chars panel: 73,605 institution-quarter obs from 2227 institutions
2026-03-01 17:26:45,170 - INFO - Script completed successfully.
2026-03-01 17:27:33,513 - INFO - DRE ratios panel: 61,849 obs | 2047 institutions | personnel_cost_ratio_lag non-null: 56,367
2026-03-01 17:27:33,545 - INFO - Segment panel: 2876 institutions | distribution: {'S5': 1353, 'S4': 809, 'S3': 177, 'S1': 101, 'S2': 61}
2026-03-01 17:27:33,722 - INFO - Quarterly macro rates: 52 quarters
2026-03-01 17:27:34,268 - INFO - Bank chars coverage: 327,921 / 327,921
2026-03-01 17:27:34,572 - INFO - DRE cost ratio coverage: personnel=249,314 / 327,921
2026-03-01 17:27:34,909 - INFO - Segment coverage: 305,121 / 327,921
2026-03-01 17:27:35,258 - INFO - COSIF rate coverage: 171,882 / 327,921
2026-03-01 17:27:35,656 - INFO - IP flag merged: 9,447 obs from Payment Institutions (154 unique IPs)
2026-03-01 17:27:35,782 - INFO - Median IP rate computed for 3 quarters | overall median = 0.188664
2026-03-01 17:27:37,447 - INFO - Panel complete: 327,921 obs | 2227 institutions | 47 quarters | 5 deposit types
2026-03-01 17:28:04,144 - INFO - Panel saved to C:\Users\pedro\OneDrive\Documentos\Yale\Year 3 (2024 - 2025)\Open Finance\Open-Finance\BCB\Egan_et_al_2025_Rep\processed\PANEL_INTERMED\egan_panel_institution.csv
2026-03-01 17:28:05,746 - INFO - Panel saved to C:\Users\pedro\OneDrive\Documentos\Yale\Year 3 (2024 - 2025)\Open Finance\Open-Finance\BCB\Egan_et_al_2025_Rep\processed\PANEL_INTERMED\egan_panel_institution.parquet
2026-03-01 17:28:05,955 - INFO - Quarterly macro rates: 52 quarters
2026-03-01 17:28:06,509 - INFO - Script completed successfully.
2026-03-01 17:45:57,035 - INFO - ============================================================
2026-03-01 17:45:57,037 - INFO - Starting INSTITUTION-LEVEL Panel Construction
2026-03-01 17:45:57,039 - INFO - ============================================================
2026-03-01 17:45:57,043 - INFO - Loading 35 consolidated Individual Institution files from c:\Users\pedro\OneDrive\Documentos\Yale\Year 3 (2024 - 2025)\Open Finance\Open-Finance\BCB\IF Data\Individual Institutions
2026-03-01 17:45:57,519 - INFO -   IF_DATA_Values_2016_12.csv: 14517 rows
2026-03-01 17:45:58,052 - INFO -   IF_DATA_Values_2016_3.csv: 14940 rows
2026-03-01 17:45:58,493 - INFO -   IF_DATA_Values_2016_6.csv: 14823 rows
2026-03-01 17:45:58,942 - INFO -   IF_DATA_Values_2016_9.csv: 14715 rows
2026-03-01 17:45:59,287 - INFO -   IF_DATA_Values_2017_12.csv: 13968 rows
2026-03-01 17:45:59,677 - INFO -   IF_DATA_Values_2017_3.csv: 14391 rows
2026-03-01 17:46:00,094 - INFO -   IF_DATA_Values_2017_6.csv: 14247 rows
2026-03-01 17:46:00,395 - INFO -   IF_DATA_Values_2017_9.csv: 14103 rows
2026-03-01 17:46:00,757 - INFO -   IF_DATA_Values_2018_12.csv: 13554 rows
2026-03-01 17:46:01,080 - INFO -   IF_DATA_Values_2018_3.csv: 13941 rows
2026-03-01 17:46:01,386 - INFO -   IF_DATA_Values_2018_6.csv: 13797 rows
2026-03-01 17:46:01,875 - INFO -   IF_DATA_Values_2018_9.csv: 13635 rows
2026-03-01 17:46:02,240 - INFO -   IF_DATA_Values_2019_12.csv: 13140 rows
2026-03-01 17:46:02,555 - INFO -   IF_DATA_Values_2019_3.csv: 13446 rows
2026-03-01 17:46:02,938 - INFO -   IF_DATA_Values_2019_6.csv: 13311 rows
2026-03-01 17:46:03,233 - INFO -   IF_DATA_Values_2019_9.csv: 13248 rows
2026-03-01 17:46:03,561 - INFO -   IF_DATA_Values_2020_12.csv: 14630 rows
2026-03-01 17:46:03,911 - INFO -   IF_DATA_Values_2020_3.csv: 13104 rows
2026-03-01 17:46:04,262 - INFO -   IF_DATA_Values_2020_6.csv: 14530 rows
2026-03-01 17:46:04,610 - INFO -   IF_DATA_Values_2020_9.csv: 14560 rows
2026-03-01 17:46:04,952 - INFO -   IF_DATA_Values_2021_12.csv: 14720 rows
2026-03-01 17:46:05,346 - INFO -   IF_DATA_Values_2021_3.csv: 14650 rows
2026-03-01 17:46:05,717 - INFO -   IF_DATA_Values_2021_6.csv: 14720 rows
2026-03-01 17:46:06,086 - INFO -   IF_DATA_Values_2021_9.csv: 14720 rows
2026-03-01 17:46:06,371 - INFO -   IF_DATA_Values_2022_12.csv: 15130 rows
2026-03-01 17:46:06,746 - INFO -   IF_DATA_Values_2022_3.csv: 14850 rows
2026-03-01 17:46:07,175 - INFO -   IF_DATA_Values_2022_6.csv: 14940 rows
2026-03-01 17:46:07,788 - INFO -   IF_DATA_Values_2022_9.csv: 15000 rows
2026-03-01 17:46:08,394 - INFO -   IF_DATA_Values_2023_12.csv: 15520 rows
2026-03-01 17:46:08,879 - INFO -   IF_DATA_Values_2023_3.csv: 15240 rows
2026-03-01 17:46:09,256 - INFO -   IF_DATA_Values_2023_6.csv: 15300 rows
2026-03-01 17:46:09,634 - INFO -   IF_DATA_Values_2023_9.csv: 15450 rows
2026-03-01 17:46:10,056 - INFO -   IF_DATA_Values_2024_3.csv: 15630 rows
2026-03-01 17:46:10,434 - INFO -   IF_DATA_Values_2024_6.csv: 15660 rows
2026-03-01 17:46:10,781 - INFO -   IF_DATA_Values_2024_9.csv: 15830 rows
2026-03-01 17:46:10,827 - INFO - Loading 94 per-report API files from c:\Users\pedro\OneDrive\Documentos\Yale\Year 3 (2024 - 2025)\Open Finance\Open-Finance\BCB\Egan_et_al_2025_Rep\raw\IF_DATA_RAW\Individual
2026-03-01 17:46:26,946 - INFO - Remapped 62,699 rows from 2025+ account codes to canonical pre-2025 codes
2026-03-01 17:46:27,973 - INFO - Removed 743 SFN aggregate rows (CodInst = 00000000)
2026-03-01 17:46:28,228 - INFO - IF-Data Individual loaded: 563,196 rows | 2227 institutions | 47 quarters (201403 - 202509)
2026-03-01 17:46:28,257 - INFO - Macro series loaded: 4836 daily obs
2026-03-01 17:46:28,266 - INFO - Loading institution info from 108 List files
2026-03-01 17:46:33,108 - INFO - Payment Institutions identified: 158 IPs out of 2876 total institutions
2026-03-01 17:46:33,110 - INFO - Institution info loaded: 2876 unique CNPJs
2026-03-01 17:46:33,118 - INFO - Loading COSIF quarterly from Parquet: c:\Users\pedro\OneDrive\Documentos\Yale\Year 3 (2024 - 2025)\Open Finance\Open-Finance\BCB\Egan_et_al_2025_Rep\processed\COSIF_PROCESSED\cosif_quarterly_institution.parquet
2026-03-01 17:46:33,688 - INFO - COSIF quarterly loaded: 55,210 obs | 1834 institutions | rate coverage: 41,290
2026-03-01 17:46:33,830 - INFO - Loading 44 DRE (Demonstração de Resultado) files from c:\Users\pedro\OneDrive\Documentos\Yale\Year 3 (2024 - 2025)\Open Finance\Open-Finance\BCB\Egan_et_al_2025_Rep\raw\IF_DATA_RAW\Financial
2026-03-01 17:46:40,344 - INFO - DRE data loaded: 123,698 rows | 2047 institutions | 44 quarters (201403 - 202412)
2026-03-01 17:46:40,344 - INFO - ============================================================
2026-03-01 17:46:40,344 - INFO - Building INSTITUTION-LEVEL Egan et al. (2025) panel ...
2026-03-01 17:46:40,344 - INFO - ============================================================
2026-03-01 17:46:40,622 - INFO - Deposit panel: 327,921 obs | 2227 institutions | 5 types
2026-03-01 17:46:40,744 - INFO - Bank chars panel: 73,605 institution-quarter obs from 2227 institutions
2026-03-01 17:47:05,735 - INFO - DRE ratios panel: 61,849 obs | 2047 institutions | personnel_cost_ratio_lag non-null: 56,367
2026-03-01 17:47:05,735 - INFO - Segment panel: 2876 institutions | distribution: {'S5': 1353, 'S4': 809, 'S3': 177, 'S1': 101, 'S2': 61}
2026-03-01 17:47:05,829 - INFO - Quarterly macro rates: 52 quarters
2026-03-01 17:47:06,199 - INFO - Bank chars coverage: 327,921 / 327,921
2026-03-01 17:47:06,424 - INFO - DRE cost ratio coverage: personnel=249,314 / 327,921
2026-03-01 17:47:06,601 - INFO - Segment coverage: 305,121 / 327,921
2026-03-01 17:47:06,884 - INFO - COSIF rate coverage: 171,882 / 327,921
2026-03-01 17:47:07,060 - INFO - IP flag merged: 9,447 obs from Payment Institutions (154 unique IPs)
2026-03-01 17:47:07,130 - INFO - Median IP rate computed for 3 quarters | overall median = 0.188664
2026-03-01 17:47:07,912 - INFO - Panel complete: 327,921 obs | 2227 institutions | 47 quarters | 5 deposit types
2026-03-01 17:47:25,221 - INFO - Panel saved to c:\Users\pedro\OneDrive\Documentos\Yale\Year 3 (2024 - 2025)\Open Finance\Open-Finance\BCB\Egan_et_al_2025_Rep\processed\PANEL_INTERMED\egan_panel_institution.csv
2026-03-01 17:47:26,459 - INFO - Panel saved to c:\Users\pedro\OneDrive\Documentos\Yale\Year 3 (2024 - 2025)\Open Finance\Open-Finance\BCB\Egan_et_al_2025_Rep\processed\PANEL_INTERMED\egan_panel_institution.parquet
2026-03-01 17:47:26,673 - INFO - Quarterly macro rates: 52 quarters
2026-03-01 17:47:27,141 - INFO - Script completed successfully.
2026-03-02 13:52:12,736 - INFO - ============================================================
2026-03-02 13:52:12,740 - INFO - Starting INSTITUTION-LEVEL Panel Construction
2026-03-02 13:52:12,742 - INFO - ============================================================
2026-03-02 13:52:12,748 - INFO - Loading 35 consolidated Individual Institution files from c:\Users\pedro\OneDrive\Documentos\Yale\Year 3 (2024 - 2025)\Open Finance\Open-Finance\BCB\IF Data\Individual Institutions
2026-03-02 13:52:13,478 - INFO -   IF_DATA_Values_2016_12.csv: 14517 rows
2026-03-02 13:52:14,101 - INFO -   IF_DATA_Values_2016_3.csv: 14940 rows
2026-03-02 13:52:14,750 - INFO -   IF_DATA_Values_2016_6.csv: 14823 rows
2026-03-02 13:52:15,467 - INFO -   IF_DATA_Values_2016_9.csv: 14715 rows
2026-03-02 13:52:16,223 - INFO -   IF_DATA_Values_2017_12.csv: 13968 rows
2026-03-02 13:52:16,935 - INFO -   IF_DATA_Values_2017_3.csv: 14391 rows
2026-03-02 13:52:17,786 - INFO -   IF_DATA_Values_2017_6.csv: 14247 rows
2026-03-02 13:52:18,499 - INFO -   IF_DATA_Values_2017_9.csv: 14103 rows
2026-03-02 13:52:19,221 - INFO -   IF_DATA_Values_2018_12.csv: 13554 rows
2026-03-02 13:52:19,940 - INFO -   IF_DATA_Values_2018_3.csv: 13941 rows
2026-03-02 13:52:20,697 - INFO -   IF_DATA_Values_2018_6.csv: 13797 rows
2026-03-02 13:52:21,368 - INFO -   IF_DATA_Values_2018_9.csv: 13635 rows
2026-03-02 13:52:22,004 - INFO -   IF_DATA_Values_2019_12.csv: 13140 rows
2026-03-02 13:52:22,733 - INFO -   IF_DATA_Values_2019_3.csv: 13446 rows
2026-03-02 13:52:23,539 - INFO -   IF_DATA_Values_2019_6.csv: 13311 rows
2026-03-02 13:52:24,128 - INFO -   IF_DATA_Values_2019_9.csv: 13248 rows
2026-03-02 13:52:24,686 - INFO -   IF_DATA_Values_2020_12.csv: 14630 rows
2026-03-02 13:52:25,230 - INFO -   IF_DATA_Values_2020_3.csv: 13104 rows
2026-03-02 13:52:25,820 - INFO -   IF_DATA_Values_2020_6.csv: 14530 rows
2026-03-02 13:52:26,508 - INFO -   IF_DATA_Values_2020_9.csv: 14560 rows
2026-03-02 13:52:27,131 - INFO -   IF_DATA_Values_2021_12.csv: 14720 rows
2026-03-02 13:52:27,738 - INFO -   IF_DATA_Values_2021_3.csv: 14650 rows
2026-03-02 13:52:28,297 - INFO -   IF_DATA_Values_2021_6.csv: 14720 rows
2026-03-02 13:52:28,874 - INFO -   IF_DATA_Values_2021_9.csv: 14720 rows
2026-03-02 13:52:29,460 - INFO -   IF_DATA_Values_2022_12.csv: 15130 rows
2026-03-02 13:52:29,972 - INFO -   IF_DATA_Values_2022_3.csv: 14850 rows
2026-03-02 13:52:30,547 - INFO -   IF_DATA_Values_2022_6.csv: 14940 rows
2026-03-02 13:52:31,184 - INFO -   IF_DATA_Values_2022_9.csv: 15000 rows
2026-03-02 13:52:31,786 - INFO -   IF_DATA_Values_2023_12.csv: 15520 rows
2026-03-02 13:52:32,328 - INFO -   IF_DATA_Values_2023_3.csv: 15240 rows
2026-03-02 13:52:32,870 - INFO -   IF_DATA_Values_2023_6.csv: 15300 rows
2026-03-02 13:52:33,398 - INFO -   IF_DATA_Values_2023_9.csv: 15450 rows
2026-03-02 13:52:34,004 - INFO -   IF_DATA_Values_2024_3.csv: 15630 rows
2026-03-02 13:52:34,563 - INFO -   IF_DATA_Values_2024_6.csv: 15660 rows
2026-03-02 13:52:35,138 - INFO -   IF_DATA_Values_2024_9.csv: 15830 rows
2026-03-02 13:52:35,215 - INFO - Loading 94 per-report API files from c:\Users\pedro\OneDrive\Documentos\Yale\Year 3 (2024 - 2025)\Open Finance\Open-Finance\BCB\Egan_et_al_2025_Rep\raw\IF_DATA_RAW\Individual
2026-03-02 13:52:51,088 - INFO - Remapped 62,699 rows from 2025+ account codes to canonical pre-2025 codes
2026-03-02 13:52:52,444 - INFO - Removed 743 SFN aggregate rows (CodInst = 00000000)
2026-03-02 13:52:52,659 - INFO - IF-Data Individual loaded: 563,196 rows | 2227 institutions | 47 quarters (201403 - 202509)
2026-03-02 13:52:52,683 - INFO - Macro series loaded: 4836 daily obs
2026-03-02 13:52:52,698 - INFO - Loading institution info from 108 List files
2026-03-02 13:52:57,747 - INFO - Payment Institutions identified: 158 IPs out of 2876 total institutions
2026-03-02 13:52:57,747 - INFO - Institution info loaded: 2876 unique CNPJs
2026-03-02 13:52:57,763 - INFO - Loading COSIF quarterly from Parquet: c:\Users\pedro\OneDrive\Documentos\Yale\Year 3 (2024 - 2025)\Open Finance\Open-Finance\BCB\Egan_et_al_2025_Rep\processed\COSIF_PROCESSED\cosif_quarterly_institution.parquet
2026-03-02 13:53:00,481 - INFO - COSIF quarterly loaded: 55,210 obs | 1834 institutions | rate coverage: 41,290
2026-03-02 13:53:00,569 - INFO - Loading 44 DRE (Demonstração de Resultado) files from c:\Users\pedro\OneDrive\Documentos\Yale\Year 3 (2024 - 2025)\Open Finance\Open-Finance\BCB\Egan_et_al_2025_Rep\raw\IF_DATA_RAW\Financial
2026-03-02 13:53:12,714 - INFO - DRE data loaded: 123,698 rows | 2047 institutions | 44 quarters (201403 - 202412)
2026-03-02 13:53:12,714 - INFO - ============================================================
2026-03-02 13:53:12,714 - INFO - Building INSTITUTION-LEVEL Egan et al. (2025) panel ...
2026-03-02 13:53:12,714 - INFO - ============================================================
2026-03-02 13:53:13,376 - INFO - Deposit panel: 327,921 obs | 2227 institutions | 5 types
2026-03-02 13:53:13,692 - INFO - Bank chars panel: 73,605 institution-quarter obs from 2227 institutions
2026-03-02 13:53:45,610 - INFO - DRE ratios panel: 61,849 obs | 2047 institutions | personnel_cost_ratio_lag non-null: 56,367
2026-03-02 13:53:45,610 - INFO - Segment panel: 2876 institutions | distribution: {'S5': 1353, 'S4': 809, 'S3': 177, 'S1': 101, 'S2': 61}
2026-03-02 13:53:45,688 - INFO - Quarterly macro rates: 52 quarters
2026-03-02 13:53:46,081 - INFO - Bank chars coverage: 327,921 / 327,921
2026-03-02 13:53:46,373 - INFO - DRE cost ratio coverage: personnel=249,314 / 327,921
2026-03-02 13:53:46,576 - INFO - Segment coverage: 305,121 / 327,921
2026-03-02 13:53:46,812 - INFO - COSIF rate coverage: 171,882 / 327,921
2026-03-02 13:53:47,045 - INFO - IP flag merged: 9,447 obs from Payment Institutions (154 unique IPs)
2026-03-02 13:53:47,125 - INFO - Median IP rate computed for 3 quarters | overall median = 0.188664
2026-03-02 13:53:48,144 - INFO - Panel complete: 327,921 obs | 2227 institutions | 47 quarters | 5 deposit types
2026-03-02 13:54:11,033 - INFO - Panel saved to c:\Users\pedro\OneDrive\Documentos\Yale\Year 3 (2024 - 2025)\Open Finance\Open-Finance\BCB\Egan_et_al_2025_Rep\processed\PANEL_INTERMED\egan_panel_institution.csv
2026-03-02 13:54:12,806 - INFO - Panel saved to c:\Users\pedro\OneDrive\Documentos\Yale\Year 3 (2024 - 2025)\Open Finance\Open-Finance\BCB\Egan_et_al_2025_Rep\processed\PANEL_INTERMED\egan_panel_institution.parquet
2026-03-02 13:54:13,026 - INFO - Quarterly macro rates: 52 quarters
2026-03-02 13:54:13,635 - INFO - Script completed successfully.
2026-03-02 15:08:40,361 - INFO - ============================================================
2026-03-02 15:08:40,365 - INFO - Starting INSTITUTION-LEVEL Panel Construction
2026-03-02 15:08:40,367 - INFO - ============================================================
2026-03-02 15:08:40,369 - INFO - Loading 35 consolidated Individual Institution files from c:\Users\pedro\OneDrive\Documentos\Yale\Year 3 (2024 - 2025)\Open Finance\Open-Finance\BCB\IF Data\Individual Institutions
2026-03-02 15:08:40,791 - INFO -   IF_DATA_Values_2016_12.csv: 14517 rows
2026-03-02 15:08:41,256 - INFO -   IF_DATA_Values_2016_3.csv: 14940 rows
2026-03-02 15:08:41,769 - INFO -   IF_DATA_Values_2016_6.csv: 14823 rows
2026-03-02 15:08:42,198 - INFO -   IF_DATA_Values_2016_9.csv: 14715 rows
2026-03-02 15:08:42,807 - INFO -   IF_DATA_Values_2017_12.csv: 13968 rows
2026-03-02 15:08:43,372 - INFO -   IF_DATA_Values_2017_3.csv: 14391 rows
2026-03-02 15:08:43,928 - INFO -   IF_DATA_Values_2017_6.csv: 14247 rows
2026-03-02 15:08:44,364 - INFO -   IF_DATA_Values_2017_9.csv: 14103 rows
2026-03-02 15:08:44,778 - INFO -   IF_DATA_Values_2018_12.csv: 13554 rows
2026-03-02 15:08:45,170 - INFO -   IF_DATA_Values_2018_3.csv: 13941 rows
2026-03-02 15:08:45,627 - INFO -   IF_DATA_Values_2018_6.csv: 13797 rows
2026-03-02 15:08:46,092 - INFO -   IF_DATA_Values_2018_9.csv: 13635 rows
2026-03-02 15:08:46,481 - INFO -   IF_DATA_Values_2019_12.csv: 13140 rows
2026-03-02 15:08:46,865 - INFO -   IF_DATA_Values_2019_3.csv: 13446 rows
2026-03-02 15:08:47,230 - INFO -   IF_DATA_Values_2019_6.csv: 13311 rows
2026-03-02 15:08:47,615 - INFO -   IF_DATA_Values_2019_9.csv: 13248 rows
2026-03-02 15:08:48,033 - INFO -   IF_DATA_Values_2020_12.csv: 14630 rows
2026-03-02 15:08:48,420 - INFO -   IF_DATA_Values_2020_3.csv: 13104 rows
2026-03-02 15:08:48,866 - INFO -   IF_DATA_Values_2020_6.csv: 14530 rows
2026-03-02 15:08:49,335 - INFO -   IF_DATA_Values_2020_9.csv: 14560 rows
2026-03-02 15:08:49,807 - INFO -   IF_DATA_Values_2021_12.csv: 14720 rows
2026-03-02 15:08:50,228 - INFO -   IF_DATA_Values_2021_3.csv: 14650 rows
2026-03-02 15:08:50,625 - INFO -   IF_DATA_Values_2021_6.csv: 14720 rows
2026-03-02 15:08:50,999 - INFO -   IF_DATA_Values_2021_9.csv: 14720 rows
2026-03-02 15:08:51,365 - INFO -   IF_DATA_Values_2022_12.csv: 15130 rows
2026-03-02 15:08:51,763 - INFO -   IF_DATA_Values_2022_3.csv: 14850 rows
2026-03-02 15:08:52,159 - INFO -   IF_DATA_Values_2022_6.csv: 14940 rows
2026-03-02 15:08:52,600 - INFO -   IF_DATA_Values_2022_9.csv: 15000 rows
2026-03-02 15:08:52,984 - INFO -   IF_DATA_Values_2023_12.csv: 15520 rows
2026-03-02 15:08:53,418 - INFO -   IF_DATA_Values_2023_3.csv: 15240 rows
2026-03-02 15:08:53,890 - INFO -   IF_DATA_Values_2023_6.csv: 15300 rows
2026-03-02 15:08:54,272 - INFO -   IF_DATA_Values_2023_9.csv: 15450 rows
2026-03-02 15:08:54,653 - INFO -   IF_DATA_Values_2024_3.csv: 15630 rows
2026-03-02 15:08:55,022 - INFO -   IF_DATA_Values_2024_6.csv: 15660 rows
2026-03-02 15:08:55,460 - INFO -   IF_DATA_Values_2024_9.csv: 15830 rows
2026-03-02 15:08:55,476 - INFO - Loading 94 per-report API files from c:\Users\pedro\OneDrive\Documentos\Yale\Year 3 (2024 - 2025)\Open Finance\Open-Finance\BCB\Egan_et_al_2025_Rep\raw\IF_DATA_RAW\Individual
2026-03-02 15:09:06,759 - INFO - Remapped 62,699 rows from 2025+ account codes to canonical pre-2025 codes
2026-03-02 15:09:07,541 - INFO - Removed 743 SFN aggregate rows (CodInst = 00000000)
2026-03-02 15:09:07,745 - INFO - IF-Data Individual loaded: 563,196 rows | 2227 institutions | 47 quarters (201403 - 202509)
2026-03-02 15:09:07,784 - INFO - Macro series loaded: 4836 daily obs
2026-03-02 15:09:07,820 - INFO - Loading institution info from 108 List files
2026-03-02 15:09:12,762 - INFO - Payment Institutions identified: 158 IPs out of 2876 total institutions
2026-03-02 15:09:12,762 - INFO - Institution info loaded: 2876 unique CNPJs
2026-03-02 15:09:12,775 - INFO - Loading COSIF quarterly from Parquet: c:\Users\pedro\OneDrive\Documentos\Yale\Year 3 (2024 - 2025)\Open Finance\Open-Finance\BCB\Egan_et_al_2025_Rep\processed\COSIF_PROCESSED\cosif_quarterly_institution.parquet
2026-03-02 15:09:13,442 - INFO - COSIF quarterly loaded: 55,210 obs | 1834 institutions | rate coverage: 41,290
2026-03-02 15:09:13,492 - INFO - Loading 44 DRE (Demonstração de Resultado) files from c:\Users\pedro\OneDrive\Documentos\Yale\Year 3 (2024 - 2025)\Open Finance\Open-Finance\BCB\Egan_et_al_2025_Rep\raw\IF_DATA_RAW\Financial
2026-03-02 15:09:21,366 - INFO - DRE data loaded: 123,698 rows | 2047 institutions | 44 quarters (201403 - 202412)
2026-03-02 15:09:21,366 - INFO - ============================================================
2026-03-02 15:09:21,373 - INFO - Building INSTITUTION-LEVEL Egan et al. (2025) panel ...
2026-03-02 15:09:21,375 - INFO - ============================================================
2026-03-02 15:09:21,791 - INFO - Deposit panel: 327,921 obs | 2227 institutions | 5 types
2026-03-02 15:09:21,938 - INFO - Bank chars panel: 73,605 institution-quarter obs from 2227 institutions
2026-03-02 15:09:44,995 - INFO - DRE ratios panel: 61,849 obs | 2047 institutions | personnel_cost_ratio_lag non-null: 56,367
2026-03-02 15:09:45,011 - INFO - Segment panel: 2876 institutions | distribution: {'S5': 1353, 'S4': 809, 'S3': 177, 'S1': 101, 'S2': 61}
2026-03-02 15:09:45,107 - INFO - Quarterly macro rates: 52 quarters
2026-03-02 15:09:45,624 - INFO - Bank chars coverage: 327,921 / 327,921
2026-03-02 15:09:45,910 - INFO - DRE cost ratio coverage: personnel=249,314 / 327,921
2026-03-02 15:09:46,117 - INFO - Segment coverage: 305,121 / 327,921
2026-03-02 15:09:46,321 - INFO - COSIF rate coverage: 171,882 / 327,921
2026-03-02 15:09:46,452 - INFO - IP flag merged: 9,447 obs from Payment Institutions (154 unique IPs)
2026-03-02 15:09:46,516 - INFO - Median IP rate computed for 3 quarters | overall median = 0.188664
2026-03-02 15:09:47,292 - INFO - Panel complete: 327,921 obs | 2227 institutions | 47 quarters | 5 deposit types
2026-03-02 15:10:01,893 - INFO - Panel saved to c:\Users\pedro\OneDrive\Documentos\Yale\Year 3 (2024 - 2025)\Open Finance\Open-Finance\BCB\Egan_et_al_2025_Rep\processed\PANEL_INTERMED\egan_panel_institution.csv
2026-03-02 15:10:02,913 - INFO - Panel saved to c:\Users\pedro\OneDrive\Documentos\Yale\Year 3 (2024 - 2025)\Open Finance\Open-Finance\BCB\Egan_et_al_2025_Rep\processed\PANEL_INTERMED\egan_panel_institution.parquet
2026-03-02 15:10:03,058 - INFO - Quarterly macro rates: 52 quarters
2026-03-02 15:10:03,515 - INFO - Script completed successfully.
2026-03-02 15:24:39,500 - INFO - ============================================================
2026-03-02 15:24:39,500 - INFO - Starting INSTITUTION-LEVEL Panel Construction
2026-03-02 15:24:39,500 - INFO - ============================================================
2026-03-02 15:24:39,500 - INFO - Loading 35 consolidated Individual Institution files from c:\Users\pedro\OneDrive\Documentos\Yale\Year 3 (2024 - 2025)\Open Finance\Open-Finance\BCB\IF Data\Individual Institutions
2026-03-02 15:24:39,693 - INFO -   IF_DATA_Values_2016_12.csv: 14517 rows
2026-03-02 15:24:39,878 - INFO -   IF_DATA_Values_2016_3.csv: 14940 rows
2026-03-02 15:24:40,062 - INFO -   IF_DATA_Values_2016_6.csv: 14823 rows
2026-03-02 15:24:40,261 - INFO -   IF_DATA_Values_2016_9.csv: 14715 rows
2026-03-02 15:24:40,455 - INFO -   IF_DATA_Values_2017_12.csv: 13968 rows
2026-03-02 15:24:40,663 - INFO -   IF_DATA_Values_2017_3.csv: 14391 rows
2026-03-02 15:24:40,890 - INFO -   IF_DATA_Values_2017_6.csv: 14247 rows
2026-03-02 15:24:41,116 - INFO -   IF_DATA_Values_2017_9.csv: 14103 rows
2026-03-02 15:24:41,332 - INFO -   IF_DATA_Values_2018_12.csv: 13554 rows
2026-03-02 15:24:41,545 - INFO -   IF_DATA_Values_2018_3.csv: 13941 rows
2026-03-02 15:24:41,766 - INFO -   IF_DATA_Values_2018_6.csv: 13797 rows
2026-03-02 15:24:41,981 - INFO -   IF_DATA_Values_2018_9.csv: 13635 rows
2026-03-02 15:24:42,178 - INFO -   IF_DATA_Values_2019_12.csv: 13140 rows
2026-03-02 15:24:42,396 - INFO -   IF_DATA_Values_2019_3.csv: 13446 rows
2026-03-02 15:24:42,579 - INFO -   IF_DATA_Values_2019_6.csv: 13311 rows
2026-03-02 15:24:42,767 - INFO -   IF_DATA_Values_2019_9.csv: 13248 rows
2026-03-02 15:24:42,960 - INFO -   IF_DATA_Values_2020_12.csv: 14630 rows
2026-03-02 15:24:43,129 - INFO -   IF_DATA_Values_2020_3.csv: 13104 rows
2026-03-02 15:24:43,320 - INFO -   IF_DATA_Values_2020_6.csv: 14530 rows
2026-03-02 15:24:43,524 - INFO -   IF_DATA_Values_2020_9.csv: 14560 rows
2026-03-02 15:24:43,710 - INFO -   IF_DATA_Values_2021_12.csv: 14720 rows
2026-03-02 15:24:43,901 - INFO -   IF_DATA_Values_2021_3.csv: 14650 rows
2026-03-02 15:24:44,112 - INFO -   IF_DATA_Values_2021_6.csv: 14720 rows
2026-03-02 15:24:44,306 - INFO -   IF_DATA_Values_2021_9.csv: 14720 rows
2026-03-02 15:24:44,506 - INFO -   IF_DATA_Values_2022_12.csv: 15130 rows
2026-03-02 15:24:44,707 - INFO -   IF_DATA_Values_2022_3.csv: 14850 rows
2026-03-02 15:24:44,899 - INFO -   IF_DATA_Values_2022_6.csv: 14940 rows
2026-03-02 15:24:45,127 - INFO -   IF_DATA_Values_2022_9.csv: 15000 rows
2026-03-02 15:24:45,344 - INFO -   IF_DATA_Values_2023_12.csv: 15520 rows
2026-03-02 15:24:45,537 - INFO -   IF_DATA_Values_2023_3.csv: 15240 rows
2026-03-02 15:24:45,726 - INFO -   IF_DATA_Values_2023_6.csv: 15300 rows
2026-03-02 15:24:45,930 - INFO -   IF_DATA_Values_2023_9.csv: 15450 rows
2026-03-02 15:24:46,158 - INFO -   IF_DATA_Values_2024_3.csv: 15630 rows
2026-03-02 15:24:46,348 - INFO -   IF_DATA_Values_2024_6.csv: 15660 rows
2026-03-02 15:24:46,574 - INFO -   IF_DATA_Values_2024_9.csv: 15830 rows
2026-03-02 15:24:46,574 - INFO - Loading 94 per-report API files from c:\Users\pedro\OneDrive\Documentos\Yale\Year 3 (2024 - 2025)\Open Finance\Open-Finance\BCB\Egan_et_al_2025_Rep\raw\IF_DATA_RAW\Individual
2026-03-02 15:24:54,503 - INFO - Remapped 62,699 rows from 2025+ account codes to canonical pre-2025 codes
2026-03-02 15:24:55,188 - INFO - Removed 743 SFN aggregate rows (CodInst = 00000000)
2026-03-02 15:24:55,310 - INFO - IF-Data Individual loaded: 563,196 rows | 2227 institutions | 47 quarters (201403 - 202509)
2026-03-02 15:24:55,339 - INFO - Macro series loaded: 4836 daily obs
2026-03-02 15:24:55,339 - INFO - Loading institution info from 108 List files
2026-03-02 15:24:58,320 - INFO - Payment Institutions identified: 158 IPs out of 2876 total institutions
2026-03-02 15:24:58,320 - INFO - Institution info loaded: 2876 unique CNPJs
2026-03-02 15:24:58,332 - INFO - Loading COSIF quarterly from Parquet: c:\Users\pedro\OneDrive\Documentos\Yale\Year 3 (2024 - 2025)\Open Finance\Open-Finance\BCB\Egan_et_al_2025_Rep\processed\COSIF_PROCESSED\cosif_quarterly_institution.parquet
2026-03-02 15:24:58,818 - INFO - COSIF quarterly loaded: 55,210 obs | 1834 institutions | rate coverage: 41,290
2026-03-02 15:24:58,818 - INFO - Loading 44 DRE (Demonstração de Resultado) files from c:\Users\pedro\OneDrive\Documentos\Yale\Year 3 (2024 - 2025)\Open Finance\Open-Finance\BCB\Egan_et_al_2025_Rep\raw\IF_DATA_RAW\Financial
2026-03-02 15:25:04,616 - INFO - DRE data loaded: 123,698 rows | 2047 institutions | 44 quarters (201403 - 202412)
2026-03-02 15:25:04,617 - INFO - ============================================================
2026-03-02 15:25:04,618 - INFO - Building INSTITUTION-LEVEL Egan et al. (2025) panel ...
2026-03-02 15:25:04,619 - INFO - ============================================================
2026-03-02 15:25:04,872 - INFO - Deposit panel: 327,921 obs | 2227 institutions | 5 types
2026-03-02 15:25:04,974 - INFO - Bank chars panel: 73,605 institution-quarter obs from 2227 institutions
2026-03-02 15:25:21,470 - INFO - DRE ratios panel: 61,849 obs | 2047 institutions | personnel_cost_ratio_lag non-null: 56,367
2026-03-02 15:25:21,477 - INFO - Segment panel: 2876 institutions | distribution: {'S5': 1353, 'S4': 809, 'S3': 177, 'S1': 101, 'S2': 61}
2026-03-02 15:25:21,535 - INFO - Quarterly macro rates: 52 quarters
2026-03-02 15:25:21,788 - INFO - Bank chars coverage: 327,921 / 327,921
2026-03-02 15:25:21,941 - INFO - DRE cost ratio coverage: personnel=249,314 / 327,921
2026-03-02 15:25:22,059 - INFO - Segment coverage: 305,121 / 327,921
2026-03-02 15:25:22,210 - INFO - COSIF rate coverage: 171,882 / 327,921
2026-03-02 15:25:22,353 - INFO - IP flag merged: 9,447 obs from Payment Institutions (154 unique IPs)
2026-03-02 15:25:22,436 - INFO - Median IP rate computed for 3 quarters | overall median = 0.188664
2026-03-02 15:25:23,086 - INFO - Panel complete: 327,921 obs | 2227 institutions | 47 quarters | 5 deposit types
2026-03-02 15:25:34,189 - INFO - Panel saved to c:\Users\pedro\OneDrive\Documentos\Yale\Year 3 (2024 - 2025)\Open Finance\Open-Finance\BCB\Egan_et_al_2025_Rep\processed\PANEL_INTERMED\egan_panel_institution.csv
2026-03-02 15:25:34,900 - INFO - Panel saved to c:\Users\pedro\OneDrive\Documentos\Yale\Year 3 (2024 - 2025)\Open Finance\Open-Finance\BCB\Egan_et_al_2025_Rep\processed\PANEL_INTERMED\egan_panel_institution.parquet
2026-03-02 15:25:34,959 - INFO - Quarterly macro rates: 52 quarters
2026-03-02 15:25:35,179 - INFO - Script completed successfully.
2026-03-02 18:24:42,670 - INFO - ============================================================
2026-03-02 18:24:42,675 - INFO - Starting INSTITUTION-LEVEL Panel Construction
2026-03-02 18:24:42,677 - INFO - ============================================================
2026-03-02 18:24:42,684 - INFO - Loading 35 consolidated Individual Institution files from c:\Users\pedro\OneDrive\Documentos\Yale\Year 3 (2024 - 2025)\Open Finance\Open-Finance\BCB\IF Data\Individual Institutions
2026-03-02 18:24:43,541 - INFO -   IF_DATA_Values_2016_12.csv: 14517 rows
2026-03-02 18:24:44,593 - INFO -   IF_DATA_Values_2016_3.csv: 14940 rows
2026-03-02 18:24:45,670 - INFO -   IF_DATA_Values_2016_6.csv: 14823 rows
2026-03-02 18:24:46,282 - INFO -   IF_DATA_Values_2016_9.csv: 14715 rows
2026-03-02 18:24:46,975 - INFO -   IF_DATA_Values_2017_12.csv: 13968 rows
2026-03-02 18:24:47,486 - INFO -   IF_DATA_Values_2017_3.csv: 14391 rows
2026-03-02 18:24:48,136 - INFO -   IF_DATA_Values_2017_6.csv: 14247 rows
2026-03-02 18:24:48,856 - INFO -   IF_DATA_Values_2017_9.csv: 14103 rows
2026-03-02 18:24:49,634 - INFO -   IF_DATA_Values_2018_12.csv: 13554 rows
2026-03-02 18:24:50,462 - INFO -   IF_DATA_Values_2018_3.csv: 13941 rows
2026-03-02 18:24:51,204 - INFO -   IF_DATA_Values_2018_6.csv: 13797 rows
2026-03-02 18:24:51,741 - INFO -   IF_DATA_Values_2018_9.csv: 13635 rows
2026-03-02 18:24:52,358 - INFO -   IF_DATA_Values_2019_12.csv: 13140 rows
2026-03-02 18:24:52,909 - INFO -   IF_DATA_Values_2019_3.csv: 13446 rows
2026-03-02 18:24:53,403 - INFO -   IF_DATA_Values_2019_6.csv: 13311 rows
2026-03-02 18:24:53,931 - INFO -   IF_DATA_Values_2019_9.csv: 13248 rows
2026-03-02 18:24:54,607 - INFO -   IF_DATA_Values_2020_12.csv: 14630 rows
2026-03-02 18:24:55,321 - INFO -   IF_DATA_Values_2020_3.csv: 13104 rows
2026-03-02 18:24:55,779 - INFO -   IF_DATA_Values_2020_6.csv: 14530 rows
2026-03-02 18:24:56,212 - INFO -   IF_DATA_Values_2020_9.csv: 14560 rows
2026-03-02 18:24:56,659 - INFO -   IF_DATA_Values_2021_12.csv: 14720 rows
2026-03-02 18:24:57,093 - INFO -   IF_DATA_Values_2021_3.csv: 14650 rows
2026-03-02 18:24:57,498 - INFO -   IF_DATA_Values_2021_6.csv: 14720 rows
2026-03-02 18:24:57,974 - INFO -   IF_DATA_Values_2021_9.csv: 14720 rows
2026-03-02 18:24:58,414 - INFO -   IF_DATA_Values_2022_12.csv: 15130 rows
2026-03-02 18:24:58,901 - INFO -   IF_DATA_Values_2022_3.csv: 14850 rows
2026-03-02 18:24:59,403 - INFO -   IF_DATA_Values_2022_6.csv: 14940 rows
2026-03-02 18:24:59,921 - INFO -   IF_DATA_Values_2022_9.csv: 15000 rows
2026-03-02 18:25:00,536 - INFO -   IF_DATA_Values_2023_12.csv: 15520 rows
2026-03-02 18:25:01,130 - INFO -   IF_DATA_Values_2023_3.csv: 15240 rows
2026-03-02 18:25:01,742 - INFO -   IF_DATA_Values_2023_6.csv: 15300 rows
2026-03-02 18:25:02,220 - INFO -   IF_DATA_Values_2023_9.csv: 15450 rows
2026-03-02 18:25:03,024 - INFO -   IF_DATA_Values_2024_3.csv: 15630 rows
2026-03-02 18:25:03,558 - INFO -   IF_DATA_Values_2024_6.csv: 15660 rows
2026-03-02 18:25:04,017 - INFO -   IF_DATA_Values_2024_9.csv: 15830 rows
2026-03-02 18:25:04,126 - INFO - Loading 94 per-report API files from c:\Users\pedro\OneDrive\Documentos\Yale\Year 3 (2024 - 2025)\Open Finance\Open-Finance\BCB\Egan_et_al_2025_Rep\raw\IF_DATA_RAW\Individual
2026-03-02 18:25:27,539 - INFO - Remapped 62,699 rows from 2025+ account codes to canonical pre-2025 codes
2026-03-02 18:25:29,195 - INFO - Removed 743 SFN aggregate rows (CodInst = 00000000)
2026-03-02 18:25:29,636 - INFO - IF-Data Individual loaded: 563,196 rows | 2227 institutions | 47 quarters (201403 - 202509)
2026-03-02 18:25:29,691 - INFO - Macro series loaded: 4836 daily obs
2026-03-02 18:25:29,712 - INFO - Loading institution info from 108 List files
2026-03-02 18:25:42,056 - INFO - Payment Institutions identified: 158 IPs out of 2876 total institutions
2026-03-02 18:25:42,058 - INFO - Institution info loaded: 2876 unique CNPJs
2026-03-02 18:25:42,114 - INFO - Loading COSIF quarterly from Parquet: c:\Users\pedro\OneDrive\Documentos\Yale\Year 3 (2024 - 2025)\Open Finance\Open-Finance\BCB\Egan_et_al_2025_Rep\processed\COSIF_PROCESSED\cosif_quarterly_institution.parquet
2026-03-02 18:25:47,382 - INFO - COSIF quarterly loaded: 55,210 obs | 1834 institutions | rate coverage: 41,290
2026-03-02 18:25:47,554 - INFO - Loading 44 DRE (Demonstração de Resultado) files from c:\Users\pedro\OneDrive\Documentos\Yale\Year 3 (2024 - 2025)\Open Finance\Open-Finance\BCB\Egan_et_al_2025_Rep\raw\IF_DATA_RAW\Financial
2026-03-02 18:26:00,053 - INFO - DRE data loaded: 123,698 rows | 2047 institutions | 44 quarters (201403 - 202412)
2026-03-02 18:26:00,055 - INFO - ============================================================
2026-03-02 18:26:00,057 - INFO - Building INSTITUTION-LEVEL Egan et al. (2025) panel ...
2026-03-02 18:26:00,057 - INFO - ============================================================
2026-03-02 18:26:00,505 - INFO - Deposit panel: 327,921 obs | 2227 institutions | 5 types
2026-03-02 18:26:00,667 - INFO - Bank chars panel: 73,605 institution-quarter obs from 2227 institutions
2026-03-02 18:26:49,169 - INFO - DRE ratios panel: 61,849 obs | 2047 institutions | personnel_cost_ratio_lag non-null: 56,367
2026-03-02 18:26:49,197 - INFO - Segment panel: 2876 institutions | distribution: {'S5': 1353, 'S4': 809, 'S3': 177, 'S1': 101, 'S2': 61}
2026-03-02 18:26:49,475 - INFO - Quarterly macro rates: 52 quarters
2026-03-02 18:26:50,198 - INFO - Bank chars coverage: 327,921 / 327,921
2026-03-02 18:26:50,910 - INFO - DRE cost ratio coverage: personnel=249,314 / 327,921
2026-03-02 18:26:51,419 - INFO - Segment coverage: 305,121 / 327,921
2026-03-02 18:26:51,984 - INFO - COSIF rate coverage: 171,882 / 327,921
2026-03-02 18:26:52,410 - INFO - IP flag merged: 9,447 obs from Payment Institutions (154 unique IPs)
2026-03-02 18:26:52,584 - INFO - Median IP rate computed for 3 quarters | overall median = 0.188664
2026-03-02 18:26:54,492 - INFO - Panel complete: 327,921 obs | 2227 institutions | 47 quarters | 5 deposit types
2026-03-02 18:27:19,244 - INFO - Panel saved to c:\Users\pedro\OneDrive\Documentos\Yale\Year 3 (2024 - 2025)\Open Finance\Open-Finance\BCB\Egan_et_al_2025_Rep\processed\PANEL_INTERMED\egan_panel_institution.csv
2026-03-02 18:27:20,899 - INFO - Panel saved to c:\Users\pedro\OneDrive\Documentos\Yale\Year 3 (2024 - 2025)\Open Finance\Open-Finance\BCB\Egan_et_al_2025_Rep\processed\PANEL_INTERMED\egan_panel_institution.parquet
2026-03-02 18:27:21,073 - INFO - Quarterly macro rates: 52 quarters
2026-03-02 18:27:21,578 - INFO - Script completed successfully.
2026-03-02 19:31:21,919 - INFO - ============================================================
2026-03-02 19:31:21,922 - INFO - Starting INSTITUTION-LEVEL Panel Construction
2026-03-02 19:31:21,923 - INFO - ============================================================
2026-03-02 19:31:21,927 - INFO - Loading 35 consolidated Individual Institution files from C:\Users\pedro\OneDrive\Documentos\Yale\Year 3 (2024 - 2025)\Open Finance\Open-Finance\BCB\IF Data\Individual Institutions
2026-03-02 19:31:22,551 - INFO -   IF_DATA_Values_2016_12.csv: 14517 rows
2026-03-02 19:31:23,124 - INFO -   IF_DATA_Values_2016_3.csv: 14940 rows
2026-03-02 19:31:23,750 - INFO -   IF_DATA_Values_2016_6.csv: 14823 rows
2026-03-02 19:31:24,334 - INFO -   IF_DATA_Values_2016_9.csv: 14715 rows
2026-03-02 19:31:24,845 - INFO -   IF_DATA_Values_2017_12.csv: 13968 rows
2026-03-02 19:31:25,539 - INFO -   IF_DATA_Values_2017_3.csv: 14391 rows
2026-03-02 19:31:26,230 - INFO -   IF_DATA_Values_2017_6.csv: 14247 rows
2026-03-02 19:31:26,895 - INFO -   IF_DATA_Values_2017_9.csv: 14103 rows
2026-03-02 19:31:27,323 - INFO -   IF_DATA_Values_2018_12.csv: 13554 rows
2026-03-02 19:31:27,841 - INFO -   IF_DATA_Values_2018_3.csv: 13941 rows
2026-03-02 19:31:28,357 - INFO -   IF_DATA_Values_2018_6.csv: 13797 rows
2026-03-02 19:31:28,879 - INFO -   IF_DATA_Values_2018_9.csv: 13635 rows
2026-03-02 19:31:29,336 - INFO -   IF_DATA_Values_2019_12.csv: 13140 rows
2026-03-02 19:31:29,809 - INFO -   IF_DATA_Values_2019_3.csv: 13446 rows
2026-03-02 19:31:30,264 - INFO -   IF_DATA_Values_2019_6.csv: 13311 rows
2026-03-02 19:31:30,800 - INFO -   IF_DATA_Values_2019_9.csv: 13248 rows
2026-03-02 19:31:31,276 - INFO -   IF_DATA_Values_2020_12.csv: 14630 rows
2026-03-02 19:31:31,737 - INFO -   IF_DATA_Values_2020_3.csv: 13104 rows
2026-03-02 19:31:32,207 - INFO -   IF_DATA_Values_2020_6.csv: 14530 rows
2026-03-02 19:31:32,732 - INFO -   IF_DATA_Values_2020_9.csv: 14560 rows
2026-03-02 19:31:33,293 - INFO -   IF_DATA_Values_2021_12.csv: 14720 rows
2026-03-02 19:31:33,852 - INFO -   IF_DATA_Values_2021_3.csv: 14650 rows
2026-03-02 19:31:34,382 - INFO -   IF_DATA_Values_2021_6.csv: 14720 rows
2026-03-02 19:31:34,874 - INFO -   IF_DATA_Values_2021_9.csv: 14720 rows
2026-03-02 19:31:35,324 - INFO -   IF_DATA_Values_2022_12.csv: 15130 rows
2026-03-02 19:31:35,826 - INFO -   IF_DATA_Values_2022_3.csv: 14850 rows
2026-03-02 19:31:36,344 - INFO -   IF_DATA_Values_2022_6.csv: 14940 rows
2026-03-02 19:31:36,853 - INFO -   IF_DATA_Values_2022_9.csv: 15000 rows
2026-03-02 19:31:37,330 - INFO -   IF_DATA_Values_2023_12.csv: 15520 rows
2026-03-02 19:31:37,749 - INFO -   IF_DATA_Values_2023_3.csv: 15240 rows
2026-03-02 19:31:38,184 - INFO -   IF_DATA_Values_2023_6.csv: 15300 rows
2026-03-02 19:31:38,735 - INFO -   IF_DATA_Values_2023_9.csv: 15450 rows
2026-03-02 19:31:39,566 - INFO -   IF_DATA_Values_2024_3.csv: 15630 rows
2026-03-02 19:31:40,211 - INFO -   IF_DATA_Values_2024_6.csv: 15660 rows
2026-03-02 19:31:40,815 - INFO -   IF_DATA_Values_2024_9.csv: 15830 rows
2026-03-02 19:31:40,830 - INFO - Loading 94 per-report API files from C:\Users\pedro\OneDrive\Documentos\Yale\Year 3 (2024 - 2025)\Open Finance\Open-Finance\BCB\Egan_et_al_2025_Rep\raw\IF_DATA_RAW\Individual
2026-03-02 19:31:55,002 - INFO - Remapped 62,699 rows from 2025+ account codes to canonical pre-2025 codes
2026-03-02 19:31:56,245 - INFO - Removed 743 SFN aggregate rows (CodInst = 00000000)
2026-03-02 19:31:56,519 - INFO - IF-Data Individual loaded: 563,196 rows | 2227 institutions | 47 quarters (201403 - 202509)
2026-03-02 19:31:56,558 - INFO - Macro series loaded: 4836 daily obs
2026-03-02 19:31:56,570 - INFO - Loading institution info from 108 List files
2026-03-02 19:32:03,067 - INFO - Payment Institutions identified: 158 IPs out of 2876 total institutions
2026-03-02 19:32:03,068 - INFO - Institution info loaded: 2876 unique CNPJs
2026-03-02 19:32:03,081 - INFO - Loading COSIF quarterly from Parquet: C:\Users\pedro\OneDrive\Documentos\Yale\Year 3 (2024 - 2025)\Open Finance\Open-Finance\BCB\Egan_et_al_2025_Rep\processed\COSIF_PROCESSED\cosif_quarterly_institution.parquet
2026-03-02 19:32:05,419 - INFO - COSIF quarterly loaded: 55,210 obs | 1834 institutions | rate coverage: 41,290
2026-03-02 19:32:05,466 - INFO - Loading 44 DRE (Demonstração de Resultado) files from C:\Users\pedro\OneDrive\Documentos\Yale\Year 3 (2024 - 2025)\Open Finance\Open-Finance\BCB\Egan_et_al_2025_Rep\raw\IF_DATA_RAW\Financial
2026-03-02 19:32:16,823 - INFO - DRE data loaded: 123,698 rows | 2047 institutions | 44 quarters (201403 - 202412)
2026-03-02 19:32:16,825 - INFO - ============================================================
2026-03-02 19:32:16,826 - INFO - Building INSTITUTION-LEVEL Egan et al. (2025) panel ...
2026-03-02 19:32:16,828 - INFO - ============================================================
2026-03-02 19:32:17,428 - INFO - Deposit panel: 327,921 obs | 2227 institutions | 5 types
2026-03-02 19:32:17,684 - INFO - Bank chars panel: 73,605 institution-quarter obs from 2227 institutions
2026-03-02 19:33:01,196 - INFO - DRE ratios panel: 61,849 obs | 2047 institutions | personnel_cost_ratio_lag non-null: 56,367
2026-03-02 19:33:01,212 - INFO - Segment panel: 2876 institutions | distribution: {'S5': 1353, 'S4': 809, 'S3': 177, 'S1': 101, 'S2': 61}
2026-03-02 19:33:01,359 - INFO - Quarterly macro rates: 52 quarters
2026-03-02 19:33:01,833 - INFO - Bank chars coverage: 327,921 / 327,921
2026-03-02 19:33:02,160 - INFO - DRE cost ratio coverage: personnel=249,314 / 327,921
2026-03-02 19:33:02,425 - INFO - Segment coverage: 305,121 / 327,921
2026-03-02 19:33:02,726 - INFO - COSIF rate coverage: 171,882 / 327,921 | prepaid rate: 2,095
2026-03-02 19:33:02,983 - INFO - IP flag merged: 9,447 obs from Payment Institutions (154 unique IPs)
2026-03-02 19:33:02,993 - WARNING - No IP COSIF rates available -- median_ip_rate will be NaN
2026-03-02 19:33:03,773 - INFO - Residual Type-4 rate coverage: 135,615 / 327,921 obs
2026-03-02 19:33:05,095 - INFO - Panel complete: 327,921 obs | 2227 institutions | 47 quarters | 5 deposit types
2026-03-02 19:33:29,522 - INFO - Panel saved to C:\Users\pedro\OneDrive\Documentos\Yale\Year 3 (2024 - 2025)\Open Finance\Open-Finance\BCB\Egan_et_al_2025_Rep\processed\PANEL_INTERMED\egan_panel_institution.csv
2026-03-02 19:33:31,175 - INFO - Panel saved to C:\Users\pedro\OneDrive\Documentos\Yale\Year 3 (2024 - 2025)\Open Finance\Open-Finance\BCB\Egan_et_al_2025_Rep\processed\PANEL_INTERMED\egan_panel_institution.parquet
2026-03-02 19:33:31,347 - INFO - Quarterly macro rates: 52 quarters
2026-03-02 19:33:31,837 - INFO - Script completed successfully.
2026-03-02 20:19:07,916 - INFO - ============================================================
2026-03-02 20:19:07,921 - INFO - Starting INSTITUTION-LEVEL Panel Construction
2026-03-02 20:19:07,923 - INFO - ============================================================
2026-03-02 20:19:07,923 - INFO - Loading 35 consolidated Individual Institution files from C:\Users\pedro\OneDrive\Documentos\Yale\Year 3 (2024 - 2025)\Open Finance\Open-Finance\BCB\IF Data\Individual Institutions
2026-03-02 20:19:08,215 - INFO -   IF_DATA_Values_2016_12.csv: 14517 rows
2026-03-02 20:19:08,448 - INFO -   IF_DATA_Values_2016_3.csv: 14940 rows
2026-03-02 20:19:08,782 - INFO -   IF_DATA_Values_2016_6.csv: 14823 rows
2026-03-02 20:19:09,198 - INFO -   IF_DATA_Values_2016_9.csv: 14715 rows
2026-03-02 20:19:09,481 - INFO -   IF_DATA_Values_2017_12.csv: 13968 rows
2026-03-02 20:19:09,781 - INFO -   IF_DATA_Values_2017_3.csv: 14391 rows
2026-03-02 20:19:10,096 - INFO -   IF_DATA_Values_2017_6.csv: 14247 rows
2026-03-02 20:19:10,394 - INFO -   IF_DATA_Values_2017_9.csv: 14103 rows
2026-03-02 20:19:10,663 - INFO -   IF_DATA_Values_2018_12.csv: 13554 rows
2026-03-02 20:19:10,897 - INFO -   IF_DATA_Values_2018_3.csv: 13941 rows
2026-03-02 20:19:11,146 - INFO -   IF_DATA_Values_2018_6.csv: 13797 rows
2026-03-02 20:19:11,412 - INFO -   IF_DATA_Values_2018_9.csv: 13635 rows
2026-03-02 20:19:11,629 - INFO -   IF_DATA_Values_2019_12.csv: 13140 rows
2026-03-02 20:19:11,879 - INFO -   IF_DATA_Values_2019_3.csv: 13446 rows
2026-03-02 20:19:12,128 - INFO -   IF_DATA_Values_2019_6.csv: 13311 rows
2026-03-02 20:19:12,377 - INFO -   IF_DATA_Values_2019_9.csv: 13248 rows
2026-03-02 20:19:12,643 - INFO -   IF_DATA_Values_2020_12.csv: 14630 rows
2026-03-02 20:19:12,894 - INFO -   IF_DATA_Values_2020_3.csv: 13104 rows
2026-03-02 20:19:13,144 - INFO -   IF_DATA_Values_2020_6.csv: 14530 rows
2026-03-02 20:19:13,425 - INFO -   IF_DATA_Values_2020_9.csv: 14560 rows
2026-03-02 20:19:13,677 - INFO -   IF_DATA_Values_2021_12.csv: 14720 rows
2026-03-02 20:19:13,946 - INFO -   IF_DATA_Values_2021_3.csv: 14650 rows
2026-03-02 20:19:14,210 - INFO -   IF_DATA_Values_2021_6.csv: 14720 rows
2026-03-02 20:19:14,466 - INFO -   IF_DATA_Values_2021_9.csv: 14720 rows
2026-03-02 20:19:14,707 - INFO -   IF_DATA_Values_2022_12.csv: 15130 rows
2026-03-02 20:19:14,943 - INFO -   IF_DATA_Values_2022_3.csv: 14850 rows
2026-03-02 20:19:15,170 - INFO -   IF_DATA_Values_2022_6.csv: 14940 rows
2026-03-02 20:19:15,426 - INFO -   IF_DATA_Values_2022_9.csv: 15000 rows
2026-03-02 20:19:15,694 - INFO -   IF_DATA_Values_2023_12.csv: 15520 rows
2026-03-02 20:19:15,925 - INFO -   IF_DATA_Values_2023_3.csv: 15240 rows
2026-03-02 20:19:16,193 - INFO -   IF_DATA_Values_2023_6.csv: 15300 rows
2026-03-02 20:19:16,458 - INFO -   IF_DATA_Values_2023_9.csv: 15450 rows
2026-03-02 20:19:16,789 - INFO -   IF_DATA_Values_2024_3.csv: 15630 rows
2026-03-02 20:19:17,095 - INFO -   IF_DATA_Values_2024_6.csv: 15660 rows
2026-03-02 20:19:17,390 - INFO -   IF_DATA_Values_2024_9.csv: 15830 rows
2026-03-02 20:19:17,458 - INFO - Loading 94 per-report API files from C:\Users\pedro\OneDrive\Documentos\Yale\Year 3 (2024 - 2025)\Open Finance\Open-Finance\BCB\Egan_et_al_2025_Rep\raw\IF_DATA_RAW\Individual
2026-03-02 20:19:25,683 - INFO - Remapped 62,699 rows from 2025+ account codes to canonical pre-2025 codes
2026-03-02 20:19:26,439 - INFO - Removed 743 SFN aggregate rows (CodInst = 00000000)
2026-03-02 20:19:26,582 - INFO - IF-Data Individual loaded: 563,196 rows | 2227 institutions | 47 quarters (201403 - 202509)
2026-03-02 20:19:26,612 - INFO - Macro series loaded: 4836 daily obs
2026-03-02 20:19:26,617 - INFO - Loading institution info from 108 List files
2026-03-02 20:19:30,461 - INFO - Payment Institutions identified: 158 IPs out of 2876 total institutions
2026-03-02 20:19:30,462 - INFO - Institution info loaded: 2876 unique CNPJs
2026-03-02 20:19:30,470 - INFO - Loading COSIF quarterly from Parquet: C:\Users\pedro\OneDrive\Documentos\Yale\Year 3 (2024 - 2025)\Open Finance\Open-Finance\BCB\Egan_et_al_2025_Rep\processed\COSIF_PROCESSED\cosif_quarterly_institution.parquet
2026-03-02 20:19:31,053 - INFO - COSIF quarterly loaded: 55,210 obs | 1834 institutions | rate coverage: 41,290
2026-03-02 20:19:31,197 - INFO - Loading 44 DRE (Demonstração de Resultado) files from C:\Users\pedro\OneDrive\Documentos\Yale\Year 3 (2024 - 2025)\Open Finance\Open-Finance\BCB\Egan_et_al_2025_Rep\raw\IF_DATA_RAW\Financial
2026-03-02 20:19:37,824 - INFO - DRE data loaded: 123,698 rows | 2047 institutions | 44 quarters (201403 - 202412)
2026-03-02 20:19:37,824 - INFO - ============================================================
2026-03-02 20:19:37,824 - INFO - Building INSTITUTION-LEVEL Egan et al. (2025) panel ...
2026-03-02 20:19:37,824 - INFO - ============================================================
2026-03-02 20:19:38,126 - INFO - Deposit panel: 327,921 obs | 2227 institutions | 5 types
2026-03-02 20:19:38,256 - INFO - Bank chars panel: 73,605 institution-quarter obs from 2227 institutions
2026-03-02 20:19:59,818 - INFO - DRE ratios panel: 61,849 obs | 2047 institutions | personnel_cost_ratio_lag non-null: 56,367
2026-03-02 20:19:59,824 - INFO - Segment panel: 2876 institutions | distribution: {'S5': 1353, 'S4': 809, 'S3': 177, 'S1': 101, 'S2': 61}
2026-03-02 20:19:59,887 - INFO - Quarterly macro rates: 52 quarters
2026-03-02 20:20:00,189 - INFO - Bank chars coverage: 327,921 / 327,921
2026-03-02 20:20:00,352 - INFO - DRE cost ratio coverage: personnel=249,314 / 327,921
2026-03-02 20:20:00,510 - INFO - Segment coverage: 305,121 / 327,921
2026-03-02 20:20:00,689 - INFO - COSIF rate coverage: 171,882 / 327,921 | prepaid rate: 2,095
2026-03-02 20:20:00,839 - INFO - IP flag merged: 9,447 obs from Payment Institutions (154 unique IPs)
2026-03-02 20:20:00,843 - WARNING - No IP COSIF rates available -- median_ip_rate will be NaN
2026-03-02 20:20:01,253 - INFO - Residual Type-4 rate coverage: 135,615 / 327,921 obs
2026-03-02 20:20:02,020 - INFO - Panel complete: 327,921 obs | 2227 institutions | 47 quarters | 5 deposit types
2026-03-02 20:20:17,510 - INFO - Panel saved to C:\Users\pedro\OneDrive\Documentos\Yale\Year 3 (2024 - 2025)\Open Finance\Open-Finance\BCB\Egan_et_al_2025_Rep\processed\PANEL_INTERMED\egan_panel_institution.csv
2026-03-02 20:20:18,661 - INFO - Panel saved to C:\Users\pedro\OneDrive\Documentos\Yale\Year 3 (2024 - 2025)\Open Finance\Open-Finance\BCB\Egan_et_al_2025_Rep\processed\PANEL_INTERMED\egan_panel_institution.parquet
2026-03-02 20:20:18,720 - INFO - Quarterly macro rates: 52 quarters
2026-03-02 20:20:18,981 - INFO - Script completed successfully.
2026-03-02 20:30:15,312 - INFO - ============================================================
2026-03-02 20:30:15,314 - INFO - Starting INSTITUTION-LEVEL Panel Construction
2026-03-02 20:30:15,316 - INFO - ============================================================
2026-03-02 20:30:15,318 - INFO - Loading 35 consolidated Individual Institution files from C:\Users\pedro\OneDrive\Documentos\Yale\Year 3 (2024 - 2025)\Open Finance\Open-Finance\BCB\IF Data\Individual Institutions
2026-03-02 20:30:15,515 - INFO -   IF_DATA_Values_2016_12.csv: 14517 rows
2026-03-02 20:30:15,690 - INFO -   IF_DATA_Values_2016_3.csv: 14940 rows
2026-03-02 20:30:15,884 - INFO -   IF_DATA_Values_2016_6.csv: 14823 rows
2026-03-02 20:30:16,114 - INFO -   IF_DATA_Values_2016_9.csv: 14715 rows
2026-03-02 20:30:16,368 - INFO -   IF_DATA_Values_2017_12.csv: 13968 rows
2026-03-02 20:30:16,674 - INFO -   IF_DATA_Values_2017_3.csv: 14391 rows
2026-03-02 20:30:17,015 - INFO -   IF_DATA_Values_2017_6.csv: 14247 rows
2026-03-02 20:30:17,282 - INFO -   IF_DATA_Values_2017_9.csv: 14103 rows
2026-03-02 20:30:17,528 - INFO -   IF_DATA_Values_2018_12.csv: 13554 rows
2026-03-02 20:30:17,768 - INFO -   IF_DATA_Values_2018_3.csv: 13941 rows
2026-03-02 20:30:18,003 - INFO -   IF_DATA_Values_2018_6.csv: 13797 rows
2026-03-02 20:30:18,231 - INFO -   IF_DATA_Values_2018_9.csv: 13635 rows
2026-03-02 20:30:18,447 - INFO -   IF_DATA_Values_2019_12.csv: 13140 rows
2026-03-02 20:30:18,682 - INFO -   IF_DATA_Values_2019_3.csv: 13446 rows
2026-03-02 20:30:18,897 - INFO -   IF_DATA_Values_2019_6.csv: 13311 rows
2026-03-02 20:30:19,147 - INFO -   IF_DATA_Values_2019_9.csv: 13248 rows
2026-03-02 20:30:19,397 - INFO -   IF_DATA_Values_2020_12.csv: 14630 rows
2026-03-02 20:30:19,671 - INFO -   IF_DATA_Values_2020_3.csv: 13104 rows
2026-03-02 20:30:19,930 - INFO -   IF_DATA_Values_2020_6.csv: 14530 rows
2026-03-02 20:30:20,197 - INFO -   IF_DATA_Values_2020_9.csv: 14560 rows
2026-03-02 20:30:20,429 - INFO -   IF_DATA_Values_2021_12.csv: 14720 rows
2026-03-02 20:30:20,678 - INFO -   IF_DATA_Values_2021_3.csv: 14650 rows
2026-03-02 20:30:20,896 - INFO -   IF_DATA_Values_2021_6.csv: 14720 rows
2026-03-02 20:30:21,128 - INFO -   IF_DATA_Values_2021_9.csv: 14720 rows
2026-03-02 20:30:21,362 - INFO -   IF_DATA_Values_2022_12.csv: 15130 rows
2026-03-02 20:30:21,595 - INFO -   IF_DATA_Values_2022_3.csv: 14850 rows
2026-03-02 20:30:21,830 - INFO -   IF_DATA_Values_2022_6.csv: 14940 rows
2026-03-02 20:30:22,082 - INFO -   IF_DATA_Values_2022_9.csv: 15000 rows
2026-03-02 20:30:22,324 - INFO -   IF_DATA_Values_2023_12.csv: 15520 rows
2026-03-02 20:30:22,544 - INFO -   IF_DATA_Values_2023_3.csv: 15240 rows
2026-03-02 20:30:22,799 - INFO -   IF_DATA_Values_2023_6.csv: 15300 rows
2026-03-02 20:30:23,044 - INFO -   IF_DATA_Values_2023_9.csv: 15450 rows
2026-03-02 20:30:23,326 - INFO -   IF_DATA_Values_2024_3.csv: 15630 rows
2026-03-02 20:30:23,577 - INFO -   IF_DATA_Values_2024_6.csv: 15660 rows
2026-03-02 20:30:23,876 - INFO -   IF_DATA_Values_2024_9.csv: 15830 rows
2026-03-02 20:30:23,962 - INFO - Loading 94 per-report API files from C:\Users\pedro\OneDrive\Documentos\Yale\Year 3 (2024 - 2025)\Open Finance\Open-Finance\BCB\Egan_et_al_2025_Rep\raw\IF_DATA_RAW\Individual
2026-03-02 20:30:32,185 - INFO - Remapped 62,699 rows from 2025+ account codes to canonical pre-2025 codes
2026-03-02 20:30:32,920 - INFO - Removed 743 SFN aggregate rows (CodInst = 00000000)
2026-03-02 20:30:33,070 - INFO - IF-Data Individual loaded: 563,196 rows | 2227 institutions | 47 quarters (201403 - 202509)
2026-03-02 20:30:33,084 - INFO - Macro series loaded: 4836 daily obs
2026-03-02 20:30:33,094 - INFO - Loading institution info from 108 List files
2026-03-02 20:30:36,865 - INFO - Payment Institutions identified: 158 IPs out of 2876 total institutions
2026-03-02 20:30:36,867 - INFO - Institution info loaded: 2876 unique CNPJs
2026-03-02 20:30:36,871 - INFO - Loading COSIF quarterly from Parquet: C:\Users\pedro\OneDrive\Documentos\Yale\Year 3 (2024 - 2025)\Open Finance\Open-Finance\BCB\Egan_et_al_2025_Rep\processed\COSIF_PROCESSED\cosif_quarterly_institution.parquet
2026-03-02 20:30:37,870 - INFO - COSIF quarterly loaded: 55,210 obs | 1834 institutions | rate coverage: 41,290
2026-03-02 20:30:38,006 - INFO - Loading 44 DRE (Demonstração de Resultado) files from C:\Users\pedro\OneDrive\Documentos\Yale\Year 3 (2024 - 2025)\Open Finance\Open-Finance\BCB\Egan_et_al_2025_Rep\raw\IF_DATA_RAW\Financial
2026-03-02 20:30:44,048 - INFO - DRE data loaded: 123,698 rows | 2047 institutions | 44 quarters (201403 - 202412)
2026-03-02 20:30:44,048 - INFO - ============================================================
2026-03-02 20:30:44,050 - INFO - Building INSTITUTION-LEVEL Egan et al. (2025) panel ...
2026-03-02 20:30:44,050 - INFO - ============================================================
2026-03-02 20:30:44,326 - INFO - Deposit panel: 327,921 obs | 2227 institutions | 5 types
2026-03-02 20:30:44,464 - INFO - Bank chars panel: 73,605 institution-quarter obs from 2227 institutions
2026-03-02 20:31:05,072 - INFO - DRE ratios panel: 61,849 obs | 2047 institutions | personnel_cost_ratio_lag non-null: 56,367
2026-03-02 20:31:05,073 - INFO - Segment panel: 2876 institutions | distribution: {'S5': 1353, 'S4': 809, 'S3': 177, 'S1': 101, 'S2': 61}
2026-03-02 20:31:05,140 - INFO - Quarterly macro rates: 52 quarters
2026-03-02 20:31:05,440 - INFO - Bank chars coverage: 327,921 / 327,921
2026-03-02 20:31:05,623 - INFO - DRE cost ratio coverage: personnel=249,314 / 327,921
2026-03-02 20:31:05,788 - INFO - Segment coverage: 305,121 / 327,921
2026-03-02 20:31:05,972 - INFO - COSIF rate coverage: 171,882 / 327,921 | prepaid rate: 2,095
2026-03-02 20:31:06,156 - INFO - IP flag merged: 9,447 obs from Payment Institutions (154 unique IPs)
2026-03-02 20:31:06,265 - INFO - Median prepaid rate computed for 2 quarters | overall median = 0.231381
2026-03-02 20:31:06,744 - INFO - Residual Type-4 rate coverage: 135,615 / 327,921 obs
2026-03-02 20:31:07,379 - INFO - Panel complete: 327,921 obs | 2227 institutions | 47 quarters | 5 deposit types
2026-03-02 20:31:21,308 - INFO - Panel saved to C:\Users\pedro\OneDrive\Documentos\Yale\Year 3 (2024 - 2025)\Open Finance\Open-Finance\BCB\Egan_et_al_2025_Rep\processed\PANEL_INTERMED\egan_panel_institution.csv
2026-03-02 20:31:22,423 - INFO - Panel saved to C:\Users\pedro\OneDrive\Documentos\Yale\Year 3 (2024 - 2025)\Open Finance\Open-Finance\BCB\Egan_et_al_2025_Rep\processed\PANEL_INTERMED\egan_panel_institution.parquet
2026-03-02 20:31:22,512 - INFO - Quarterly macro rates: 52 quarters
2026-03-02 20:31:22,767 - INFO - Script completed successfully.
2026-03-02 20:40:12,855 - INFO - ============================================================
2026-03-02 20:40:12,856 - INFO - Starting INSTITUTION-LEVEL Panel Construction
2026-03-02 20:40:12,857 - INFO - ============================================================
2026-03-02 20:40:12,857 - INFO - Loading 35 consolidated Individual Institution files from C:\Users\pedro\OneDrive\Documentos\Yale\Year 3 (2024 - 2025)\Open Finance\Open-Finance\BCB\IF Data\Individual Institutions
2026-03-02 20:40:13,056 - INFO -   IF_DATA_Values_2016_12.csv: 14517 rows
2026-03-02 20:40:13,306 - INFO -   IF_DATA_Values_2016_3.csv: 14940 rows
2026-03-02 20:40:13,606 - INFO -   IF_DATA_Values_2016_6.csv: 14823 rows
2026-03-02 20:40:13,989 - INFO -   IF_DATA_Values_2016_9.csv: 14715 rows
2026-03-02 20:40:14,401 - INFO -   IF_DATA_Values_2017_12.csv: 13968 rows
2026-03-02 20:40:14,722 - INFO -   IF_DATA_Values_2017_3.csv: 14391 rows
2026-03-02 20:40:15,055 - INFO -   IF_DATA_Values_2017_6.csv: 14247 rows
2026-03-02 20:40:15,323 - INFO -   IF_DATA_Values_2017_9.csv: 14103 rows
2026-03-02 20:40:15,571 - INFO -   IF_DATA_Values_2018_12.csv: 13554 rows
2026-03-02 20:40:15,821 - INFO -   IF_DATA_Values_2018_3.csv: 13941 rows
2026-03-02 20:40:16,071 - INFO -   IF_DATA_Values_2018_6.csv: 13797 rows
2026-03-02 20:40:16,337 - INFO -   IF_DATA_Values_2018_9.csv: 13635 rows
2026-03-02 20:40:16,603 - INFO -   IF_DATA_Values_2019_12.csv: 13140 rows
2026-03-02 20:40:16,893 - INFO -   IF_DATA_Values_2019_3.csv: 13446 rows
2026-03-02 20:40:17,203 - INFO -   IF_DATA_Values_2019_6.csv: 13311 rows
2026-03-02 20:40:17,493 - INFO -   IF_DATA_Values_2019_9.csv: 13248 rows
2026-03-02 20:40:17,752 - INFO -   IF_DATA_Values_2020_12.csv: 14630 rows
2026-03-02 20:40:18,002 - INFO -   IF_DATA_Values_2020_3.csv: 13104 rows
2026-03-02 20:40:18,467 - INFO -   IF_DATA_Values_2020_6.csv: 14530 rows
2026-03-02 20:40:18,985 - INFO -   IF_DATA_Values_2020_9.csv: 14560 rows
2026-03-02 20:40:19,418 - INFO -   IF_DATA_Values_2021_12.csv: 14720 rows
2026-03-02 20:40:19,967 - INFO -   IF_DATA_Values_2021_3.csv: 14650 rows
2026-03-02 20:40:20,483 - INFO -   IF_DATA_Values_2021_6.csv: 14720 rows
2026-03-02 20:40:20,833 - INFO -   IF_DATA_Values_2021_9.csv: 14720 rows
2026-03-02 20:40:21,155 - INFO -   IF_DATA_Values_2022_12.csv: 15130 rows
2026-03-02 20:40:21,466 - INFO -   IF_DATA_Values_2022_3.csv: 14850 rows
2026-03-02 20:40:21,749 - INFO -   IF_DATA_Values_2022_6.csv: 14940 rows
2026-03-02 20:40:22,016 - INFO -   IF_DATA_Values_2022_9.csv: 15000 rows
2026-03-02 20:40:22,282 - INFO -   IF_DATA_Values_2023_12.csv: 15520 rows
2026-03-02 20:40:22,515 - INFO -   IF_DATA_Values_2023_3.csv: 15240 rows
2026-03-02 20:40:22,767 - INFO -   IF_DATA_Values_2023_6.csv: 15300 rows
2026-03-02 20:40:22,981 - INFO -   IF_DATA_Values_2023_9.csv: 15450 rows
2026-03-02 20:40:23,247 - INFO -   IF_DATA_Values_2024_3.csv: 15630 rows
2026-03-02 20:40:23,481 - INFO -   IF_DATA_Values_2024_6.csv: 15660 rows
2026-03-02 20:40:23,747 - INFO -   IF_DATA_Values_2024_9.csv: 15830 rows
2026-03-02 20:40:23,809 - INFO - Loading 94 per-report API files from C:\Users\pedro\OneDrive\Documentos\Yale\Year 3 (2024 - 2025)\Open Finance\Open-Finance\BCB\Egan_et_al_2025_Rep\raw\IF_DATA_RAW\Individual
2026-03-02 20:40:33,247 - INFO - Remapped 62,699 rows from 2025+ account codes to canonical pre-2025 codes
2026-03-02 20:40:34,157 - INFO - Removed 743 SFN aggregate rows (CodInst = 00000000)
2026-03-02 20:40:34,355 - INFO - IF-Data Individual loaded: 563,196 rows | 2227 institutions | 47 quarters (201403 - 202509)
2026-03-02 20:40:34,373 - INFO - Macro series loaded: 4836 daily obs
2026-03-02 20:40:34,379 - INFO - Loading institution info from 108 List files
2026-03-02 20:40:37,696 - INFO - Payment Institutions identified: 158 IPs out of 2876 total institutions
2026-03-02 20:40:37,696 - INFO - Institution info loaded: 2876 unique CNPJs
2026-03-02 20:40:37,702 - INFO - Loading COSIF quarterly from Parquet: C:\Users\pedro\OneDrive\Documentos\Yale\Year 3 (2024 - 2025)\Open Finance\Open-Finance\BCB\Egan_et_al_2025_Rep\processed\COSIF_PROCESSED\cosif_quarterly_institution.parquet
2026-03-02 20:40:38,268 - INFO - COSIF quarterly loaded: 55,210 obs | 1834 institutions | rate coverage: 41,290
2026-03-02 20:40:38,388 - INFO - Loading 44 DRE (Demonstração de Resultado) files from C:\Users\pedro\OneDrive\Documentos\Yale\Year 3 (2024 - 2025)\Open Finance\Open-Finance\BCB\Egan_et_al_2025_Rep\raw\IF_DATA_RAW\Financial
2026-03-02 20:40:44,315 - INFO - DRE data loaded: 123,698 rows | 2047 institutions | 44 quarters (201403 - 202412)
2026-03-02 20:40:44,319 - INFO - ============================================================
2026-03-02 20:40:44,319 - INFO - Building INSTITUTION-LEVEL Egan et al. (2025) panel ...
2026-03-02 20:40:44,319 - INFO - ============================================================
2026-03-02 20:40:44,754 - INFO - Deposit panel: 327,921 obs | 2227 institutions | 5 types
2026-03-02 20:40:44,899 - INFO - Bank chars panel: 73,605 institution-quarter obs from 2227 institutions
2026-03-02 20:41:07,798 - INFO - DRE ratios panel: 61,849 obs | 2047 institutions | personnel_cost_ratio_lag non-null: 56,367
2026-03-02 20:41:07,806 - INFO - Segment panel: 2876 institutions | distribution: {'S5': 1353, 'S4': 809, 'S3': 177, 'S1': 101, 'S2': 61}
2026-03-02 20:41:07,842 - INFO - Quarterly macro rates: 52 quarters
2026-03-02 20:41:08,042 - INFO - Bank chars coverage: 327,921 / 327,921
2026-03-02 20:41:08,208 - INFO - DRE cost ratio coverage: personnel=249,314 / 327,921
2026-03-02 20:41:08,322 - INFO - Segment coverage: 305,121 / 327,921
2026-03-02 20:41:08,475 - INFO - COSIF rate coverage: 171,882 / 327,921 | prepaid rate: 2,095
2026-03-02 20:41:08,591 - INFO - IP flag merged: 9,447 obs from Payment Institutions (154 unique IPs)
2026-03-02 20:41:08,665 - INFO - Median prepaid rate computed for 1 quarters (>=2 reporters) | overall median = 0.004557
2026-03-02 20:41:08,908 - INFO - Residual Type-4 rate coverage: 135,615 / 327,921 obs
2026-03-02 20:41:09,474 - INFO - Panel complete: 327,921 obs | 2227 institutions | 47 quarters | 5 deposit types
2026-03-02 20:41:17,966 - INFO - Panel saved to C:\Users\pedro\OneDrive\Documentos\Yale\Year 3 (2024 - 2025)\Open Finance\Open-Finance\BCB\Egan_et_al_2025_Rep\processed\PANEL_INTERMED\egan_panel_institution.csv
2026-03-02 20:41:18,982 - INFO - Panel saved to C:\Users\pedro\OneDrive\Documentos\Yale\Year 3 (2024 - 2025)\Open Finance\Open-Finance\BCB\Egan_et_al_2025_Rep\processed\PANEL_INTERMED\egan_panel_institution.parquet
2026-03-02 20:41:19,065 - INFO - Quarterly macro rates: 52 quarters
2026-03-02 20:41:19,299 - INFO - Script completed successfully.
2026-03-02 20:50:44,221 - INFO - ============================================================
2026-03-02 20:50:44,221 - INFO - Starting INSTITUTION-LEVEL Panel Construction
2026-03-02 20:50:44,221 - INFO - ============================================================
2026-03-02 20:50:44,225 - INFO - Loading 35 consolidated Individual Institution files from c:\Users\pedro\OneDrive\Documentos\Yale\Year 3 (2024 - 2025)\Open Finance\Open-Finance\BCB\IF Data\Individual Institutions
2026-03-02 20:50:44,616 - INFO -   IF_DATA_Values_2016_12.csv: 14517 rows
2026-03-02 20:50:45,121 - INFO -   IF_DATA_Values_2016_3.csv: 14940 rows
2026-03-02 20:50:45,508 - INFO -   IF_DATA_Values_2016_6.csv: 14823 rows
2026-03-02 20:50:45,871 - INFO -   IF_DATA_Values_2016_9.csv: 14715 rows
2026-03-02 20:50:46,225 - INFO -   IF_DATA_Values_2017_12.csv: 13968 rows
2026-03-02 20:50:46,568 - INFO -   IF_DATA_Values_2017_3.csv: 14391 rows
2026-03-02 20:50:46,986 - INFO -   IF_DATA_Values_2017_6.csv: 14247 rows
2026-03-02 20:50:47,388 - INFO -   IF_DATA_Values_2017_9.csv: 14103 rows
2026-03-02 20:50:47,741 - INFO -   IF_DATA_Values_2018_12.csv: 13554 rows
2026-03-02 20:50:48,032 - INFO -   IF_DATA_Values_2018_3.csv: 13941 rows
2026-03-02 20:50:48,321 - INFO -   IF_DATA_Values_2018_6.csv: 13797 rows
2026-03-02 20:50:48,620 - INFO -   IF_DATA_Values_2018_9.csv: 13635 rows
2026-03-02 20:50:48,943 - INFO -   IF_DATA_Values_2019_12.csv: 13140 rows
2026-03-02 20:50:49,262 - INFO -   IF_DATA_Values_2019_3.csv: 13446 rows
2026-03-02 20:50:49,550 - INFO -   IF_DATA_Values_2019_6.csv: 13311 rows
2026-03-02 20:50:49,904 - INFO -   IF_DATA_Values_2019_9.csv: 13248 rows
2026-03-02 20:50:50,149 - INFO -   IF_DATA_Values_2020_12.csv: 14630 rows
2026-03-02 20:50:50,429 - INFO -   IF_DATA_Values_2020_3.csv: 13104 rows
2026-03-02 20:50:50,699 - INFO -   IF_DATA_Values_2020_6.csv: 14530 rows
2026-03-02 20:50:51,040 - INFO -   IF_DATA_Values_2020_9.csv: 14560 rows
2026-03-02 20:50:51,303 - INFO -   IF_DATA_Values_2021_12.csv: 14720 rows
2026-03-02 20:50:51,597 - INFO -   IF_DATA_Values_2021_3.csv: 14650 rows
2026-03-02 20:50:51,862 - INFO -   IF_DATA_Values_2021_6.csv: 14720 rows
2026-03-02 20:50:52,113 - INFO -   IF_DATA_Values_2021_9.csv: 14720 rows
2026-03-02 20:50:52,392 - INFO -   IF_DATA_Values_2022_12.csv: 15130 rows
2026-03-02 20:50:52,719 - INFO -   IF_DATA_Values_2022_3.csv: 14850 rows
2026-03-02 20:50:52,998 - INFO -   IF_DATA_Values_2022_6.csv: 14940 rows
2026-03-02 20:50:53,278 - INFO -   IF_DATA_Values_2022_9.csv: 15000 rows
2026-03-02 20:50:53,578 - INFO -   IF_DATA_Values_2023_12.csv: 15520 rows
2026-03-02 20:50:53,834 - INFO -   IF_DATA_Values_2023_3.csv: 15240 rows
2026-03-02 20:50:54,121 - INFO -   IF_DATA_Values_2023_6.csv: 15300 rows
2026-03-02 20:50:54,402 - INFO -   IF_DATA_Values_2023_9.csv: 15450 rows
2026-03-02 20:50:54,734 - INFO -   IF_DATA_Values_2024_3.csv: 15630 rows
2026-03-02 20:50:55,045 - INFO -   IF_DATA_Values_2024_6.csv: 15660 rows
2026-03-02 20:50:55,333 - INFO -   IF_DATA_Values_2024_9.csv: 15830 rows
2026-03-02 20:50:55,353 - INFO - Loading 94 per-report API files from c:\Users\pedro\OneDrive\Documentos\Yale\Year 3 (2024 - 2025)\Open Finance\Open-Finance\BCB\Egan_et_al_2025_Rep\raw\IF_DATA_RAW\Individual
2026-03-02 20:51:04,944 - INFO - Remapped 62,699 rows from 2025+ account codes to canonical pre-2025 codes
2026-03-02 20:51:05,878 - INFO - Removed 743 SFN aggregate rows (CodInst = 00000000)
2026-03-02 20:51:06,038 - INFO - IF-Data Individual loaded: 563,196 rows | 2227 institutions | 47 quarters (201403 - 202509)
2026-03-02 20:51:06,055 - INFO - Macro series loaded: 4836 daily obs
2026-03-02 20:51:06,060 - INFO - Loading institution info from 108 List files
2026-03-02 20:51:11,615 - INFO - Payment Institutions identified: 158 IPs out of 2876 total institutions
2026-03-02 20:51:11,616 - INFO - Institution info loaded: 2876 unique CNPJs
2026-03-02 20:51:11,627 - INFO - Loading COSIF quarterly from Parquet: c:\Users\pedro\OneDrive\Documentos\Yale\Year 3 (2024 - 2025)\Open Finance\Open-Finance\BCB\Egan_et_al_2025_Rep\processed\COSIF_PROCESSED\cosif_quarterly_institution.parquet
2026-03-02 20:51:12,260 - INFO - COSIF quarterly loaded: 55,210 obs | 1834 institutions | rate coverage: 41,290
2026-03-02 20:51:12,299 - INFO - Loading 44 DRE (Demonstração de Resultado) files from c:\Users\pedro\OneDrive\Documentos\Yale\Year 3 (2024 - 2025)\Open Finance\Open-Finance\BCB\Egan_et_al_2025_Rep\raw\IF_DATA_RAW\Financial
2026-03-02 20:51:25,826 - INFO - DRE data loaded: 123,698 rows | 2047 institutions | 44 quarters (201403 - 202412)
2026-03-02 20:51:25,828 - INFO - ============================================================
2026-03-02 20:51:25,829 - INFO - Building INSTITUTION-LEVEL Egan et al. (2025) panel ...
2026-03-02 20:51:25,831 - INFO - ============================================================
2026-03-02 20:51:26,278 - INFO - Deposit panel: 327,921 obs | 2227 institutions | 5 types
2026-03-02 20:51:26,435 - INFO - Bank chars panel: 73,605 institution-quarter obs from 2227 institutions
2026-03-02 20:51:59,812 - INFO - DRE ratios panel: 61,849 obs | 2047 institutions | personnel_cost_ratio_lag non-null: 56,367
2026-03-02 20:51:59,825 - INFO - Segment panel: 2876 institutions | distribution: {'S5': 1353, 'S4': 809, 'S3': 177, 'S1': 101, 'S2': 61}
2026-03-02 20:51:59,921 - INFO - Quarterly macro rates: 52 quarters
2026-03-02 20:52:00,356 - INFO - Bank chars coverage: 327,921 / 327,921
2026-03-02 20:52:00,617 - INFO - DRE cost ratio coverage: personnel=249,314 / 327,921
2026-03-02 20:52:00,870 - INFO - Segment coverage: 305,121 / 327,921
2026-03-02 20:52:01,190 - INFO - COSIF rate coverage: 171,882 / 327,921 | prepaid rate: 2,095
2026-03-02 20:52:01,482 - INFO - IP flag merged: 9,447 obs from Payment Institutions (154 unique IPs)
2026-03-02 20:52:01,616 - INFO - Median prepaid rate computed for 1 quarters (>=2 reporters) | overall median = 0.004557
2026-03-02 20:52:02,574 - INFO - Residual Type-4 rate coverage: 135,615 / 327,921 obs
2026-03-02 20:52:03,636 - INFO - Panel complete: 327,921 obs | 2227 institutions | 47 quarters | 5 deposit types
2026-03-02 20:52:22,728 - INFO - Panel saved to c:\Users\pedro\OneDrive\Documentos\Yale\Year 3 (2024 - 2025)\Open Finance\Open-Finance\BCB\Egan_et_al_2025_Rep\processed\PANEL_INTERMED\egan_panel_institution.csv
2026-03-02 20:52:23,896 - INFO - Panel saved to c:\Users\pedro\OneDrive\Documentos\Yale\Year 3 (2024 - 2025)\Open Finance\Open-Finance\BCB\Egan_et_al_2025_Rep\processed\PANEL_INTERMED\egan_panel_institution.parquet
2026-03-02 20:52:24,020 - INFO - Quarterly macro rates: 52 quarters
2026-03-02 20:52:24,632 - INFO - Script completed successfully.
2026-03-03 09:32:37,577 - INFO - ============================================================
2026-03-03 09:32:37,580 - INFO - Starting INSTITUTION-LEVEL Panel Construction
2026-03-03 09:32:37,582 - INFO - ============================================================
2026-03-03 09:32:37,586 - INFO - Loading 35 consolidated Individual Institution files from c:\Users\pedro\OneDrive\Documentos\Yale\Year 3 (2024 - 2025)\Open Finance\Open-Finance\BCB\IF Data\Individual Institutions
2026-03-03 09:32:38,043 - INFO -   IF_DATA_Values_2016_12.csv: 14517 rows
2026-03-03 09:32:38,543 - INFO -   IF_DATA_Values_2016_3.csv: 14940 rows
2026-03-03 09:32:38,994 - INFO -   IF_DATA_Values_2016_6.csv: 14823 rows
2026-03-03 09:32:39,449 - INFO -   IF_DATA_Values_2016_9.csv: 14715 rows
2026-03-03 09:32:39,908 - INFO -   IF_DATA_Values_2017_12.csv: 13968 rows
2026-03-03 09:32:40,419 - INFO -   IF_DATA_Values_2017_3.csv: 14391 rows
2026-03-03 09:32:40,925 - INFO -   IF_DATA_Values_2017_6.csv: 14247 rows
2026-03-03 09:32:41,399 - INFO -   IF_DATA_Values_2017_9.csv: 14103 rows
2026-03-03 09:32:41,941 - INFO -   IF_DATA_Values_2018_12.csv: 13554 rows
2026-03-03 09:32:42,388 - INFO -   IF_DATA_Values_2018_3.csv: 13941 rows
2026-03-03 09:32:42,816 - INFO -   IF_DATA_Values_2018_6.csv: 13797 rows
2026-03-03 09:32:44,093 - INFO -   IF_DATA_Values_2018_9.csv: 13635 rows
2026-03-03 09:32:44,544 - INFO -   IF_DATA_Values_2019_12.csv: 13140 rows
2026-03-03 09:32:44,945 - INFO -   IF_DATA_Values_2019_3.csv: 13446 rows
2026-03-03 09:32:45,332 - INFO -   IF_DATA_Values_2019_6.csv: 13311 rows
2026-03-03 09:32:45,827 - INFO -   IF_DATA_Values_2019_9.csv: 13248 rows
2026-03-03 09:32:46,182 - INFO -   IF_DATA_Values_2020_12.csv: 14630 rows
2026-03-03 09:32:46,513 - INFO -   IF_DATA_Values_2020_3.csv: 13104 rows
2026-03-03 09:32:46,928 - INFO -   IF_DATA_Values_2020_6.csv: 14530 rows
2026-03-03 09:32:47,371 - INFO -   IF_DATA_Values_2020_9.csv: 14560 rows
2026-03-03 09:32:47,764 - INFO -   IF_DATA_Values_2021_12.csv: 14720 rows
2026-03-03 09:32:48,302 - INFO -   IF_DATA_Values_2021_3.csv: 14650 rows
2026-03-03 09:32:48,672 - INFO -   IF_DATA_Values_2021_6.csv: 14720 rows
2026-03-03 09:32:49,035 - INFO -   IF_DATA_Values_2021_9.csv: 14720 rows
2026-03-03 09:32:49,450 - INFO -   IF_DATA_Values_2022_12.csv: 15130 rows
2026-03-03 09:32:49,798 - INFO -   IF_DATA_Values_2022_3.csv: 14850 rows
2026-03-03 09:32:50,173 - INFO -   IF_DATA_Values_2022_6.csv: 14940 rows
2026-03-03 09:32:50,605 - INFO -   IF_DATA_Values_2022_9.csv: 15000 rows
2026-03-03 09:32:51,024 - INFO -   IF_DATA_Values_2023_12.csv: 15520 rows
2026-03-03 09:32:51,408 - INFO -   IF_DATA_Values_2023_3.csv: 15240 rows
2026-03-03 09:32:51,870 - INFO -   IF_DATA_Values_2023_6.csv: 15300 rows
2026-03-03 09:32:52,281 - INFO -   IF_DATA_Values_2023_9.csv: 15450 rows
2026-03-03 09:32:52,721 - INFO -   IF_DATA_Values_2024_3.csv: 15630 rows
2026-03-03 09:32:53,076 - INFO -   IF_DATA_Values_2024_6.csv: 15660 rows
2026-03-03 09:32:53,513 - INFO -   IF_DATA_Values_2024_9.csv: 15830 rows
2026-03-03 09:32:53,553 - INFO - Loading 94 per-report API files from c:\Users\pedro\OneDrive\Documentos\Yale\Year 3 (2024 - 2025)\Open Finance\Open-Finance\BCB\Egan_et_al_2025_Rep\raw\IF_DATA_RAW\Individual
2026-03-03 09:33:04,887 - INFO - Remapped 62,699 rows from 2025+ account codes to canonical pre-2025 codes
2026-03-03 09:33:06,645 - INFO - Removed 743 SFN aggregate rows (CodInst = 00000000)
2026-03-03 09:33:06,997 - INFO - IF-Data Individual loaded: 563,196 rows | 2227 institutions | 47 quarters (201403 - 202509)
2026-03-03 09:33:07,056 - INFO - Macro series loaded: 4836 daily obs
2026-03-03 09:33:07,068 - INFO - Loading institution info from 108 List files
2026-03-03 09:33:13,606 - INFO - Payment Institutions identified: 158 IPs out of 2876 total institutions
2026-03-03 09:33:13,608 - INFO - Institution info loaded: 2876 unique CNPJs
2026-03-03 09:33:13,632 - INFO - Loading COSIF quarterly from Parquet: c:\Users\pedro\OneDrive\Documentos\Yale\Year 3 (2024 - 2025)\Open Finance\Open-Finance\BCB\Egan_et_al_2025_Rep\processed\COSIF_PROCESSED\cosif_quarterly_institution.parquet
2026-03-03 09:33:39,643 - INFO - COSIF quarterly loaded: 55,210 obs | 1834 institutions | rate coverage: 41,290
2026-03-03 09:33:39,846 - INFO - Loading 44 DRE (Demonstração de Resultado) files from c:\Users\pedro\OneDrive\Documentos\Yale\Year 3 (2024 - 2025)\Open Finance\Open-Finance\BCB\Egan_et_al_2025_Rep\raw\IF_DATA_RAW\Financial
2026-03-03 09:33:53,500 - INFO - DRE data loaded: 123,698 rows | 2047 institutions | 44 quarters (201403 - 202412)
2026-03-03 09:33:53,501 - INFO - ============================================================
2026-03-03 09:33:53,503 - INFO - Building INSTITUTION-LEVEL Egan et al. (2025) panel ...
2026-03-03 09:33:53,504 - INFO - ============================================================
2026-03-03 09:33:53,951 - INFO - Deposit panel: 327,921 obs | 2227 institutions | 5 types
2026-03-03 09:33:54,136 - INFO - Bank chars panel: 73,605 institution-quarter obs from 2227 institutions
2026-03-03 09:34:58,864 - INFO - DRE ratios panel: 61,849 obs | 2047 institutions | personnel_cost_ratio_lag non-null: 56,367
2026-03-03 09:34:58,907 - INFO - Segment panel: 2876 institutions | distribution: {'S5': 1353, 'S4': 809, 'S3': 177, 'S1': 101, 'S2': 61}
2026-03-03 09:34:59,221 - INFO - Quarterly macro rates: 52 quarters
2026-03-03 09:35:00,092 - INFO - Bank chars coverage: 327,921 / 327,921
2026-03-03 09:35:00,635 - INFO - DRE cost ratio coverage: personnel=249,314 / 327,921
2026-03-03 09:35:01,146 - INFO - Segment coverage: 305,121 / 327,921
2026-03-03 09:35:01,780 - INFO - COSIF rate coverage: 171,882 / 327,921 | prepaid rate: 2,095
2026-03-03 09:35:02,296 - INFO - IP flag merged: 9,447 obs from Payment Institutions (154 unique IPs)
2026-03-03 09:35:02,530 - INFO - Median prepaid rate computed for 1 quarters (>=2 reporters) | overall median = 0.004557
2026-03-03 09:35:03,830 - INFO - Residual Type-4 rate coverage: 135,615 / 327,921 obs
2026-03-03 09:35:05,728 - INFO - Panel complete: 327,921 obs | 2227 institutions | 47 quarters | 5 deposit types
2026-03-03 09:35:44,188 - INFO - Panel saved to c:\Users\pedro\OneDrive\Documentos\Yale\Year 3 (2024 - 2025)\Open Finance\Open-Finance\BCB\Egan_et_al_2025_Rep\processed\PANEL_INTERMED\egan_panel_institution.csv
2026-03-03 09:35:46,728 - INFO - Panel saved to c:\Users\pedro\OneDrive\Documentos\Yale\Year 3 (2024 - 2025)\Open Finance\Open-Finance\BCB\Egan_et_al_2025_Rep\processed\PANEL_INTERMED\egan_panel_institution.parquet
2026-03-03 09:35:47,054 - INFO - Quarterly macro rates: 52 quarters
2026-03-03 09:35:48,136 - INFO - Script completed successfully.
