2026-02-23 18:15:54,689 - INFO - ============================================================
2026-02-23 18:15:54,704 - INFO - Starting Egan et al. (2025) Panel Construction
2026-02-23 18:15:54,704 - INFO - ============================================================
2026-02-23 18:15:54,704 - INFO - Loading 34 IF-Data files from c:\Users\pedro\OneDrive\Documentos\Yale\Year 3 (2024 - 2025)\Open Finance\Open-Finance\BCB\IF Data\Prudential Conglomerates
2026-02-23 18:15:57,034 - INFO -   IF_DATA_Values_2016_12.csv: 73950 rows
2026-02-23 18:15:59,696 - INFO -   IF_DATA_Values_2016_3.csv: 76398 rows
2026-02-23 18:16:01,235 - INFO -   IF_DATA_Values_2016_6.csv: 75837 rows
2026-02-23 18:16:03,249 - INFO -   IF_DATA_Values_2016_9.csv: 75021 rows
2026-02-23 18:16:04,658 - INFO -   IF_DATA_Values_2017_12.csv: 71145 rows
2026-02-23 18:16:07,095 - INFO -   IF_DATA_Values_2017_3.csv: 73389 rows
2026-02-23 18:16:09,615 - INFO -   IF_DATA_Values_2017_6.csv: 72675 rows
2026-02-23 18:16:11,327 - INFO -   IF_DATA_Values_2017_9.csv: 71910 rows
2026-02-23 18:16:12,917 - INFO -   IF_DATA_Values_2018_12.csv: 69054 rows
2026-02-23 18:16:14,571 - INFO -   IF_DATA_Values_2018_3.csv: 70941 rows
2026-02-23 18:16:16,267 - INFO -   IF_DATA_Values_2018_6.csv: 70278 rows
2026-02-23 18:16:17,719 - INFO -   IF_DATA_Values_2018_9.csv: 69411 rows
2026-02-23 18:16:19,431 - INFO -   IF_DATA_Values_2019_12.csv: 66504 rows
2026-02-23 18:16:21,699 - INFO -   IF_DATA_Values_2019_3.csv: 68391 rows
2026-02-23 18:16:23,739 - INFO -   IF_DATA_Values_2019_6.csv: 67728 rows
2026-02-23 18:16:25,355 - INFO -   IF_DATA_Values_2019_9.csv: 67218 rows
2026-02-23 18:16:26,826 - INFO -   IF_DATA_Values_2020_12.csv: 67964 rows
2026-02-23 18:16:28,167 - INFO -   IF_DATA_Values_2020_3.csv: 66300 rows
2026-02-23 18:16:29,950 - INFO -   IF_DATA_Values_2020_6.csv: 67392 rows
2026-02-23 18:16:31,633 - INFO -   IF_DATA_Values_2020_9.csv: 67756 rows
2026-02-23 18:16:33,170 - INFO -   IF_DATA_Values_2021_12.csv: 68172 rows
2026-02-23 18:16:34,719 - INFO -   IF_DATA_Values_2021_3.csv: 68016 rows
2026-02-23 18:16:36,414 - INFO -   IF_DATA_Values_2021_6.csv: 68224 rows
2026-02-23 18:16:37,964 - INFO -   IF_DATA_Values_2021_9.csv: 68120 rows
2026-02-23 18:16:39,841 - INFO -   IF_DATA_Values_2022_12.csv: 69888 rows
2026-02-23 18:16:42,081 - INFO -   IF_DATA_Values_2022_3.csv: 68744 rows
2026-02-23 18:16:44,037 - INFO -   IF_DATA_Values_2022_6.csv: 69108 rows
2026-02-23 18:16:45,121 - INFO -   IF_DATA_Values_2022_9.csv: 69368 rows
2026-02-23 18:16:46,412 - INFO -   IF_DATA_Values_2023_12.csv: 70252 rows
2026-02-23 18:16:47,690 - INFO -   IF_DATA_Values_2023_3.csv: 70252 rows
2026-02-23 18:16:48,749 - INFO -   IF_DATA_Values_2023_6.csv: 70616 rows
2026-02-23 18:16:50,453 - INFO -   IF_DATA_Values_2024_3.csv: 70668 rows
2026-02-23 18:16:52,283 - INFO -   IF_DATA_Values_2024_6.csv: 69207 rows
2026-02-23 18:16:52,566 - INFO -   IF_DATA_Values_2024_9.csv: 69615 rows
2026-02-23 18:16:58,208 - INFO - Macro series loaded from c:\Users\pedro\OneDrive\Documentos\Yale\Year 3 (2024 - 2025)\Open Finance\Open-Finance\BCB\Egan_et_al_2025_Rep\raw\SGS_RAW\macro_series_full.csv (0 days)
2026-02-23 18:18:38,128 - INFO - ============================================================
2026-02-23 18:18:38,128 - INFO - Starting Egan et al. (2025) Panel Construction
2026-02-23 18:18:38,128 - INFO - ============================================================
2026-02-23 18:18:38,128 - INFO - Loading 34 IF-Data files from c:\Users\pedro\OneDrive\Documentos\Yale\Year 3 (2024 - 2025)\Open Finance\Open-Finance\BCB\IF Data\Prudential Conglomerates
2026-02-23 18:18:38,398 - INFO -   IF_DATA_Values_2016_12.csv: 73950 rows
2026-02-23 18:18:38,648 - INFO -   IF_DATA_Values_2016_3.csv: 76398 rows
2026-02-23 18:18:38,882 - INFO -   IF_DATA_Values_2016_6.csv: 75837 rows
2026-02-23 18:18:39,121 - INFO -   IF_DATA_Values_2016_9.csv: 75021 rows
2026-02-23 18:18:39,351 - INFO -   IF_DATA_Values_2017_12.csv: 71145 rows
2026-02-23 18:18:39,592 - INFO -   IF_DATA_Values_2017_3.csv: 73389 rows
2026-02-23 18:18:39,868 - INFO -   IF_DATA_Values_2017_6.csv: 72675 rows
2026-02-23 18:18:40,188 - INFO -   IF_DATA_Values_2017_9.csv: 71910 rows
2026-02-23 18:18:40,443 - INFO -   IF_DATA_Values_2018_12.csv: 69054 rows
2026-02-23 18:18:40,671 - INFO -   IF_DATA_Values_2018_3.csv: 70941 rows
2026-02-23 18:18:40,911 - INFO -   IF_DATA_Values_2018_6.csv: 70278 rows
2026-02-23 18:18:41,153 - INFO -   IF_DATA_Values_2018_9.csv: 69411 rows
2026-02-23 18:18:41,371 - INFO -   IF_DATA_Values_2019_12.csv: 66504 rows
2026-02-23 18:18:41,617 - INFO -   IF_DATA_Values_2019_3.csv: 68391 rows
2026-02-23 18:18:42,023 - INFO -   IF_DATA_Values_2019_6.csv: 67728 rows
2026-02-23 18:18:42,378 - INFO -   IF_DATA_Values_2019_9.csv: 67218 rows
2026-02-23 18:18:42,735 - INFO -   IF_DATA_Values_2020_12.csv: 67964 rows
2026-02-23 18:18:43,125 - INFO -   IF_DATA_Values_2020_3.csv: 66300 rows
2026-02-23 18:18:43,508 - INFO -   IF_DATA_Values_2020_6.csv: 67392 rows
2026-02-23 18:18:43,877 - INFO -   IF_DATA_Values_2020_9.csv: 67756 rows
2026-02-23 18:18:44,278 - INFO -   IF_DATA_Values_2021_12.csv: 68172 rows
2026-02-23 18:18:44,536 - INFO -   IF_DATA_Values_2021_3.csv: 68016 rows
2026-02-23 18:18:44,860 - INFO -   IF_DATA_Values_2021_6.csv: 68224 rows
2026-02-23 18:18:45,104 - INFO -   IF_DATA_Values_2021_9.csv: 68120 rows
2026-02-23 18:18:45,327 - INFO -   IF_DATA_Values_2022_12.csv: 69888 rows
2026-02-23 18:18:45,554 - INFO -   IF_DATA_Values_2022_3.csv: 68744 rows
2026-02-23 18:18:45,784 - INFO -   IF_DATA_Values_2022_6.csv: 69108 rows
2026-02-23 18:18:46,014 - INFO -   IF_DATA_Values_2022_9.csv: 69368 rows
2026-02-23 18:18:46,249 - INFO -   IF_DATA_Values_2023_12.csv: 70252 rows
2026-02-23 18:18:46,521 - INFO -   IF_DATA_Values_2023_3.csv: 70252 rows
2026-02-23 18:18:46,795 - INFO -   IF_DATA_Values_2023_6.csv: 70616 rows
2026-02-23 18:18:47,017 - INFO -   IF_DATA_Values_2024_3.csv: 70668 rows
2026-02-23 18:18:47,360 - INFO -   IF_DATA_Values_2024_6.csv: 69207 rows
2026-02-23 18:18:47,789 - INFO -   IF_DATA_Values_2024_9.csv: 69615 rows
2026-02-23 18:18:55,962 - INFO - IF-Data loaded: 2,379,512 rows | 1824 institutions | 34 quarters (201603 - 202409)
2026-02-23 18:18:56,054 - INFO - Macro series loaded from c:\Users\pedro\OneDrive\Documentos\Yale\Year 3 (2024 - 2025)\Open Finance\Open-Finance\BCB\Egan_et_al_2025_Rep\raw\SGS_RAW\macro_series_full.csv (0 days)
2026-02-23 18:18:56,060 - INFO - Loading conglomerate mapping from 108 List files ...
2026-02-23 18:19:03,073 - INFO - Conglomerate mapping loaded: 108,996 CNPJ-month obs | 1738 unique CNPJs | 726 conglomerates
2026-02-23 18:19:03,078 - INFO - Loading 29 COSIF processed files ...
2026-02-23 18:19:05,829 - INFO - COSIF loaded: 169,210 rows | 1851 institutions
2026-02-23 18:19:05,995 - INFO - COSIF-conglomerate merge: 49,508 rows | 434 conglomerates
2026-02-23 18:19:06,034 - INFO - COSIF conglomerate panel: 8,512 obs | 430 conglomerates | 36 quarters
2026-02-23 18:19:06,038 - INFO - ==================================================
2026-02-23 18:19:06,039 - INFO - Building Egan et al. (2025) panel ...
2026-02-23 18:19:06,039 - INFO - ==================================================
2026-02-23 18:19:06,039 - INFO - Mapping IF-Data CodInst to prudential conglomerates ...
2026-02-23 18:19:07,361 - INFO - Deposit panel: 207,169 obs | 1809 conglomerates | 5 types
2026-02-23 18:19:07,681 - INFO - Cost panel: 46,162 conglomerate-quarter obs
2026-02-23 19:33:22,486 - INFO - ============================================================
2026-02-23 19:33:22,488 - INFO - Starting Egan et al. (2025) Panel Construction
2026-02-23 19:33:22,488 - INFO - ============================================================
2026-02-23 19:33:22,494 - INFO - Loading 34 IF-Data files from c:\Users\pedro\OneDrive\Documentos\Yale\Year 3 (2024 - 2025)\Open Finance\Open-Finance\BCB\IF Data\Prudential Conglomerates
2026-02-23 19:33:23,016 - INFO -   IF_DATA_Values_2016_12.csv: 73950 rows
2026-02-23 19:33:23,567 - INFO -   IF_DATA_Values_2016_3.csv: 76398 rows
2026-02-23 19:33:24,288 - INFO -   IF_DATA_Values_2016_6.csv: 75837 rows
2026-02-23 19:33:24,906 - INFO -   IF_DATA_Values_2016_9.csv: 75021 rows
2026-02-23 19:33:25,400 - INFO -   IF_DATA_Values_2017_12.csv: 71145 rows
2026-02-23 19:33:25,894 - INFO -   IF_DATA_Values_2017_3.csv: 73389 rows
2026-02-23 19:33:26,308 - INFO -   IF_DATA_Values_2017_6.csv: 72675 rows
2026-02-23 19:33:26,781 - INFO -   IF_DATA_Values_2017_9.csv: 71910 rows
2026-02-23 19:33:27,283 - INFO -   IF_DATA_Values_2018_12.csv: 69054 rows
2026-02-23 19:33:27,807 - INFO -   IF_DATA_Values_2018_3.csv: 70941 rows
2026-02-23 19:33:28,484 - INFO -   IF_DATA_Values_2018_6.csv: 70278 rows
2026-02-23 19:33:29,098 - INFO -   IF_DATA_Values_2018_9.csv: 69411 rows
2026-02-23 19:33:29,586 - INFO -   IF_DATA_Values_2019_12.csv: 66504 rows
2026-02-23 19:33:30,033 - INFO -   IF_DATA_Values_2019_3.csv: 68391 rows
2026-02-23 19:33:30,562 - INFO -   IF_DATA_Values_2019_6.csv: 67728 rows
2026-02-23 19:33:31,055 - INFO -   IF_DATA_Values_2019_9.csv: 67218 rows
2026-02-23 19:33:31,504 - INFO -   IF_DATA_Values_2020_12.csv: 67964 rows
2026-02-23 19:33:31,934 - INFO -   IF_DATA_Values_2020_3.csv: 66300 rows
2026-02-23 19:33:32,321 - INFO -   IF_DATA_Values_2020_6.csv: 67392 rows
2026-02-23 19:33:32,755 - INFO -   IF_DATA_Values_2020_9.csv: 67756 rows
2026-02-23 19:33:33,160 - INFO -   IF_DATA_Values_2021_12.csv: 68172 rows
2026-02-23 19:33:33,527 - INFO -   IF_DATA_Values_2021_3.csv: 68016 rows
2026-02-23 19:33:33,965 - INFO -   IF_DATA_Values_2021_6.csv: 68224 rows
2026-02-23 19:33:34,461 - INFO -   IF_DATA_Values_2021_9.csv: 68120 rows
2026-02-23 19:33:35,019 - INFO -   IF_DATA_Values_2022_12.csv: 69888 rows
2026-02-23 19:33:35,547 - INFO -   IF_DATA_Values_2022_3.csv: 68744 rows
2026-02-23 19:33:36,150 - INFO -   IF_DATA_Values_2022_6.csv: 69108 rows
2026-02-23 19:33:36,761 - INFO -   IF_DATA_Values_2022_9.csv: 69368 rows
2026-02-23 19:33:37,373 - INFO -   IF_DATA_Values_2023_12.csv: 70252 rows
2026-02-23 19:33:38,015 - INFO -   IF_DATA_Values_2023_3.csv: 70252 rows
2026-02-23 19:33:38,600 - INFO -   IF_DATA_Values_2023_6.csv: 70616 rows
2026-02-23 19:33:39,121 - INFO -   IF_DATA_Values_2024_3.csv: 70668 rows
2026-02-23 19:33:39,584 - INFO -   IF_DATA_Values_2024_6.csv: 69207 rows
2026-02-23 19:33:40,039 - INFO -   IF_DATA_Values_2024_9.csv: 69615 rows
2026-02-23 19:33:49,279 - INFO - IF-Data loaded: 2,379,512 rows | 1824 institutions | 34 quarters (201603 - 202409)
2026-02-23 19:33:49,425 - INFO - Macro series loaded from c:\Users\pedro\OneDrive\Documentos\Yale\Year 3 (2024 - 2025)\Open Finance\Open-Finance\BCB\Egan_et_al_2025_Rep\raw\SGS_RAW\macro_series_full.csv (4836 days)
2026-02-23 19:33:49,439 - INFO - Loading conglomerate mapping from 108 List files ...
2026-02-23 19:33:54,654 - INFO - Conglomerate mapping loaded: 108,996 CNPJ-month obs | 1738 unique CNPJs | 726 conglomerates
2026-02-23 19:33:54,659 - INFO - Loading 29 COSIF processed files ...
2026-02-23 19:33:58,015 - INFO - COSIF loaded: 169,210 rows | 1851 institutions
2026-02-23 19:33:58,246 - INFO - COSIF-conglomerate merge: 49,508 rows | 434 conglomerates
2026-02-23 19:33:58,306 - INFO - COSIF conglomerate panel: 8,512 obs | 430 conglomerates | 36 quarters
2026-02-23 19:33:58,329 - INFO - ==================================================
2026-02-23 19:33:58,331 - INFO - Building Egan et al. (2025) panel ...
2026-02-23 19:33:58,332 - INFO - ==================================================
2026-02-23 19:33:58,333 - INFO - Mapping IF-Data CodInst to prudential conglomerates ...
2026-02-23 19:34:00,109 - INFO - Deposit panel: 207,169 obs | 1809 conglomerates | 5 types
2026-02-23 19:34:00,536 - INFO - Cost panel: 46,162 conglomerate-quarter obs
2026-02-23 19:34:00,638 - INFO - Quarterly macro rates computed: 52 quarters
2026-02-23 19:34:01,051 - INFO - COSIF rate coverage: 31,133 / 207,169 obs have COSIF implicit rates
2026-02-23 19:34:01,537 - INFO - Panel complete: 207,169 obs | 1809 conglomerates | 34 quarters | 5 deposit types
2026-02-23 19:34:09,449 - INFO - Panel saved to c:\Users\pedro\OneDrive\Documentos\Yale\Year 3 (2024 - 2025)\Open Finance\Open-Finance\BCB\Egan_et_al_2025_Rep\processed\PANEL_INTERMED\egan_panel_deposits.csv
2026-02-23 19:34:09,550 - INFO - Quarterly macro rates computed: 52 quarters
2026-02-23 19:34:09,559 - INFO - Quarterly macro rates saved to c:\Users\pedro\OneDrive\Documentos\Yale\Year 3 (2024 - 2025)\Open Finance\Open-Finance\BCB\Egan_et_al_2025_Rep\processed\PANEL_INTERMED\quarterly_macro_rates.csv
2026-02-23 19:34:09,821 - INFO - Script completed successfully.
2026-02-23 19:40:32,919 - INFO - ============================================================
2026-02-23 19:40:32,920 - INFO - Starting Egan et al. (2025) Panel Construction
2026-02-23 19:40:32,921 - INFO - ============================================================
2026-02-23 19:40:32,923 - INFO - Loading 34 IF-Data files from C:\Users\pedro\OneDrive\Documentos\Yale\Year 3 (2024 - 2025)\Open Finance\Open-Finance\BCB\IF Data\Prudential Conglomerates
2026-02-23 19:40:33,351 - INFO -   IF_DATA_Values_2016_12.csv: 73950 rows
2026-02-23 19:40:33,796 - INFO -   IF_DATA_Values_2016_3.csv: 76398 rows
2026-02-23 19:40:34,144 - INFO -   IF_DATA_Values_2016_6.csv: 75837 rows
2026-02-23 19:40:34,513 - INFO -   IF_DATA_Values_2016_9.csv: 75021 rows
2026-02-23 19:40:34,868 - INFO -   IF_DATA_Values_2017_12.csv: 71145 rows
2026-02-23 19:40:35,209 - INFO -   IF_DATA_Values_2017_3.csv: 73389 rows
2026-02-23 19:40:35,479 - INFO -   IF_DATA_Values_2017_6.csv: 72675 rows
2026-02-23 19:40:35,755 - INFO -   IF_DATA_Values_2017_9.csv: 71910 rows
2026-02-23 19:40:36,093 - INFO -   IF_DATA_Values_2018_12.csv: 69054 rows
2026-02-23 19:40:36,364 - INFO -   IF_DATA_Values_2018_3.csv: 70941 rows
2026-02-23 19:40:36,891 - INFO -   IF_DATA_Values_2018_6.csv: 70278 rows
2026-02-23 19:40:37,488 - INFO -   IF_DATA_Values_2018_9.csv: 69411 rows
2026-02-23 19:40:38,083 - INFO -   IF_DATA_Values_2019_12.csv: 66504 rows
2026-02-23 19:40:39,074 - INFO -   IF_DATA_Values_2019_3.csv: 68391 rows
2026-02-23 19:40:40,010 - INFO -   IF_DATA_Values_2019_6.csv: 67728 rows
2026-02-23 19:40:40,987 - INFO -   IF_DATA_Values_2019_9.csv: 67218 rows
2026-02-23 19:40:41,769 - INFO -   IF_DATA_Values_2020_12.csv: 67964 rows
2026-02-23 19:40:42,628 - INFO -   IF_DATA_Values_2020_3.csv: 66300 rows
2026-02-23 19:40:43,276 - INFO -   IF_DATA_Values_2020_6.csv: 67392 rows
2026-02-23 19:40:43,546 - INFO -   IF_DATA_Values_2020_9.csv: 67756 rows
2026-02-23 19:40:44,258 - INFO -   IF_DATA_Values_2021_12.csv: 68172 rows
2026-02-23 19:40:44,861 - INFO -   IF_DATA_Values_2021_3.csv: 68016 rows
2026-02-23 19:40:45,333 - INFO -   IF_DATA_Values_2021_6.csv: 68224 rows
2026-02-23 19:40:45,678 - INFO -   IF_DATA_Values_2021_9.csv: 68120 rows
2026-02-23 19:40:46,011 - INFO -   IF_DATA_Values_2022_12.csv: 69888 rows
2026-02-23 19:40:46,333 - INFO -   IF_DATA_Values_2022_3.csv: 68744 rows
2026-02-23 19:40:46,718 - INFO -   IF_DATA_Values_2022_6.csv: 69108 rows
2026-02-23 19:40:47,107 - INFO -   IF_DATA_Values_2022_9.csv: 69368 rows
2026-02-23 19:40:47,442 - INFO -   IF_DATA_Values_2023_12.csv: 70252 rows
2026-02-23 19:40:47,822 - INFO -   IF_DATA_Values_2023_3.csv: 70252 rows
2026-02-23 19:40:48,381 - INFO -   IF_DATA_Values_2023_6.csv: 70616 rows
2026-02-23 19:40:48,798 - INFO -   IF_DATA_Values_2024_3.csv: 70668 rows
2026-02-23 19:40:49,238 - INFO -   IF_DATA_Values_2024_6.csv: 69207 rows
2026-02-23 19:40:49,563 - INFO -   IF_DATA_Values_2024_9.csv: 69615 rows
2026-02-23 19:40:57,976 - INFO - IF-Data loaded: 2,379,512 rows | 1824 institutions | 34 quarters (201603 - 202409)
2026-02-23 19:40:58,117 - INFO - Macro series loaded from C:\Users\pedro\OneDrive\Documentos\Yale\Year 3 (2024 - 2025)\Open Finance\Open-Finance\BCB\Egan_et_al_2025_Rep\raw\SGS_RAW\macro_series_full.csv (4836 days)
2026-02-23 19:40:58,121 - INFO - Loading conglomerate mapping from 108 List files ...
2026-02-23 19:41:02,612 - INFO - Conglomerate mapping loaded: 108,996 CNPJ-month obs | 1738 unique CNPJs | 726 conglomerates
2026-02-23 19:41:02,624 - INFO - Loading 29 COSIF processed files ...
2026-02-23 19:41:05,662 - INFO - COSIF loaded: 169,210 rows | 1851 institutions
2026-02-23 19:41:05,888 - INFO - COSIF-conglomerate merge: 49,508 rows | 434 conglomerates
2026-02-23 19:41:05,987 - INFO - COSIF conglomerate panel: 8,512 obs | 430 conglomerates | 36 quarters
2026-02-23 19:41:06,005 - INFO - ==================================================
2026-02-23 19:41:06,007 - INFO - Building Egan et al. (2025) panel ...
2026-02-23 19:41:06,008 - INFO - ==================================================
2026-02-23 19:41:06,010 - INFO - Mapping IF-Data CodInst to prudential conglomerates ...
2026-02-23 19:41:07,817 - INFO - Deposit panel: 207,169 obs | 1809 conglomerates | 5 types
2026-02-23 19:41:08,113 - INFO - Cost panel: 46,162 conglomerate-quarter obs
2026-02-23 19:41:08,195 - INFO - Quarterly macro rates computed: 52 quarters
2026-02-23 19:41:08,483 - INFO - COSIF rate coverage: 17,928 / 207,169 obs have COSIF implicit rates
2026-02-23 19:41:08,520 - INFO - Winsorised 2,200 implicit_funding_rate_ifdata values > 0.5 to NaN.
2026-02-23 19:41:08,907 - INFO - Panel complete: 207,169 obs | 1809 conglomerates | 34 quarters | 5 deposit types
2026-02-23 19:41:17,879 - INFO - Panel saved to C:\Users\pedro\OneDrive\Documentos\Yale\Year 3 (2024 - 2025)\Open Finance\Open-Finance\BCB\Egan_et_al_2025_Rep\processed\PANEL_INTERMED\egan_panel_deposits.csv
2026-02-23 19:41:17,951 - INFO - Quarterly macro rates computed: 52 quarters
2026-02-23 19:41:17,956 - INFO - Quarterly macro rates saved to C:\Users\pedro\OneDrive\Documentos\Yale\Year 3 (2024 - 2025)\Open Finance\Open-Finance\BCB\Egan_et_al_2025_Rep\processed\PANEL_INTERMED\quarterly_macro_rates.csv
2026-02-23 19:41:18,230 - INFO - Script completed successfully.
2026-02-23 19:46:19,556 - INFO - ============================================================
2026-02-23 19:46:19,557 - INFO - Starting Egan et al. (2025) Panel Construction
2026-02-23 19:46:19,557 - INFO - ============================================================
2026-02-23 19:46:19,559 - INFO - Loading 34 IF-Data files from c:\Users\pedro\OneDrive\Documentos\Yale\Year 3 (2024 - 2025)\Open Finance\Open-Finance\BCB\IF Data\Prudential Conglomerates
2026-02-23 19:46:19,872 - INFO -   IF_DATA_Values_2016_12.csv: 73950 rows
2026-02-23 19:46:20,257 - INFO -   IF_DATA_Values_2016_3.csv: 76398 rows
2026-02-23 19:46:20,736 - INFO -   IF_DATA_Values_2016_6.csv: 75837 rows
2026-02-23 19:46:21,043 - INFO -   IF_DATA_Values_2016_9.csv: 75021 rows
2026-02-23 19:46:21,347 - INFO -   IF_DATA_Values_2017_12.csv: 71145 rows
2026-02-23 19:46:21,697 - INFO -   IF_DATA_Values_2017_3.csv: 73389 rows
2026-02-23 19:46:22,082 - INFO -   IF_DATA_Values_2017_6.csv: 72675 rows
2026-02-23 19:46:22,416 - INFO -   IF_DATA_Values_2017_9.csv: 71910 rows
2026-02-23 19:46:22,931 - INFO -   IF_DATA_Values_2018_12.csv: 69054 rows
2026-02-23 19:46:23,326 - INFO -   IF_DATA_Values_2018_3.csv: 70941 rows
2026-02-23 19:46:23,723 - INFO -   IF_DATA_Values_2018_6.csv: 70278 rows
2026-02-23 19:46:24,107 - INFO -   IF_DATA_Values_2018_9.csv: 69411 rows
2026-02-23 19:46:24,443 - INFO -   IF_DATA_Values_2019_12.csv: 66504 rows
2026-02-23 19:46:24,717 - INFO -   IF_DATA_Values_2019_3.csv: 68391 rows
2026-02-23 19:46:24,943 - INFO -   IF_DATA_Values_2019_6.csv: 67728 rows
2026-02-23 19:46:25,194 - INFO -   IF_DATA_Values_2019_9.csv: 67218 rows
2026-02-23 19:46:25,380 - INFO -   IF_DATA_Values_2020_12.csv: 67964 rows
2026-02-23 19:46:25,615 - INFO -   IF_DATA_Values_2020_3.csv: 66300 rows
2026-02-23 19:46:25,784 - INFO -   IF_DATA_Values_2020_6.csv: 67392 rows
2026-02-23 19:46:26,007 - INFO -   IF_DATA_Values_2020_9.csv: 67756 rows
2026-02-23 19:46:26,193 - INFO -   IF_DATA_Values_2021_12.csv: 68172 rows
2026-02-23 19:46:26,357 - INFO -   IF_DATA_Values_2021_3.csv: 68016 rows
2026-02-23 19:46:26,542 - INFO -   IF_DATA_Values_2021_6.csv: 68224 rows
2026-02-23 19:46:26,737 - INFO -   IF_DATA_Values_2021_9.csv: 68120 rows
2026-02-23 19:46:26,907 - INFO -   IF_DATA_Values_2022_12.csv: 69888 rows
2026-02-23 19:46:27,151 - INFO -   IF_DATA_Values_2022_3.csv: 68744 rows
2026-02-23 19:46:27,328 - INFO -   IF_DATA_Values_2022_6.csv: 69108 rows
2026-02-23 19:46:27,523 - INFO -   IF_DATA_Values_2022_9.csv: 69368 rows
2026-02-23 19:46:27,712 - INFO -   IF_DATA_Values_2023_12.csv: 70252 rows
2026-02-23 19:46:27,936 - INFO -   IF_DATA_Values_2023_3.csv: 70252 rows
2026-02-23 19:46:28,233 - INFO -   IF_DATA_Values_2023_6.csv: 70616 rows
2026-02-23 19:46:28,463 - INFO -   IF_DATA_Values_2024_3.csv: 70668 rows
2026-02-23 19:46:28,713 - INFO -   IF_DATA_Values_2024_6.csv: 69207 rows
2026-02-23 19:46:28,971 - INFO -   IF_DATA_Values_2024_9.csv: 69615 rows
2026-02-23 19:46:35,239 - INFO - IF-Data loaded: 2,379,512 rows | 1824 institutions | 34 quarters (201603 - 202409)
2026-02-23 19:46:35,297 - INFO - Macro series loaded from c:\Users\pedro\OneDrive\Documentos\Yale\Year 3 (2024 - 2025)\Open Finance\Open-Finance\BCB\Egan_et_al_2025_Rep\raw\SGS_RAW\macro_series_full.csv (4836 days)
2026-02-23 19:46:35,310 - INFO - Loading conglomerate mapping from 108 List files ...
2026-02-23 19:46:37,487 - INFO - Conglomerate mapping loaded: 108,996 CNPJ-month obs | 1738 unique CNPJs | 726 conglomerates
2026-02-23 19:46:37,492 - INFO - Loading 29 COSIF processed files ...
2026-02-23 19:46:39,131 - INFO - COSIF loaded: 169,210 rows | 1851 institutions
2026-02-23 19:46:39,255 - INFO - COSIF-conglomerate merge: 49,508 rows | 434 conglomerates
2026-02-23 19:46:39,302 - INFO - COSIF conglomerate panel: 8,512 obs | 430 conglomerates | 36 quarters
2026-02-23 19:46:39,302 - INFO - ==================================================
2026-02-23 19:46:39,302 - INFO - Building Egan et al. (2025) panel ...
2026-02-23 19:46:39,302 - INFO - ==================================================
2026-02-23 19:46:39,302 - INFO - Mapping IF-Data CodInst to prudential conglomerates ...
2026-02-23 19:46:40,302 - INFO - Deposit panel: 207,169 obs | 1809 conglomerates | 5 types
2026-02-23 19:46:40,552 - INFO - Cost panel: 46,162 conglomerate-quarter obs
2026-02-23 19:46:40,613 - INFO - Quarterly macro rates computed: 52 quarters
2026-02-23 19:46:40,856 - INFO - COSIF rate coverage: 17,928 / 207,169 obs have COSIF implicit rates
2026-02-23 19:46:40,869 - INFO - Winsorised 2,200 implicit_funding_rate_ifdata values > 0.5 to NaN.
2026-02-23 19:46:41,151 - INFO - Panel complete: 207,169 obs | 1809 conglomerates | 34 quarters | 5 deposit types
2026-02-23 19:46:44,526 - INFO - Panel saved to c:\Users\pedro\OneDrive\Documentos\Yale\Year 3 (2024 - 2025)\Open Finance\Open-Finance\BCB\Egan_et_al_2025_Rep\processed\PANEL_INTERMED\egan_panel_deposits.csv
2026-02-23 19:46:44,568 - INFO - Quarterly macro rates computed: 52 quarters
2026-02-23 19:46:44,574 - INFO - Quarterly macro rates saved to c:\Users\pedro\OneDrive\Documentos\Yale\Year 3 (2024 - 2025)\Open Finance\Open-Finance\BCB\Egan_et_al_2025_Rep\processed\PANEL_INTERMED\quarterly_macro_rates.csv
2026-02-23 19:46:44,702 - INFO - Script completed successfully.
2026-02-23 19:51:36,149 - INFO - ============================================================
2026-02-23 19:51:36,149 - INFO - Starting Egan et al. (2025) Panel Construction
2026-02-23 19:51:36,149 - INFO - ============================================================
2026-02-23 19:51:36,149 - INFO - Loading 34 IF-Data files from C:\Users\pedro\OneDrive\Documentos\Yale\Year 3 (2024 - 2025)\Open Finance\Open-Finance\BCB\IF Data\Prudential Conglomerates
2026-02-23 19:51:36,448 - INFO -   IF_DATA_Values_2016_12.csv: 73950 rows
2026-02-23 19:51:36,749 - INFO -   IF_DATA_Values_2016_3.csv: 76398 rows
2026-02-23 19:51:37,064 - INFO -   IF_DATA_Values_2016_6.csv: 75837 rows
2026-02-23 19:51:37,362 - INFO -   IF_DATA_Values_2016_9.csv: 75021 rows
2026-02-23 19:51:37,671 - INFO -   IF_DATA_Values_2017_12.csv: 71145 rows
2026-02-23 19:51:38,004 - INFO -   IF_DATA_Values_2017_3.csv: 73389 rows
2026-02-23 19:51:38,283 - INFO -   IF_DATA_Values_2017_6.csv: 72675 rows
2026-02-23 19:51:38,480 - INFO -   IF_DATA_Values_2017_9.csv: 71910 rows
2026-02-23 19:51:38,879 - INFO -   IF_DATA_Values_2018_12.csv: 69054 rows
2026-02-23 19:51:39,080 - INFO -   IF_DATA_Values_2018_3.csv: 70941 rows
2026-02-23 19:51:39,404 - INFO -   IF_DATA_Values_2018_6.csv: 70278 rows
2026-02-23 19:51:39,678 - INFO -   IF_DATA_Values_2018_9.csv: 69411 rows
2026-02-23 19:51:39,957 - INFO -   IF_DATA_Values_2019_12.csv: 66504 rows
2026-02-23 19:51:40,182 - INFO -   IF_DATA_Values_2019_3.csv: 68391 rows
2026-02-23 19:51:40,499 - INFO -   IF_DATA_Values_2019_6.csv: 67728 rows
2026-02-23 19:51:40,686 - INFO -   IF_DATA_Values_2019_9.csv: 67218 rows
2026-02-23 19:51:40,886 - INFO -   IF_DATA_Values_2020_12.csv: 67964 rows
2026-02-23 19:51:41,083 - INFO -   IF_DATA_Values_2020_3.csv: 66300 rows
2026-02-23 19:51:41,255 - INFO -   IF_DATA_Values_2020_6.csv: 67392 rows
2026-02-23 19:51:41,473 - INFO -   IF_DATA_Values_2020_9.csv: 67756 rows
2026-02-23 19:51:41,684 - INFO -   IF_DATA_Values_2021_12.csv: 68172 rows
2026-02-23 19:51:41,911 - INFO -   IF_DATA_Values_2021_3.csv: 68016 rows
2026-02-23 19:51:42,180 - INFO -   IF_DATA_Values_2021_6.csv: 68224 rows
2026-02-23 19:51:42,446 - INFO -   IF_DATA_Values_2021_9.csv: 68120 rows
2026-02-23 19:51:42,665 - INFO -   IF_DATA_Values_2022_12.csv: 69888 rows
2026-02-23 19:51:42,842 - INFO -   IF_DATA_Values_2022_3.csv: 68744 rows
2026-02-23 19:51:43,129 - INFO -   IF_DATA_Values_2022_6.csv: 69108 rows
2026-02-23 19:51:43,389 - INFO -   IF_DATA_Values_2022_9.csv: 69368 rows
2026-02-23 19:51:43,613 - INFO -   IF_DATA_Values_2023_12.csv: 70252 rows
2026-02-23 19:51:43,831 - INFO -   IF_DATA_Values_2023_3.csv: 70252 rows
2026-02-23 19:51:44,046 - INFO -   IF_DATA_Values_2023_6.csv: 70616 rows
2026-02-23 19:51:44,233 - INFO -   IF_DATA_Values_2024_3.csv: 70668 rows
2026-02-23 19:51:44,417 - INFO -   IF_DATA_Values_2024_6.csv: 69207 rows
2026-02-23 19:51:44,607 - INFO -   IF_DATA_Values_2024_9.csv: 69615 rows
2026-02-23 19:51:48,295 - INFO - IF-Data loaded: 2,379,512 rows | 1824 institutions | 34 quarters (201603 - 202409)
2026-02-23 19:51:48,360 - INFO - Macro series loaded from C:\Users\pedro\OneDrive\Documentos\Yale\Year 3 (2024 - 2025)\Open Finance\Open-Finance\BCB\Egan_et_al_2025_Rep\raw\SGS_RAW\macro_series_full.csv (4836 days)
2026-02-23 19:51:48,362 - INFO - Loading conglomerate mapping from 108 List files ...
2026-02-23 19:51:50,965 - INFO - Conglomerate mapping loaded: 108,996 CNPJ-month obs | 1738 unique CNPJs | 726 conglomerates
2026-02-23 19:51:50,968 - INFO - Loading 29 COSIF processed files ...
2026-02-23 19:51:52,452 - INFO - COSIF loaded: 169,210 rows | 1851 institutions
2026-02-23 19:51:52,595 - INFO - COSIF-conglomerate merge: 49,508 rows | 434 conglomerates
2026-02-23 19:51:52,643 - INFO - COSIF conglomerate panel: 8,512 obs | 430 conglomerates | 36 quarters
2026-02-23 19:51:52,647 - INFO - ==================================================
2026-02-23 19:51:52,647 - INFO - Building Egan et al. (2025) panel ...
2026-02-23 19:51:52,647 - INFO - ==================================================
2026-02-23 19:51:52,648 - INFO - Mapping IF-Data CodInst to prudential conglomerates ...
2026-02-23 19:51:53,597 - INFO - Deposit panel: 207,169 obs | 1809 conglomerates | 5 types
2026-02-23 19:51:53,797 - INFO - Cost panel: 46,162 conglomerate-quarter obs
2026-02-23 19:51:53,846 - INFO - Quarterly macro rates computed: 52 quarters
2026-02-23 19:51:54,039 - INFO - COSIF rate coverage: 17,928 / 207,169 obs have COSIF implicit rates
2026-02-23 19:51:54,049 - INFO - Winsorised 2,200 implicit_funding_rate_ifdata values > 0.5 to NaN.
2026-02-23 19:51:54,259 - INFO - Panel complete: 207,169 obs | 1809 conglomerates | 34 quarters | 5 deposit types
2026-02-23 19:51:56,900 - INFO - Panel saved to C:\Users\pedro\OneDrive\Documentos\Yale\Year 3 (2024 - 2025)\Open Finance\Open-Finance\BCB\Egan_et_al_2025_Rep\processed\PANEL_INTERMED\egan_panel_deposits.csv
2026-02-23 19:51:56,932 - INFO - Quarterly macro rates computed: 52 quarters
2026-02-23 19:51:56,941 - INFO - Quarterly macro rates saved to C:\Users\pedro\OneDrive\Documentos\Yale\Year 3 (2024 - 2025)\Open Finance\Open-Finance\BCB\Egan_et_al_2025_Rep\processed\PANEL_INTERMED\quarterly_macro_rates.csv
2026-02-23 19:51:57,062 - INFO - Script completed successfully.
2026-02-23 19:56:54,177 - INFO - ============================================================
2026-02-23 19:56:54,177 - INFO - Starting Egan et al. (2025) Panel Construction
2026-02-23 19:56:54,178 - INFO - ============================================================
2026-02-23 19:56:54,178 - INFO - Loading 34 IF-Data files from c:\Users\pedro\OneDrive\Documentos\Yale\Year 3 (2024 - 2025)\Open Finance\Open-Finance\BCB\IF Data\Prudential Conglomerates
2026-02-23 19:56:54,539 - INFO -   IF_DATA_Values_2016_12.csv: 73950 rows
2026-02-23 19:56:54,899 - INFO -   IF_DATA_Values_2016_3.csv: 76398 rows
2026-02-23 19:56:55,305 - INFO -   IF_DATA_Values_2016_6.csv: 75837 rows
2026-02-23 19:56:55,701 - INFO -   IF_DATA_Values_2016_9.csv: 75021 rows
2026-02-23 19:56:56,046 - INFO -   IF_DATA_Values_2017_12.csv: 71145 rows
2026-02-23 19:56:56,446 - INFO -   IF_DATA_Values_2017_3.csv: 73389 rows
2026-02-23 19:56:56,856 - INFO -   IF_DATA_Values_2017_6.csv: 72675 rows
2026-02-23 19:56:57,297 - INFO -   IF_DATA_Values_2017_9.csv: 71910 rows
2026-02-23 19:56:57,744 - INFO -   IF_DATA_Values_2018_12.csv: 69054 rows
2026-02-23 19:56:58,074 - INFO -   IF_DATA_Values_2018_3.csv: 70941 rows
2026-02-23 19:56:58,504 - INFO -   IF_DATA_Values_2018_6.csv: 70278 rows
2026-02-23 19:56:58,949 - INFO -   IF_DATA_Values_2018_9.csv: 69411 rows
2026-02-23 19:56:59,361 - INFO -   IF_DATA_Values_2019_12.csv: 66504 rows
2026-02-23 19:56:59,779 - INFO -   IF_DATA_Values_2019_3.csv: 68391 rows
2026-02-23 19:57:00,114 - INFO -   IF_DATA_Values_2019_6.csv: 67728 rows
2026-02-23 19:57:00,389 - INFO -   IF_DATA_Values_2019_9.csv: 67218 rows
2026-02-23 19:57:00,623 - INFO -   IF_DATA_Values_2020_12.csv: 67964 rows
2026-02-23 19:57:00,845 - INFO -   IF_DATA_Values_2020_3.csv: 66300 rows
2026-02-23 19:57:01,052 - INFO -   IF_DATA_Values_2020_6.csv: 67392 rows
2026-02-23 19:57:01,348 - INFO -   IF_DATA_Values_2020_9.csv: 67756 rows
2026-02-23 19:57:01,631 - INFO -   IF_DATA_Values_2021_12.csv: 68172 rows
2026-02-23 19:57:01,901 - INFO -   IF_DATA_Values_2021_3.csv: 68016 rows
2026-02-23 19:57:02,146 - INFO -   IF_DATA_Values_2021_6.csv: 68224 rows
2026-02-23 19:57:02,363 - INFO -   IF_DATA_Values_2021_9.csv: 68120 rows
2026-02-23 19:57:02,568 - INFO -   IF_DATA_Values_2022_12.csv: 69888 rows
2026-02-23 19:57:02,778 - INFO -   IF_DATA_Values_2022_3.csv: 68744 rows
2026-02-23 19:57:02,990 - INFO -   IF_DATA_Values_2022_6.csv: 69108 rows
2026-02-23 19:57:03,182 - INFO -   IF_DATA_Values_2022_9.csv: 69368 rows
2026-02-23 19:57:03,378 - INFO -   IF_DATA_Values_2023_12.csv: 70252 rows
2026-02-23 19:57:03,568 - INFO -   IF_DATA_Values_2023_3.csv: 70252 rows
2026-02-23 19:57:03,773 - INFO -   IF_DATA_Values_2023_6.csv: 70616 rows
2026-02-23 19:57:03,966 - INFO -   IF_DATA_Values_2024_3.csv: 70668 rows
2026-02-23 19:57:04,166 - INFO -   IF_DATA_Values_2024_6.csv: 69207 rows
2026-02-23 19:57:04,375 - INFO -   IF_DATA_Values_2024_9.csv: 69615 rows
2026-02-23 19:57:08,381 - INFO - IF-Data loaded: 2,379,512 rows | 1824 institutions | 34 quarters (201603 - 202409)
2026-02-23 19:57:08,441 - INFO - Macro series loaded from c:\Users\pedro\OneDrive\Documentos\Yale\Year 3 (2024 - 2025)\Open Finance\Open-Finance\BCB\Egan_et_al_2025_Rep\raw\SGS_RAW\macro_series_full.csv (4836 days)
2026-02-23 19:57:08,441 - INFO - Loading conglomerate mapping from 108 List files ...
2026-02-23 19:57:10,685 - INFO - Conglomerate mapping loaded: 108,996 CNPJ-month obs | 1738 unique CNPJs | 726 conglomerates
2026-02-23 19:57:10,701 - INFO - Loading 29 COSIF processed files ...
2026-02-23 19:57:12,282 - INFO - COSIF loaded: 169,210 rows | 1851 institutions
2026-02-23 19:57:12,419 - INFO - COSIF-conglomerate merge: 49,508 rows | 434 conglomerates
2026-02-23 19:57:12,478 - INFO - COSIF conglomerate panel: 8,512 obs | 430 conglomerates | 36 quarters
2026-02-23 19:57:12,484 - INFO - ==================================================
2026-02-23 19:57:12,485 - INFO - Building Egan et al. (2025) panel ...
2026-02-23 19:57:12,485 - INFO - ==================================================
2026-02-23 19:57:12,485 - INFO - Mapping IF-Data CodInst to prudential conglomerates ...
2026-02-23 19:57:13,399 - INFO - Deposit panel: 207,169 obs | 1809 conglomerates | 5 types
2026-02-23 19:57:13,586 - INFO - Cost panel: 46,162 conglomerate-quarter obs
2026-02-23 19:57:13,615 - INFO - Quarterly macro rates computed: 52 quarters
2026-02-23 19:57:13,882 - INFO - COSIF rate coverage: 17,928 / 207,169 obs have COSIF implicit rates
2026-02-23 19:57:13,892 - INFO - Winsorised 2,200 implicit_funding_rate_ifdata values > 0.5 to NaN.
2026-02-23 19:57:14,090 - INFO - Panel complete: 207,169 obs | 1809 conglomerates | 34 quarters | 5 deposit types
2026-02-23 19:57:16,747 - INFO - Panel saved to c:\Users\pedro\OneDrive\Documentos\Yale\Year 3 (2024 - 2025)\Open Finance\Open-Finance\BCB\Egan_et_al_2025_Rep\processed\PANEL_INTERMED\egan_panel_deposits.csv
2026-02-23 19:57:16,776 - INFO - Quarterly macro rates computed: 52 quarters
2026-02-23 19:57:16,778 - INFO - Quarterly macro rates saved to c:\Users\pedro\OneDrive\Documentos\Yale\Year 3 (2024 - 2025)\Open Finance\Open-Finance\BCB\Egan_et_al_2025_Rep\processed\PANEL_INTERMED\quarterly_macro_rates.csv
2026-02-23 19:57:16,915 - INFO - Script completed successfully.
2026-02-24 13:26:34,615 - INFO - ============================================================
2026-02-24 13:26:34,615 - INFO - Starting Egan et al. (2025) Panel Construction
2026-02-24 13:26:34,615 - INFO - ============================================================
2026-02-24 13:26:34,615 - INFO - Loading 34 IF-Data files from c:\Users\pedro\OneDrive\Documentos\Yale\Year 3 (2024 - 2025)\Open Finance\Open-Finance\BCB\IF Data\Prudential Conglomerates
2026-02-24 13:26:34,835 - INFO -   IF_DATA_Values_2016_12.csv: 73950 rows
2026-02-24 13:26:35,027 - INFO -   IF_DATA_Values_2016_3.csv: 76398 rows
2026-02-24 13:26:35,211 - INFO -   IF_DATA_Values_2016_6.csv: 75837 rows
2026-02-24 13:26:35,392 - INFO -   IF_DATA_Values_2016_9.csv: 75021 rows
2026-02-24 13:26:35,582 - INFO -   IF_DATA_Values_2017_12.csv: 71145 rows
2026-02-24 13:26:35,764 - INFO -   IF_DATA_Values_2017_3.csv: 73389 rows
2026-02-24 13:26:35,946 - INFO -   IF_DATA_Values_2017_6.csv: 72675 rows
2026-02-24 13:26:36,235 - INFO -   IF_DATA_Values_2017_9.csv: 71910 rows
2026-02-24 13:26:36,521 - INFO -   IF_DATA_Values_2018_12.csv: 69054 rows
2026-02-24 13:26:36,702 - INFO -   IF_DATA_Values_2018_3.csv: 70941 rows
2026-02-24 13:26:36,885 - INFO -   IF_DATA_Values_2018_6.csv: 70278 rows
2026-02-24 13:26:37,070 - INFO -   IF_DATA_Values_2018_9.csv: 69411 rows
2026-02-24 13:26:37,236 - INFO -   IF_DATA_Values_2019_12.csv: 66504 rows
2026-02-24 13:26:37,408 - INFO -   IF_DATA_Values_2019_3.csv: 68391 rows
2026-02-24 13:26:37,705 - INFO -   IF_DATA_Values_2019_6.csv: 67728 rows
2026-02-24 13:26:37,961 - INFO -   IF_DATA_Values_2019_9.csv: 67218 rows
2026-02-24 13:26:38,249 - INFO -   IF_DATA_Values_2020_12.csv: 67964 rows
2026-02-24 13:26:38,407 - INFO -   IF_DATA_Values_2020_3.csv: 66300 rows
2026-02-24 13:26:38,569 - INFO -   IF_DATA_Values_2020_6.csv: 67392 rows
2026-02-24 13:26:38,737 - INFO -   IF_DATA_Values_2020_9.csv: 67756 rows
2026-02-24 13:26:38,909 - INFO -   IF_DATA_Values_2021_12.csv: 68172 rows
2026-02-24 13:26:39,073 - INFO -   IF_DATA_Values_2021_3.csv: 68016 rows
2026-02-24 13:26:39,239 - INFO -   IF_DATA_Values_2021_6.csv: 68224 rows
2026-02-24 13:26:39,396 - INFO -   IF_DATA_Values_2021_9.csv: 68120 rows
2026-02-24 13:26:39,594 - INFO -   IF_DATA_Values_2022_12.csv: 69888 rows
2026-02-24 13:26:39,783 - INFO -   IF_DATA_Values_2022_3.csv: 68744 rows
2026-02-24 13:26:39,962 - INFO -   IF_DATA_Values_2022_6.csv: 69108 rows
2026-02-24 13:26:40,128 - INFO -   IF_DATA_Values_2022_9.csv: 69368 rows
2026-02-24 13:26:40,301 - INFO -   IF_DATA_Values_2023_12.csv: 70252 rows
2026-02-24 13:26:40,473 - INFO -   IF_DATA_Values_2023_3.csv: 70252 rows
2026-02-24 13:26:40,646 - INFO -   IF_DATA_Values_2023_6.csv: 70616 rows
2026-02-24 13:26:40,812 - INFO -   IF_DATA_Values_2024_3.csv: 70668 rows
2026-02-24 13:26:40,988 - INFO -   IF_DATA_Values_2024_6.csv: 69207 rows
2026-02-24 13:26:41,337 - INFO -   IF_DATA_Values_2024_9.csv: 69615 rows
2026-02-24 13:26:45,442 - INFO - IF-Data loaded: 2,379,512 rows | 1824 institutions | 34 quarters (201603 - 202409)
2026-02-24 13:26:45,521 - INFO - Macro series loaded from c:\Users\pedro\OneDrive\Documentos\Yale\Year 3 (2024 - 2025)\Open Finance\Open-Finance\BCB\Egan_et_al_2025_Rep\raw\SGS_RAW\macro_series_full.csv (4836 days)
2026-02-24 13:26:45,532 - INFO - Loading conglomerate mapping from 108 List files ...
2026-02-24 13:26:47,389 - INFO - Conglomerate mapping loaded: 108,996 CNPJ-month obs | 1738 unique CNPJs | 726 conglomerates
2026-02-24 13:26:47,393 - INFO - Loading 29 COSIF processed files ...
2026-02-24 13:26:48,640 - INFO - COSIF loaded: 169,210 rows | 1851 institutions
2026-02-24 13:26:48,772 - INFO - COSIF-conglomerate merge: 49,508 rows | 434 conglomerates
2026-02-24 13:26:48,807 - INFO - COSIF conglomerate panel: 8,512 obs | 430 conglomerates | 36 quarters
2026-02-24 13:26:48,811 - INFO - ==================================================
2026-02-24 13:26:48,811 - INFO - Building Egan et al. (2025) panel ...
2026-02-24 13:26:48,811 - INFO - ==================================================
2026-02-24 13:26:48,811 - INFO - Mapping IF-Data CodInst to prudential conglomerates ...
2026-02-24 13:26:49,786 - INFO - Deposit panel: 207,169 obs | 1809 conglomerates | 5 types
2026-02-24 13:26:49,930 - INFO - Cost panel: 46,162 conglomerate-quarter obs
2026-02-24 13:26:49,964 - INFO - Quarterly macro rates computed: 52 quarters
2026-02-24 13:26:50,125 - INFO - COSIF rate coverage: 17,928 / 207,169 obs have COSIF implicit rates
2026-02-24 13:26:50,133 - INFO - Winsorised 2,200 implicit_funding_rate_ifdata values > 0.5 to NaN.
2026-02-24 13:26:50,323 - INFO - Panel complete: 207,169 obs | 1809 conglomerates | 34 quarters | 5 deposit types
2026-02-24 13:26:52,804 - INFO - Panel saved to c:\Users\pedro\OneDrive\Documentos\Yale\Year 3 (2024 - 2025)\Open Finance\Open-Finance\BCB\Egan_et_al_2025_Rep\processed\PANEL_INTERMED\egan_panel_deposits.csv
2026-02-24 13:26:52,836 - INFO - Quarterly macro rates computed: 52 quarters
2026-02-24 13:26:52,839 - INFO - Quarterly macro rates saved to c:\Users\pedro\OneDrive\Documentos\Yale\Year 3 (2024 - 2025)\Open Finance\Open-Finance\BCB\Egan_et_al_2025_Rep\processed\PANEL_INTERMED\quarterly_macro_rates.csv
2026-02-24 13:26:52,972 - INFO - Script completed successfully.
2026-02-24 13:59:52,489 - INFO - ============================================================
2026-02-24 13:59:52,491 - INFO - Starting Egan et al. (2025) Panel Construction
2026-02-24 13:59:52,498 - INFO - ============================================================
2026-02-24 13:59:52,509 - INFO - Loading 34 IF-Data files from C:\Users\pedro\OneDrive\Documentos\Yale\Year 3 (2024 - 2025)\Open Finance\Open-Finance\BCB\IF Data\Prudential Conglomerates
2026-02-24 13:59:53,241 - INFO -   IF_DATA_Values_2016_12.csv: 87000 rows
2026-02-24 13:59:53,694 - INFO -   IF_DATA_Values_2016_3.csv: 89880 rows
2026-02-24 13:59:54,113 - INFO -   IF_DATA_Values_2016_6.csv: 89220 rows
2026-02-24 13:59:54,547 - INFO -   IF_DATA_Values_2016_9.csv: 88260 rows
2026-02-24 13:59:55,002 - INFO -   IF_DATA_Values_2017_12.csv: 83700 rows
2026-02-24 13:59:55,440 - INFO -   IF_DATA_Values_2017_3.csv: 86340 rows
2026-02-24 13:59:55,886 - INFO -   IF_DATA_Values_2017_6.csv: 85500 rows
2026-02-24 13:59:56,348 - INFO -   IF_DATA_Values_2017_9.csv: 84600 rows
2026-02-24 13:59:56,815 - INFO -   IF_DATA_Values_2018_12.csv: 81240 rows
2026-02-24 13:59:57,256 - INFO -   IF_DATA_Values_2018_3.csv: 83460 rows
2026-02-24 13:59:57,714 - INFO -   IF_DATA_Values_2018_6.csv: 82680 rows
2026-02-24 13:59:58,148 - INFO -   IF_DATA_Values_2018_9.csv: 81660 rows
2026-02-24 13:59:58,547 - INFO -   IF_DATA_Values_2019_12.csv: 78240 rows
2026-02-24 13:59:59,012 - INFO -   IF_DATA_Values_2019_3.csv: 80460 rows
2026-02-24 13:59:59,607 - INFO -   IF_DATA_Values_2019_6.csv: 79680 rows
2026-02-24 14:00:00,141 - INFO -   IF_DATA_Values_2019_9.csv: 79080 rows
2026-02-24 14:00:00,604 - INFO -   IF_DATA_Values_2020_12.csv: 79727 rows
2026-02-24 14:00:01,138 - INFO -   IF_DATA_Values_2020_3.csv: 78000 rows
2026-02-24 14:00:01,545 - INFO -   IF_DATA_Values_2020_6.csv: 79056 rows
2026-02-24 14:00:01,963 - INFO -   IF_DATA_Values_2020_9.csv: 79483 rows
2026-02-24 14:00:02,379 - INFO -   IF_DATA_Values_2021_12.csv: 79971 rows
2026-02-24 14:00:02,792 - INFO -   IF_DATA_Values_2021_3.csv: 79788 rows
2026-02-24 14:00:03,212 - INFO -   IF_DATA_Values_2021_6.csv: 80032 rows
2026-02-24 14:00:03,658 - INFO -   IF_DATA_Values_2021_9.csv: 79910 rows
2026-02-24 14:00:04,063 - INFO -   IF_DATA_Values_2022_12.csv: 81984 rows
2026-02-24 14:00:04,480 - INFO -   IF_DATA_Values_2022_3.csv: 80642 rows
2026-02-24 14:00:05,075 - INFO -   IF_DATA_Values_2022_6.csv: 81069 rows
2026-02-24 14:00:05,538 - INFO -   IF_DATA_Values_2022_9.csv: 81374 rows
2026-02-24 14:00:06,052 - INFO -   IF_DATA_Values_2023_12.csv: 82411 rows
2026-02-24 14:00:06,596 - INFO -   IF_DATA_Values_2023_3.csv: 82411 rows
2026-02-24 14:00:07,079 - INFO -   IF_DATA_Values_2023_6.csv: 82838 rows
2026-02-24 14:00:07,588 - INFO -   IF_DATA_Values_2024_3.csv: 82899 rows
2026-02-24 14:00:08,097 - INFO -   IF_DATA_Values_2024_6.csv: 81420 rows
2026-02-24 14:00:08,649 - INFO -   IF_DATA_Values_2024_9.csv: 81900 rows
2026-02-24 14:00:19,870 - INFO - IF-Data loaded: 2,795,915 rows | 1824 institutions | 34 quarters (201603 - 202409)
2026-02-24 14:00:19,992 - INFO - Macro series loaded from C:\Users\pedro\OneDrive\Documentos\Yale\Year 3 (2024 - 2025)\Open Finance\Open-Finance\BCB\Egan_et_al_2025_Rep\raw\SGS_RAW\macro_series_full.csv (4836 days)
2026-02-24 14:00:19,998 - INFO - Loading conglomerate mapping from 108 List files ...
2026-02-24 14:00:24,641 - INFO - Conglomerate mapping loaded: 108,996 CNPJ-month obs | 1738 unique CNPJs | 726 conglomerates
2026-02-24 14:00:24,648 - INFO - Loading 29 COSIF processed files ...
2026-02-24 14:00:28,097 - INFO - COSIF loaded: 169,210 rows | 1851 institutions
2026-02-24 14:00:28,357 - INFO - COSIF-conglomerate merge: 49,508 rows | 434 conglomerates
2026-02-24 14:00:28,461 - INFO - COSIF conglomerate panel: 8,512 obs | 430 conglomerates | 36 quarters
2026-02-24 14:00:28,469 - INFO - ==================================================
2026-02-24 14:00:28,471 - INFO - Building Egan et al. (2025) panel ...
2026-02-24 14:00:28,472 - INFO - ==================================================
2026-02-24 14:00:28,474 - INFO - Mapping IF-Data CodInst to prudential conglomerates ...
2026-02-24 14:00:30,572 - INFO - Deposit panel: 207,169 obs | 1809 conglomerates | 5 types
2026-02-24 14:00:30,818 - INFO - Bank chars panel: 46,162 conglomerate×quarter obs from 1809 conglomerates
2026-02-24 14:00:32,356 - INFO - Segment panel: 1,765 entities (758 conglomerate C-codes, 1007 standalone)
2026-02-24 14:00:32,359 - INFO - Segment distribution: {'S5': 1181, 'S4': 450, 'S3': 59, 'S2': 9, 'S1': 6}
2026-02-24 14:00:32,740 - INFO - Cost panel: 46,162 conglomerate-quarter obs
2026-02-24 14:00:32,817 - INFO - Quarterly macro rates computed: 52 quarters
2026-02-24 14:00:33,214 - INFO - Bank chars coverage: 207,169 / 207,169 obs have total_assets
2026-02-24 14:00:33,338 - INFO - Segment coverage: 203,544 / 207,169 obs have segment
2026-02-24 14:00:33,486 - INFO - COSIF rate coverage: 17,928 / 207,169 obs have COSIF implicit rates
2026-02-24 14:00:33,509 - INFO - Winsorised 2,200 implicit_funding_rate_ifdata values > 0.5 to NaN.
2026-02-24 14:00:33,995 - INFO - Panel complete: 207,169 obs | 1809 conglomerates | 34 quarters | 5 deposit types
2026-02-24 14:00:42,991 - INFO - Panel saved to C:\Users\pedro\OneDrive\Documentos\Yale\Year 3 (2024 - 2025)\Open Finance\Open-Finance\BCB\Egan_et_al_2025_Rep\processed\PANEL_INTERMED\egan_panel_deposits.csv
2026-02-24 14:00:43,073 - INFO - Quarterly macro rates computed: 52 quarters
2026-02-24 14:00:43,081 - INFO - Quarterly macro rates saved to C:\Users\pedro\OneDrive\Documentos\Yale\Year 3 (2024 - 2025)\Open Finance\Open-Finance\BCB\Egan_et_al_2025_Rep\processed\PANEL_INTERMED\quarterly_macro_rates.csv
2026-02-24 14:00:43,347 - INFO - Script completed successfully.
2026-02-24 14:06:53,501 - INFO - ============================================================
2026-02-24 14:06:53,502 - INFO - Starting Egan et al. (2025) Panel Construction
2026-02-24 14:06:53,502 - INFO - ============================================================
2026-02-24 14:06:53,504 - INFO - Loading 34 IF-Data files from c:\Users\pedro\OneDrive\Documentos\Yale\Year 3 (2024 - 2025)\Open Finance\Open-Finance\BCB\IF Data\Prudential Conglomerates
2026-02-24 14:06:53,726 - INFO -   IF_DATA_Values_2016_12.csv: 87000 rows
2026-02-24 14:06:53,913 - INFO -   IF_DATA_Values_2016_3.csv: 89880 rows
2026-02-24 14:06:54,105 - INFO -   IF_DATA_Values_2016_6.csv: 89220 rows
2026-02-24 14:06:54,293 - INFO -   IF_DATA_Values_2016_9.csv: 88260 rows
2026-02-24 14:06:54,474 - INFO -   IF_DATA_Values_2017_12.csv: 83700 rows
2026-02-24 14:06:54,657 - INFO -   IF_DATA_Values_2017_3.csv: 86340 rows
2026-02-24 14:06:54,832 - INFO -   IF_DATA_Values_2017_6.csv: 85500 rows
2026-02-24 14:06:55,022 - INFO -   IF_DATA_Values_2017_9.csv: 84600 rows
2026-02-24 14:06:55,220 - INFO -   IF_DATA_Values_2018_12.csv: 81240 rows
2026-02-24 14:06:55,455 - INFO -   IF_DATA_Values_2018_3.csv: 83460 rows
2026-02-24 14:06:55,735 - INFO -   IF_DATA_Values_2018_6.csv: 82680 rows
2026-02-24 14:06:56,045 - INFO -   IF_DATA_Values_2018_9.csv: 81660 rows
2026-02-24 14:06:56,276 - INFO -   IF_DATA_Values_2019_12.csv: 78240 rows
2026-02-24 14:06:56,569 - INFO -   IF_DATA_Values_2019_3.csv: 80460 rows
2026-02-24 14:06:56,876 - INFO -   IF_DATA_Values_2019_6.csv: 79680 rows
2026-02-24 14:06:57,159 - INFO -   IF_DATA_Values_2019_9.csv: 79080 rows
2026-02-24 14:06:57,449 - INFO -   IF_DATA_Values_2020_12.csv: 79727 rows
2026-02-24 14:06:57,730 - INFO -   IF_DATA_Values_2020_3.csv: 78000 rows
2026-02-24 14:06:57,977 - INFO -   IF_DATA_Values_2020_6.csv: 79056 rows
2026-02-24 14:06:58,270 - INFO -   IF_DATA_Values_2020_9.csv: 79483 rows
2026-02-24 14:06:58,516 - INFO -   IF_DATA_Values_2021_12.csv: 79971 rows
2026-02-24 14:06:58,898 - INFO -   IF_DATA_Values_2021_3.csv: 79788 rows
2026-02-24 14:06:59,187 - INFO -   IF_DATA_Values_2021_6.csv: 80032 rows
2026-02-24 14:06:59,453 - INFO -   IF_DATA_Values_2021_9.csv: 79910 rows
2026-02-24 14:06:59,689 - INFO -   IF_DATA_Values_2022_12.csv: 81984 rows
2026-02-24 14:06:59,937 - INFO -   IF_DATA_Values_2022_3.csv: 80642 rows
2026-02-24 14:07:00,200 - INFO -   IF_DATA_Values_2022_6.csv: 81069 rows
2026-02-24 14:07:00,432 - INFO -   IF_DATA_Values_2022_9.csv: 81374 rows
2026-02-24 14:07:00,660 - INFO -   IF_DATA_Values_2023_12.csv: 82411 rows
2026-02-24 14:07:00,935 - INFO -   IF_DATA_Values_2023_3.csv: 82411 rows
2026-02-24 14:07:01,153 - INFO -   IF_DATA_Values_2023_6.csv: 82838 rows
2026-02-24 14:07:01,397 - INFO -   IF_DATA_Values_2024_3.csv: 82899 rows
2026-02-24 14:07:01,653 - INFO -   IF_DATA_Values_2024_6.csv: 81420 rows
2026-02-24 14:07:01,911 - INFO -   IF_DATA_Values_2024_9.csv: 81900 rows
2026-02-24 14:07:07,593 - INFO - IF-Data loaded: 2,795,915 rows | 1824 institutions | 34 quarters (201603 - 202409)
2026-02-24 14:07:07,704 - INFO - Macro series loaded from c:\Users\pedro\OneDrive\Documentos\Yale\Year 3 (2024 - 2025)\Open Finance\Open-Finance\BCB\Egan_et_al_2025_Rep\raw\SGS_RAW\macro_series_full.csv (4836 days)
2026-02-24 14:07:07,711 - INFO - Loading conglomerate mapping from 108 List files ...
2026-02-24 14:07:13,131 - INFO - Conglomerate mapping loaded: 108,996 CNPJ-month obs | 1738 unique CNPJs | 726 conglomerates
2026-02-24 14:07:13,140 - INFO - Loading 29 COSIF processed files ...
2026-02-24 14:07:16,953 - INFO - COSIF loaded: 169,210 rows | 1851 institutions
2026-02-24 14:07:17,208 - INFO - COSIF-conglomerate merge: 49,508 rows | 434 conglomerates
2026-02-24 14:07:17,338 - INFO - COSIF conglomerate panel: 8,512 obs | 430 conglomerates | 36 quarters
2026-02-24 14:07:17,345 - INFO - ==================================================
2026-02-24 14:07:17,347 - INFO - Building Egan et al. (2025) panel ...
2026-02-24 14:07:17,348 - INFO - ==================================================
2026-02-24 14:07:17,349 - INFO - Mapping IF-Data CodInst to prudential conglomerates ...
2026-02-24 14:07:19,180 - INFO - Deposit panel: 207,169 obs | 1809 conglomerates | 5 types
2026-02-24 14:07:19,402 - INFO - Bank chars panel: 46,162 conglomerate×quarter obs from 1809 conglomerates
2026-02-24 14:07:21,041 - INFO - Segment panel: 1,765 entities (758 conglomerate C-codes, 1007 standalone)
2026-02-24 14:07:21,046 - INFO - Segment distribution: {'S5': 1181, 'S4': 450, 'S3': 59, 'S2': 9, 'S1': 6}
2026-02-24 14:07:21,457 - INFO - Cost panel: 46,162 conglomerate-quarter obs
2026-02-24 14:07:21,590 - INFO - Quarterly macro rates computed: 52 quarters
2026-02-24 14:07:22,112 - INFO - Bank chars coverage: 207,169 / 207,169 obs have total_assets
2026-02-24 14:07:22,281 - INFO - Segment coverage: 203,544 / 207,169 obs have segment
2026-02-24 14:07:22,521 - INFO - COSIF rate coverage: 17,928 / 207,169 obs have COSIF implicit rates
2026-02-24 14:07:22,545 - INFO - Winsorised 2,200 implicit_funding_rate_ifdata values > 0.5 to NaN.
2026-02-24 14:07:23,127 - INFO - Panel complete: 207,169 obs | 1809 conglomerates | 34 quarters | 5 deposit types
2026-02-24 14:07:33,777 - INFO - Panel saved to c:\Users\pedro\OneDrive\Documentos\Yale\Year 3 (2024 - 2025)\Open Finance\Open-Finance\BCB\Egan_et_al_2025_Rep\processed\PANEL_INTERMED\egan_panel_deposits.csv
2026-02-24 14:07:33,886 - INFO - Quarterly macro rates computed: 52 quarters
2026-02-24 14:07:33,892 - INFO - Quarterly macro rates saved to c:\Users\pedro\OneDrive\Documentos\Yale\Year 3 (2024 - 2025)\Open Finance\Open-Finance\BCB\Egan_et_al_2025_Rep\processed\PANEL_INTERMED\quarterly_macro_rates.csv
2026-02-24 14:07:34,184 - INFO - Script completed successfully.
2026-02-24 21:09:01,556 - INFO - ============================================================
2026-02-24 21:09:01,560 - INFO - Starting Egan et al. (2025) Panel Construction
2026-02-24 21:09:01,560 - INFO - ============================================================
2026-02-24 21:09:01,563 - INFO - Loading 34 IF-Data files from C:\Users\pedro\OneDrive\Documentos\Yale\Year 3 (2024 - 2025)\Open Finance\Open-Finance\BCB\IF Data\Prudential Conglomerates
2026-02-24 21:09:02,074 - INFO -   IF_DATA_Values_2016_12.csv: 87000 rows
2026-02-24 21:09:02,650 - INFO -   IF_DATA_Values_2016_3.csv: 89880 rows
2026-02-24 21:09:03,291 - INFO -   IF_DATA_Values_2016_6.csv: 89220 rows
2026-02-24 21:09:03,676 - INFO -   IF_DATA_Values_2016_9.csv: 88260 rows
2026-02-24 21:09:04,173 - INFO -   IF_DATA_Values_2017_12.csv: 83700 rows
2026-02-24 21:09:04,572 - INFO -   IF_DATA_Values_2017_3.csv: 86340 rows
2026-02-24 21:09:04,999 - INFO -   IF_DATA_Values_2017_6.csv: 85500 rows
2026-02-24 21:09:05,411 - INFO -   IF_DATA_Values_2017_9.csv: 84600 rows
2026-02-24 21:09:05,776 - INFO -   IF_DATA_Values_2018_12.csv: 81240 rows
2026-02-24 21:09:06,279 - INFO -   IF_DATA_Values_2018_3.csv: 83460 rows
2026-02-24 21:09:06,720 - INFO -   IF_DATA_Values_2018_6.csv: 82680 rows
2026-02-24 21:09:07,246 - INFO -   IF_DATA_Values_2018_9.csv: 81660 rows
2026-02-24 21:09:07,585 - INFO -   IF_DATA_Values_2019_12.csv: 78240 rows
2026-02-24 21:09:07,983 - INFO -   IF_DATA_Values_2019_3.csv: 80460 rows
2026-02-24 21:09:08,416 - INFO -   IF_DATA_Values_2019_6.csv: 79680 rows
2026-02-24 21:09:08,978 - INFO -   IF_DATA_Values_2019_9.csv: 79080 rows
2026-02-24 21:09:09,425 - INFO -   IF_DATA_Values_2020_12.csv: 79727 rows
2026-02-24 21:09:09,840 - INFO -   IF_DATA_Values_2020_3.csv: 78000 rows
2026-02-24 21:09:10,533 - INFO -   IF_DATA_Values_2020_6.csv: 79056 rows
2026-02-24 21:09:11,174 - INFO -   IF_DATA_Values_2020_9.csv: 79483 rows
2026-02-24 21:09:11,810 - INFO -   IF_DATA_Values_2021_12.csv: 79971 rows
2026-02-24 21:09:12,233 - INFO -   IF_DATA_Values_2021_3.csv: 79788 rows
2026-02-24 21:09:12,693 - INFO -   IF_DATA_Values_2021_6.csv: 80032 rows
2026-02-24 21:09:13,031 - INFO -   IF_DATA_Values_2021_9.csv: 79910 rows
2026-02-24 21:09:13,451 - INFO -   IF_DATA_Values_2022_12.csv: 81984 rows
2026-02-24 21:09:13,800 - INFO -   IF_DATA_Values_2022_3.csv: 80642 rows
2026-02-24 21:09:14,152 - INFO -   IF_DATA_Values_2022_6.csv: 81069 rows
2026-02-24 21:09:14,738 - INFO -   IF_DATA_Values_2022_9.csv: 81374 rows
2026-02-24 21:09:15,524 - INFO -   IF_DATA_Values_2023_12.csv: 82411 rows
2026-02-24 21:09:16,079 - INFO -   IF_DATA_Values_2023_3.csv: 82411 rows
2026-02-24 21:09:16,932 - INFO -   IF_DATA_Values_2023_6.csv: 82838 rows
2026-02-24 21:09:17,840 - INFO -   IF_DATA_Values_2024_3.csv: 82899 rows
2026-02-24 21:09:18,872 - INFO -   IF_DATA_Values_2024_6.csv: 81420 rows
2026-02-24 21:09:19,588 - INFO -   IF_DATA_Values_2024_9.csv: 81900 rows
2026-02-24 21:09:32,619 - INFO - IF-Data loaded: 2,795,915 rows | 1824 institutions | 34 quarters (201603 - 202409)
2026-02-24 21:09:32,878 - INFO - Macro series loaded from C:\Users\pedro\OneDrive\Documentos\Yale\Year 3 (2024 - 2025)\Open Finance\Open-Finance\BCB\Egan_et_al_2025_Rep\raw\SGS_RAW\macro_series_full.csv (4836 days)
2026-02-24 21:09:32,890 - INFO - Loading conglomerate mapping from 108 List files ...
2026-02-24 21:09:42,464 - INFO - Conglomerate mapping loaded: 209,585 CNPJ-month obs | 2876 unique CNPJs | 726 conglomerates + 1145 standalones
2026-02-24 21:09:42,488 - INFO - Loading 29 COSIF processed files ...
2026-02-24 21:09:48,303 - INFO - COSIF loaded: 169,210 rows | 1851 institutions
2026-02-24 21:09:48,890 - INFO - COSIF separation: 145,924 institution-level rows kept, 23,286 pre-aggregated rows excluded (avoid double-counting)
2026-02-24 21:09:49,585 - INFO - Fallback mapping added 1,419 rows for 167 CNPJs outside List date range
2026-02-24 21:09:49,729 - INFO - COSIF-conglomerate merge: 111,367 rows | 458 conglomerates + 1076 standalones
2026-02-24 21:09:50,067 - INFO - COSIF conglomerate panel: 35,167 obs | 1516 conglomerates | 51 quarters
2026-02-24 21:09:50,095 - INFO - ==================================================
2026-02-24 21:09:50,095 - INFO - Building Egan et al. (2025) panel ...
2026-02-24 21:09:50,095 - INFO - ==================================================
2026-02-24 21:09:50,095 - INFO - Mapping IF-Data CodInst to prudential conglomerates ...
2026-02-24 21:09:53,637 - INFO - Deposit panel: 207,169 obs | 1809 conglomerates | 5 types
2026-02-24 21:09:53,916 - INFO - Bank chars panel: 46,162 conglomerate×quarter obs from 1809 conglomerates
2026-02-24 21:09:56,115 - INFO - Segment panel: 1,765 entities (758 conglomerate C-codes, 1007 standalone)
2026-02-24 21:09:56,121 - INFO - Segment distribution: {'S5': 1181, 'S4': 450, 'S3': 59, 'S2': 9, 'S1': 6}
2026-02-24 21:09:56,773 - INFO - Cost panel: 46,162 conglomerate-quarter obs
2026-02-24 21:09:56,968 - INFO - Quarterly macro rates computed: 52 quarters
2026-02-24 21:09:57,585 - INFO - Bank chars coverage: 207,169 / 207,169 obs have total_assets
2026-02-24 21:09:57,825 - INFO - Segment coverage: 203,544 / 207,169 obs have segment
2026-02-24 21:09:58,220 - INFO - COSIF rate coverage: 111,417 / 207,169 obs have COSIF implicit rates
2026-02-24 21:09:58,255 - INFO - Winsorised 2,200 implicit_funding_rate_ifdata values > 0.5 to NaN.
2026-02-24 21:09:59,276 - INFO - Panel complete: 207,169 obs | 1809 conglomerates | 34 quarters | 5 deposit types
2026-02-24 21:10:21,653 - INFO - Panel saved to C:\Users\pedro\OneDrive\Documentos\Yale\Year 3 (2024 - 2025)\Open Finance\Open-Finance\BCB\Egan_et_al_2025_Rep\processed\PANEL_INTERMED\egan_panel_deposits.csv
2026-02-24 21:10:21,892 - INFO - Quarterly macro rates computed: 52 quarters
2026-02-24 21:10:21,899 - INFO - Quarterly macro rates saved to C:\Users\pedro\OneDrive\Documentos\Yale\Year 3 (2024 - 2025)\Open Finance\Open-Finance\BCB\Egan_et_al_2025_Rep\processed\PANEL_INTERMED\quarterly_macro_rates.csv
2026-02-24 21:10:22,413 - INFO - Script completed successfully.
2026-02-24 21:53:35,371 - INFO - ============================================================
2026-02-24 21:53:35,371 - INFO - Starting Egan et al. (2025) Panel Construction
2026-02-24 21:53:35,377 - INFO - ============================================================
2026-02-24 21:53:35,377 - INFO - Loading 34 IF-Data files from C:\Users\pedro\OneDrive\Documentos\Yale\Year 3 (2024 - 2025)\Open Finance\Open-Finance\BCB\IF Data\Prudential Conglomerates
2026-02-24 21:53:35,704 - INFO -   IF_DATA_Values_2016_12.csv: 87000 rows
2026-02-24 21:53:36,029 - INFO -   IF_DATA_Values_2016_3.csv: 89880 rows
2026-02-24 21:53:36,449 - INFO -   IF_DATA_Values_2016_6.csv: 89220 rows
2026-02-24 21:53:36,887 - INFO -   IF_DATA_Values_2016_9.csv: 88260 rows
2026-02-24 21:53:37,305 - INFO -   IF_DATA_Values_2017_12.csv: 83700 rows
2026-02-24 21:53:37,698 - INFO -   IF_DATA_Values_2017_3.csv: 86340 rows
2026-02-24 21:53:38,077 - INFO -   IF_DATA_Values_2017_6.csv: 85500 rows
2026-02-24 21:53:38,478 - INFO -   IF_DATA_Values_2017_9.csv: 84600 rows
2026-02-24 21:53:38,885 - INFO -   IF_DATA_Values_2018_12.csv: 81240 rows
2026-02-24 21:53:39,330 - INFO -   IF_DATA_Values_2018_3.csv: 83460 rows
2026-02-24 21:53:39,747 - INFO -   IF_DATA_Values_2018_6.csv: 82680 rows
2026-02-24 21:53:40,135 - INFO -   IF_DATA_Values_2018_9.csv: 81660 rows
2026-02-24 21:53:40,460 - INFO -   IF_DATA_Values_2019_12.csv: 78240 rows
2026-02-24 21:53:40,792 - INFO -   IF_DATA_Values_2019_3.csv: 80460 rows
2026-02-24 21:53:41,125 - INFO -   IF_DATA_Values_2019_6.csv: 79680 rows
2026-02-24 21:53:41,477 - INFO -   IF_DATA_Values_2019_9.csv: 79080 rows
2026-02-24 21:53:41,820 - INFO -   IF_DATA_Values_2020_12.csv: 79727 rows
2026-02-24 21:53:42,144 - INFO -   IF_DATA_Values_2020_3.csv: 78000 rows
2026-02-24 21:53:42,452 - INFO -   IF_DATA_Values_2020_6.csv: 79056 rows
2026-02-24 21:53:42,788 - INFO -   IF_DATA_Values_2020_9.csv: 79483 rows
2026-02-24 21:53:43,202 - INFO -   IF_DATA_Values_2021_12.csv: 79971 rows
2026-02-24 21:53:43,693 - INFO -   IF_DATA_Values_2021_3.csv: 79788 rows
2026-02-24 21:53:44,254 - INFO -   IF_DATA_Values_2021_6.csv: 80032 rows
2026-02-24 21:53:44,772 - INFO -   IF_DATA_Values_2021_9.csv: 79910 rows
2026-02-24 21:53:45,240 - INFO -   IF_DATA_Values_2022_12.csv: 81984 rows
2026-02-24 21:53:45,672 - INFO -   IF_DATA_Values_2022_3.csv: 80642 rows
2026-02-24 21:53:46,259 - INFO -   IF_DATA_Values_2022_6.csv: 81069 rows
2026-02-24 21:53:46,866 - INFO -   IF_DATA_Values_2022_9.csv: 81374 rows
2026-02-24 21:53:47,421 - INFO -   IF_DATA_Values_2023_12.csv: 82411 rows
2026-02-24 21:53:47,920 - INFO -   IF_DATA_Values_2023_3.csv: 82411 rows
2026-02-24 21:53:48,356 - INFO -   IF_DATA_Values_2023_6.csv: 82838 rows
2026-02-24 21:53:48,796 - INFO -   IF_DATA_Values_2024_3.csv: 82899 rows
2026-02-24 21:53:49,210 - INFO -   IF_DATA_Values_2024_6.csv: 81420 rows
2026-02-24 21:53:49,608 - INFO -   IF_DATA_Values_2024_9.csv: 81900 rows
2026-02-24 21:53:57,817 - INFO - IF-Data loaded: 2,795,915 rows | 1824 institutions | 34 quarters (201603 - 202409)
2026-02-24 21:53:57,934 - INFO - Macro series loaded from C:\Users\pedro\OneDrive\Documentos\Yale\Year 3 (2024 - 2025)\Open Finance\Open-Finance\BCB\Egan_et_al_2025_Rep\raw\SGS_RAW\macro_series_full.csv (4836 days)
2026-02-24 21:53:57,945 - INFO - Loading conglomerate mapping from 108 List files ...
2026-02-24 21:54:02,889 - INFO - Conglomerate mapping loaded: 209,585 CNPJ-month obs | 2876 unique CNPJs | 726 conglomerates + 1145 standalones
2026-02-24 21:54:02,890 - INFO - Loading 29 COSIF processed files ...
2026-02-24 21:54:05,898 - INFO - COSIF loaded: 169,308 rows | 1851 institutions
2026-02-24 21:54:06,110 - INFO - COSIF separation: 145,924 institution-level rows kept, 23,384 pre-aggregated rows excluded (avoid double-counting)
2026-02-24 21:54:06,507 - INFO - Fallback mapping added 1,419 rows for 167 CNPJs outside List date range
2026-02-24 21:54:06,648 - INFO - COSIF-conglomerate merge: 111,367 rows | 458 conglomerates + 1076 standalones
2026-02-24 21:54:06,886 - INFO - COSIF conglomerate panel: 35,167 obs | 1516 conglomerates | 51 quarters
2026-02-24 21:54:06,927 - INFO - ==================================================
2026-02-24 21:54:06,930 - INFO - Building Egan et al. (2025) panel ...
2026-02-24 21:54:06,930 - INFO - ==================================================
2026-02-24 21:54:06,930 - INFO - Mapping IF-Data CodInst to prudential conglomerates ...
2026-02-24 21:54:08,984 - INFO - Deposit panel: 207,169 obs | 1809 conglomerates | 5 types
2026-02-24 21:54:09,241 - INFO - Bank chars panel: 46,162 conglomerate×quarter obs from 1809 conglomerates
2026-02-24 21:54:10,867 - INFO - Segment panel: 1,765 entities (758 conglomerate C-codes, 1007 standalone)
2026-02-24 21:54:10,871 - INFO - Segment distribution: {'S5': 1181, 'S4': 450, 'S3': 59, 'S2': 9, 'S1': 6}
2026-02-24 21:54:11,426 - INFO - Cost panel: 46,162 conglomerate-quarter obs
2026-02-24 21:54:11,603 - INFO - Quarterly macro rates computed: 52 quarters
2026-02-24 21:54:12,072 - INFO - Bank chars coverage: 207,169 / 207,169 obs have total_assets
2026-02-24 21:54:12,214 - INFO - Segment coverage: 203,544 / 207,169 obs have segment
2026-02-24 21:54:12,417 - INFO - COSIF rate coverage: 110,773 / 207,169 obs have COSIF implicit rates
2026-02-24 21:54:12,436 - INFO - Winsorised 2,200 implicit_funding_rate_ifdata values > 0.5 to NaN.
2026-02-24 21:54:13,130 - INFO - Panel complete: 207,169 obs | 1809 conglomerates | 34 quarters | 5 deposit types
2026-02-24 21:54:23,594 - INFO - Panel saved to C:\Users\pedro\OneDrive\Documentos\Yale\Year 3 (2024 - 2025)\Open Finance\Open-Finance\BCB\Egan_et_al_2025_Rep\processed\PANEL_INTERMED\egan_panel_deposits.csv
2026-02-24 21:54:23,678 - INFO - Quarterly macro rates computed: 52 quarters
2026-02-24 21:54:23,682 - INFO - Quarterly macro rates saved to C:\Users\pedro\OneDrive\Documentos\Yale\Year 3 (2024 - 2025)\Open Finance\Open-Finance\BCB\Egan_et_al_2025_Rep\processed\PANEL_INTERMED\quarterly_macro_rates.csv
2026-02-24 21:54:24,001 - INFO - Script completed successfully.
2026-02-24 22:04:53,169 - INFO - ============================================================
2026-02-24 22:04:53,169 - INFO - Starting Egan et al. (2025) Panel Construction
2026-02-24 22:04:53,169 - INFO - ============================================================
2026-02-24 22:04:53,169 - INFO - Loading 34 IF-Data files from C:\Users\pedro\OneDrive\Documentos\Yale\Year 3 (2024 - 2025)\Open Finance\Open-Finance\BCB\IF Data\Prudential Conglomerates
2026-02-24 22:04:53,562 - INFO -   IF_DATA_Values_2016_12.csv: 87000 rows
2026-02-24 22:04:53,944 - INFO -   IF_DATA_Values_2016_3.csv: 89880 rows
2026-02-24 22:04:54,366 - INFO -   IF_DATA_Values_2016_6.csv: 89220 rows
2026-02-24 22:04:54,819 - INFO -   IF_DATA_Values_2016_9.csv: 88260 rows
2026-02-24 22:04:55,355 - INFO -   IF_DATA_Values_2017_12.csv: 83700 rows
2026-02-24 22:04:55,776 - INFO -   IF_DATA_Values_2017_3.csv: 86340 rows
2026-02-24 22:04:56,165 - INFO -   IF_DATA_Values_2017_6.csv: 85500 rows
2026-02-24 22:04:56,564 - INFO -   IF_DATA_Values_2017_9.csv: 84600 rows
2026-02-24 22:04:56,959 - INFO -   IF_DATA_Values_2018_12.csv: 81240 rows
2026-02-24 22:04:57,364 - INFO -   IF_DATA_Values_2018_3.csv: 83460 rows
2026-02-24 22:04:57,769 - INFO -   IF_DATA_Values_2018_6.csv: 82680 rows
2026-02-24 22:04:58,188 - INFO -   IF_DATA_Values_2018_9.csv: 81660 rows
2026-02-24 22:04:58,547 - INFO -   IF_DATA_Values_2019_12.csv: 78240 rows
2026-02-24 22:04:58,916 - INFO -   IF_DATA_Values_2019_3.csv: 80460 rows
2026-02-24 22:04:59,364 - INFO -   IF_DATA_Values_2019_6.csv: 79680 rows
2026-02-24 22:04:59,805 - INFO -   IF_DATA_Values_2019_9.csv: 79080 rows
2026-02-24 22:05:00,244 - INFO -   IF_DATA_Values_2020_12.csv: 79727 rows
2026-02-24 22:05:00,646 - INFO -   IF_DATA_Values_2020_3.csv: 78000 rows
2026-02-24 22:05:01,069 - INFO -   IF_DATA_Values_2020_6.csv: 79056 rows
2026-02-24 22:05:01,463 - INFO -   IF_DATA_Values_2020_9.csv: 79483 rows
2026-02-24 22:05:01,899 - INFO -   IF_DATA_Values_2021_12.csv: 79971 rows
2026-02-24 22:05:02,360 - INFO -   IF_DATA_Values_2021_3.csv: 79788 rows
2026-02-24 22:05:02,797 - INFO -   IF_DATA_Values_2021_6.csv: 80032 rows
2026-02-24 22:05:03,247 - INFO -   IF_DATA_Values_2021_9.csv: 79910 rows
2026-02-24 22:05:03,683 - INFO -   IF_DATA_Values_2022_12.csv: 81984 rows
2026-02-24 22:05:04,135 - INFO -   IF_DATA_Values_2022_3.csv: 80642 rows
2026-02-24 22:05:04,623 - INFO -   IF_DATA_Values_2022_6.csv: 81069 rows
2026-02-24 22:05:05,250 - INFO -   IF_DATA_Values_2022_9.csv: 81374 rows
2026-02-24 22:05:05,905 - INFO -   IF_DATA_Values_2023_12.csv: 82411 rows
2026-02-24 22:05:06,567 - INFO -   IF_DATA_Values_2023_3.csv: 82411 rows
2026-02-24 22:05:07,210 - INFO -   IF_DATA_Values_2023_6.csv: 82838 rows
2026-02-24 22:05:07,731 - INFO -   IF_DATA_Values_2024_3.csv: 82899 rows
2026-02-24 22:05:08,228 - INFO -   IF_DATA_Values_2024_6.csv: 81420 rows
2026-02-24 22:05:08,758 - INFO -   IF_DATA_Values_2024_9.csv: 81900 rows
2026-02-24 22:05:20,409 - INFO - IF-Data loaded: 2,795,915 rows | 1824 institutions | 34 quarters (201603 - 202409)
2026-02-24 22:05:20,537 - INFO - Macro series loaded from C:\Users\pedro\OneDrive\Documentos\Yale\Year 3 (2024 - 2025)\Open Finance\Open-Finance\BCB\Egan_et_al_2025_Rep\raw\SGS_RAW\macro_series_full.csv (4836 days)
2026-02-24 22:05:20,542 - INFO - Loading conglomerate mapping from 108 List files ...
2026-02-24 22:05:25,966 - INFO - Conglomerate mapping loaded: 209,585 CNPJ-month obs | 2876 unique CNPJs | 726 conglomerates + 1145 standalones
2026-02-24 22:05:25,989 - INFO - Loading 29 COSIF processed files ...
2026-02-24 22:05:26,949 - INFO - COSIF loaded: 169,308 rows | 1851 institutions
2026-02-24 22:05:27,077 - INFO - COSIF separation: 145,924 institution-level rows kept, 23,384 pre-aggregated rows excluded (avoid double-counting)
2026-02-24 22:05:27,386 - INFO - Fallback mapping added 1,419 rows for 167 CNPJs outside List date range
2026-02-24 22:05:27,456 - INFO - COSIF-conglomerate merge: 111,367 rows | 458 conglomerates + 1076 standalones
2026-02-24 22:05:27,668 - INFO - COSIF conglomerate panel: 35,167 obs | 1516 conglomerates | 51 quarters
2026-02-24 22:05:27,694 - INFO - ==================================================
2026-02-24 22:05:27,700 - INFO - Building Egan et al. (2025) panel ...
2026-02-24 22:05:27,701 - INFO - ==================================================
2026-02-24 22:05:27,702 - INFO - Mapping IF-Data CodInst to prudential conglomerates ...
2026-02-24 22:05:30,558 - INFO - Deposit panel: 207,169 obs | 1809 conglomerates | 5 types
2026-02-24 22:05:30,667 - INFO - Bank chars panel: 46,162 conglomerate×quarter obs from 1809 conglomerates
2026-02-24 22:05:30,800 - INFO - Segment panel: 1,871 entities (726 conglomerate C-codes, 1145 standalone)
2026-02-24 22:05:30,804 - INFO - Segment distribution: {'S5': 1037, 'S4': 438, 'S3': 59, 'S2': 9, 'S1': 6}
2026-02-24 22:05:31,115 - INFO - Cost panel: 46,162 conglomerate-quarter obs
2026-02-24 22:05:31,223 - INFO - Quarterly macro rates computed: 52 quarters
2026-02-24 22:05:31,673 - INFO - Bank chars coverage: 207,169 / 207,169 obs have total_assets
2026-02-24 22:05:31,809 - INFO - Segment coverage: 196,351 / 207,169 obs have segment
2026-02-24 22:05:31,998 - INFO - COSIF rate coverage: 110,773 / 207,169 obs have COSIF implicit rates
2026-02-24 22:05:32,010 - INFO - Winsorised 2,200 implicit_funding_rate_ifdata values > 0.5 to NaN.
2026-02-24 22:05:32,475 - INFO - Panel complete: 207,169 obs | 1809 conglomerates | 34 quarters | 5 deposit types
2026-02-24 22:05:42,940 - INFO - Panel saved to C:\Users\pedro\OneDrive\Documentos\Yale\Year 3 (2024 - 2025)\Open Finance\Open-Finance\BCB\Egan_et_al_2025_Rep\processed\PANEL_INTERMED\egan_panel_deposits.csv
2026-02-24 22:05:43,020 - INFO - Quarterly macro rates computed: 52 quarters
2026-02-24 22:05:43,034 - INFO - Quarterly macro rates saved to C:\Users\pedro\OneDrive\Documentos\Yale\Year 3 (2024 - 2025)\Open Finance\Open-Finance\BCB\Egan_et_al_2025_Rep\processed\PANEL_INTERMED\quarterly_macro_rates.csv
2026-02-24 22:05:43,353 - INFO - Script completed successfully.
2026-02-24 22:07:46,870 - INFO - ============================================================
2026-02-24 22:07:46,870 - INFO - Starting Egan et al. (2025) Panel Construction
2026-02-24 22:07:46,870 - INFO - ============================================================
2026-02-24 22:07:46,870 - INFO - Loading 34 IF-Data files from c:\Users\pedro\OneDrive\Documentos\Yale\Year 3 (2024 - 2025)\Open Finance\Open-Finance\BCB\IF Data\Prudential Conglomerates
2026-02-24 22:07:47,754 - INFO -   IF_DATA_Values_2016_12.csv: 87000 rows
2026-02-24 22:07:48,718 - INFO -   IF_DATA_Values_2016_3.csv: 89880 rows
2026-02-24 22:07:49,716 - INFO -   IF_DATA_Values_2016_6.csv: 89220 rows
2026-02-24 22:07:50,415 - INFO -   IF_DATA_Values_2016_9.csv: 88260 rows
2026-02-24 22:07:51,183 - INFO -   IF_DATA_Values_2017_12.csv: 83700 rows
2026-02-24 22:07:51,764 - INFO -   IF_DATA_Values_2017_3.csv: 86340 rows
2026-02-24 22:07:52,440 - INFO -   IF_DATA_Values_2017_6.csv: 85500 rows
2026-02-24 22:07:52,974 - INFO -   IF_DATA_Values_2017_9.csv: 84600 rows
2026-02-24 22:07:53,665 - INFO -   IF_DATA_Values_2018_12.csv: 81240 rows
2026-02-24 22:07:54,525 - INFO -   IF_DATA_Values_2018_3.csv: 83460 rows
2026-02-24 22:07:55,006 - INFO -   IF_DATA_Values_2018_6.csv: 82680 rows
2026-02-24 22:07:55,587 - INFO -   IF_DATA_Values_2018_9.csv: 81660 rows
2026-02-24 22:07:56,007 - INFO -   IF_DATA_Values_2019_12.csv: 78240 rows
2026-02-24 22:07:56,374 - INFO -   IF_DATA_Values_2019_3.csv: 80460 rows
2026-02-24 22:07:56,866 - INFO -   IF_DATA_Values_2019_6.csv: 79680 rows
2026-02-24 22:07:57,440 - INFO -   IF_DATA_Values_2019_9.csv: 79080 rows
2026-02-24 22:07:57,971 - INFO -   IF_DATA_Values_2020_12.csv: 79727 rows
2026-02-24 22:07:58,659 - INFO -   IF_DATA_Values_2020_3.csv: 78000 rows
2026-02-24 22:07:59,157 - INFO -   IF_DATA_Values_2020_6.csv: 79056 rows
2026-02-24 22:07:59,873 - INFO -   IF_DATA_Values_2020_9.csv: 79483 rows
2026-02-24 22:08:00,772 - INFO -   IF_DATA_Values_2021_12.csv: 79971 rows
2026-02-24 22:08:01,483 - INFO -   IF_DATA_Values_2021_3.csv: 79788 rows
2026-02-24 22:08:01,870 - INFO -   IF_DATA_Values_2021_6.csv: 80032 rows
2026-02-24 22:08:02,437 - INFO -   IF_DATA_Values_2021_9.csv: 79910 rows
2026-02-24 22:08:03,008 - INFO -   IF_DATA_Values_2022_12.csv: 81984 rows
2026-02-24 22:08:03,569 - INFO -   IF_DATA_Values_2022_3.csv: 80642 rows
2026-02-24 22:08:04,094 - INFO -   IF_DATA_Values_2022_6.csv: 81069 rows
2026-02-24 22:08:04,693 - INFO -   IF_DATA_Values_2022_9.csv: 81374 rows
2026-02-24 22:08:05,251 - INFO -   IF_DATA_Values_2023_12.csv: 82411 rows
2026-02-24 22:08:05,708 - INFO -   IF_DATA_Values_2023_3.csv: 82411 rows
2026-02-24 22:08:06,355 - INFO -   IF_DATA_Values_2023_6.csv: 82838 rows
2026-02-24 22:08:07,037 - INFO -   IF_DATA_Values_2024_3.csv: 82899 rows
2026-02-24 22:08:07,756 - INFO -   IF_DATA_Values_2024_6.csv: 81420 rows
2026-02-24 22:08:08,414 - INFO -   IF_DATA_Values_2024_9.csv: 81900 rows
2026-02-24 22:08:22,813 - INFO - IF-Data loaded: 2,795,915 rows | 1824 institutions | 34 quarters (201603 - 202409)
2026-02-24 22:08:22,986 - INFO - Macro series loaded from c:\Users\pedro\OneDrive\Documentos\Yale\Year 3 (2024 - 2025)\Open Finance\Open-Finance\BCB\Egan_et_al_2025_Rep\raw\SGS_RAW\macro_series_full.csv (4836 days)
2026-02-24 22:08:22,996 - INFO - Loading conglomerate mapping from 108 List files ...
2026-02-24 22:08:29,711 - INFO - Conglomerate mapping loaded: 209,585 CNPJ-month obs | 2876 unique CNPJs | 726 conglomerates + 1145 standalones
2026-02-24 22:08:29,724 - INFO - Loading 29 COSIF processed files ...
2026-02-24 22:08:31,295 - INFO - COSIF loaded: 169,308 rows | 1851 institutions
2026-02-24 22:08:31,451 - INFO - COSIF separation: 145,924 institution-level rows kept, 23,384 pre-aggregated rows excluded (avoid double-counting)
2026-02-24 22:08:31,949 - INFO - Fallback mapping added 1,419 rows for 167 CNPJs outside List date range
2026-02-24 22:08:32,104 - INFO - COSIF-conglomerate merge: 111,367 rows | 458 conglomerates + 1076 standalones
2026-02-24 22:08:32,470 - INFO - COSIF conglomerate panel: 35,167 obs | 1516 conglomerates | 51 quarters
2026-02-24 22:08:32,507 - INFO - ==================================================
2026-02-24 22:08:32,507 - INFO - Building Egan et al. (2025) panel ...
2026-02-24 22:08:32,509 - INFO - ==================================================
2026-02-24 22:08:32,513 - INFO - Mapping IF-Data CodInst to prudential conglomerates ...
2026-02-24 22:08:36,386 - INFO - Deposit panel: 207,169 obs | 1809 conglomerates | 5 types
2026-02-24 22:08:36,503 - INFO - Bank chars panel: 46,162 conglomerate×quarter obs from 1809 conglomerates
2026-02-24 22:08:36,661 - INFO - Segment panel: 1,871 entities (726 conglomerate C-codes, 1145 standalone)
2026-02-24 22:08:36,661 - INFO - Segment distribution: {'S5': 1037, 'S4': 438, 'S3': 59, 'S2': 9, 'S1': 6}
2026-02-24 22:08:37,025 - INFO - Cost panel: 46,162 conglomerate-quarter obs
2026-02-24 22:08:37,215 - INFO - Quarterly macro rates computed: 52 quarters
2026-02-24 22:08:37,607 - INFO - Bank chars coverage: 207,169 / 207,169 obs have total_assets
2026-02-24 22:08:37,747 - INFO - Segment coverage: 196,351 / 207,169 obs have segment
2026-02-24 22:08:37,940 - INFO - COSIF rate coverage: 110,773 / 207,169 obs have COSIF implicit rates
2026-02-24 22:08:37,961 - INFO - Winsorised 2,200 implicit_funding_rate_ifdata values > 0.5 to NaN.
2026-02-24 22:08:38,510 - INFO - Panel complete: 207,169 obs | 1809 conglomerates | 34 quarters | 5 deposit types
2026-02-24 22:08:56,631 - INFO - Panel saved to c:\Users\pedro\OneDrive\Documentos\Yale\Year 3 (2024 - 2025)\Open Finance\Open-Finance\BCB\Egan_et_al_2025_Rep\processed\PANEL_INTERMED\egan_panel_deposits.csv
2026-02-24 22:08:56,703 - INFO - Quarterly macro rates computed: 52 quarters
2026-02-24 22:08:56,712 - INFO - Quarterly macro rates saved to c:\Users\pedro\OneDrive\Documentos\Yale\Year 3 (2024 - 2025)\Open Finance\Open-Finance\BCB\Egan_et_al_2025_Rep\processed\PANEL_INTERMED\quarterly_macro_rates.csv
2026-02-24 22:08:57,005 - INFO - Script completed successfully.
2026-02-24 22:37:01,643 - INFO - ============================================================
2026-02-24 22:37:01,650 - INFO - Starting Egan et al. (2025) Panel Construction
2026-02-24 22:37:01,651 - INFO - ============================================================
2026-02-24 22:37:01,656 - INFO - Loading 34 IF-Data files from C:\Users\pedro\OneDrive\Documentos\Yale\Year 3 (2024 - 2025)\Open Finance\Open-Finance\BCB\IF Data\Prudential Conglomerates
2026-02-24 22:37:01,981 - INFO -   IF_DATA_Values_2016_12.csv: 87000 rows
2026-02-24 22:37:02,242 - INFO -   IF_DATA_Values_2016_3.csv: 89880 rows
2026-02-24 22:37:02,545 - INFO -   IF_DATA_Values_2016_6.csv: 89220 rows
2026-02-24 22:37:02,755 - INFO -   IF_DATA_Values_2016_9.csv: 88260 rows
2026-02-24 22:37:02,978 - INFO -   IF_DATA_Values_2017_12.csv: 83700 rows
2026-02-24 22:37:03,412 - INFO -   IF_DATA_Values_2017_3.csv: 86340 rows
2026-02-24 22:37:03,629 - INFO -   IF_DATA_Values_2017_6.csv: 85500 rows
2026-02-24 22:37:03,843 - INFO -   IF_DATA_Values_2017_9.csv: 84600 rows
2026-02-24 22:37:04,037 - INFO -   IF_DATA_Values_2018_12.csv: 81240 rows
2026-02-24 22:37:04,228 - INFO -   IF_DATA_Values_2018_3.csv: 83460 rows
2026-02-24 22:37:04,418 - INFO -   IF_DATA_Values_2018_6.csv: 82680 rows
2026-02-24 22:37:04,610 - INFO -   IF_DATA_Values_2018_9.csv: 81660 rows
2026-02-24 22:37:04,788 - INFO -   IF_DATA_Values_2019_12.csv: 78240 rows
2026-02-24 22:37:04,970 - INFO -   IF_DATA_Values_2019_3.csv: 80460 rows
2026-02-24 22:37:05,137 - INFO -   IF_DATA_Values_2019_6.csv: 79680 rows
2026-02-24 22:37:05,326 - INFO -   IF_DATA_Values_2019_9.csv: 79080 rows
2026-02-24 22:37:05,504 - INFO -   IF_DATA_Values_2020_12.csv: 79727 rows
2026-02-24 22:37:05,693 - INFO -   IF_DATA_Values_2020_3.csv: 78000 rows
2026-02-24 22:37:05,932 - INFO -   IF_DATA_Values_2020_6.csv: 79056 rows
2026-02-24 22:37:06,122 - INFO -   IF_DATA_Values_2020_9.csv: 79483 rows
2026-02-24 22:37:06,304 - INFO -   IF_DATA_Values_2021_12.csv: 79971 rows
2026-02-24 22:37:06,475 - INFO -   IF_DATA_Values_2021_3.csv: 79788 rows
2026-02-24 22:37:06,638 - INFO -   IF_DATA_Values_2021_6.csv: 80032 rows
2026-02-24 22:37:06,832 - INFO -   IF_DATA_Values_2021_9.csv: 79910 rows
2026-02-24 22:37:07,136 - INFO -   IF_DATA_Values_2022_12.csv: 81984 rows
2026-02-24 22:37:07,435 - INFO -   IF_DATA_Values_2022_3.csv: 80642 rows
2026-02-24 22:37:07,637 - INFO -   IF_DATA_Values_2022_6.csv: 81069 rows
2026-02-24 22:37:07,823 - INFO -   IF_DATA_Values_2022_9.csv: 81374 rows
2026-02-24 22:37:08,006 - INFO -   IF_DATA_Values_2023_12.csv: 82411 rows
2026-02-24 22:37:08,183 - INFO -   IF_DATA_Values_2023_3.csv: 82411 rows
2026-02-24 22:37:08,380 - INFO -   IF_DATA_Values_2023_6.csv: 82838 rows
2026-02-24 22:37:08,614 - INFO -   IF_DATA_Values_2024_3.csv: 82899 rows
2026-02-24 22:37:08,846 - INFO -   IF_DATA_Values_2024_6.csv: 81420 rows
2026-02-24 22:37:09,036 - INFO -   IF_DATA_Values_2024_9.csv: 81900 rows
2026-02-24 22:37:14,909 - INFO - IF-Data loaded: 2,795,915 rows | 1824 institutions | 34 quarters (201603 - 202409)
2026-02-24 22:37:15,000 - INFO - Macro series loaded from C:\Users\pedro\OneDrive\Documentos\Yale\Year 3 (2024 - 2025)\Open Finance\Open-Finance\BCB\Egan_et_al_2025_Rep\raw\SGS_RAW\macro_series_full.csv (4836 days)
2026-02-24 22:37:15,010 - INFO - Loading conglomerate mapping from 108 List files ...
2026-02-24 22:37:17,943 - INFO - Conglomerate mapping loaded: 209,585 CNPJ-month obs | 2876 unique CNPJs | 726 conglomerates + 1145 standalones
2026-02-24 22:37:17,950 - INFO - Loading 29 COSIF processed files ...
2026-02-24 22:37:18,321 - INFO - COSIF loaded: 169,308 rows | 1851 institutions
2026-02-24 22:37:18,402 - INFO - COSIF separation: 145,924 institution-level rows kept, 23,384 pre-aggregated rows excluded (avoid double-counting)
2026-02-24 22:37:18,527 - INFO - Fallback mapping added 1,419 rows for 167 CNPJs outside List date range
2026-02-24 22:37:18,571 - INFO - COSIF-conglomerate merge: 111,367 rows | 458 conglomerates + 1076 standalones
2026-02-24 22:37:18,626 - INFO - COSIF conglomerate panel: 35,167 obs | 1516 conglomerates | 51 quarters
2026-02-24 22:37:18,641 - INFO - ==================================================
2026-02-24 22:37:18,641 - INFO - Building Egan et al. (2025) panel ...
2026-02-24 22:37:18,641 - INFO - ==================================================
2026-02-24 22:37:18,642 - INFO - Mapping IF-Data CodInst to prudential conglomerates ...
2026-02-24 22:37:20,214 - INFO - Deposit panel: 207,169 obs | 1809 conglomerates | 5 types
2026-02-24 22:37:20,242 - INFO - Bank chars panel: 46,162 conglomerate×quarter obs from 1809 conglomerates
2026-02-24 22:37:20,328 - INFO - Segment panel: 1,871 entities (726 conglomerate C-codes, 1145 standalone)
2026-02-24 22:37:20,330 - INFO - Segment distribution: {'S5': 1037, 'S4': 438, 'S3': 59, 'S2': 9, 'S1': 6}
2026-02-24 22:37:20,441 - INFO - Cost panel: 46,162 conglomerate-quarter obs
2026-02-24 22:37:20,483 - INFO - Quarterly macro rates computed: 52 quarters
2026-02-24 22:37:20,641 - INFO - Bank chars coverage: 207,169 / 207,169 obs have total_assets
2026-02-24 22:37:20,706 - INFO - Segment coverage: 196,351 / 207,169 obs have segment
2026-02-24 22:37:20,784 - INFO - COSIF rate coverage: 110,773 / 207,169 obs have COSIF implicit rates
2026-02-24 22:37:20,790 - INFO - Winsorised 2,200 implicit_funding_rate_ifdata values > 0.5 to NaN.
2026-02-24 22:37:21,020 - INFO - Panel complete: 207,169 obs | 1809 conglomerates | 34 quarters | 5 deposit types
2026-02-24 22:37:25,797 - INFO - Panel saved to C:\Users\pedro\OneDrive\Documentos\Yale\Year 3 (2024 - 2025)\Open Finance\Open-Finance\BCB\Egan_et_al_2025_Rep\processed\PANEL_INTERMED\egan_panel_deposits.csv
2026-02-24 22:37:25,832 - INFO - Quarterly macro rates computed: 52 quarters
2026-02-24 22:37:25,835 - INFO - Quarterly macro rates saved to C:\Users\pedro\OneDrive\Documentos\Yale\Year 3 (2024 - 2025)\Open Finance\Open-Finance\BCB\Egan_et_al_2025_Rep\processed\PANEL_INTERMED\quarterly_macro_rates.csv
2026-02-24 22:37:25,995 - INFO - Script completed successfully.
2026-02-24 23:17:48,009 - INFO - ============================================================
2026-02-24 23:17:48,010 - INFO - Starting Egan et al. (2025) Panel Construction
2026-02-24 23:17:48,011 - INFO - ============================================================
2026-02-24 23:17:48,013 - INFO - Loading 34 IF-Data files from C:\Users\pedro\OneDrive\Documentos\Yale\Year 3 (2024 - 2025)\Open Finance\Open-Finance\BCB\IF Data\Prudential Conglomerates
2026-02-24 23:17:48,511 - INFO -   IF_DATA_Values_2016_12.csv: 87000 rows
2026-02-24 23:17:48,974 - INFO -   IF_DATA_Values_2016_3.csv: 89880 rows
2026-02-24 23:17:49,434 - INFO -   IF_DATA_Values_2016_6.csv: 89220 rows
2026-02-24 23:17:49,835 - INFO -   IF_DATA_Values_2016_9.csv: 88260 rows
2026-02-24 23:17:50,259 - INFO -   IF_DATA_Values_2017_12.csv: 83700 rows
2026-02-24 23:17:50,671 - INFO -   IF_DATA_Values_2017_3.csv: 86340 rows
2026-02-24 23:17:51,116 - INFO -   IF_DATA_Values_2017_6.csv: 85500 rows
2026-02-24 23:17:51,615 - INFO -   IF_DATA_Values_2017_9.csv: 84600 rows
2026-02-24 23:17:52,059 - INFO -   IF_DATA_Values_2018_12.csv: 81240 rows
2026-02-24 23:17:52,524 - INFO -   IF_DATA_Values_2018_3.csv: 83460 rows
2026-02-24 23:17:52,925 - INFO -   IF_DATA_Values_2018_6.csv: 82680 rows
2026-02-24 23:17:53,327 - INFO -   IF_DATA_Values_2018_9.csv: 81660 rows
2026-02-24 23:17:53,814 - INFO -   IF_DATA_Values_2019_12.csv: 78240 rows
2026-02-24 23:17:54,210 - INFO -   IF_DATA_Values_2019_3.csv: 80460 rows
2026-02-24 23:17:54,567 - INFO -   IF_DATA_Values_2019_6.csv: 79680 rows
2026-02-24 23:17:54,974 - INFO -   IF_DATA_Values_2019_9.csv: 79080 rows
2026-02-24 23:17:55,387 - INFO -   IF_DATA_Values_2020_12.csv: 79727 rows
2026-02-24 23:17:55,809 - INFO -   IF_DATA_Values_2020_3.csv: 78000 rows
2026-02-24 23:17:56,237 - INFO -   IF_DATA_Values_2020_6.csv: 79056 rows
2026-02-24 23:17:56,763 - INFO -   IF_DATA_Values_2020_9.csv: 79483 rows
2026-02-24 23:17:57,193 - INFO -   IF_DATA_Values_2021_12.csv: 79971 rows
2026-02-24 23:17:57,623 - INFO -   IF_DATA_Values_2021_3.csv: 79788 rows
2026-02-24 23:17:58,015 - INFO -   IF_DATA_Values_2021_6.csv: 80032 rows
2026-02-24 23:17:58,420 - INFO -   IF_DATA_Values_2021_9.csv: 79910 rows
2026-02-24 23:17:58,820 - INFO -   IF_DATA_Values_2022_12.csv: 81984 rows
2026-02-24 23:17:59,229 - INFO -   IF_DATA_Values_2022_3.csv: 80642 rows
2026-02-24 23:17:59,608 - INFO -   IF_DATA_Values_2022_6.csv: 81069 rows
2026-02-24 23:18:00,014 - INFO -   IF_DATA_Values_2022_9.csv: 81374 rows
2026-02-24 23:18:00,609 - INFO -   IF_DATA_Values_2023_12.csv: 82411 rows
2026-02-24 23:18:01,333 - INFO -   IF_DATA_Values_2023_3.csv: 82411 rows
2026-02-24 23:18:01,853 - INFO -   IF_DATA_Values_2023_6.csv: 82838 rows
2026-02-24 23:18:02,550 - INFO -   IF_DATA_Values_2024_3.csv: 82899 rows
2026-02-24 23:18:03,156 - INFO -   IF_DATA_Values_2024_6.csv: 81420 rows
2026-02-24 23:18:03,653 - INFO -   IF_DATA_Values_2024_9.csv: 81900 rows
2026-02-24 23:18:15,385 - INFO - IF-Data loaded: 2,795,915 rows | 1824 institutions | 34 quarters (201603 - 202409)
2026-02-24 23:18:15,498 - INFO - Macro series loaded from C:\Users\pedro\OneDrive\Documentos\Yale\Year 3 (2024 - 2025)\Open Finance\Open-Finance\BCB\Egan_et_al_2025_Rep\raw\SGS_RAW\macro_series_full.csv (4836 days)
2026-02-24 23:18:15,504 - INFO - Loading conglomerate mapping from 108 List files ...
2026-02-24 23:18:19,978 - INFO - Conglomerate mapping loaded: 209,585 CNPJ-month obs | 2876 unique CNPJs | 726 conglomerates + 1145 standalones
2026-02-24 23:18:19,978 - INFO - Loading 29 COSIF processed files ...
2026-02-24 23:18:20,535 - INFO - COSIF loaded: 169,308 rows | 1851 institutions
2026-02-24 23:18:20,675 - INFO - COSIF separation: 145,924 institution-level rows kept, 23,384 pre-aggregated rows excluded (avoid double-counting)
2026-02-24 23:18:20,907 - INFO - Fallback mapping added 1,419 rows for 167 CNPJs outside List date range
2026-02-24 23:18:20,966 - INFO - COSIF-conglomerate merge: 111,367 rows | 458 conglomerates + 1076 standalones
2026-02-24 23:18:21,090 - INFO - COSIF conglomerate panel: 35,167 obs | 1516 conglomerates | 51 quarters
2026-02-24 23:18:21,119 - INFO - ==================================================
2026-02-24 23:18:21,120 - INFO - Building Egan et al. (2025) panel ...
2026-02-24 23:18:21,120 - INFO - ==================================================
2026-02-24 23:18:21,121 - INFO - Mapping IF-Data CodInst to prudential conglomerates ...
2026-02-24 23:18:23,088 - INFO - Deposit panel: 207,169 obs | 1809 conglomerates | 5 types
2026-02-24 23:18:23,186 - INFO - Bank chars panel: 46,162 conglomerate×quarter obs from 1809 conglomerates
2026-02-24 23:18:23,310 - INFO - Segment panel: 1,871 entities (726 conglomerate C-codes, 1145 standalone)
2026-02-24 23:18:23,310 - INFO - Segment distribution: {'S5': 1037, 'S4': 438, 'S3': 59, 'S2': 9, 'S1': 6}
2026-02-24 23:18:23,443 - INFO - Quarterly macro rates computed: 52 quarters
2026-02-24 23:18:23,732 - INFO - Bank chars coverage: 207,169 / 207,169 obs have total_assets
2026-02-24 23:18:23,860 - INFO - Segment coverage: 196,351 / 207,169 obs have segment
2026-02-24 23:18:24,021 - INFO - COSIF rate coverage: 110,773 / 207,169 obs have COSIF implicit rates
2026-02-24 23:18:24,475 - INFO - Panel complete: 207,169 obs | 1809 conglomerates | 34 quarters | 5 deposit types
2026-02-24 23:18:31,176 - INFO - Panel saved to C:\Users\pedro\OneDrive\Documentos\Yale\Year 3 (2024 - 2025)\Open Finance\Open-Finance\BCB\Egan_et_al_2025_Rep\processed\PANEL_INTERMED\egan_panel_deposits.csv
2026-02-24 23:18:31,250 - INFO - Quarterly macro rates computed: 52 quarters
2026-02-24 23:18:31,258 - INFO - Quarterly macro rates saved to C:\Users\pedro\OneDrive\Documentos\Yale\Year 3 (2024 - 2025)\Open Finance\Open-Finance\BCB\Egan_et_al_2025_Rep\processed\PANEL_INTERMED\quarterly_macro_rates.csv
2026-02-24 23:18:31,462 - INFO - Script completed successfully.
2026-02-24 23:34:22,255 - INFO - ============================================================
2026-02-24 23:34:22,258 - INFO - Starting Egan et al. (2025) Panel Construction
2026-02-24 23:34:22,262 - INFO - ============================================================
2026-02-24 23:34:22,270 - INFO - Loading 35 IF-Data files from C:\Users\pedro\OneDrive\Documentos\Yale\Year 3 (2024 - 2025)\Open Finance\Open-Finance\BCB\IF Data\Prudential Conglomerates
2026-02-24 23:34:24,326 - INFO -   IF_DATA_Values_2016_12.csv: 87000 rows
2026-02-24 23:34:26,225 - INFO -   IF_DATA_Values_2016_3.csv: 89880 rows
2026-02-24 23:34:28,741 - INFO -   IF_DATA_Values_2016_6.csv: 89220 rows
2026-02-24 23:34:30,599 - INFO -   IF_DATA_Values_2016_9.csv: 88260 rows
2026-02-24 23:34:32,233 - INFO -   IF_DATA_Values_2017_12.csv: 83700 rows
2026-02-24 23:34:33,668 - INFO -   IF_DATA_Values_2017_3.csv: 86340 rows
2026-02-24 23:34:34,946 - INFO -   IF_DATA_Values_2017_6.csv: 85500 rows
2026-02-24 23:34:36,243 - INFO -   IF_DATA_Values_2017_9.csv: 84600 rows
2026-02-24 23:34:37,309 - INFO -   IF_DATA_Values_2018_12.csv: 81240 rows
2026-02-24 23:34:38,120 - INFO -   IF_DATA_Values_2018_3.csv: 83460 rows
2026-02-24 23:34:38,910 - INFO -   IF_DATA_Values_2018_6.csv: 82680 rows
2026-02-24 23:34:39,814 - INFO -   IF_DATA_Values_2018_9.csv: 81660 rows
2026-02-24 23:34:40,535 - INFO -   IF_DATA_Values_2019_12.csv: 78240 rows
2026-02-24 23:34:41,214 - INFO -   IF_DATA_Values_2019_3.csv: 80460 rows
2026-02-24 23:34:41,910 - INFO -   IF_DATA_Values_2019_6.csv: 79680 rows
2026-02-24 23:34:42,543 - INFO -   IF_DATA_Values_2019_9.csv: 79080 rows
2026-02-24 23:34:43,037 - INFO -   IF_DATA_Values_2020_12.csv: 79727 rows
2026-02-24 23:34:43,920 - INFO -   IF_DATA_Values_2020_3.csv: 78000 rows
2026-02-24 23:34:44,794 - INFO -   IF_DATA_Values_2020_6.csv: 79056 rows
2026-02-24 23:34:45,797 - INFO -   IF_DATA_Values_2020_9.csv: 79483 rows
2026-02-24 23:34:47,002 - INFO -   IF_DATA_Values_2021_12.csv: 79971 rows
2026-02-24 23:34:47,951 - INFO -   IF_DATA_Values_2021_3.csv: 79788 rows
2026-02-24 23:34:48,591 - INFO -   IF_DATA_Values_2021_6.csv: 80032 rows
2026-02-24 23:34:49,205 - INFO -   IF_DATA_Values_2021_9.csv: 79910 rows
2026-02-24 23:34:49,897 - INFO -   IF_DATA_Values_2022_12.csv: 81984 rows
2026-02-24 23:34:50,331 - INFO -   IF_DATA_Values_2022_3.csv: 80642 rows
2026-02-24 23:34:50,824 - INFO -   IF_DATA_Values_2022_6.csv: 81069 rows
2026-02-24 23:34:51,574 - INFO -   IF_DATA_Values_2022_9.csv: 81374 rows
2026-02-24 23:34:52,546 - INFO -   IF_DATA_Values_2023_12.csv: 82411 rows
2026-02-24 23:34:53,229 - INFO -   IF_DATA_Values_2023_3.csv: 82411 rows
2026-02-24 23:34:54,089 - INFO -   IF_DATA_Values_2023_6.csv: 82838 rows
2026-02-24 23:34:54,987 - INFO -   IF_DATA_Values_2023_9.csv: 40560 rows
2026-02-24 23:34:55,561 - INFO -   IF_DATA_Values_2024_3.csv: 82899 rows
2026-02-24 23:34:56,013 - INFO -   IF_DATA_Values_2024_6.csv: 81420 rows
2026-02-24 23:34:56,442 - INFO -   IF_DATA_Values_2024_9.csv: 81900 rows
2026-02-24 23:35:06,769 - INFO - IF-Data loaded: 2,836,475 rows | 1824 institutions | 35 quarters (201603 - 202409)
2026-02-24 23:35:06,885 - INFO - Macro series loaded from C:\Users\pedro\OneDrive\Documentos\Yale\Year 3 (2024 - 2025)\Open Finance\Open-Finance\BCB\Egan_et_al_2025_Rep\raw\SGS_RAW\macro_series_full.csv (4836 days)
2026-02-24 23:35:06,891 - INFO - Loading conglomerate mapping from 108 List files ...
2026-02-24 23:35:12,231 - INFO - Conglomerate mapping loaded: 209,585 CNPJ-month obs | 2876 unique CNPJs | 726 conglomerates + 1145 standalones
2026-02-24 23:35:12,246 - INFO - Loading 29 COSIF processed files ...
2026-02-24 23:35:13,417 - INFO - COSIF loaded: 169,308 rows | 1851 institutions
2026-02-24 23:35:13,769 - INFO - COSIF separation: 145,924 institution-level rows kept, 23,384 pre-aggregated rows excluded (avoid double-counting)
2026-02-24 23:35:14,314 - INFO - Fallback mapping added 1,419 rows for 167 CNPJs outside List date range
2026-02-24 23:35:14,462 - INFO - COSIF-conglomerate merge: 111,367 rows | 458 conglomerates + 1076 standalones
2026-02-24 23:35:14,739 - INFO - COSIF conglomerate panel: 35,167 obs | 1516 conglomerates | 51 quarters
2026-02-24 23:35:14,796 - INFO - ==================================================
2026-02-24 23:35:14,798 - INFO - Building Egan et al. (2025) panel ...
2026-02-24 23:35:14,800 - INFO - ==================================================
2026-02-24 23:35:14,800 - INFO - Mapping IF-Data CodInst to prudential conglomerates ...
2026-02-24 23:35:18,582 - INFO - Deposit panel: 213,929 obs | 1809 conglomerates | 5 types
2026-02-24 23:35:18,811 - INFO - Bank chars panel: 47,514 conglomerate×quarter obs from 1809 conglomerates
2026-02-24 23:35:19,104 - INFO - Segment panel: 1,871 entities (726 conglomerate C-codes, 1145 standalone)
2026-02-24 23:35:19,110 - INFO - Segment distribution: {'S5': 1037, 'S4': 438, 'S3': 59, 'S2': 9, 'S1': 6}
2026-02-24 23:35:19,334 - INFO - Quarterly macro rates computed: 52 quarters
2026-02-24 23:35:19,785 - INFO - Bank chars coverage: 213,929 / 213,929 obs have total_assets
2026-02-24 23:35:19,869 - INFO - Segment coverage: 203,106 / 213,929 obs have segment
2026-02-24 23:35:19,968 - INFO - COSIF rate coverage: 115,018 / 213,929 obs have COSIF implicit rates
2026-02-24 23:35:20,323 - INFO - Panel complete: 213,929 obs | 1809 conglomerates | 35 quarters | 5 deposit types
2026-02-24 23:35:32,368 - INFO - Panel saved to C:\Users\pedro\OneDrive\Documentos\Yale\Year 3 (2024 - 2025)\Open Finance\Open-Finance\BCB\Egan_et_al_2025_Rep\processed\PANEL_INTERMED\egan_panel_deposits.csv
2026-02-24 23:35:32,521 - INFO - Quarterly macro rates computed: 52 quarters
2026-02-24 23:35:32,531 - INFO - Quarterly macro rates saved to C:\Users\pedro\OneDrive\Documentos\Yale\Year 3 (2024 - 2025)\Open Finance\Open-Finance\BCB\Egan_et_al_2025_Rep\processed\PANEL_INTERMED\quarterly_macro_rates.csv
2026-02-24 23:35:32,924 - INFO - Script completed successfully.
2026-02-24 23:48:16,559 - INFO - ============================================================
2026-02-24 23:48:16,560 - INFO - Starting Egan et al. (2025) Panel Construction
2026-02-24 23:48:16,560 - INFO - ============================================================
2026-02-24 23:48:16,564 - INFO - Loading 39 IF-Data files from C:\Users\pedro\OneDrive\Documentos\Yale\Year 3 (2024 - 2025)\Open Finance\Open-Finance\BCB\IF Data\Prudential Conglomerates
2026-02-24 23:48:17,030 - INFO -   IF_DATA_Values_2016_12.csv: 87000 rows
2026-02-24 23:48:17,986 - INFO -   IF_DATA_Values_2016_3.csv: 89880 rows
2026-02-24 23:48:19,327 - INFO -   IF_DATA_Values_2016_6.csv: 89220 rows
2026-02-24 23:48:20,970 - INFO -   IF_DATA_Values_2016_9.csv: 88260 rows
2026-02-24 23:48:22,416 - INFO -   IF_DATA_Values_2017_12.csv: 83700 rows
2026-02-24 23:48:23,662 - INFO -   IF_DATA_Values_2017_3.csv: 86340 rows
2026-02-24 23:48:24,698 - INFO -   IF_DATA_Values_2017_6.csv: 85500 rows
2026-02-24 23:48:25,609 - INFO -   IF_DATA_Values_2017_9.csv: 84600 rows
2026-02-24 23:48:26,605 - INFO -   IF_DATA_Values_2018_12.csv: 81240 rows
2026-02-24 23:48:27,534 - INFO -   IF_DATA_Values_2018_3.csv: 83460 rows
2026-02-24 23:48:28,451 - INFO -   IF_DATA_Values_2018_6.csv: 82680 rows
2026-02-24 23:48:29,166 - INFO -   IF_DATA_Values_2018_9.csv: 81660 rows
2026-02-24 23:48:29,965 - INFO -   IF_DATA_Values_2019_12.csv: 78240 rows
2026-02-24 23:48:30,808 - INFO -   IF_DATA_Values_2019_3.csv: 80460 rows
2026-02-24 23:48:31,702 - INFO -   IF_DATA_Values_2019_6.csv: 79680 rows
2026-02-24 23:48:32,370 - INFO -   IF_DATA_Values_2019_9.csv: 79080 rows
2026-02-24 23:48:33,245 - INFO -   IF_DATA_Values_2020_12.csv: 79727 rows
2026-02-24 23:48:33,943 - INFO -   IF_DATA_Values_2020_3.csv: 78000 rows
2026-02-24 23:48:34,567 - INFO -   IF_DATA_Values_2020_6.csv: 79056 rows
2026-02-24 23:48:35,282 - INFO -   IF_DATA_Values_2020_9.csv: 79483 rows
2026-02-24 23:48:36,130 - INFO -   IF_DATA_Values_2021_12.csv: 79971 rows
2026-02-24 23:48:37,085 - INFO -   IF_DATA_Values_2021_3.csv: 79788 rows
2026-02-24 23:48:37,967 - INFO -   IF_DATA_Values_2021_6.csv: 80032 rows
2026-02-24 23:48:38,827 - INFO -   IF_DATA_Values_2021_9.csv: 79910 rows
2026-02-24 23:48:39,667 - INFO -   IF_DATA_Values_2022_12.csv: 81984 rows
2026-02-24 23:48:40,754 - INFO -   IF_DATA_Values_2022_3.csv: 80642 rows
2026-02-24 23:48:41,910 - INFO -   IF_DATA_Values_2022_6.csv: 81069 rows
2026-02-24 23:48:42,670 - INFO -   IF_DATA_Values_2022_9.csv: 81374 rows
2026-02-24 23:48:43,517 - INFO -   IF_DATA_Values_2023_12.csv: 82411 rows
2026-02-24 23:48:44,322 - INFO -   IF_DATA_Values_2023_3.csv: 82411 rows
2026-02-24 23:48:45,138 - INFO -   IF_DATA_Values_2023_6.csv: 82838 rows
2026-02-24 23:48:45,820 - INFO -   IF_DATA_Values_2023_9.csv: 40560 rows
2026-02-24 23:48:46,648 - INFO -   IF_DATA_Values_2024_12.csv: 41190 rows
2026-02-24 23:48:47,548 - INFO -   IF_DATA_Values_2024_3.csv: 82899 rows
2026-02-24 23:48:48,271 - INFO -   IF_DATA_Values_2024_6.csv: 81420 rows
2026-02-24 23:48:49,160 - INFO -   IF_DATA_Values_2024_9.csv: 81900 rows
2026-02-24 23:48:53,020 - INFO -   IF_DATA_Values_2025_3.csv: 43904 rows
2026-02-24 23:48:56,081 - INFO -   IF_DATA_Values_2025_6.csv: 44160 rows
2026-02-24 23:48:58,957 - INFO -   IF_DATA_Values_2025_9.csv: 44576 rows
2026-02-24 23:49:17,346 - INFO - IF-Data loaded: 3,010,305 rows | 1885 institutions | 39 quarters (201603 - 202509)
2026-02-24 23:49:17,658 - INFO - Macro series loaded from C:\Users\pedro\OneDrive\Documentos\Yale\Year 3 (2024 - 2025)\Open Finance\Open-Finance\BCB\Egan_et_al_2025_Rep\raw\SGS_RAW\macro_series_full.csv (4836 days)
2026-02-24 23:49:17,669 - INFO - Loading conglomerate mapping from 108 List files ...
2026-02-24 23:49:28,625 - INFO - Conglomerate mapping loaded: 209,585 CNPJ-month obs | 2876 unique CNPJs | 726 conglomerates + 1145 standalones
2026-02-24 23:49:28,691 - INFO - Loading 29 COSIF processed files ...
2026-02-24 23:49:30,699 - INFO - COSIF loaded: 169,308 rows | 1851 institutions
2026-02-24 23:49:31,017 - INFO - COSIF separation: 145,924 institution-level rows kept, 23,384 pre-aggregated rows excluded (avoid double-counting)
2026-02-24 23:49:31,726 - INFO - Fallback mapping added 1,419 rows for 167 CNPJs outside List date range
2026-02-24 23:49:31,947 - INFO - COSIF-conglomerate merge: 111,367 rows | 458 conglomerates + 1076 standalones
2026-02-24 23:49:32,265 - INFO - COSIF conglomerate panel: 35,167 obs | 1516 conglomerates | 51 quarters
2026-02-24 23:49:32,317 - INFO - ==================================================
2026-02-24 23:49:32,317 - INFO - Building Egan et al. (2025) panel ...
2026-02-24 23:49:32,319 - INFO - ==================================================
2026-02-24 23:49:32,321 - INFO - Mapping IF-Data CodInst to prudential conglomerates ...
2026-02-24 23:49:36,271 - INFO - Deposit panel: 220,794 obs | 1828 conglomerates | 5 types
2026-02-24 23:49:36,550 - INFO - Bank chars panel: 48,887 conglomerate×quarter obs from 1828 conglomerates
2026-02-24 23:49:36,892 - INFO - Segment panel: 1,871 entities (726 conglomerate C-codes, 1145 standalone)
2026-02-24 23:49:36,896 - INFO - Segment distribution: {'S5': 1037, 'S4': 438, 'S3': 59, 'S2': 9, 'S1': 6}
2026-02-24 23:49:37,175 - INFO - Quarterly macro rates computed: 52 quarters
2026-02-24 23:49:37,813 - INFO - Bank chars coverage: 220,794 / 220,794 obs have total_assets
2026-02-24 23:49:38,113 - INFO - Segment coverage: 209,956 / 220,794 obs have segment
2026-02-24 23:49:38,541 - INFO - COSIF rate coverage: 118,798 / 220,794 obs have COSIF implicit rates
2026-02-24 23:49:40,167 - INFO - Panel complete: 220,794 obs | 1828 conglomerates | 36 quarters | 5 deposit types
2026-02-24 23:50:05,783 - INFO - Panel saved to C:\Users\pedro\OneDrive\Documentos\Yale\Year 3 (2024 - 2025)\Open Finance\Open-Finance\BCB\Egan_et_al_2025_Rep\processed\PANEL_INTERMED\egan_panel_deposits.csv
2026-02-24 23:50:06,009 - INFO - Quarterly macro rates computed: 52 quarters
2026-02-24 23:50:06,019 - INFO - Quarterly macro rates saved to C:\Users\pedro\OneDrive\Documentos\Yale\Year 3 (2024 - 2025)\Open Finance\Open-Finance\BCB\Egan_et_al_2025_Rep\processed\PANEL_INTERMED\quarterly_macro_rates.csv
2026-02-24 23:50:06,568 - INFO - Script completed successfully.
2026-02-25 00:00:02,634 - INFO - Loading 39 IF-Data files from C:\Users\pedro\OneDrive\Documentos\Yale\Year 3 (2024 - 2025)\Open Finance\Open-Finance\BCB\IF Data\Prudential Conglomerates
2026-02-25 00:00:03,370 - INFO -   IF_DATA_Values_2016_12.csv: 87000 rows
2026-02-25 00:00:03,978 - INFO -   IF_DATA_Values_2016_3.csv: 89880 rows
2026-02-25 00:00:04,475 - INFO -   IF_DATA_Values_2016_6.csv: 89220 rows
2026-02-25 00:00:04,978 - INFO -   IF_DATA_Values_2016_9.csv: 88260 rows
2026-02-25 00:00:05,453 - INFO -   IF_DATA_Values_2017_12.csv: 83700 rows
2026-02-25 00:00:05,912 - INFO -   IF_DATA_Values_2017_3.csv: 86340 rows
2026-02-25 00:00:06,413 - INFO -   IF_DATA_Values_2017_6.csv: 85500 rows
2026-02-25 00:00:06,972 - INFO -   IF_DATA_Values_2017_9.csv: 84600 rows
2026-02-25 00:00:07,826 - INFO -   IF_DATA_Values_2018_12.csv: 81240 rows
2026-02-25 00:00:08,801 - INFO -   IF_DATA_Values_2018_3.csv: 83460 rows
2026-02-25 00:00:09,563 - INFO -   IF_DATA_Values_2018_6.csv: 82680 rows
2026-02-25 00:00:10,232 - INFO -   IF_DATA_Values_2018_9.csv: 81660 rows
2026-02-25 00:00:10,788 - INFO -   IF_DATA_Values_2019_12.csv: 78240 rows
2026-02-25 00:00:11,345 - INFO -   IF_DATA_Values_2019_3.csv: 80460 rows
2026-02-25 00:00:12,186 - INFO -   IF_DATA_Values_2019_6.csv: 79680 rows
2026-02-25 00:00:12,866 - INFO -   IF_DATA_Values_2019_9.csv: 79080 rows
2026-02-25 00:00:13,523 - INFO -   IF_DATA_Values_2020_12.csv: 79727 rows
2026-02-25 00:00:14,159 - INFO -   IF_DATA_Values_2020_3.csv: 78000 rows
2026-02-25 00:00:14,757 - INFO -   IF_DATA_Values_2020_6.csv: 79056 rows
2026-02-25 00:00:15,274 - INFO -   IF_DATA_Values_2020_9.csv: 79483 rows
2026-02-25 00:00:15,822 - INFO -   IF_DATA_Values_2021_12.csv: 79971 rows
2026-02-25 00:00:16,391 - INFO -   IF_DATA_Values_2021_3.csv: 79788 rows
2026-02-25 00:00:16,944 - INFO -   IF_DATA_Values_2021_6.csv: 80032 rows
2026-02-25 00:00:17,566 - INFO -   IF_DATA_Values_2021_9.csv: 79910 rows
2026-02-25 00:00:18,122 - INFO -   IF_DATA_Values_2022_12.csv: 81984 rows
2026-02-25 00:00:18,633 - INFO -   IF_DATA_Values_2022_3.csv: 80642 rows
2026-02-25 00:00:19,127 - INFO -   IF_DATA_Values_2022_6.csv: 81069 rows
2026-02-25 00:00:19,624 - INFO -   IF_DATA_Values_2022_9.csv: 81374 rows
2026-02-25 00:00:20,136 - INFO -   IF_DATA_Values_2023_12.csv: 82411 rows
2026-02-25 00:00:20,630 - INFO -   IF_DATA_Values_2023_3.csv: 82411 rows
2026-02-25 00:00:21,537 - INFO -   IF_DATA_Values_2023_6.csv: 82838 rows
2026-02-25 00:00:22,554 - INFO -   IF_DATA_Values_2023_9.csv: 40560 rows
2026-02-25 00:00:23,334 - INFO -   IF_DATA_Values_2024_12.csv: 41190 rows
2026-02-25 00:00:24,043 - INFO -   IF_DATA_Values_2024_3.csv: 82899 rows
2026-02-25 00:00:24,678 - INFO -   IF_DATA_Values_2024_6.csv: 81420 rows
2026-02-25 00:00:25,337 - INFO -   IF_DATA_Values_2024_9.csv: 81900 rows
2026-02-25 00:00:28,023 - INFO -   IF_DATA_Values_2025_3.csv: 43904 rows
2026-02-25 00:00:30,972 - INFO -   IF_DATA_Values_2025_6.csv: 44160 rows
2026-02-25 00:00:33,368 - INFO -   IF_DATA_Values_2025_9.csv: 44576 rows
2026-02-25 00:00:47,152 - INFO - IF-Data loaded: 3,010,305 rows | 1885 institutions | 39 quarters (201603 - 202509)
2026-02-25 00:04:14,748 - INFO - ============================================================
2026-02-25 00:04:14,752 - INFO - Starting Egan et al. (2025) Panel Construction
2026-02-25 00:04:14,757 - INFO - ============================================================
2026-02-25 00:04:14,765 - INFO - Loading 39 IF-Data files from C:\Users\pedro\OneDrive\Documentos\Yale\Year 3 (2024 - 2025)\Open Finance\Open-Finance\BCB\IF Data\Prudential Conglomerates
2026-02-25 00:04:16,582 - INFO -   IF_DATA_Values_2016_12.csv: 87000 rows
2026-02-25 00:04:18,408 - INFO -   IF_DATA_Values_2016_3.csv: 89880 rows
2026-02-25 00:04:20,249 - INFO -   IF_DATA_Values_2016_6.csv: 89220 rows
2026-02-25 00:04:22,182 - INFO -   IF_DATA_Values_2016_9.csv: 88260 rows
2026-02-25 00:04:23,696 - INFO -   IF_DATA_Values_2017_12.csv: 83700 rows
2026-02-25 00:04:25,390 - INFO -   IF_DATA_Values_2017_3.csv: 86340 rows
2026-02-25 00:04:27,026 - INFO -   IF_DATA_Values_2017_6.csv: 85500 rows
2026-02-25 00:04:28,809 - INFO -   IF_DATA_Values_2017_9.csv: 84600 rows
2026-02-25 00:04:30,383 - INFO -   IF_DATA_Values_2018_12.csv: 81240 rows
2026-02-25 00:04:31,897 - INFO -   IF_DATA_Values_2018_3.csv: 83460 rows
2026-02-25 00:04:33,427 - INFO -   IF_DATA_Values_2018_6.csv: 82680 rows
2026-02-25 00:04:34,931 - INFO -   IF_DATA_Values_2018_9.csv: 81660 rows
2026-02-25 00:04:36,230 - INFO -   IF_DATA_Values_2019_12.csv: 78240 rows
2026-02-25 00:04:37,699 - INFO -   IF_DATA_Values_2019_3.csv: 80460 rows
2026-02-25 00:04:39,450 - INFO -   IF_DATA_Values_2019_6.csv: 79680 rows
2026-02-25 00:04:42,249 - INFO -   IF_DATA_Values_2019_9.csv: 79080 rows
2026-02-25 00:04:44,079 - INFO -   IF_DATA_Values_2020_12.csv: 79727 rows
2026-02-25 00:04:45,621 - INFO -   IF_DATA_Values_2020_3.csv: 78000 rows
2026-02-25 00:04:47,112 - INFO -   IF_DATA_Values_2020_6.csv: 79056 rows
2026-02-25 00:04:48,591 - INFO -   IF_DATA_Values_2020_9.csv: 79483 rows
2026-02-25 00:04:50,080 - INFO -   IF_DATA_Values_2021_12.csv: 79971 rows
2026-02-25 00:04:51,570 - INFO -   IF_DATA_Values_2021_3.csv: 79788 rows
2026-02-25 00:04:53,033 - INFO -   IF_DATA_Values_2021_6.csv: 80032 rows
2026-02-25 00:04:54,551 - INFO -   IF_DATA_Values_2021_9.csv: 79910 rows
2026-02-25 00:04:56,184 - INFO -   IF_DATA_Values_2022_12.csv: 81984 rows
2026-02-25 00:04:57,715 - INFO -   IF_DATA_Values_2022_3.csv: 80642 rows
2026-02-25 00:04:59,258 - INFO -   IF_DATA_Values_2022_6.csv: 81069 rows
2026-02-25 00:05:00,886 - INFO -   IF_DATA_Values_2022_9.csv: 81374 rows
2026-02-25 00:05:02,446 - INFO -   IF_DATA_Values_2023_12.csv: 82411 rows
2026-02-25 00:05:04,017 - INFO -   IF_DATA_Values_2023_3.csv: 82411 rows
2026-02-25 00:05:05,559 - INFO -   IF_DATA_Values_2023_6.csv: 82838 rows
2026-02-25 00:05:07,307 - INFO -   IF_DATA_Values_2023_9.csv: 40560 rows
2026-02-25 00:05:09,061 - INFO -   IF_DATA_Values_2024_12.csv: 41190 rows
2026-02-25 00:05:10,780 - INFO -   IF_DATA_Values_2024_3.csv: 82899 rows
2026-02-25 00:05:12,528 - INFO -   IF_DATA_Values_2024_6.csv: 81420 rows
2026-02-25 00:05:14,314 - INFO -   IF_DATA_Values_2024_9.csv: 81900 rows
2026-02-25 00:05:21,056 - INFO -   IF_DATA_Values_2025_3.csv: 43904 rows
2026-02-25 00:05:27,184 - INFO -   IF_DATA_Values_2025_6.csv: 44160 rows
2026-02-25 00:05:33,557 - INFO -   IF_DATA_Values_2025_9.csv: 44576 rows
2026-02-25 00:06:04,437 - INFO - Remapped 53,885 rows from 2025+ account codes to canonical pre-2025 codes
2026-02-25 00:06:11,967 - INFO - IF-Data loaded: 3,010,305 rows | 1885 institutions | 39 quarters (201603 - 202509)
2026-02-25 00:06:12,501 - INFO - Macro series loaded from C:\Users\pedro\OneDrive\Documentos\Yale\Year 3 (2024 - 2025)\Open Finance\Open-Finance\BCB\Egan_et_al_2025_Rep\raw\SGS_RAW\macro_series_full.csv (4836 days)
2026-02-25 00:06:12,516 - INFO - Loading conglomerate mapping from 108 List files ...
2026-02-25 00:06:29,871 - INFO - Conglomerate mapping loaded: 209,585 CNPJ-month obs | 2876 unique CNPJs | 726 conglomerates + 1145 standalones
2026-02-25 00:06:29,925 - INFO - Loading 29 COSIF processed files ...
2026-02-25 00:06:31,695 - INFO - COSIF loaded: 169,308 rows | 1851 institutions
2026-02-25 00:06:32,011 - INFO - COSIF separation: 145,924 institution-level rows kept, 23,384 pre-aggregated rows excluded (avoid double-counting)
2026-02-25 00:06:32,839 - INFO - Fallback mapping added 1,419 rows for 167 CNPJs outside List date range
2026-02-25 00:06:33,031 - INFO - COSIF-conglomerate merge: 111,367 rows | 458 conglomerates + 1076 standalones
2026-02-25 00:06:33,678 - INFO - COSIF conglomerate panel: 35,167 obs | 1516 conglomerates | 51 quarters
2026-02-25 00:06:33,768 - INFO - ==================================================
2026-02-25 00:06:33,770 - INFO - Building Egan et al. (2025) panel ...
2026-02-25 00:06:33,774 - INFO - ==================================================
2026-02-25 00:06:33,777 - INFO - Mapping IF-Data CodInst to prudential conglomerates ...
2026-02-25 00:06:41,150 - INFO - Deposit panel: 241,519 obs | 1870 conglomerates | 5 types
2026-02-25 00:06:41,631 - INFO - Bank chars panel: 53,032 conglomerate×quarter obs from 1870 conglomerates
2026-02-25 00:06:42,174 - INFO - Segment panel: 1,871 entities (726 conglomerate C-codes, 1145 standalone)
2026-02-25 00:06:42,188 - INFO - Segment distribution: {'S5': 1037, 'S4': 438, 'S3': 59, 'S2': 9, 'S1': 6}
2026-02-25 00:06:42,816 - INFO - Quarterly macro rates computed: 52 quarters
2026-02-25 00:06:43,978 - INFO - Bank chars coverage: 241,519 / 241,519 obs have total_assets
2026-02-25 00:06:44,348 - INFO - Segment coverage: 230,256 / 241,519 obs have segment
2026-02-25 00:06:44,870 - INFO - COSIF rate coverage: 118,913 / 241,519 obs have COSIF implicit rates
2026-02-25 00:06:46,698 - INFO - Panel complete: 241,519 obs | 1870 conglomerates | 39 quarters | 5 deposit types
2026-02-25 00:07:15,110 - INFO - Panel saved to C:\Users\pedro\OneDrive\Documentos\Yale\Year 3 (2024 - 2025)\Open Finance\Open-Finance\BCB\Egan_et_al_2025_Rep\processed\PANEL_INTERMED\egan_panel_deposits.csv
2026-02-25 00:07:15,847 - INFO - Quarterly macro rates computed: 52 quarters
2026-02-25 00:07:15,886 - INFO - Quarterly macro rates saved to C:\Users\pedro\OneDrive\Documentos\Yale\Year 3 (2024 - 2025)\Open Finance\Open-Finance\BCB\Egan_et_al_2025_Rep\processed\PANEL_INTERMED\quarterly_macro_rates.csv
2026-02-25 00:07:16,479 - INFO - Script completed successfully.
2026-02-26 13:53:20,965 - INFO - ============================================================
2026-02-26 13:53:20,967 - INFO - Starting Egan et al. (2025) Panel Construction
2026-02-26 13:53:20,968 - INFO - ============================================================
2026-02-26 13:53:20,971 - INFO - Loading 39 IF-Data files from C:\Users\pedro\OneDrive\Documentos\Yale\Year 3 (2024 - 2025)\Open Finance\Open-Finance\BCB\IF Data\Prudential Conglomerates
2026-02-26 13:53:21,736 - INFO -   IF_DATA_Values_2016_12.csv: 87000 rows
2026-02-26 13:53:22,160 - INFO -   IF_DATA_Values_2016_3.csv: 89880 rows
2026-02-26 13:53:23,000 - INFO -   IF_DATA_Values_2016_6.csv: 89220 rows
2026-02-26 13:53:23,417 - INFO -   IF_DATA_Values_2016_9.csv: 88260 rows
2026-02-26 13:53:24,003 - INFO -   IF_DATA_Values_2017_12.csv: 83700 rows
2026-02-26 13:53:24,328 - INFO -   IF_DATA_Values_2017_3.csv: 86340 rows
2026-02-26 13:53:24,700 - INFO -   IF_DATA_Values_2017_6.csv: 85500 rows
2026-02-26 13:53:25,033 - INFO -   IF_DATA_Values_2017_9.csv: 84600 rows
2026-02-26 13:53:25,389 - INFO -   IF_DATA_Values_2018_12.csv: 81240 rows
2026-02-26 13:53:25,976 - INFO -   IF_DATA_Values_2018_3.csv: 83460 rows
2026-02-26 13:53:26,353 - INFO -   IF_DATA_Values_2018_6.csv: 82680 rows
2026-02-26 13:53:26,674 - INFO -   IF_DATA_Values_2018_9.csv: 81660 rows
2026-02-26 13:53:26,996 - INFO -   IF_DATA_Values_2019_12.csv: 78240 rows
2026-02-26 13:53:27,310 - INFO -   IF_DATA_Values_2019_3.csv: 80460 rows
2026-02-26 13:53:27,703 - INFO -   IF_DATA_Values_2019_6.csv: 79680 rows
2026-02-26 13:53:28,014 - INFO -   IF_DATA_Values_2019_9.csv: 79080 rows
2026-02-26 13:53:28,301 - INFO -   IF_DATA_Values_2020_12.csv: 79727 rows
2026-02-26 13:53:28,647 - INFO -   IF_DATA_Values_2020_3.csv: 78000 rows
2026-02-26 13:53:28,948 - INFO -   IF_DATA_Values_2020_6.csv: 79056 rows
2026-02-26 13:53:29,244 - INFO -   IF_DATA_Values_2020_9.csv: 79483 rows
2026-02-26 13:53:29,648 - INFO -   IF_DATA_Values_2021_12.csv: 79971 rows
2026-02-26 13:53:29,972 - INFO -   IF_DATA_Values_2021_3.csv: 79788 rows
2026-02-26 13:53:30,280 - INFO -   IF_DATA_Values_2021_6.csv: 80032 rows
2026-02-26 13:53:30,592 - INFO -   IF_DATA_Values_2021_9.csv: 79910 rows
2026-02-26 13:53:31,082 - INFO -   IF_DATA_Values_2022_12.csv: 81984 rows
2026-02-26 13:53:31,952 - INFO -   IF_DATA_Values_2022_3.csv: 80642 rows
2026-02-26 13:53:32,743 - INFO -   IF_DATA_Values_2022_6.csv: 81069 rows
2026-02-26 13:53:33,714 - INFO -   IF_DATA_Values_2022_9.csv: 81374 rows
2026-02-26 13:53:34,163 - INFO -   IF_DATA_Values_2023_12.csv: 82411 rows
2026-02-26 13:53:34,784 - INFO -   IF_DATA_Values_2023_3.csv: 82411 rows
2026-02-26 13:53:35,608 - INFO -   IF_DATA_Values_2023_6.csv: 82838 rows
2026-02-26 13:53:36,376 - INFO -   IF_DATA_Values_2023_9.csv: 40560 rows
2026-02-26 13:53:37,060 - INFO -   IF_DATA_Values_2024_12.csv: 41190 rows
2026-02-26 13:53:38,104 - INFO -   IF_DATA_Values_2024_3.csv: 82899 rows
2026-02-26 13:53:38,738 - INFO -   IF_DATA_Values_2024_6.csv: 81420 rows
2026-02-26 13:53:39,316 - INFO -   IF_DATA_Values_2024_9.csv: 81900 rows
2026-02-26 13:53:41,491 - INFO -   IF_DATA_Values_2025_3.csv: 43904 rows
2026-02-26 13:53:44,468 - INFO -   IF_DATA_Values_2025_6.csv: 44160 rows
2026-02-26 13:53:47,148 - INFO -   IF_DATA_Values_2025_9.csv: 44576 rows
2026-02-26 13:54:00,981 - INFO - Remapped 53,885 rows from 2025+ account codes to canonical pre-2025 codes
2026-02-26 13:54:05,043 - INFO - IF-Data loaded: 3,010,305 rows | 1885 institutions | 39 quarters (201603 - 202509)
2026-02-26 13:54:05,212 - INFO - Macro series loaded from C:\Users\pedro\OneDrive\Documentos\Yale\Year 3 (2024 - 2025)\Open Finance\Open-Finance\BCB\Egan_et_al_2025_Rep\raw\SGS_RAW\macro_series_full.csv (4836 days)
2026-02-26 13:54:05,227 - INFO - Loading conglomerate mapping from 108 List files ...
2026-02-26 13:54:10,109 - INFO - Payment Institutions identified: 158 IPs out of 2876 unique CNPJs
2026-02-26 13:54:10,419 - INFO - Conglomerate mapping loaded: 209,585 CNPJ-month obs | 2876 unique CNPJs | 726 conglomerates + 1145 standalones
2026-02-26 13:54:10,455 - INFO - Loading 29 COSIF processed files ...
2026-02-26 13:54:11,746 - INFO - COSIF loaded: 169,308 rows | 1851 institutions
2026-02-26 13:54:12,049 - INFO - COSIF separation: 145,924 institution-level rows kept, 23,384 pre-aggregated rows excluded (avoid double-counting)
2026-02-26 13:54:12,829 - INFO - Fallback mapping added 1,419 rows for 167 CNPJs outside List date range
2026-02-26 13:54:13,034 - INFO - COSIF-conglomerate merge: 111,367 rows | 458 conglomerates + 1076 standalones
2026-02-26 13:54:13,306 - INFO - IP-only aggregation: 2,764 congl×month obs from 117 IP CNPJs in 114 conglomerates
2026-02-26 13:54:13,630 - INFO - IP prepaid rate coverage: 834 / 35,167 congl×quarter obs
2026-02-26 13:54:13,682 - INFO - COSIF conglomerate panel: 35,167 obs | 1516 conglomerates | 51 quarters
2026-02-26 13:54:13,739 - INFO - ==================================================
2026-02-26 13:54:13,739 - INFO - Building Egan et al. (2025) panel ...
2026-02-26 13:54:13,745 - INFO - ==================================================
2026-02-26 13:54:13,747 - INFO - Mapping IF-Data CodInst to prudential conglomerates ...
2026-02-26 13:54:17,165 - INFO - Deposit panel: 241,519 obs | 1870 conglomerates | 5 types
2026-02-26 13:54:17,289 - INFO - Bank chars panel: 53,032 conglomerate×quarter obs from 1870 conglomerates
2026-02-26 13:54:17,427 - INFO - Segment panel: 1,871 entities (726 conglomerate C-codes, 1145 standalone)
2026-02-26 13:54:17,436 - INFO - Segment distribution: {'S5': 1037, 'S4': 438, 'S3': 59, 'S2': 9, 'S1': 6}
2026-02-26 13:54:17,515 - INFO - Quarterly macro rates computed: 52 quarters
2026-02-26 13:54:17,808 - INFO - Bank chars coverage: 241,519 / 241,519 obs have total_assets
2026-02-26 13:54:17,909 - INFO - Segment coverage: 230,256 / 241,519 obs have segment
2026-02-26 13:54:18,263 - INFO - COSIF rate coverage: 118,913 / 241,519 obs have COSIF implicit rates
2026-02-26 13:54:19,876 - INFO - Panel complete: 241,519 obs | 1870 conglomerates | 39 quarters | 5 deposit types
2026-02-26 13:54:31,042 - INFO - Panel saved to C:\Users\pedro\OneDrive\Documentos\Yale\Year 3 (2024 - 2025)\Open Finance\Open-Finance\BCB\Egan_et_al_2025_Rep\processed\PANEL_INTERMED\egan_panel_deposits.csv
2026-02-26 13:54:31,284 - INFO - Quarterly macro rates computed: 52 quarters
2026-02-26 13:54:31,301 - INFO - Quarterly macro rates saved to C:\Users\pedro\OneDrive\Documentos\Yale\Year 3 (2024 - 2025)\Open Finance\Open-Finance\BCB\Egan_et_al_2025_Rep\processed\PANEL_INTERMED\quarterly_macro_rates.csv
2026-02-26 13:54:31,672 - INFO - Script completed successfully.
2026-02-26 17:19:08,804 - INFO - ============================================================
2026-02-26 17:19:08,806 - INFO - Starting Egan et al. (2025) Panel Construction
2026-02-26 17:19:08,807 - INFO - ============================================================
2026-02-26 17:19:08,812 - INFO - Loading 39 IF-Data files from C:\Users\pedro\OneDrive\Documentos\Yale\Year 3 (2024 - 2025)\Open Finance\Open-Finance\BCB\IF Data\Prudential Conglomerates
2026-02-26 17:19:09,752 - INFO -   IF_DATA_Values_2016_12.csv: 87000 rows
2026-02-26 17:19:10,413 - INFO -   IF_DATA_Values_2016_3.csv: 89880 rows
2026-02-26 17:19:10,821 - INFO -   IF_DATA_Values_2016_6.csv: 89220 rows
2026-02-26 17:19:11,254 - INFO -   IF_DATA_Values_2016_9.csv: 88260 rows
2026-02-26 17:19:11,805 - INFO -   IF_DATA_Values_2017_12.csv: 83700 rows
2026-02-26 17:19:12,640 - INFO -   IF_DATA_Values_2017_3.csv: 86340 rows
2026-02-26 17:19:13,637 - INFO -   IF_DATA_Values_2017_6.csv: 85500 rows
2026-02-26 17:19:14,551 - INFO -   IF_DATA_Values_2017_9.csv: 84600 rows
2026-02-26 17:19:15,406 - INFO -   IF_DATA_Values_2018_12.csv: 81240 rows
2026-02-26 17:19:16,520 - INFO -   IF_DATA_Values_2018_3.csv: 83460 rows
2026-02-26 17:19:16,941 - INFO -   IF_DATA_Values_2018_6.csv: 82680 rows
2026-02-26 17:19:17,468 - INFO -   IF_DATA_Values_2018_9.csv: 81660 rows
2026-02-26 17:19:17,958 - INFO -   IF_DATA_Values_2019_12.csv: 78240 rows
2026-02-26 17:19:18,692 - INFO -   IF_DATA_Values_2019_3.csv: 80460 rows
2026-02-26 17:19:19,494 - INFO -   IF_DATA_Values_2019_6.csv: 79680 rows
2026-02-26 17:19:19,835 - INFO -   IF_DATA_Values_2019_9.csv: 79080 rows
2026-02-26 17:19:20,137 - INFO -   IF_DATA_Values_2020_12.csv: 79727 rows
2026-02-26 17:19:20,649 - INFO -   IF_DATA_Values_2020_3.csv: 78000 rows
2026-02-26 17:19:21,289 - INFO -   IF_DATA_Values_2020_6.csv: 79056 rows
2026-02-26 17:19:22,241 - INFO -   IF_DATA_Values_2020_9.csv: 79483 rows
2026-02-26 17:19:22,997 - INFO -   IF_DATA_Values_2021_12.csv: 79971 rows
2026-02-26 17:19:23,614 - INFO -   IF_DATA_Values_2021_3.csv: 79788 rows
2026-02-26 17:19:24,251 - INFO -   IF_DATA_Values_2021_6.csv: 80032 rows
2026-02-26 17:19:24,682 - INFO -   IF_DATA_Values_2021_9.csv: 79910 rows
2026-02-26 17:19:25,687 - INFO -   IF_DATA_Values_2022_12.csv: 81984 rows
2026-02-26 17:19:26,619 - INFO -   IF_DATA_Values_2022_3.csv: 80642 rows
2026-02-26 17:19:27,162 - INFO -   IF_DATA_Values_2022_6.csv: 81069 rows
2026-02-26 17:19:27,816 - INFO -   IF_DATA_Values_2022_9.csv: 81374 rows
2026-02-26 17:19:28,408 - INFO -   IF_DATA_Values_2023_12.csv: 82411 rows
2026-02-26 17:19:29,032 - INFO -   IF_DATA_Values_2023_3.csv: 82411 rows
2026-02-26 17:19:29,766 - INFO -   IF_DATA_Values_2023_6.csv: 82838 rows
2026-02-26 17:19:30,519 - INFO -   IF_DATA_Values_2023_9.csv: 40560 rows
2026-02-26 17:19:31,138 - INFO -   IF_DATA_Values_2024_12.csv: 41190 rows
2026-02-26 17:19:31,870 - INFO -   IF_DATA_Values_2024_3.csv: 82899 rows
2026-02-26 17:19:32,840 - INFO -   IF_DATA_Values_2024_6.csv: 81420 rows
2026-02-26 17:19:33,668 - INFO -   IF_DATA_Values_2024_9.csv: 81900 rows
2026-02-26 17:19:37,102 - INFO -   IF_DATA_Values_2025_3.csv: 43904 rows
2026-02-26 17:19:40,373 - INFO -   IF_DATA_Values_2025_6.csv: 44160 rows
2026-02-26 17:19:43,324 - INFO -   IF_DATA_Values_2025_9.csv: 44576 rows
2026-02-26 17:19:52,374 - INFO - Remapped 53,885 rows from 2025+ account codes to canonical pre-2025 codes
2026-02-26 17:19:53,439 - INFO - IF-Data loaded: 3,010,305 rows | 1885 institutions | 39 quarters (201603 - 202509)
2026-02-26 17:19:53,530 - INFO - Macro series loaded from C:\Users\pedro\OneDrive\Documentos\Yale\Year 3 (2024 - 2025)\Open Finance\Open-Finance\BCB\Egan_et_al_2025_Rep\raw\SGS_RAW\macro_series_full.csv (4836 days)
2026-02-26 17:19:53,538 - INFO - Loading conglomerate mapping from 108 List files ...
2026-02-26 17:19:57,326 - INFO - Payment Institutions identified: 158 IPs out of 2876 unique CNPJs
2026-02-26 17:19:57,380 - INFO - Conglomerate mapping loaded: 209,585 CNPJ-month obs | 2876 unique CNPJs | 726 conglomerates + 1145 standalones
2026-02-26 17:19:57,390 - INFO - Loading 29 COSIF processed files ...
2026-02-26 17:19:57,881 - INFO - COSIF loaded: 169,308 rows | 1851 institutions
2026-02-26 17:19:57,992 - INFO - COSIF separation: 145,924 institution-level rows kept, 23,384 pre-aggregated rows excluded (avoid double-counting)
2026-02-26 17:19:58,287 - INFO - Fallback mapping added 1,419 rows for 167 CNPJs outside List date range
2026-02-26 17:19:58,322 - INFO - COSIF-conglomerate merge: 111,367 rows | 458 conglomerates + 1076 standalones
2026-02-26 17:19:58,371 - INFO - IP-only aggregation: 2,764 congl×month obs from 117 IP CNPJs in 114 conglomerates
2026-02-26 17:19:58,441 - INFO - IP prepaid rate coverage: 834 / 35,167 congl×quarter obs
2026-02-26 17:19:58,453 - INFO - COSIF conglomerate panel: 35,167 obs | 1516 conglomerates | 51 quarters
2026-02-26 17:19:58,473 - INFO - ==================================================
2026-02-26 17:19:58,473 - INFO - Building Egan et al. (2025) panel ...
2026-02-26 17:19:58,474 - INFO - ==================================================
2026-02-26 17:19:58,474 - INFO - Mapping IF-Data CodInst to prudential conglomerates ...
2026-02-26 17:19:59,982 - INFO - Deposit panel: 241,519 obs | 1870 conglomerates | 5 types
2026-02-26 17:20:00,100 - INFO - Bank chars panel: 53,032 conglomerate×quarter obs from 1870 conglomerates
2026-02-26 17:20:00,188 - INFO - Segment panel: 1,871 entities (726 conglomerate C-codes, 1145 standalone)
2026-02-26 17:20:00,190 - INFO - Segment distribution: {'S5': 1037, 'S4': 438, 'S3': 59, 'S2': 9, 'S1': 6}
2026-02-26 17:20:00,231 - INFO - Quarterly macro rates computed: 52 quarters
2026-02-26 17:20:00,380 - INFO - Bank chars coverage: 241,519 / 241,519 obs have total_assets
2026-02-26 17:20:00,429 - INFO - Segment coverage: 230,256 / 241,519 obs have segment
2026-02-26 17:20:00,537 - INFO - COSIF rate coverage: 118,913 / 241,519 obs have COSIF implicit rates
2026-02-26 17:20:00,896 - INFO - Panel complete: 241,519 obs | 1870 conglomerates | 39 quarters | 5 deposit types
2026-02-26 17:20:05,320 - INFO - Panel saved to C:\Users\pedro\OneDrive\Documentos\Yale\Year 3 (2024 - 2025)\Open Finance\Open-Finance\BCB\Egan_et_al_2025_Rep\processed\PANEL_INTERMED\egan_panel_deposits.csv
2026-02-26 17:20:05,376 - INFO - Quarterly macro rates computed: 52 quarters
2026-02-26 17:20:05,376 - INFO - Quarterly macro rates saved to C:\Users\pedro\OneDrive\Documentos\Yale\Year 3 (2024 - 2025)\Open Finance\Open-Finance\BCB\Egan_et_al_2025_Rep\processed\PANEL_INTERMED\quarterly_macro_rates.csv
2026-02-26 17:20:05,582 - INFO - Script completed successfully.
2026-02-26 17:23:05,350 - INFO - ============================================================
2026-02-26 17:23:05,358 - INFO - Starting Egan et al. (2025) Panel Construction
2026-02-26 17:23:05,360 - INFO - ============================================================
2026-02-26 17:23:05,364 - INFO - Loading 39 IF-Data files from C:\Users\pedro\OneDrive\Documentos\Yale\Year 3 (2024 - 2025)\Open Finance\Open-Finance\BCB\IF Data\Prudential Conglomerates
2026-02-26 17:23:06,125 - INFO -   IF_DATA_Values_2016_12.csv: 87000 rows
2026-02-26 17:23:07,264 - INFO -   IF_DATA_Values_2016_3.csv: 89880 rows
2026-02-26 17:23:07,982 - INFO -   IF_DATA_Values_2016_6.csv: 89220 rows
2026-02-26 17:23:08,560 - INFO -   IF_DATA_Values_2016_9.csv: 88260 rows
2026-02-26 17:23:09,127 - INFO -   IF_DATA_Values_2017_12.csv: 83700 rows
2026-02-26 17:23:09,638 - INFO -   IF_DATA_Values_2017_3.csv: 86340 rows
2026-02-26 17:23:10,200 - INFO -   IF_DATA_Values_2017_6.csv: 85500 rows
2026-02-26 17:23:10,730 - INFO -   IF_DATA_Values_2017_9.csv: 84600 rows
2026-02-26 17:23:11,216 - INFO -   IF_DATA_Values_2018_12.csv: 81240 rows
2026-02-26 17:23:11,729 - INFO -   IF_DATA_Values_2018_3.csv: 83460 rows
2026-02-26 17:23:12,289 - INFO -   IF_DATA_Values_2018_6.csv: 82680 rows
2026-02-26 17:23:12,784 - INFO -   IF_DATA_Values_2018_9.csv: 81660 rows
2026-02-26 17:23:13,400 - INFO -   IF_DATA_Values_2019_12.csv: 78240 rows
2026-02-26 17:23:14,071 - INFO -   IF_DATA_Values_2019_3.csv: 80460 rows
2026-02-26 17:23:14,957 - INFO -   IF_DATA_Values_2019_6.csv: 79680 rows
2026-02-26 17:23:15,811 - INFO -   IF_DATA_Values_2019_9.csv: 79080 rows
2026-02-26 17:23:16,571 - INFO -   IF_DATA_Values_2020_12.csv: 79727 rows
2026-02-26 17:23:17,693 - INFO -   IF_DATA_Values_2020_3.csv: 78000 rows
2026-02-26 17:23:18,731 - INFO -   IF_DATA_Values_2020_6.csv: 79056 rows
2026-02-26 17:23:19,341 - INFO -   IF_DATA_Values_2020_9.csv: 79483 rows
2026-02-26 17:23:20,024 - INFO -   IF_DATA_Values_2021_12.csv: 79971 rows
2026-02-26 17:23:20,661 - INFO -   IF_DATA_Values_2021_3.csv: 79788 rows
2026-02-26 17:23:21,327 - INFO -   IF_DATA_Values_2021_6.csv: 80032 rows
2026-02-26 17:23:22,426 - INFO -   IF_DATA_Values_2021_9.csv: 79910 rows
2026-02-26 17:23:22,993 - INFO -   IF_DATA_Values_2022_12.csv: 81984 rows
2026-02-26 17:23:23,913 - INFO -   IF_DATA_Values_2022_3.csv: 80642 rows
2026-02-26 17:23:24,941 - INFO -   IF_DATA_Values_2022_6.csv: 81069 rows
2026-02-26 17:23:25,594 - INFO -   IF_DATA_Values_2022_9.csv: 81374 rows
2026-02-26 17:23:26,309 - INFO -   IF_DATA_Values_2023_12.csv: 82411 rows
2026-02-26 17:23:26,875 - INFO -   IF_DATA_Values_2023_3.csv: 82411 rows
2026-02-26 17:23:27,447 - INFO -   IF_DATA_Values_2023_6.csv: 82838 rows
2026-02-26 17:23:28,225 - INFO -   IF_DATA_Values_2023_9.csv: 40560 rows
2026-02-26 17:23:29,025 - INFO -   IF_DATA_Values_2024_12.csv: 41190 rows
2026-02-26 17:23:30,009 - INFO -   IF_DATA_Values_2024_3.csv: 82899 rows
2026-02-26 17:23:30,725 - INFO -   IF_DATA_Values_2024_6.csv: 81420 rows
2026-02-26 17:23:31,368 - INFO -   IF_DATA_Values_2024_9.csv: 81900 rows
2026-02-26 17:23:33,593 - INFO -   IF_DATA_Values_2025_3.csv: 43904 rows
2026-02-26 17:23:35,418 - INFO -   IF_DATA_Values_2025_6.csv: 44160 rows
2026-02-26 17:23:37,410 - INFO -   IF_DATA_Values_2025_9.csv: 44576 rows
2026-02-26 17:23:46,202 - INFO - Remapped 53,885 rows from 2025+ account codes to canonical pre-2025 codes
2026-02-26 17:23:48,251 - INFO - IF-Data loaded: 3,010,305 rows | 1885 institutions | 39 quarters (201603 - 202509)
2026-02-26 17:23:48,463 - INFO - Macro series loaded from C:\Users\pedro\OneDrive\Documentos\Yale\Year 3 (2024 - 2025)\Open Finance\Open-Finance\BCB\Egan_et_al_2025_Rep\raw\SGS_RAW\macro_series_full.csv (4836 days)
2026-02-26 17:23:48,470 - INFO - Loading conglomerate mapping from 108 List files ...
2026-02-26 17:23:53,796 - INFO - Payment Institutions identified: 158 IPs out of 2876 unique CNPJs
2026-02-26 17:23:53,996 - INFO - Conglomerate mapping loaded: 209,585 CNPJ-month obs | 2876 unique CNPJs | 726 conglomerates + 1145 standalones
2026-02-26 17:23:54,024 - INFO - Loading 29 COSIF processed files ...
2026-02-26 17:23:55,038 - INFO - COSIF loaded: 169,308 rows | 1851 institutions
2026-02-26 17:23:55,274 - INFO - COSIF separation: 145,924 institution-level rows kept, 23,384 pre-aggregated rows excluded (avoid double-counting)
2026-02-26 17:23:55,956 - INFO - Fallback mapping added 1,419 rows for 167 CNPJs outside List date range
2026-02-26 17:23:56,044 - INFO - COSIF-conglomerate merge: 111,367 rows | 458 conglomerates + 1076 standalones
2026-02-26 17:23:56,186 - INFO - IP-only aggregation: 2,764 congl×month obs from 117 IP CNPJs in 114 conglomerates
2026-02-26 17:23:56,377 - INFO - IP prepaid rate coverage: 834 / 35,167 congl×quarter obs
2026-02-26 17:23:56,424 - INFO - COSIF conglomerate panel: 35,167 obs | 1516 conglomerates | 51 quarters
2026-02-26 17:23:56,484 - INFO - ==================================================
2026-02-26 17:23:56,487 - INFO - Building Egan et al. (2025) panel ...
2026-02-26 17:23:56,489 - INFO - ==================================================
2026-02-26 17:23:56,491 - INFO - Mapping IF-Data CodInst to prudential conglomerates ...
2026-02-26 17:23:59,059 - INFO - Deposit panel: 241,519 obs | 1870 conglomerates | 5 types
2026-02-26 17:23:59,146 - INFO - Bank chars panel: 53,032 conglomerate×quarter obs from 1870 conglomerates
2026-02-26 17:24:22,779 - INFO - DRE ratios panel: 46,162 obs | 1809 conglomerates | personnel_cost_ratio_lag non-null: 44,106
2026-02-26 17:24:23,166 - INFO - Segment panel: 1,871 entities (726 conglomerate C-codes, 1145 standalone)
2026-02-26 17:24:23,171 - INFO - Segment distribution: {'S5': 1037, 'S4': 438, 'S3': 59, 'S2': 9, 'S1': 6}
2026-02-26 17:24:23,509 - INFO - Quarterly macro rates computed: 52 quarters
2026-02-26 17:24:24,011 - INFO - Bank chars coverage: 241,519 / 241,519 obs have total_assets
2026-02-26 17:24:24,245 - INFO - DRE cost ratio coverage: personnel=198,537 / 241,519
2026-02-26 17:24:24,454 - INFO - Segment coverage: 230,256 / 241,519 obs have segment
2026-02-26 17:24:24,599 - INFO - COSIF rate coverage: 118,913 / 241,519 obs have COSIF implicit rates
2026-02-26 17:24:25,360 - INFO - Panel complete: 241,519 obs | 1870 conglomerates | 39 quarters | 5 deposit types
2026-02-26 17:24:37,795 - INFO - Panel saved to C:\Users\pedro\OneDrive\Documentos\Yale\Year 3 (2024 - 2025)\Open Finance\Open-Finance\BCB\Egan_et_al_2025_Rep\processed\PANEL_INTERMED\egan_panel_deposits.csv
2026-02-26 17:24:37,909 - INFO - Quarterly macro rates computed: 52 quarters
2026-02-26 17:24:37,922 - INFO - Quarterly macro rates saved to C:\Users\pedro\OneDrive\Documentos\Yale\Year 3 (2024 - 2025)\Open Finance\Open-Finance\BCB\Egan_et_al_2025_Rep\processed\PANEL_INTERMED\quarterly_macro_rates.csv
2026-02-26 17:24:38,217 - INFO - Script completed successfully.
2026-03-01 13:59:47,105 - INFO - ============================================================
2026-03-01 13:59:47,105 - INFO - Starting Egan et al. (2025) Panel Construction
2026-03-01 13:59:47,108 - INFO - ============================================================
2026-03-01 13:59:47,112 - INFO - Loading 39 IF-Data files from c:\Users\pedro\OneDrive\Documentos\Yale\Year 3 (2024 - 2025)\Open Finance\Open-Finance\BCB\IF Data\Prudential Conglomerates
2026-03-01 13:59:47,505 - INFO -   IF_DATA_Values_2016_12.csv: 87000 rows
2026-03-01 13:59:47,951 - INFO -   IF_DATA_Values_2016_3.csv: 89880 rows
2026-03-01 13:59:48,569 - INFO -   IF_DATA_Values_2016_6.csv: 89220 rows
2026-03-01 13:59:49,251 - INFO -   IF_DATA_Values_2016_9.csv: 88260 rows
2026-03-01 13:59:49,624 - INFO -   IF_DATA_Values_2017_12.csv: 83700 rows
2026-03-01 13:59:50,058 - INFO -   IF_DATA_Values_2017_3.csv: 86340 rows
2026-03-01 13:59:50,476 - INFO -   IF_DATA_Values_2017_6.csv: 85500 rows
2026-03-01 13:59:50,929 - INFO -   IF_DATA_Values_2017_9.csv: 84600 rows
2026-03-01 13:59:51,356 - INFO -   IF_DATA_Values_2018_12.csv: 81240 rows
2026-03-01 13:59:51,831 - INFO -   IF_DATA_Values_2018_3.csv: 83460 rows
2026-03-01 13:59:52,229 - INFO -   IF_DATA_Values_2018_6.csv: 82680 rows
2026-03-01 13:59:52,552 - INFO -   IF_DATA_Values_2018_9.csv: 81660 rows
2026-03-01 13:59:52,846 - INFO -   IF_DATA_Values_2019_12.csv: 78240 rows
2026-03-01 13:59:53,131 - INFO -   IF_DATA_Values_2019_3.csv: 80460 rows
2026-03-01 13:59:53,409 - INFO -   IF_DATA_Values_2019_6.csv: 79680 rows
2026-03-01 13:59:53,682 - INFO -   IF_DATA_Values_2019_9.csv: 79080 rows
2026-03-01 13:59:54,515 - INFO -   IF_DATA_Values_2020_12.csv: 79727 rows
2026-03-01 13:59:56,340 - INFO -   IF_DATA_Values_2020_3.csv: 78000 rows
2026-03-01 13:59:57,430 - INFO -   IF_DATA_Values_2020_6.csv: 79056 rows
2026-03-01 13:59:58,399 - INFO -   IF_DATA_Values_2020_9.csv: 79483 rows
2026-03-01 13:59:59,385 - INFO -   IF_DATA_Values_2021_12.csv: 79971 rows
2026-03-01 14:00:00,386 - INFO -   IF_DATA_Values_2021_3.csv: 79788 rows
2026-03-01 14:00:01,354 - INFO -   IF_DATA_Values_2021_6.csv: 80032 rows
2026-03-01 14:00:02,424 - INFO -   IF_DATA_Values_2021_9.csv: 79910 rows
2026-03-01 14:00:03,456 - INFO -   IF_DATA_Values_2022_12.csv: 81984 rows
2026-03-01 14:00:04,554 - INFO -   IF_DATA_Values_2022_3.csv: 80642 rows
2026-03-01 14:00:05,524 - INFO -   IF_DATA_Values_2022_6.csv: 81069 rows
2026-03-01 14:00:06,458 - INFO -   IF_DATA_Values_2022_9.csv: 81374 rows
2026-03-01 14:00:07,441 - INFO -   IF_DATA_Values_2023_12.csv: 82411 rows
2026-03-01 14:00:08,446 - INFO -   IF_DATA_Values_2023_3.csv: 82411 rows
2026-03-01 14:00:09,456 - INFO -   IF_DATA_Values_2023_6.csv: 82838 rows
2026-03-01 14:00:10,501 - INFO -   IF_DATA_Values_2023_9.csv: 40560 rows
2026-03-01 14:00:11,579 - INFO -   IF_DATA_Values_2024_12.csv: 41190 rows
2026-03-01 14:00:12,603 - INFO -   IF_DATA_Values_2024_3.csv: 82899 rows
2026-03-01 14:00:13,566 - INFO -   IF_DATA_Values_2024_6.csv: 81420 rows
2026-03-01 14:00:14,629 - INFO -   IF_DATA_Values_2024_9.csv: 81900 rows
2026-03-01 14:00:18,696 - INFO -   IF_DATA_Values_2025_3.csv: 43904 rows
2026-03-01 14:00:20,057 - INFO -   IF_DATA_Values_2025_6.csv: 44160 rows
2026-03-01 14:00:21,213 - INFO -   IF_DATA_Values_2025_9.csv: 44576 rows
2026-03-01 14:00:28,046 - INFO - Remapped 53,885 rows from 2025+ account codes to canonical pre-2025 codes
2026-03-01 14:00:29,950 - INFO - IF-Data loaded: 3,010,305 rows | 1885 institutions | 39 quarters (201603 - 202509)
2026-03-01 14:00:30,111 - INFO - Macro series loaded from c:\Users\pedro\OneDrive\Documentos\Yale\Year 3 (2024 - 2025)\Open Finance\Open-Finance\BCB\Egan_et_al_2025_Rep\raw\SGS_RAW\macro_series_full.csv (4836 days)
2026-03-01 14:00:30,118 - INFO - Loading conglomerate mapping from 108 List files ...
2026-03-01 14:00:34,461 - INFO - Payment Institutions identified: 158 IPs out of 2876 unique CNPJs
2026-03-01 14:00:34,573 - INFO - Conglomerate mapping loaded: 209,585 CNPJ-month obs | 2876 unique CNPJs | 726 conglomerates + 1145 standalones
2026-03-01 14:00:34,579 - INFO - Loading 29 COSIF processed files ...
2026-03-01 14:00:35,061 - INFO - COSIF loaded: 169,308 rows | 1851 institutions
2026-03-01 14:00:35,191 - INFO - COSIF separation: 145,924 institution-level rows kept, 23,384 pre-aggregated rows excluded (avoid double-counting)
2026-03-01 14:00:35,429 - INFO - Fallback mapping added 1,419 rows for 167 CNPJs outside List date range
2026-03-01 14:00:35,477 - INFO - COSIF-conglomerate merge: 111,367 rows | 458 conglomerates + 1076 standalones
2026-03-01 14:00:35,525 - INFO - IP-only aggregation: 2,764 congl×month obs from 117 IP CNPJs in 114 conglomerates
2026-03-01 14:00:35,613 - INFO - IP prepaid rate coverage: 834 / 35,167 congl×quarter obs
2026-03-01 14:00:35,629 - INFO - COSIF conglomerate panel: 35,167 obs | 1516 conglomerates | 51 quarters
2026-03-01 14:00:35,646 - INFO - ==================================================
2026-03-01 14:00:35,646 - INFO - Building Egan et al. (2025) panel ...
2026-03-01 14:00:35,646 - INFO - ==================================================
2026-03-01 14:00:35,646 - INFO - Mapping IF-Data CodInst to prudential conglomerates ...
2026-03-01 14:00:38,080 - INFO - Deposit panel: 241,519 obs | 1870 conglomerates | 5 types
2026-03-01 14:00:38,168 - INFO - Bank chars panel: 53,032 conglomerate×quarter obs from 1870 conglomerates
2026-03-01 14:00:52,974 - INFO - DRE ratios panel: 46,162 obs | 1809 conglomerates | personnel_cost_ratio_lag non-null: 44,106
2026-03-01 14:00:53,071 - INFO - Segment panel: 1,871 entities (726 conglomerate C-codes, 1145 standalone)
2026-03-01 14:00:53,071 - INFO - Segment distribution: {'S5': 1037, 'S4': 438, 'S3': 59, 'S2': 9, 'S1': 6}
2026-03-01 14:00:53,145 - INFO - Quarterly macro rates computed: 52 quarters
2026-03-01 14:00:53,436 - INFO - Bank chars coverage: 241,519 / 241,519 obs have total_assets
2026-03-01 14:00:53,541 - INFO - DRE cost ratio coverage: personnel=198,537 / 241,519
2026-03-01 14:00:53,643 - INFO - Segment coverage: 230,256 / 241,519 obs have segment
2026-03-01 14:00:53,835 - INFO - COSIF rate coverage: 118,913 / 241,519 obs have COSIF implicit rates
2026-03-01 14:00:54,398 - INFO - Panel complete: 241,519 obs | 1870 conglomerates | 39 quarters | 5 deposit types
2026-03-01 14:01:03,391 - INFO - Panel saved to c:\Users\pedro\OneDrive\Documentos\Yale\Year 3 (2024 - 2025)\Open Finance\Open-Finance\BCB\Egan_et_al_2025_Rep\processed\PANEL_INTERMED\egan_panel_deposits.csv
2026-03-01 14:01:03,470 - INFO - Quarterly macro rates computed: 52 quarters
2026-03-01 14:01:03,487 - INFO - Quarterly macro rates saved to c:\Users\pedro\OneDrive\Documentos\Yale\Year 3 (2024 - 2025)\Open Finance\Open-Finance\BCB\Egan_et_al_2025_Rep\processed\PANEL_INTERMED\quarterly_macro_rates.csv
2026-03-01 14:01:03,693 - INFO - Script completed successfully.
2026-03-01 14:22:47,012 - INFO - ============================================================
2026-03-01 14:22:47,020 - INFO - Starting Egan et al. (2025) Panel Construction
2026-03-01 14:22:47,020 - INFO - ============================================================
2026-03-01 14:22:47,023 - INFO - Loading 39 IF-Data files from c:\Users\pedro\OneDrive\Documentos\Yale\Year 3 (2024 - 2025)\Open Finance\Open-Finance\BCB\IF Data\Prudential Conglomerates
2026-03-01 14:22:47,318 - INFO -   IF_DATA_Values_2016_12.csv: 87000 rows
2026-03-01 14:22:47,613 - INFO -   IF_DATA_Values_2016_3.csv: 89880 rows
2026-03-01 14:22:47,899 - INFO -   IF_DATA_Values_2016_6.csv: 89220 rows
2026-03-01 14:22:48,211 - INFO -   IF_DATA_Values_2016_9.csv: 88260 rows
2026-03-01 14:22:48,489 - INFO -   IF_DATA_Values_2017_12.csv: 83700 rows
2026-03-01 14:22:48,788 - INFO -   IF_DATA_Values_2017_3.csv: 86340 rows
2026-03-01 14:22:49,078 - INFO -   IF_DATA_Values_2017_6.csv: 85500 rows
2026-03-01 14:22:49,397 - INFO -   IF_DATA_Values_2017_9.csv: 84600 rows
2026-03-01 14:22:49,668 - INFO -   IF_DATA_Values_2018_12.csv: 81240 rows
2026-03-01 14:22:49,957 - INFO -   IF_DATA_Values_2018_3.csv: 83460 rows
2026-03-01 14:22:50,231 - INFO -   IF_DATA_Values_2018_6.csv: 82680 rows
2026-03-01 14:22:50,518 - INFO -   IF_DATA_Values_2018_9.csv: 81660 rows
2026-03-01 14:22:50,758 - INFO -   IF_DATA_Values_2019_12.csv: 78240 rows
2026-03-01 14:22:51,023 - INFO -   IF_DATA_Values_2019_3.csv: 80460 rows
2026-03-01 14:22:51,324 - INFO -   IF_DATA_Values_2019_6.csv: 79680 rows
2026-03-01 14:22:51,628 - INFO -   IF_DATA_Values_2019_9.csv: 79080 rows
2026-03-01 14:22:51,890 - INFO -   IF_DATA_Values_2020_12.csv: 79727 rows
2026-03-01 14:22:52,139 - INFO -   IF_DATA_Values_2020_3.csv: 78000 rows
2026-03-01 14:22:52,380 - INFO -   IF_DATA_Values_2020_6.csv: 79056 rows
2026-03-01 14:22:52,647 - INFO -   IF_DATA_Values_2020_9.csv: 79483 rows
2026-03-01 14:22:52,922 - INFO -   IF_DATA_Values_2021_12.csv: 79971 rows
2026-03-01 14:22:53,190 - INFO -   IF_DATA_Values_2021_3.csv: 79788 rows
2026-03-01 14:22:53,442 - INFO -   IF_DATA_Values_2021_6.csv: 80032 rows
2026-03-01 14:22:53,696 - INFO -   IF_DATA_Values_2021_9.csv: 79910 rows
2026-03-01 14:22:53,987 - INFO -   IF_DATA_Values_2022_12.csv: 81984 rows
2026-03-01 14:22:54,266 - INFO -   IF_DATA_Values_2022_3.csv: 80642 rows
2026-03-01 14:22:54,538 - INFO -   IF_DATA_Values_2022_6.csv: 81069 rows
2026-03-01 14:22:54,809 - INFO -   IF_DATA_Values_2022_9.csv: 81374 rows
2026-03-01 14:22:55,081 - INFO -   IF_DATA_Values_2023_12.csv: 82411 rows
2026-03-01 14:22:55,361 - INFO -   IF_DATA_Values_2023_3.csv: 82411 rows
2026-03-01 14:22:55,649 - INFO -   IF_DATA_Values_2023_6.csv: 82838 rows
2026-03-01 14:22:55,945 - INFO -   IF_DATA_Values_2023_9.csv: 40560 rows
2026-03-01 14:22:56,232 - INFO -   IF_DATA_Values_2024_12.csv: 41190 rows
2026-03-01 14:22:56,529 - INFO -   IF_DATA_Values_2024_3.csv: 82899 rows
2026-03-01 14:22:56,811 - INFO -   IF_DATA_Values_2024_6.csv: 81420 rows
2026-03-01 14:22:57,094 - INFO -   IF_DATA_Values_2024_9.csv: 81900 rows
2026-03-01 14:22:58,200 - INFO -   IF_DATA_Values_2025_3.csv: 43904 rows
2026-03-01 14:22:59,335 - INFO -   IF_DATA_Values_2025_6.csv: 44160 rows
2026-03-01 14:23:00,469 - INFO -   IF_DATA_Values_2025_9.csv: 44576 rows
2026-03-01 14:23:06,695 - INFO - Remapped 53,885 rows from 2025+ account codes to canonical pre-2025 codes
2026-03-01 14:23:08,071 - INFO - IF-Data loaded: 3,010,305 rows | 1885 institutions | 39 quarters (201603 - 202509)
2026-03-01 14:23:08,159 - INFO - Macro series loaded from c:\Users\pedro\OneDrive\Documentos\Yale\Year 3 (2024 - 2025)\Open Finance\Open-Finance\BCB\Egan_et_al_2025_Rep\raw\SGS_RAW\macro_series_full.csv (4836 days)
2026-03-01 14:23:08,163 - INFO - Loading conglomerate mapping from 108 List files ...
2026-03-01 14:23:11,384 - INFO - Payment Institutions identified: 158 IPs out of 2876 unique CNPJs
2026-03-01 14:23:11,459 - INFO - Conglomerate mapping loaded: 209,585 CNPJ-month obs | 2876 unique CNPJs | 726 conglomerates + 1145 standalones
2026-03-01 14:23:11,469 - INFO - Loading 29 COSIF processed files ...
2026-03-01 14:23:11,798 - INFO - COSIF loaded: 169,308 rows | 1851 institutions
2026-03-01 14:23:11,903 - INFO - COSIF separation: 145,924 institution-level rows kept, 23,384 pre-aggregated rows excluded (avoid double-counting)
2026-03-01 14:23:12,081 - INFO - Fallback mapping added 1,419 rows for 167 CNPJs outside List date range
2026-03-01 14:23:12,120 - INFO - COSIF-conglomerate merge: 111,367 rows | 458 conglomerates + 1076 standalones
2026-03-01 14:23:12,162 - INFO - IP-only aggregation: 2,764 congl×month obs from 117 IP CNPJs in 114 conglomerates
2026-03-01 14:23:12,228 - INFO - IP prepaid rate coverage: 834 / 35,167 congl×quarter obs
2026-03-01 14:23:12,231 - INFO - COSIF conglomerate panel: 35,167 obs | 1516 conglomerates | 51 quarters
2026-03-01 14:23:12,263 - INFO - ==================================================
2026-03-01 14:23:12,263 - INFO - Building Egan et al. (2025) panel ...
2026-03-01 14:23:12,263 - INFO - ==================================================
2026-03-01 14:23:12,263 - INFO - Mapping IF-Data CodInst to prudential conglomerates ...
2026-03-01 14:23:13,895 - INFO - Deposit panel: 241,519 obs | 1870 conglomerates | 5 types
2026-03-01 14:23:13,961 - INFO - Bank chars panel: 53,032 conglomerate×quarter obs from 1870 conglomerates
2026-03-01 14:23:47,811 - INFO - DRE ratios panel: 46,162 obs | 1809 conglomerates | personnel_cost_ratio_lag non-null: 44,106
2026-03-01 14:23:48,091 - INFO - Segment panel: 1,871 entities (726 conglomerate C-codes, 1145 standalone)
2026-03-01 14:23:48,095 - INFO - Segment distribution: {'S5': 1037, 'S4': 438, 'S3': 59, 'S2': 9, 'S1': 6}
2026-03-01 14:23:48,304 - INFO - Quarterly macro rates computed: 52 quarters
2026-03-01 14:23:48,812 - INFO - Bank chars coverage: 241,519 / 241,519 obs have total_assets
2026-03-01 14:23:48,987 - INFO - DRE cost ratio coverage: personnel=198,537 / 241,519
2026-03-01 14:23:49,230 - INFO - Segment coverage: 230,256 / 241,519 obs have segment
2026-03-01 14:23:49,558 - INFO - COSIF rate coverage: 118,913 / 241,519 obs have COSIF implicit rates
2026-03-01 14:23:50,614 - INFO - Panel complete: 241,519 obs | 1870 conglomerates | 39 quarters | 5 deposit types
2026-03-01 14:24:10,391 - INFO - Panel saved to c:\Users\pedro\OneDrive\Documentos\Yale\Year 3 (2024 - 2025)\Open Finance\Open-Finance\BCB\Egan_et_al_2025_Rep\processed\PANEL_INTERMED\egan_panel_deposits.csv
2026-03-01 14:24:10,518 - INFO - Quarterly macro rates computed: 52 quarters
2026-03-01 14:24:10,528 - INFO - Quarterly macro rates saved to c:\Users\pedro\OneDrive\Documentos\Yale\Year 3 (2024 - 2025)\Open Finance\Open-Finance\BCB\Egan_et_al_2025_Rep\processed\PANEL_INTERMED\quarterly_macro_rates.csv
2026-03-01 14:24:10,974 - INFO - Script completed successfully.
2026-03-01 17:06:16,849 - INFO - ============================================================
2026-03-01 17:06:16,849 - INFO - Starting Egan et al. (2025) Panel Construction
2026-03-01 17:06:16,857 - INFO - ============================================================
2026-03-01 17:06:16,864 - INFO - Loading 39 IF-Data files from c:\Users\pedro\OneDrive\Documentos\Yale\Year 3 (2024 - 2025)\Open Finance\Open-Finance\BCB\IF Data\Prudential Conglomerates
2026-03-01 17:06:17,453 - INFO -   IF_DATA_Values_2016_12.csv: 87000 rows
2026-03-01 17:06:18,029 - INFO -   IF_DATA_Values_2016_3.csv: 89880 rows
2026-03-01 17:06:18,586 - INFO -   IF_DATA_Values_2016_6.csv: 89220 rows
2026-03-01 17:06:19,126 - INFO -   IF_DATA_Values_2016_9.csv: 88260 rows
2026-03-01 17:06:19,634 - INFO -   IF_DATA_Values_2017_12.csv: 83700 rows
2026-03-01 17:06:20,202 - INFO -   IF_DATA_Values_2017_3.csv: 86340 rows
2026-03-01 17:06:20,809 - INFO -   IF_DATA_Values_2017_6.csv: 85500 rows
2026-03-01 17:06:21,347 - INFO -   IF_DATA_Values_2017_9.csv: 84600 rows
2026-03-01 17:06:21,933 - INFO -   IF_DATA_Values_2018_12.csv: 81240 rows
2026-03-01 17:06:22,479 - INFO -   IF_DATA_Values_2018_3.csv: 83460 rows
2026-03-01 17:06:23,010 - INFO -   IF_DATA_Values_2018_6.csv: 82680 rows
2026-03-01 17:06:23,503 - INFO -   IF_DATA_Values_2018_9.csv: 81660 rows
2026-03-01 17:06:23,855 - INFO -   IF_DATA_Values_2019_12.csv: 78240 rows
2026-03-01 17:06:24,217 - INFO -   IF_DATA_Values_2019_3.csv: 80460 rows
2026-03-01 17:06:24,549 - INFO -   IF_DATA_Values_2019_6.csv: 79680 rows
2026-03-01 17:06:24,894 - INFO -   IF_DATA_Values_2019_9.csv: 79080 rows
2026-03-01 17:06:25,239 - INFO -   IF_DATA_Values_2020_12.csv: 79727 rows
2026-03-01 17:06:25,544 - INFO -   IF_DATA_Values_2020_3.csv: 78000 rows
2026-03-01 17:06:25,851 - INFO -   IF_DATA_Values_2020_6.csv: 79056 rows
2026-03-01 17:06:26,262 - INFO -   IF_DATA_Values_2020_9.csv: 79483 rows
2026-03-01 17:06:26,700 - INFO -   IF_DATA_Values_2021_12.csv: 79971 rows
2026-03-01 17:06:27,066 - INFO -   IF_DATA_Values_2021_3.csv: 79788 rows
2026-03-01 17:06:27,427 - INFO -   IF_DATA_Values_2021_6.csv: 80032 rows
2026-03-01 17:06:27,753 - INFO -   IF_DATA_Values_2021_9.csv: 79910 rows
2026-03-01 17:06:28,133 - INFO -   IF_DATA_Values_2022_12.csv: 81984 rows
2026-03-01 17:06:28,550 - INFO -   IF_DATA_Values_2022_3.csv: 80642 rows
2026-03-01 17:06:29,034 - INFO -   IF_DATA_Values_2022_6.csv: 81069 rows
2026-03-01 17:06:29,551 - INFO -   IF_DATA_Values_2022_9.csv: 81374 rows
2026-03-01 17:06:30,212 - INFO -   IF_DATA_Values_2023_12.csv: 82411 rows
2026-03-01 17:06:31,089 - INFO -   IF_DATA_Values_2023_3.csv: 82411 rows
2026-03-01 17:06:32,811 - INFO -   IF_DATA_Values_2023_6.csv: 82838 rows
2026-03-01 17:06:34,447 - INFO -   IF_DATA_Values_2023_9.csv: 40560 rows
2026-03-01 17:06:36,220 - INFO -   IF_DATA_Values_2024_12.csv: 41190 rows
2026-03-01 17:06:37,441 - INFO -   IF_DATA_Values_2024_3.csv: 82899 rows
2026-03-01 17:06:38,663 - INFO -   IF_DATA_Values_2024_6.csv: 81420 rows
2026-03-01 17:06:39,814 - INFO -   IF_DATA_Values_2024_9.csv: 81900 rows
2026-03-01 17:06:44,072 - INFO -   IF_DATA_Values_2025_3.csv: 43904 rows
2026-03-01 17:06:48,235 - INFO -   IF_DATA_Values_2025_6.csv: 44160 rows
2026-03-01 17:06:51,525 - INFO -   IF_DATA_Values_2025_9.csv: 44576 rows
2026-03-01 17:07:08,025 - INFO - Remapped 53,885 rows from 2025+ account codes to canonical pre-2025 codes
2026-03-01 17:07:12,986 - INFO - IF-Data loaded: 3,010,305 rows | 1885 institutions | 39 quarters (201603 - 202509)
2026-03-01 17:07:13,265 - INFO - Macro series loaded from c:\Users\pedro\OneDrive\Documentos\Yale\Year 3 (2024 - 2025)\Open Finance\Open-Finance\BCB\Egan_et_al_2025_Rep\raw\SGS_RAW\macro_series_full.csv (4836 days)
2026-03-01 17:07:13,284 - INFO - Loading conglomerate mapping from 108 List files ...
2026-03-01 17:07:23,533 - INFO - Payment Institutions identified: 158 IPs out of 2876 unique CNPJs
2026-03-01 17:07:23,847 - INFO - Conglomerate mapping loaded: 209,585 CNPJ-month obs | 2876 unique CNPJs | 726 conglomerates + 1145 standalones
2026-03-01 17:07:23,886 - INFO - Loading 29 COSIF processed files ...
2026-03-01 17:07:25,080 - INFO - COSIF loaded: 169,308 rows | 1851 institutions
2026-03-01 17:07:25,426 - INFO - COSIF separation: 145,924 institution-level rows kept, 23,384 pre-aggregated rows excluded (avoid double-counting)
2026-03-01 17:07:26,094 - INFO - Fallback mapping added 1,419 rows for 167 CNPJs outside List date range
2026-03-01 17:07:26,271 - INFO - COSIF-conglomerate merge: 111,367 rows | 458 conglomerates + 1076 standalones
2026-03-01 17:07:26,447 - INFO - IP-only aggregation: 2,764 congl×month obs from 117 IP CNPJs in 114 conglomerates
2026-03-01 17:07:26,671 - INFO - IP prepaid rate coverage: 834 / 35,167 congl×quarter obs
2026-03-01 17:07:26,704 - INFO - COSIF conglomerate panel: 35,167 obs | 1516 conglomerates | 51 quarters
2026-03-01 17:07:26,768 - INFO - ==================================================
2026-03-01 17:07:26,768 - INFO - Building Egan et al. (2025) panel ...
2026-03-01 17:07:26,768 - INFO - ==================================================
2026-03-01 17:07:26,768 - INFO - Mapping IF-Data CodInst to prudential conglomerates ...
2026-03-01 17:07:31,820 - INFO - Deposit panel: 241,519 obs | 1870 conglomerates | 5 types
2026-03-01 17:07:32,075 - INFO - Bank chars panel: 53,032 conglomerate×quarter obs from 1870 conglomerates
2026-03-01 17:08:00,316 - INFO - DRE ratios panel: 46,162 obs | 1809 conglomerates | personnel_cost_ratio_lag non-null: 44,106
2026-03-01 17:08:00,422 - INFO - Segment panel: 1,871 entities (726 conglomerate C-codes, 1145 standalone)
2026-03-01 17:08:00,422 - INFO - Segment distribution: {'S5': 1037, 'S4': 438, 'S3': 59, 'S2': 9, 'S1': 6}
2026-03-01 17:08:00,518 - INFO - Quarterly macro rates computed: 52 quarters
2026-03-01 17:08:00,782 - INFO - Bank chars coverage: 241,519 / 241,519 obs have total_assets
2026-03-01 17:08:00,897 - INFO - DRE cost ratio coverage: personnel=198,537 / 241,519
2026-03-01 17:08:01,027 - INFO - Segment coverage: 230,256 / 241,519 obs have segment
2026-03-01 17:08:01,241 - INFO - COSIF rate coverage: 118,913 / 241,519 obs have COSIF implicit rates
2026-03-01 17:08:01,795 - INFO - Panel complete: 241,519 obs | 1870 conglomerates | 39 quarters | 5 deposit types
2026-03-01 17:08:11,252 - INFO - Panel saved to c:\Users\pedro\OneDrive\Documentos\Yale\Year 3 (2024 - 2025)\Open Finance\Open-Finance\BCB\Egan_et_al_2025_Rep\processed\PANEL_INTERMED\egan_panel_deposits.csv
2026-03-01 17:08:11,325 - INFO - Quarterly macro rates computed: 52 quarters
2026-03-01 17:08:11,339 - INFO - Quarterly macro rates saved to c:\Users\pedro\OneDrive\Documentos\Yale\Year 3 (2024 - 2025)\Open Finance\Open-Finance\BCB\Egan_et_al_2025_Rep\processed\PANEL_INTERMED\quarterly_macro_rates.csv
2026-03-01 17:08:11,580 - INFO - Script completed successfully.
2026-03-01 17:13:15,468 - INFO - ============================================================
2026-03-01 17:13:15,468 - INFO - Starting Egan et al. (2025) Panel Construction
2026-03-01 17:13:15,468 - INFO - ============================================================
2026-03-01 17:13:15,484 - INFO - Loading 39 IF-Data files from C:\Users\pedro\OneDrive\Documentos\Yale\Year 3 (2024 - 2025)\Open Finance\Open-Finance\BCB\IF Data\Prudential Conglomerates
2026-03-01 17:13:16,025 - INFO -   IF_DATA_Values_2016_12.csv: 87000 rows
2026-03-01 17:13:16,411 - INFO -   IF_DATA_Values_2016_3.csv: 89880 rows
2026-03-01 17:13:16,729 - INFO -   IF_DATA_Values_2016_6.csv: 89220 rows
2026-03-01 17:13:17,034 - INFO -   IF_DATA_Values_2016_9.csv: 88260 rows
2026-03-01 17:13:17,335 - INFO -   IF_DATA_Values_2017_12.csv: 83700 rows
2026-03-01 17:13:17,644 - INFO -   IF_DATA_Values_2017_3.csv: 86340 rows
2026-03-01 17:13:17,943 - INFO -   IF_DATA_Values_2017_6.csv: 85500 rows
2026-03-01 17:13:18,245 - INFO -   IF_DATA_Values_2017_9.csv: 84600 rows
2026-03-01 17:13:18,548 - INFO -   IF_DATA_Values_2018_12.csv: 81240 rows
2026-03-01 17:13:18,974 - INFO -   IF_DATA_Values_2018_3.csv: 83460 rows
2026-03-01 17:13:19,361 - INFO -   IF_DATA_Values_2018_6.csv: 82680 rows
2026-03-01 17:13:19,760 - INFO -   IF_DATA_Values_2018_9.csv: 81660 rows
2026-03-01 17:13:20,133 - INFO -   IF_DATA_Values_2019_12.csv: 78240 rows
2026-03-01 17:13:20,542 - INFO -   IF_DATA_Values_2019_3.csv: 80460 rows
2026-03-01 17:13:20,915 - INFO -   IF_DATA_Values_2019_6.csv: 79680 rows
2026-03-01 17:13:21,292 - INFO -   IF_DATA_Values_2019_9.csv: 79080 rows
2026-03-01 17:13:21,674 - INFO -   IF_DATA_Values_2020_12.csv: 79727 rows
2026-03-01 17:13:22,040 - INFO -   IF_DATA_Values_2020_3.csv: 78000 rows
2026-03-01 17:13:22,441 - INFO -   IF_DATA_Values_2020_6.csv: 79056 rows
2026-03-01 17:13:22,814 - INFO -   IF_DATA_Values_2020_9.csv: 79483 rows
2026-03-01 17:13:23,206 - INFO -   IF_DATA_Values_2021_12.csv: 79971 rows
2026-03-01 17:13:23,625 - INFO -   IF_DATA_Values_2021_3.csv: 79788 rows
2026-03-01 17:13:24,017 - INFO -   IF_DATA_Values_2021_6.csv: 80032 rows
2026-03-01 17:13:24,405 - INFO -   IF_DATA_Values_2021_9.csv: 79910 rows
2026-03-01 17:13:25,216 - INFO -   IF_DATA_Values_2022_12.csv: 81984 rows
2026-03-01 17:13:25,966 - INFO -   IF_DATA_Values_2022_3.csv: 80642 rows
2026-03-01 17:13:26,461 - INFO -   IF_DATA_Values_2022_6.csv: 81069 rows
2026-03-01 17:13:27,079 - INFO -   IF_DATA_Values_2022_9.csv: 81374 rows
2026-03-01 17:13:27,608 - INFO -   IF_DATA_Values_2023_12.csv: 82411 rows
2026-03-01 17:13:28,161 - INFO -   IF_DATA_Values_2023_3.csv: 82411 rows
2026-03-01 17:13:29,040 - INFO -   IF_DATA_Values_2023_6.csv: 82838 rows
2026-03-01 17:13:29,924 - INFO -   IF_DATA_Values_2023_9.csv: 40560 rows
2026-03-01 17:13:30,726 - INFO -   IF_DATA_Values_2024_12.csv: 41190 rows
2026-03-01 17:13:31,249 - INFO -   IF_DATA_Values_2024_3.csv: 82899 rows
2026-03-01 17:13:31,731 - INFO -   IF_DATA_Values_2024_6.csv: 81420 rows
2026-03-01 17:13:32,196 - INFO -   IF_DATA_Values_2024_9.csv: 81900 rows
2026-03-01 17:13:34,206 - INFO -   IF_DATA_Values_2025_3.csv: 43904 rows
2026-03-01 17:13:35,975 - INFO -   IF_DATA_Values_2025_6.csv: 44160 rows
2026-03-01 17:13:37,891 - INFO -   IF_DATA_Values_2025_9.csv: 44576 rows
2026-03-01 17:13:47,872 - INFO - Remapped 53,885 rows from 2025+ account codes to canonical pre-2025 codes
2026-03-01 17:13:50,339 - INFO - IF-Data loaded: 3,010,305 rows | 1885 institutions | 39 quarters (201603 - 202509)
2026-03-01 17:13:50,502 - INFO - Macro series loaded from C:\Users\pedro\OneDrive\Documentos\Yale\Year 3 (2024 - 2025)\Open Finance\Open-Finance\BCB\Egan_et_al_2025_Rep\raw\SGS_RAW\macro_series_full.csv (4836 days)
2026-03-01 17:13:50,502 - INFO - Loading conglomerate mapping from 108 List files ...
2026-03-01 17:13:55,460 - INFO - Payment Institutions identified: 158 IPs out of 2876 unique CNPJs
2026-03-01 17:13:55,842 - INFO - Conglomerate mapping loaded: 209,585 CNPJ-month obs | 2876 unique CNPJs | 726 conglomerates + 1145 standalones
2026-03-01 17:13:55,870 - INFO - Loading 29 COSIF processed files ...
2026-03-01 17:13:57,163 - INFO - COSIF loaded: 169,308 rows | 1851 institutions
2026-03-01 17:13:57,589 - INFO - COSIF separation: 145,924 institution-level rows kept, 23,384 pre-aggregated rows excluded (avoid double-counting)
2026-03-01 17:13:59,074 - INFO - Fallback mapping added 1,419 rows for 167 CNPJs outside List date range
2026-03-01 17:13:59,380 - INFO - COSIF-conglomerate merge: 111,367 rows | 458 conglomerates + 1076 standalones
2026-03-01 17:13:59,512 - INFO - IP-only aggregation: 2,764 conglÃ—month obs from 117 IP CNPJs in 114 conglomerates
2026-03-01 17:13:59,783 - INFO - IP prepaid rate coverage: 834 / 35,167 conglÃ—quarter obs
2026-03-01 17:13:59,819 - INFO - COSIF conglomerate panel: 35,167 obs | 1516 conglomerates | 51 quarters
2026-03-01 17:13:59,904 - INFO - ==================================================
2026-03-01 17:13:59,907 - INFO - Building Egan et al. (2025) panel ...
2026-03-01 17:13:59,910 - INFO - ==================================================
2026-03-01 17:13:59,932 - INFO - Mapping IF-Data CodInst to prudential conglomerates ...
2026-03-01 17:14:03,104 - INFO - Deposit panel: 241,519 obs | 1870 conglomerates | 5 types
2026-03-01 17:14:03,272 - INFO - Bank chars panel: 53,032 conglomerateÃ—quarter obs from 1870 conglomerates
2026-03-01 17:14:21,726 - INFO - DRE ratios panel: 46,162 obs | 1809 conglomerates | personnel_cost_ratio_lag non-null: 44,106
2026-03-01 17:14:21,838 - INFO - Segment panel: 1,871 entities (726 conglomerate C-codes, 1145 standalone)
2026-03-01 17:14:21,838 - INFO - Segment distribution: {'S5': 1037, 'S4': 438, 'S3': 59, 'S2': 9, 'S1': 6}
2026-03-01 17:14:21,928 - INFO - Quarterly macro rates computed: 52 quarters
2026-03-01 17:14:22,226 - INFO - Bank chars coverage: 241,519 / 241,519 obs have total_assets
2026-03-01 17:14:22,325 - INFO - DRE cost ratio coverage: personnel=198,537 / 241,519
2026-03-01 17:14:22,456 - INFO - Segment coverage: 230,256 / 241,519 obs have segment
2026-03-01 17:14:22,638 - INFO - COSIF rate coverage: 118,913 / 241,519 obs have COSIF implicit rates
2026-03-01 17:14:22,638 - WARNING - No IP prepaid rates â€” median_ip_rate will be NaN
2026-03-01 17:14:23,203 - INFO - Panel complete: 241,519 obs | 1870 conglomerates | 39 quarters | 5 deposit types
2026-03-01 17:14:33,719 - INFO - Panel saved to C:\Users\pedro\OneDrive\Documentos\Yale\Year 3 (2024 - 2025)\Open Finance\Open-Finance\BCB\Egan_et_al_2025_Rep\processed\PANEL_INTERMED\egan_panel_deposits.csv
2026-03-01 17:14:33,794 - INFO - Quarterly macro rates computed: 52 quarters
2026-03-01 17:14:33,804 - INFO - Quarterly macro rates saved to C:\Users\pedro\OneDrive\Documentos\Yale\Year 3 (2024 - 2025)\Open Finance\Open-Finance\BCB\Egan_et_al_2025_Rep\processed\PANEL_INTERMED\quarterly_macro_rates.csv
2026-03-01 17:14:34,032 - INFO - Script completed successfully.
2026-03-01 17:22:07,416 - INFO - ============================================================
2026-03-01 17:22:07,416 - INFO - Starting Egan et al. (2025) Panel Construction
2026-03-01 17:22:07,416 - INFO - ============================================================
2026-03-01 17:22:07,424 - INFO - Loading 39 IF-Data files from c:\Users\pedro\OneDrive\Documentos\Yale\Year 3 (2024 - 2025)\Open Finance\Open-Finance\BCB\IF Data\Prudential Conglomerates
2026-03-01 17:22:08,310 - INFO -   IF_DATA_Values_2016_12.csv: 87000 rows
2026-03-01 17:22:09,088 - INFO -   IF_DATA_Values_2016_3.csv: 89880 rows
2026-03-01 17:22:09,807 - INFO -   IF_DATA_Values_2016_6.csv: 89220 rows
2026-03-01 17:22:10,570 - INFO -   IF_DATA_Values_2016_9.csv: 88260 rows
2026-03-01 17:22:11,291 - INFO -   IF_DATA_Values_2017_12.csv: 83700 rows
2026-03-01 17:22:11,961 - INFO -   IF_DATA_Values_2017_3.csv: 86340 rows
2026-03-01 17:22:12,652 - INFO -   IF_DATA_Values_2017_6.csv: 85500 rows
2026-03-01 17:22:13,307 - INFO -   IF_DATA_Values_2017_9.csv: 84600 rows
2026-03-01 17:22:14,059 - INFO -   IF_DATA_Values_2018_12.csv: 81240 rows
2026-03-01 17:22:14,835 - INFO -   IF_DATA_Values_2018_3.csv: 83460 rows
2026-03-01 17:22:15,490 - INFO -   IF_DATA_Values_2018_6.csv: 82680 rows
2026-03-01 17:22:16,293 - INFO -   IF_DATA_Values_2018_9.csv: 81660 rows
2026-03-01 17:22:17,053 - INFO -   IF_DATA_Values_2019_12.csv: 78240 rows
2026-03-01 17:22:17,840 - INFO -   IF_DATA_Values_2019_3.csv: 80460 rows
2026-03-01 17:22:18,727 - INFO -   IF_DATA_Values_2019_6.csv: 79680 rows
2026-03-01 17:22:19,594 - INFO -   IF_DATA_Values_2019_9.csv: 79080 rows
2026-03-01 17:22:20,328 - INFO -   IF_DATA_Values_2020_12.csv: 79727 rows
2026-03-01 17:22:21,033 - INFO -   IF_DATA_Values_2020_3.csv: 78000 rows
2026-03-01 17:22:21,845 - INFO -   IF_DATA_Values_2020_6.csv: 79056 rows
2026-03-01 17:22:22,714 - INFO -   IF_DATA_Values_2020_9.csv: 79483 rows
2026-03-01 17:22:23,484 - INFO -   IF_DATA_Values_2021_12.csv: 79971 rows
2026-03-01 17:22:24,231 - INFO -   IF_DATA_Values_2021_3.csv: 79788 rows
2026-03-01 17:22:25,010 - INFO -   IF_DATA_Values_2021_6.csv: 80032 rows
2026-03-01 17:22:25,919 - INFO -   IF_DATA_Values_2021_9.csv: 79910 rows
2026-03-01 17:22:26,789 - INFO -   IF_DATA_Values_2022_12.csv: 81984 rows
2026-03-01 17:22:27,538 - INFO -   IF_DATA_Values_2022_3.csv: 80642 rows
2026-03-01 17:22:28,317 - INFO -   IF_DATA_Values_2022_6.csv: 81069 rows
2026-03-01 17:22:29,177 - INFO -   IF_DATA_Values_2022_9.csv: 81374 rows
2026-03-01 17:22:29,967 - INFO -   IF_DATA_Values_2023_12.csv: 82411 rows
2026-03-01 17:22:30,741 - INFO -   IF_DATA_Values_2023_3.csv: 82411 rows
2026-03-01 17:22:31,413 - INFO -   IF_DATA_Values_2023_6.csv: 82838 rows
2026-03-01 17:22:32,211 - INFO -   IF_DATA_Values_2023_9.csv: 40560 rows
2026-03-01 17:22:33,066 - INFO -   IF_DATA_Values_2024_12.csv: 41190 rows
2026-03-01 17:22:33,934 - INFO -   IF_DATA_Values_2024_3.csv: 82899 rows
2026-03-01 17:22:34,860 - INFO -   IF_DATA_Values_2024_6.csv: 81420 rows
2026-03-01 17:22:35,683 - INFO -   IF_DATA_Values_2024_9.csv: 81900 rows
2026-03-01 17:22:38,854 - INFO -   IF_DATA_Values_2025_3.csv: 43904 rows
2026-03-01 17:22:41,910 - INFO -   IF_DATA_Values_2025_6.csv: 44160 rows
2026-03-01 17:22:44,753 - INFO -   IF_DATA_Values_2025_9.csv: 44576 rows
2026-03-01 17:23:01,138 - INFO - Remapped 53,885 rows from 2025+ account codes to canonical pre-2025 codes
2026-03-01 17:23:04,797 - INFO - IF-Data loaded: 3,010,305 rows | 1885 institutions | 39 quarters (201603 - 202509)
2026-03-01 17:23:05,051 - INFO - Macro series loaded from c:\Users\pedro\OneDrive\Documentos\Yale\Year 3 (2024 - 2025)\Open Finance\Open-Finance\BCB\Egan_et_al_2025_Rep\raw\SGS_RAW\macro_series_full.csv (4836 days)
2026-03-01 17:23:05,096 - INFO - Loading conglomerate mapping from 108 List files ...
2026-03-01 17:23:15,095 - INFO - Payment Institutions identified: 158 IPs out of 2876 unique CNPJs
2026-03-01 17:23:15,383 - INFO - Conglomerate mapping loaded: 209,585 CNPJ-month obs | 2876 unique CNPJs | 726 conglomerates + 1145 standalones
2026-03-01 17:23:15,411 - INFO - Loading 29 COSIF processed files ...
2026-03-01 17:23:16,485 - INFO - COSIF loaded: 169,308 rows | 1851 institutions
2026-03-01 17:23:16,798 - INFO - COSIF separation: 145,924 institution-level rows kept, 23,384 pre-aggregated rows excluded (avoid double-counting)
2026-03-01 17:23:17,314 - INFO - Fallback mapping added 1,419 rows for 167 CNPJs outside List date range
2026-03-01 17:23:17,473 - INFO - COSIF-conglomerate merge: 111,367 rows | 458 conglomerates + 1076 standalones
2026-03-01 17:23:18,031 - INFO - IP-only aggregation (Custo_Efetivo_Blended balance-weighted): from 117 IP CNPJs in 114 conglomerates | 5 / 961 congl-quarter obs with non-NaN rate
2026-03-01 17:23:18,164 - INFO - IP prepaid rate coverage: 5 / 35,167 congl-quarter obs
2026-03-01 17:23:18,198 - INFO - COSIF conglomerate panel: 35,167 obs | 1516 conglomerates | 51 quarters
2026-03-01 17:23:18,235 - INFO - ==================================================
2026-03-01 17:23:18,237 - INFO - Building Egan et al. (2025) panel ...
2026-03-01 17:23:18,239 - INFO - ==================================================
2026-03-01 17:23:18,241 - INFO - Mapping IF-Data CodInst to prudential conglomerates ...
2026-03-01 17:23:20,054 - INFO - ============================================================
2026-03-01 17:23:20,064 - INFO - Starting Egan et al. (2025) Panel Construction
2026-03-01 17:23:20,064 - INFO - ============================================================
2026-03-01 17:23:20,069 - INFO - Loading 39 IF-Data files from C:\Users\pedro\OneDrive\Documentos\Yale\Year 3 (2024 - 2025)\Open Finance\Open-Finance\BCB\IF Data\Prudential Conglomerates
2026-03-01 17:23:21,121 - INFO -   IF_DATA_Values_2016_12.csv: 87000 rows
2026-03-01 17:23:22,097 - INFO -   IF_DATA_Values_2016_3.csv: 89880 rows
2026-03-01 17:23:22,831 - INFO - Deposit panel: 241,519 obs | 1870 conglomerates | 5 types
2026-03-01 17:23:23,017 - INFO -   IF_DATA_Values_2016_6.csv: 89220 rows
2026-03-01 17:23:23,061 - INFO - Bank chars panel: 53,032 conglomeratexquarter obs from 1870 conglomerates
2026-03-01 17:23:23,901 - INFO -   IF_DATA_Values_2016_9.csv: 88260 rows
2026-03-01 17:23:24,808 - INFO -   IF_DATA_Values_2017_12.csv: 83700 rows
2026-03-01 17:23:25,715 - INFO -   IF_DATA_Values_2017_3.csv: 86340 rows
2026-03-01 17:23:26,601 - INFO -   IF_DATA_Values_2017_6.csv: 85500 rows
2026-03-01 17:23:27,428 - INFO -   IF_DATA_Values_2017_9.csv: 84600 rows
2026-03-01 17:23:28,283 - INFO -   IF_DATA_Values_2018_12.csv: 81240 rows
2026-03-01 17:23:29,051 - INFO -   IF_DATA_Values_2018_3.csv: 83460 rows
2026-03-01 17:23:29,830 - INFO -   IF_DATA_Values_2018_6.csv: 82680 rows
2026-03-01 17:23:30,609 - INFO -   IF_DATA_Values_2018_9.csv: 81660 rows
2026-03-01 17:23:31,405 - INFO -   IF_DATA_Values_2019_12.csv: 78240 rows
2026-03-01 17:23:32,178 - INFO -   IF_DATA_Values_2019_3.csv: 80460 rows
2026-03-01 17:23:32,892 - INFO -   IF_DATA_Values_2019_6.csv: 79680 rows
2026-03-01 17:23:33,617 - INFO -   IF_DATA_Values_2019_9.csv: 79080 rows
2026-03-01 17:23:34,377 - INFO -   IF_DATA_Values_2020_12.csv: 79727 rows
2026-03-01 17:23:35,200 - INFO -   IF_DATA_Values_2020_3.csv: 78000 rows
2026-03-01 17:23:36,130 - INFO -   IF_DATA_Values_2020_6.csv: 79056 rows
2026-03-01 17:23:37,069 - INFO -   IF_DATA_Values_2020_9.csv: 79483 rows
2026-03-01 17:23:38,035 - INFO -   IF_DATA_Values_2021_12.csv: 79971 rows
2026-03-01 17:23:38,916 - INFO -   IF_DATA_Values_2021_3.csv: 79788 rows
2026-03-01 17:23:39,607 - INFO -   IF_DATA_Values_2021_6.csv: 80032 rows
2026-03-01 17:23:40,433 - INFO -   IF_DATA_Values_2021_9.csv: 79910 rows
2026-03-01 17:23:41,355 - INFO -   IF_DATA_Values_2022_12.csv: 81984 rows
2026-03-01 17:23:42,165 - INFO -   IF_DATA_Values_2022_3.csv: 80642 rows
2026-03-01 17:23:42,898 - INFO -   IF_DATA_Values_2022_6.csv: 81069 rows
2026-03-01 17:23:43,654 - INFO -   IF_DATA_Values_2022_9.csv: 81374 rows
2026-03-01 17:23:44,371 - INFO -   IF_DATA_Values_2023_12.csv: 82411 rows
2026-03-01 17:23:45,192 - INFO -   IF_DATA_Values_2023_3.csv: 82411 rows
2026-03-01 17:23:46,037 - INFO -   IF_DATA_Values_2023_6.csv: 82838 rows
2026-03-01 17:23:46,887 - INFO -   IF_DATA_Values_2023_9.csv: 40560 rows
2026-03-01 17:23:47,678 - INFO -   IF_DATA_Values_2024_12.csv: 41190 rows
2026-03-01 17:23:48,474 - INFO -   IF_DATA_Values_2024_3.csv: 82899 rows
2026-03-01 17:23:49,148 - INFO -   IF_DATA_Values_2024_6.csv: 81420 rows
2026-03-01 17:23:49,961 - INFO -   IF_DATA_Values_2024_9.csv: 81900 rows
2026-03-01 17:23:52,977 - INFO -   IF_DATA_Values_2025_3.csv: 43904 rows
2026-03-01 17:23:56,449 - INFO -   IF_DATA_Values_2025_6.csv: 44160 rows
2026-03-01 17:23:58,506 - INFO - DRE ratios panel: 46,162 obs | 1809 conglomerates | personnel_cost_ratio_lag non-null: 44,106
2026-03-01 17:23:58,727 - INFO - Segment panel: 1,871 entities (726 conglomerate C-codes, 1145 standalone)
2026-03-01 17:23:58,731 - INFO - Segment distribution: {'S5': 1037, 'S4': 438, 'S3': 59, 'S2': 9, 'S1': 6}
2026-03-01 17:23:58,917 - INFO - Quarterly macro rates computed: 52 quarters
2026-03-01 17:23:59,641 - INFO - Bank chars coverage: 241,519 / 241,519 obs have total_assets
2026-03-01 17:23:59,836 - INFO - DRE cost ratio coverage: personnel=198,537 / 241,519
2026-03-01 17:24:00,042 - INFO -   IF_DATA_Values_2025_9.csv: 44576 rows
2026-03-01 17:24:00,065 - INFO - Segment coverage: 230,256 / 241,519 obs have segment
2026-03-01 17:24:00,512 - INFO - COSIF rate coverage: 118,913 / 241,519 obs have COSIF implicit rates
2026-03-01 17:24:00,778 - INFO - Median IP rate computed for 5 quarters | overall median = 989475.099168
2026-03-01 17:24:02,015 - INFO - Panel complete: 241,519 obs | 1870 conglomerates | 39 quarters | 5 deposit types
2026-03-01 17:24:20,113 - INFO - Remapped 53,885 rows from 2025+ account codes to canonical pre-2025 codes
2026-03-01 17:24:22,186 - INFO - Panel saved to c:\Users\pedro\OneDrive\Documentos\Yale\Year 3 (2024 - 2025)\Open Finance\Open-Finance\BCB\Egan_et_al_2025_Rep\processed\PANEL_INTERMED\egan_panel_deposits.csv
2026-03-01 17:24:22,332 - INFO - Quarterly macro rates computed: 52 quarters
2026-03-01 17:24:22,345 - INFO - Quarterly macro rates saved to c:\Users\pedro\OneDrive\Documentos\Yale\Year 3 (2024 - 2025)\Open Finance\Open-Finance\BCB\Egan_et_al_2025_Rep\processed\PANEL_INTERMED\quarterly_macro_rates.csv
2026-03-01 17:24:22,799 - INFO - Script completed successfully.
2026-03-01 17:24:24,073 - INFO - IF-Data loaded: 3,010,305 rows | 1885 institutions | 39 quarters (201603 - 202509)
2026-03-01 17:24:24,274 - INFO - Macro series loaded from C:\Users\pedro\OneDrive\Documentos\Yale\Year 3 (2024 - 2025)\Open Finance\Open-Finance\BCB\Egan_et_al_2025_Rep\raw\SGS_RAW\macro_series_full.csv (4836 days)
2026-03-01 17:24:24,282 - INFO - Loading conglomerate mapping from 108 List files ...
2026-03-01 17:24:33,246 - INFO - Payment Institutions identified: 158 IPs out of 2876 unique CNPJs
2026-03-01 17:24:33,430 - INFO - Conglomerate mapping loaded: 209,585 CNPJ-month obs | 2876 unique CNPJs | 726 conglomerates + 1145 standalones
2026-03-01 17:24:33,444 - INFO - Loading 29 COSIF processed files ...
2026-03-01 17:24:34,472 - INFO - COSIF loaded: 169,308 rows | 1851 institutions
2026-03-01 17:24:34,759 - INFO - COSIF separation: 145,924 institution-level rows kept, 23,384 pre-aggregated rows excluded (avoid double-counting)
2026-03-01 17:24:35,363 - INFO - Fallback mapping added 1,419 rows for 167 CNPJs outside List date range
2026-03-01 17:24:35,539 - INFO - COSIF-conglomerate merge: 111,367 rows | 458 conglomerates + 1076 standalones
2026-03-01 17:24:35,672 - INFO - IP-only aggregation: 2,764 conglÃ—month obs from 117 IP CNPJs in 114 conglomerates
2026-03-01 17:24:35,867 - INFO - IP prepaid rate coverage: 834 / 35,167 conglÃ—quarter obs
2026-03-01 17:24:35,894 - INFO - COSIF conglomerate panel: 35,167 obs | 1516 conglomerates | 51 quarters
2026-03-01 17:24:35,953 - INFO - ==================================================
2026-03-01 17:24:35,955 - INFO - Building Egan et al. (2025) panel ...
2026-03-01 17:24:35,958 - INFO - ==================================================
2026-03-01 17:24:35,958 - INFO - Mapping IF-Data CodInst to prudential conglomerates ...
2026-03-01 17:24:39,919 - INFO - Deposit panel: 241,519 obs | 1870 conglomerates | 5 types
2026-03-01 17:24:40,080 - INFO - Bank chars panel: 53,032 conglomeratexquarter obs from 1870 conglomerates
2026-03-01 17:25:19,256 - INFO - DRE ratios panel: 46,162 obs | 1809 conglomerates | personnel_cost_ratio_lag non-null: 44,106
2026-03-01 17:25:19,602 - INFO - Segment panel: 1,871 entities (726 conglomerate C-codes, 1145 standalone)
2026-03-01 17:25:19,608 - INFO - Segment distribution: {'S5': 1037, 'S4': 438, 'S3': 59, 'S2': 9, 'S1': 6}
2026-03-01 17:25:19,876 - INFO - Quarterly macro rates computed: 52 quarters
2026-03-01 17:25:20,592 - INFO - Bank chars coverage: 241,519 / 241,519 obs have total_assets
2026-03-01 17:25:20,863 - INFO - DRE cost ratio coverage: personnel=198,537 / 241,519
2026-03-01 17:25:21,151 - INFO - Segment coverage: 230,256 / 241,519 obs have segment
2026-03-01 17:25:21,529 - INFO - COSIF rate coverage: 118,913 / 241,519 obs have COSIF implicit rates
2026-03-01 17:25:21,535 - WARNING - No IP prepaid rates -- median_ip_rate will be NaN
2026-03-01 17:25:22,725 - INFO - Panel complete: 241,519 obs | 1870 conglomerates | 39 quarters | 5 deposit types
2026-03-01 17:25:42,248 - INFO - Panel saved to C:\Users\pedro\OneDrive\Documentos\Yale\Year 3 (2024 - 2025)\Open Finance\Open-Finance\BCB\Egan_et_al_2025_Rep\processed\PANEL_INTERMED\egan_panel_deposits.csv
2026-03-01 17:25:42,501 - INFO - Quarterly macro rates computed: 52 quarters
2026-03-01 17:25:42,513 - INFO - Quarterly macro rates saved to C:\Users\pedro\OneDrive\Documentos\Yale\Year 3 (2024 - 2025)\Open Finance\Open-Finance\BCB\Egan_et_al_2025_Rep\processed\PANEL_INTERMED\quarterly_macro_rates.csv
2026-03-01 17:25:42,867 - INFO - Script completed successfully.
2026-03-01 17:44:25,624 - INFO - ============================================================
2026-03-01 17:44:25,624 - INFO - Starting Egan et al. (2025) Panel Construction
2026-03-01 17:44:25,624 - INFO - ============================================================
2026-03-01 17:44:25,632 - INFO - Loading 39 IF-Data files from c:\Users\pedro\OneDrive\Documentos\Yale\Year 3 (2024 - 2025)\Open Finance\Open-Finance\BCB\IF Data\Prudential Conglomerates
2026-03-01 17:44:26,072 - INFO -   IF_DATA_Values_2016_12.csv: 87000 rows
2026-03-01 17:44:26,475 - INFO -   IF_DATA_Values_2016_3.csv: 89880 rows
2026-03-01 17:44:26,903 - INFO -   IF_DATA_Values_2016_6.csv: 89220 rows
2026-03-01 17:44:27,302 - INFO -   IF_DATA_Values_2016_9.csv: 88260 rows
2026-03-01 17:44:27,951 - INFO -   IF_DATA_Values_2017_12.csv: 83700 rows
2026-03-01 17:44:28,341 - INFO -   IF_DATA_Values_2017_3.csv: 86340 rows
2026-03-01 17:44:28,741 - INFO -   IF_DATA_Values_2017_6.csv: 85500 rows
2026-03-01 17:44:29,142 - INFO -   IF_DATA_Values_2017_9.csv: 84600 rows
2026-03-01 17:44:29,553 - INFO -   IF_DATA_Values_2018_12.csv: 81240 rows
2026-03-01 17:44:29,984 - INFO -   IF_DATA_Values_2018_3.csv: 83460 rows
2026-03-01 17:44:30,412 - INFO -   IF_DATA_Values_2018_6.csv: 82680 rows
2026-03-01 17:44:30,889 - INFO -   IF_DATA_Values_2018_9.csv: 81660 rows
2026-03-01 17:44:31,256 - INFO -   IF_DATA_Values_2019_12.csv: 78240 rows
2026-03-01 17:44:31,653 - INFO -   IF_DATA_Values_2019_3.csv: 80460 rows
2026-03-01 17:44:32,047 - INFO -   IF_DATA_Values_2019_6.csv: 79680 rows
2026-03-01 17:44:32,456 - INFO -   IF_DATA_Values_2019_9.csv: 79080 rows
2026-03-01 17:44:32,873 - INFO -   IF_DATA_Values_2020_12.csv: 79727 rows
2026-03-01 17:44:33,229 - INFO -   IF_DATA_Values_2020_3.csv: 78000 rows
2026-03-01 17:44:33,607 - INFO -   IF_DATA_Values_2020_6.csv: 79056 rows
2026-03-01 17:44:33,975 - INFO -   IF_DATA_Values_2020_9.csv: 79483 rows
2026-03-01 17:44:34,390 - INFO -   IF_DATA_Values_2021_12.csv: 79971 rows
2026-03-01 17:44:34,833 - INFO -   IF_DATA_Values_2021_3.csv: 79788 rows
2026-03-01 17:44:35,202 - INFO -   IF_DATA_Values_2021_6.csv: 80032 rows
2026-03-01 17:44:35,640 - INFO -   IF_DATA_Values_2021_9.csv: 79910 rows
2026-03-01 17:44:36,075 - INFO -   IF_DATA_Values_2022_12.csv: 81984 rows
2026-03-01 17:44:36,447 - INFO -   IF_DATA_Values_2022_3.csv: 80642 rows
2026-03-01 17:44:36,930 - INFO -   IF_DATA_Values_2022_6.csv: 81069 rows
2026-03-01 17:44:37,321 - INFO -   IF_DATA_Values_2022_9.csv: 81374 rows
2026-03-01 17:44:37,832 - INFO -   IF_DATA_Values_2023_12.csv: 82411 rows
2026-03-01 17:44:38,306 - INFO -   IF_DATA_Values_2023_3.csv: 82411 rows
2026-03-01 17:44:38,823 - INFO -   IF_DATA_Values_2023_6.csv: 82838 rows
2026-03-01 17:44:39,259 - INFO -   IF_DATA_Values_2023_9.csv: 40560 rows
2026-03-01 17:44:39,752 - INFO -   IF_DATA_Values_2024_12.csv: 41190 rows
2026-03-01 17:44:40,194 - INFO -   IF_DATA_Values_2024_3.csv: 82899 rows
2026-03-01 17:44:40,613 - INFO -   IF_DATA_Values_2024_6.csv: 81420 rows
2026-03-01 17:44:41,106 - INFO -   IF_DATA_Values_2024_9.csv: 81900 rows
2026-03-01 17:44:43,020 - INFO -   IF_DATA_Values_2025_3.csv: 43904 rows
2026-03-01 17:44:44,993 - INFO -   IF_DATA_Values_2025_6.csv: 44160 rows
2026-03-01 17:44:46,948 - INFO -   IF_DATA_Values_2025_9.csv: 44576 rows
2026-03-01 17:44:56,826 - INFO - Remapped 53,885 rows from 2025+ account codes to canonical pre-2025 codes
2026-03-01 17:44:59,404 - INFO - IF-Data loaded: 3,010,305 rows | 1885 institutions | 39 quarters (201603 - 202509)
2026-03-01 17:44:59,562 - INFO - Macro series loaded from c:\Users\pedro\OneDrive\Documentos\Yale\Year 3 (2024 - 2025)\Open Finance\Open-Finance\BCB\Egan_et_al_2025_Rep\raw\SGS_RAW\macro_series_full.csv (4836 days)
2026-03-01 17:44:59,570 - INFO - Loading conglomerate mapping from 108 List files ...
2026-03-01 17:45:06,396 - INFO - Payment Institutions identified: 158 IPs out of 2876 unique CNPJs
2026-03-01 17:45:06,526 - INFO - Conglomerate mapping loaded: 209,585 CNPJ-month obs | 2876 unique CNPJs | 726 conglomerates + 1145 standalones
2026-03-01 17:45:06,543 - INFO - Loading 29 COSIF processed files ...
2026-03-01 17:45:07,194 - INFO - COSIF loaded: 169,308 rows | 1851 institutions
2026-03-01 17:45:07,357 - INFO - COSIF separation: 145,924 institution-level rows kept, 23,384 pre-aggregated rows excluded (avoid double-counting)
2026-03-01 17:45:07,621 - INFO - Fallback mapping added 1,419 rows for 167 CNPJs outside List date range
2026-03-01 17:45:07,703 - INFO - COSIF-conglomerate merge: 111,367 rows | 458 conglomerates + 1076 standalones
2026-03-01 17:45:07,788 - INFO - IP-only aggregation: 2,764 conglÃ—month obs from 117 IP CNPJs in 114 conglomerates
2026-03-01 17:45:07,887 - INFO - IP prepaid rate coverage: 834 / 35,167 conglÃ—quarter obs
2026-03-01 17:45:07,921 - INFO - COSIF conglomerate panel: 35,167 obs | 1516 conglomerates | 51 quarters
2026-03-01 17:45:07,944 - INFO - ==================================================
2026-03-01 17:45:07,944 - INFO - Building Egan et al. (2025) panel ...
2026-03-01 17:45:07,944 - INFO - ==================================================
2026-03-01 17:45:07,952 - INFO - Mapping IF-Data CodInst to prudential conglomerates ...
2026-03-01 17:45:10,850 - INFO - Deposit panel: 241,519 obs | 1870 conglomerates | 5 types
2026-03-01 17:45:10,959 - INFO - Bank chars panel: 53,032 conglomeratexquarter obs from 1870 conglomerates
2026-03-01 17:45:34,863 - INFO - DRE ratios panel: 46,162 obs | 1809 conglomerates | personnel_cost_ratio_lag non-null: 44,106
2026-03-01 17:45:35,100 - INFO - Segment panel: 1,871 entities (726 conglomerate C-codes, 1145 standalone)
2026-03-01 17:45:35,106 - INFO - Segment distribution: {'S5': 1037, 'S4': 438, 'S3': 59, 'S2': 9, 'S1': 6}
2026-03-01 17:45:35,250 - INFO - Quarterly macro rates computed: 52 quarters
2026-03-01 17:45:35,696 - INFO - Bank chars coverage: 241,519 / 241,519 obs have total_assets
2026-03-01 17:45:35,862 - INFO - DRE cost ratio coverage: personnel=198,537 / 241,519
2026-03-01 17:45:36,033 - INFO - Segment coverage: 230,256 / 241,519 obs have segment
2026-03-01 17:45:36,271 - INFO - COSIF rate coverage: 118,913 / 241,519 obs have COSIF implicit rates
2026-03-01 17:45:36,271 - WARNING - No IP prepaid rates -- median_ip_rate will be NaN
2026-03-01 17:45:37,160 - INFO - Panel complete: 241,519 obs | 1870 conglomerates | 39 quarters | 5 deposit types
2026-03-01 17:45:53,343 - INFO - Panel saved to c:\Users\pedro\OneDrive\Documentos\Yale\Year 3 (2024 - 2025)\Open Finance\Open-Finance\BCB\Egan_et_al_2025_Rep\processed\PANEL_INTERMED\egan_panel_deposits.csv
2026-03-01 17:45:53,422 - INFO - Quarterly macro rates computed: 52 quarters
2026-03-01 17:45:53,430 - INFO - Quarterly macro rates saved to c:\Users\pedro\OneDrive\Documentos\Yale\Year 3 (2024 - 2025)\Open Finance\Open-Finance\BCB\Egan_et_al_2025_Rep\processed\PANEL_INTERMED\quarterly_macro_rates.csv
2026-03-01 17:45:53,782 - INFO - Script completed successfully.
2026-03-02 13:49:43,931 - INFO - ============================================================
2026-03-02 13:49:43,935 - INFO - Starting Egan et al. (2025) Panel Construction
2026-03-02 13:49:43,938 - INFO - ============================================================
2026-03-02 13:49:43,947 - INFO - Loading 39 IF-Data files from c:\Users\pedro\OneDrive\Documentos\Yale\Year 3 (2024 - 2025)\Open Finance\Open-Finance\BCB\IF Data\Prudential Conglomerates
2026-03-02 13:49:45,191 - INFO -   IF_DATA_Values_2016_12.csv: 87000 rows
2026-03-02 13:49:46,365 - INFO -   IF_DATA_Values_2016_3.csv: 89880 rows
2026-03-02 13:49:47,704 - INFO -   IF_DATA_Values_2016_6.csv: 89220 rows
2026-03-02 13:49:48,769 - INFO -   IF_DATA_Values_2016_9.csv: 88260 rows
2026-03-02 13:49:49,963 - INFO -   IF_DATA_Values_2017_12.csv: 83700 rows
2026-03-02 13:49:51,041 - INFO -   IF_DATA_Values_2017_3.csv: 86340 rows
2026-03-02 13:49:52,168 - INFO -   IF_DATA_Values_2017_6.csv: 85500 rows
2026-03-02 13:49:53,277 - INFO -   IF_DATA_Values_2017_9.csv: 84600 rows
2026-03-02 13:49:54,293 - INFO -   IF_DATA_Values_2018_12.csv: 81240 rows
2026-03-02 13:49:55,765 - INFO -   IF_DATA_Values_2018_3.csv: 83460 rows
2026-03-02 13:49:57,533 - INFO -   IF_DATA_Values_2018_6.csv: 82680 rows
2026-03-02 13:49:59,256 - INFO -   IF_DATA_Values_2018_9.csv: 81660 rows
2026-03-02 13:50:00,447 - INFO -   IF_DATA_Values_2019_12.csv: 78240 rows
2026-03-02 13:50:01,611 - INFO -   IF_DATA_Values_2019_3.csv: 80460 rows
2026-03-02 13:50:02,620 - INFO -   IF_DATA_Values_2019_6.csv: 79680 rows
2026-03-02 13:50:03,701 - INFO -   IF_DATA_Values_2019_9.csv: 79080 rows
2026-03-02 13:50:04,668 - INFO -   IF_DATA_Values_2020_12.csv: 79727 rows
2026-03-02 13:50:05,615 - INFO -   IF_DATA_Values_2020_3.csv: 78000 rows
2026-03-02 13:50:06,488 - INFO -   IF_DATA_Values_2020_6.csv: 79056 rows
2026-03-02 13:50:07,546 - INFO -   IF_DATA_Values_2020_9.csv: 79483 rows
2026-03-02 13:50:08,805 - INFO -   IF_DATA_Values_2021_12.csv: 79971 rows
2026-03-02 13:50:09,927 - INFO -   IF_DATA_Values_2021_3.csv: 79788 rows
2026-03-02 13:50:11,749 - INFO -   IF_DATA_Values_2021_6.csv: 80032 rows
2026-03-02 13:50:13,445 - INFO -   IF_DATA_Values_2021_9.csv: 79910 rows
2026-03-02 13:50:15,775 - INFO -   IF_DATA_Values_2022_12.csv: 81984 rows
2026-03-02 13:50:17,816 - INFO -   IF_DATA_Values_2022_3.csv: 80642 rows
2026-03-02 13:50:19,884 - INFO -   IF_DATA_Values_2022_6.csv: 81069 rows
2026-03-02 13:50:20,896 - INFO -   IF_DATA_Values_2022_9.csv: 81374 rows
2026-03-02 13:50:21,788 - INFO -   IF_DATA_Values_2023_12.csv: 82411 rows
2026-03-02 13:50:22,794 - INFO -   IF_DATA_Values_2023_3.csv: 82411 rows
2026-03-02 13:50:23,816 - INFO -   IF_DATA_Values_2023_6.csv: 82838 rows
2026-03-02 13:50:24,787 - INFO -   IF_DATA_Values_2023_9.csv: 40560 rows
2026-03-02 13:50:25,844 - INFO -   IF_DATA_Values_2024_12.csv: 41190 rows
2026-03-02 13:50:26,969 - INFO -   IF_DATA_Values_2024_3.csv: 82899 rows
2026-03-02 13:50:27,949 - INFO -   IF_DATA_Values_2024_6.csv: 81420 rows
2026-03-02 13:50:28,997 - INFO -   IF_DATA_Values_2024_9.csv: 81900 rows
2026-03-02 13:50:33,098 - INFO -   IF_DATA_Values_2025_3.csv: 43904 rows
2026-03-02 13:50:36,942 - INFO -   IF_DATA_Values_2025_6.csv: 44160 rows
2026-03-02 13:50:40,506 - INFO -   IF_DATA_Values_2025_9.csv: 44576 rows
2026-03-02 13:50:58,037 - INFO - Remapped 53,885 rows from 2025+ account codes to canonical pre-2025 codes
2026-03-02 13:51:03,137 - INFO - IF-Data loaded: 3,010,305 rows | 1885 institutions | 39 quarters (201603 - 202509)
2026-03-02 13:51:03,428 - INFO - Macro series loaded from c:\Users\pedro\OneDrive\Documentos\Yale\Year 3 (2024 - 2025)\Open Finance\Open-Finance\BCB\Egan_et_al_2025_Rep\raw\SGS_RAW\macro_series_full.csv (4836 days)
2026-03-02 13:51:03,441 - INFO - Loading conglomerate mapping from 108 List files ...
2026-03-02 13:51:13,831 - INFO - Payment Institutions identified: 158 IPs out of 2876 unique CNPJs
2026-03-02 13:51:14,164 - INFO - Conglomerate mapping loaded: 209,585 CNPJ-month obs | 2876 unique CNPJs | 726 conglomerates + 1145 standalones
2026-03-02 13:51:14,196 - INFO - Loading 29 COSIF processed files ...
2026-03-02 13:51:15,517 - INFO - COSIF loaded: 169,308 rows | 1851 institutions
2026-03-02 13:51:15,865 - INFO - COSIF separation: 145,924 institution-level rows kept, 23,384 pre-aggregated rows excluded (avoid double-counting)
2026-03-02 13:51:16,736 - INFO - Fallback mapping added 1,419 rows for 167 CNPJs outside List date range
2026-03-02 13:51:16,957 - INFO - COSIF-conglomerate merge: 111,367 rows | 458 conglomerates + 1076 standalones
2026-03-02 13:51:17,165 - INFO - IP-only aggregation: 2,764 conglÃ—month obs from 117 IP CNPJs in 114 conglomerates
2026-03-02 13:51:17,438 - INFO - IP prepaid rate coverage: 834 / 35,167 conglÃ—quarter obs
2026-03-02 13:51:17,483 - INFO - COSIF conglomerate panel: 35,167 obs | 1516 conglomerates | 51 quarters
2026-03-02 13:51:17,562 - INFO - ==================================================
2026-03-02 13:51:17,562 - INFO - Building Egan et al. (2025) panel ...
2026-03-02 13:51:17,562 - INFO - ==================================================
2026-03-02 13:51:17,562 - INFO - Mapping IF-Data CodInst to prudential conglomerates ...
2026-03-02 13:51:22,848 - INFO - Deposit panel: 241,519 obs | 1870 conglomerates | 5 types
2026-03-02 13:51:23,055 - INFO - Bank chars panel: 53,032 conglomeratexquarter obs from 1870 conglomerates
2026-03-02 13:51:46,085 - INFO - DRE ratios panel: 46,162 obs | 1809 conglomerates | personnel_cost_ratio_lag non-null: 44,106
2026-03-02 13:51:46,263 - INFO - Segment panel: 1,871 entities (726 conglomerate C-codes, 1145 standalone)
2026-03-02 13:51:46,268 - INFO - Segment distribution: {'S5': 1037, 'S4': 438, 'S3': 59, 'S2': 9, 'S1': 6}
2026-03-02 13:51:46,422 - INFO - Quarterly macro rates computed: 52 quarters
2026-03-02 13:51:46,812 - INFO - Bank chars coverage: 241,519 / 241,519 obs have total_assets
2026-03-02 13:51:46,950 - INFO - DRE cost ratio coverage: personnel=198,537 / 241,519
2026-03-02 13:51:47,110 - INFO - Segment coverage: 230,256 / 241,519 obs have segment
2026-03-02 13:51:47,328 - INFO - COSIF rate coverage: 118,913 / 241,519 obs have COSIF implicit rates
2026-03-02 13:51:47,328 - WARNING - No IP prepaid rates -- median_ip_rate will be NaN
2026-03-02 13:51:48,029 - INFO - Panel complete: 241,519 obs | 1870 conglomerates | 39 quarters | 5 deposit types
2026-03-02 13:52:01,513 - INFO - Panel saved to c:\Users\pedro\OneDrive\Documentos\Yale\Year 3 (2024 - 2025)\Open Finance\Open-Finance\BCB\Egan_et_al_2025_Rep\processed\PANEL_INTERMED\egan_panel_deposits.csv
2026-03-02 13:52:01,640 - INFO - Quarterly macro rates computed: 52 quarters
2026-03-02 13:52:01,652 - INFO - Quarterly macro rates saved to c:\Users\pedro\OneDrive\Documentos\Yale\Year 3 (2024 - 2025)\Open Finance\Open-Finance\BCB\Egan_et_al_2025_Rep\processed\PANEL_INTERMED\quarterly_macro_rates.csv
2026-03-02 13:52:01,961 - INFO - Script completed successfully.
2026-03-02 15:07:06,508 - INFO - ============================================================
2026-03-02 15:07:06,516 - INFO - Starting Egan et al. (2025) Panel Construction
2026-03-02 15:07:06,518 - INFO - ============================================================
2026-03-02 15:07:06,526 - INFO - Loading 39 IF-Data files from c:\Users\pedro\OneDrive\Documentos\Yale\Year 3 (2024 - 2025)\Open Finance\Open-Finance\BCB\IF Data\Prudential Conglomerates
2026-03-02 15:07:07,869 - INFO -   IF_DATA_Values_2016_12.csv: 87000 rows
2026-03-02 15:07:08,914 - INFO -   IF_DATA_Values_2016_3.csv: 89880 rows
2026-03-02 15:07:09,972 - INFO -   IF_DATA_Values_2016_6.csv: 89220 rows
2026-03-02 15:07:11,008 - INFO -   IF_DATA_Values_2016_9.csv: 88260 rows
2026-03-02 15:07:11,811 - INFO -   IF_DATA_Values_2017_12.csv: 83700 rows
2026-03-02 15:07:12,533 - INFO -   IF_DATA_Values_2017_3.csv: 86340 rows
2026-03-02 15:07:13,168 - INFO -   IF_DATA_Values_2017_6.csv: 85500 rows
2026-03-02 15:07:13,730 - INFO -   IF_DATA_Values_2017_9.csv: 84600 rows
2026-03-02 15:07:14,314 - INFO -   IF_DATA_Values_2018_12.csv: 81240 rows
2026-03-02 15:07:14,837 - INFO -   IF_DATA_Values_2018_3.csv: 83460 rows
2026-03-02 15:07:15,338 - INFO -   IF_DATA_Values_2018_6.csv: 82680 rows
2026-03-02 15:07:15,901 - INFO -   IF_DATA_Values_2018_9.csv: 81660 rows
2026-03-02 15:07:16,520 - INFO -   IF_DATA_Values_2019_12.csv: 78240 rows
2026-03-02 15:07:17,404 - INFO -   IF_DATA_Values_2019_3.csv: 80460 rows
2026-03-02 15:07:18,001 - INFO -   IF_DATA_Values_2019_6.csv: 79680 rows
2026-03-02 15:07:18,547 - INFO -   IF_DATA_Values_2019_9.csv: 79080 rows
2026-03-02 15:07:19,174 - INFO -   IF_DATA_Values_2020_12.csv: 79727 rows
2026-03-02 15:07:19,674 - INFO -   IF_DATA_Values_2020_3.csv: 78000 rows
2026-03-02 15:07:20,126 - INFO -   IF_DATA_Values_2020_6.csv: 79056 rows
2026-03-02 15:07:20,619 - INFO -   IF_DATA_Values_2020_9.csv: 79483 rows
2026-03-02 15:07:21,119 - INFO -   IF_DATA_Values_2021_12.csv: 79971 rows
2026-03-02 15:07:21,738 - INFO -   IF_DATA_Values_2021_3.csv: 79788 rows
2026-03-02 15:07:22,250 - INFO -   IF_DATA_Values_2021_6.csv: 80032 rows
2026-03-02 15:07:22,729 - INFO -   IF_DATA_Values_2021_9.csv: 79910 rows
2026-03-02 15:07:23,237 - INFO -   IF_DATA_Values_2022_12.csv: 81984 rows
2026-03-02 15:07:23,746 - INFO -   IF_DATA_Values_2022_3.csv: 80642 rows
2026-03-02 15:07:24,283 - INFO -   IF_DATA_Values_2022_6.csv: 81069 rows
2026-03-02 15:07:24,756 - INFO -   IF_DATA_Values_2022_9.csv: 81374 rows
2026-03-02 15:07:25,314 - INFO -   IF_DATA_Values_2023_12.csv: 82411 rows
2026-03-02 15:07:25,856 - INFO -   IF_DATA_Values_2023_3.csv: 82411 rows
2026-03-02 15:07:26,464 - INFO -   IF_DATA_Values_2023_6.csv: 82838 rows
2026-03-02 15:07:26,871 - INFO -   IF_DATA_Values_2023_9.csv: 40560 rows
2026-03-02 15:07:27,390 - INFO -   IF_DATA_Values_2024_12.csv: 41190 rows
2026-03-02 15:07:28,027 - INFO -   IF_DATA_Values_2024_3.csv: 82899 rows
2026-03-02 15:07:28,536 - INFO -   IF_DATA_Values_2024_6.csv: 81420 rows
2026-03-02 15:07:29,046 - INFO -   IF_DATA_Values_2024_9.csv: 81900 rows
2026-03-02 15:07:31,056 - INFO -   IF_DATA_Values_2025_3.csv: 43904 rows
2026-03-02 15:07:33,746 - INFO -   IF_DATA_Values_2025_6.csv: 44160 rows
2026-03-02 15:07:36,489 - INFO -   IF_DATA_Values_2025_9.csv: 44576 rows
2026-03-02 15:07:47,468 - INFO - Remapped 53,885 rows from 2025+ account codes to canonical pre-2025 codes
2026-03-02 15:07:50,017 - INFO - IF-Data loaded: 3,010,305 rows | 1885 institutions | 39 quarters (201603 - 202509)
2026-03-02 15:07:50,214 - INFO - Macro series loaded from c:\Users\pedro\OneDrive\Documentos\Yale\Year 3 (2024 - 2025)\Open Finance\Open-Finance\BCB\Egan_et_al_2025_Rep\raw\SGS_RAW\macro_series_full.csv (4836 days)
2026-03-02 15:07:50,215 - INFO - Loading conglomerate mapping from 108 List files ...
2026-03-02 15:07:56,276 - INFO - Payment Institutions identified: 158 IPs out of 2876 unique CNPJs
2026-03-02 15:07:56,464 - INFO - Conglomerate mapping loaded: 209,585 CNPJ-month obs | 2876 unique CNPJs | 726 conglomerates + 1145 standalones
2026-03-02 15:07:56,481 - INFO - Loading 29 COSIF processed files ...
2026-03-02 15:07:57,157 - INFO - COSIF loaded: 169,308 rows | 1851 institutions
2026-03-02 15:07:57,332 - INFO - COSIF separation: 145,924 institution-level rows kept, 23,384 pre-aggregated rows excluded (avoid double-counting)
2026-03-02 15:07:57,759 - INFO - Fallback mapping added 1,419 rows for 167 CNPJs outside List date range
2026-03-02 15:07:57,865 - INFO - COSIF-conglomerate merge: 111,367 rows | 458 conglomerates + 1076 standalones
2026-03-02 15:07:57,991 - INFO - IP-only aggregation: 2,764 conglÃ—month obs from 117 IP CNPJs in 114 conglomerates
2026-03-02 15:07:58,154 - INFO - IP prepaid rate coverage: 834 / 35,167 conglÃ—quarter obs
2026-03-02 15:07:58,180 - INFO - COSIF conglomerate panel: 35,167 obs | 1516 conglomerates | 51 quarters
2026-03-02 15:07:58,225 - INFO - ==================================================
2026-03-02 15:07:58,225 - INFO - Building Egan et al. (2025) panel ...
2026-03-02 15:07:58,225 - INFO - ==================================================
2026-03-02 15:07:58,232 - INFO - Mapping IF-Data CodInst to prudential conglomerates ...
2026-03-02 15:08:01,675 - INFO - Deposit panel: 241,519 obs | 1870 conglomerates | 5 types
2026-03-02 15:08:01,860 - INFO - Bank chars panel: 53,032 conglomeratexquarter obs from 1870 conglomerates
2026-03-02 15:08:23,045 - INFO - DRE ratios panel: 46,162 obs | 1809 conglomerates | personnel_cost_ratio_lag non-null: 44,106
2026-03-02 15:08:23,253 - INFO - Segment panel: 1,871 entities (726 conglomerate C-codes, 1145 standalone)
2026-03-02 15:08:23,258 - INFO - Segment distribution: {'S5': 1037, 'S4': 438, 'S3': 59, 'S2': 9, 'S1': 6}
2026-03-02 15:08:23,405 - INFO - Quarterly macro rates computed: 52 quarters
2026-03-02 15:08:23,897 - INFO - Bank chars coverage: 241,519 / 241,519 obs have total_assets
2026-03-02 15:08:24,027 - INFO - DRE cost ratio coverage: personnel=198,537 / 241,519
2026-03-02 15:08:24,210 - INFO - Segment coverage: 230,256 / 241,519 obs have segment
2026-03-02 15:08:24,421 - INFO - COSIF rate coverage: 118,913 / 241,519 obs have COSIF implicit rates
2026-03-02 15:08:24,421 - WARNING - No IP prepaid rates -- median_ip_rate will be NaN
2026-03-02 15:08:25,068 - INFO - Panel complete: 241,519 obs | 1870 conglomerates | 39 quarters | 5 deposit types
2026-03-02 15:08:37,076 - INFO - Panel saved to c:\Users\pedro\OneDrive\Documentos\Yale\Year 3 (2024 - 2025)\Open Finance\Open-Finance\BCB\Egan_et_al_2025_Rep\processed\PANEL_INTERMED\egan_panel_deposits.csv
2026-03-02 15:08:37,156 - INFO - Quarterly macro rates computed: 52 quarters
2026-03-02 15:08:37,172 - INFO - Quarterly macro rates saved to c:\Users\pedro\OneDrive\Documentos\Yale\Year 3 (2024 - 2025)\Open Finance\Open-Finance\BCB\Egan_et_al_2025_Rep\processed\PANEL_INTERMED\quarterly_macro_rates.csv
2026-03-02 15:08:37,516 - INFO - Script completed successfully.
2026-03-02 15:23:31,359 - INFO - ============================================================
2026-03-02 15:23:31,361 - INFO - Starting Egan et al. (2025) Panel Construction
2026-03-02 15:23:31,361 - INFO - ============================================================
2026-03-02 15:23:31,371 - INFO - Loading 39 IF-Data files from c:\Users\pedro\OneDrive\Documentos\Yale\Year 3 (2024 - 2025)\Open Finance\Open-Finance\BCB\IF Data\Prudential Conglomerates
2026-03-02 15:23:32,054 - INFO -   IF_DATA_Values_2016_12.csv: 87000 rows
2026-03-02 15:23:32,830 - INFO -   IF_DATA_Values_2016_3.csv: 89880 rows
2026-03-02 15:23:33,445 - INFO -   IF_DATA_Values_2016_6.csv: 89220 rows
2026-03-02 15:23:34,087 - INFO -   IF_DATA_Values_2016_9.csv: 88260 rows
2026-03-02 15:23:34,735 - INFO -   IF_DATA_Values_2017_12.csv: 83700 rows
2026-03-02 15:23:35,594 - INFO -   IF_DATA_Values_2017_3.csv: 86340 rows
2026-03-02 15:23:36,178 - INFO -   IF_DATA_Values_2017_6.csv: 85500 rows
2026-03-02 15:23:36,814 - INFO -   IF_DATA_Values_2017_9.csv: 84600 rows
2026-03-02 15:23:37,359 - INFO -   IF_DATA_Values_2018_12.csv: 81240 rows
2026-03-02 15:23:37,830 - INFO -   IF_DATA_Values_2018_3.csv: 83460 rows
2026-03-02 15:23:38,356 - INFO -   IF_DATA_Values_2018_6.csv: 82680 rows
2026-03-02 15:23:38,800 - INFO -   IF_DATA_Values_2018_9.csv: 81660 rows
2026-03-02 15:23:39,170 - INFO -   IF_DATA_Values_2019_12.csv: 78240 rows
2026-03-02 15:23:39,566 - INFO -   IF_DATA_Values_2019_3.csv: 80460 rows
2026-03-02 15:23:39,916 - INFO -   IF_DATA_Values_2019_6.csv: 79680 rows
2026-03-02 15:23:40,342 - INFO -   IF_DATA_Values_2019_9.csv: 79080 rows
2026-03-02 15:23:40,696 - INFO -   IF_DATA_Values_2020_12.csv: 79727 rows
2026-03-02 15:23:41,062 - INFO -   IF_DATA_Values_2020_3.csv: 78000 rows
2026-03-02 15:23:41,460 - INFO -   IF_DATA_Values_2020_6.csv: 79056 rows
2026-03-02 15:23:41,959 - INFO -   IF_DATA_Values_2020_9.csv: 79483 rows
2026-03-02 15:23:42,382 - INFO -   IF_DATA_Values_2021_12.csv: 79971 rows
2026-03-02 15:23:42,733 - INFO -   IF_DATA_Values_2021_3.csv: 79788 rows
2026-03-02 15:23:43,115 - INFO -   IF_DATA_Values_2021_6.csv: 80032 rows
2026-03-02 15:23:43,528 - INFO -   IF_DATA_Values_2021_9.csv: 79910 rows
2026-03-02 15:23:43,970 - INFO -   IF_DATA_Values_2022_12.csv: 81984 rows
2026-03-02 15:23:44,341 - INFO -   IF_DATA_Values_2022_3.csv: 80642 rows
2026-03-02 15:23:44,771 - INFO -   IF_DATA_Values_2022_6.csv: 81069 rows
2026-03-02 15:23:45,185 - INFO -   IF_DATA_Values_2022_9.csv: 81374 rows
2026-03-02 15:23:45,667 - INFO -   IF_DATA_Values_2023_12.csv: 82411 rows
2026-03-02 15:23:46,027 - INFO -   IF_DATA_Values_2023_3.csv: 82411 rows
2026-03-02 15:23:46,457 - INFO -   IF_DATA_Values_2023_6.csv: 82838 rows
2026-03-02 15:23:46,935 - INFO -   IF_DATA_Values_2023_9.csv: 40560 rows
2026-03-02 15:23:47,284 - INFO -   IF_DATA_Values_2024_12.csv: 41190 rows
2026-03-02 15:23:47,800 - INFO -   IF_DATA_Values_2024_3.csv: 82899 rows
2026-03-02 15:23:48,318 - INFO -   IF_DATA_Values_2024_6.csv: 81420 rows
2026-03-02 15:23:49,060 - INFO -   IF_DATA_Values_2024_9.csv: 81900 rows
2026-03-02 15:23:51,889 - INFO -   IF_DATA_Values_2025_3.csv: 43904 rows
2026-03-02 15:23:53,844 - INFO -   IF_DATA_Values_2025_6.csv: 44160 rows
2026-03-02 15:23:55,770 - INFO -   IF_DATA_Values_2025_9.csv: 44576 rows
2026-03-02 15:24:06,021 - INFO - Remapped 53,885 rows from 2025+ account codes to canonical pre-2025 codes
2026-03-02 15:24:08,210 - INFO - IF-Data loaded: 3,010,305 rows | 1885 institutions | 39 quarters (201603 - 202509)
2026-03-02 15:24:08,326 - INFO - Macro series loaded from c:\Users\pedro\OneDrive\Documentos\Yale\Year 3 (2024 - 2025)\Open Finance\Open-Finance\BCB\Egan_et_al_2025_Rep\raw\SGS_RAW\macro_series_full.csv (4836 days)
2026-03-02 15:24:08,333 - INFO - Loading conglomerate mapping from 108 List files ...
2026-03-02 15:24:12,365 - INFO - Payment Institutions identified: 158 IPs out of 2876 unique CNPJs
2026-03-02 15:24:12,458 - INFO - Conglomerate mapping loaded: 209,585 CNPJ-month obs | 2876 unique CNPJs | 726 conglomerates + 1145 standalones
2026-03-02 15:24:12,471 - INFO - Loading 29 COSIF processed files ...
2026-03-02 15:24:12,877 - INFO - COSIF loaded: 169,308 rows | 1851 institutions
2026-03-02 15:24:12,990 - INFO - COSIF separation: 145,924 institution-level rows kept, 23,384 pre-aggregated rows excluded (avoid double-counting)
2026-03-02 15:24:13,192 - INFO - Fallback mapping added 1,419 rows for 167 CNPJs outside List date range
2026-03-02 15:24:13,240 - INFO - COSIF-conglomerate merge: 111,367 rows | 458 conglomerates + 1076 standalones
2026-03-02 15:24:13,288 - INFO - IP-only aggregation: 2,764 conglÃ—month obs from 117 IP CNPJs in 114 conglomerates
2026-03-02 15:24:13,377 - INFO - IP prepaid rate coverage: 834 / 35,167 conglÃ—quarter obs
2026-03-02 15:24:13,399 - INFO - COSIF conglomerate panel: 35,167 obs | 1516 conglomerates | 51 quarters
2026-03-02 15:24:13,422 - INFO - ==================================================
2026-03-02 15:24:13,422 - INFO - Building Egan et al. (2025) panel ...
2026-03-02 15:24:13,422 - INFO - ==================================================
2026-03-02 15:24:13,422 - INFO - Mapping IF-Data CodInst to prudential conglomerates ...
2026-03-02 15:24:15,459 - INFO - Deposit panel: 241,519 obs | 1870 conglomerates | 5 types
2026-03-02 15:24:15,551 - INFO - Bank chars panel: 53,032 conglomeratexquarter obs from 1870 conglomerates
2026-03-02 15:24:27,386 - INFO - DRE ratios panel: 46,162 obs | 1809 conglomerates | personnel_cost_ratio_lag non-null: 44,106
2026-03-02 15:24:27,482 - INFO - Segment panel: 1,871 entities (726 conglomerate C-codes, 1145 standalone)
2026-03-02 15:24:27,482 - INFO - Segment distribution: {'S5': 1037, 'S4': 438, 'S3': 59, 'S2': 9, 'S1': 6}
2026-03-02 15:24:27,555 - INFO - Quarterly macro rates computed: 52 quarters
2026-03-02 15:24:27,803 - INFO - Bank chars coverage: 241,519 / 241,519 obs have total_assets
2026-03-02 15:24:27,887 - INFO - DRE cost ratio coverage: personnel=198,537 / 241,519
2026-03-02 15:24:28,008 - INFO - Segment coverage: 230,256 / 241,519 obs have segment
2026-03-02 15:24:28,191 - INFO - COSIF rate coverage: 118,913 / 241,519 obs have COSIF implicit rates
2026-03-02 15:24:28,191 - WARNING - No IP prepaid rates -- median_ip_rate will be NaN
2026-03-02 15:24:28,734 - INFO - Panel complete: 241,519 obs | 1870 conglomerates | 39 quarters | 5 deposit types
2026-03-02 15:24:36,949 - INFO - Panel saved to c:\Users\pedro\OneDrive\Documentos\Yale\Year 3 (2024 - 2025)\Open Finance\Open-Finance\BCB\Egan_et_al_2025_Rep\processed\PANEL_INTERMED\egan_panel_deposits.csv
2026-03-02 15:24:37,007 - INFO - Quarterly macro rates computed: 52 quarters
2026-03-02 15:24:37,012 - INFO - Quarterly macro rates saved to c:\Users\pedro\OneDrive\Documentos\Yale\Year 3 (2024 - 2025)\Open Finance\Open-Finance\BCB\Egan_et_al_2025_Rep\processed\PANEL_INTERMED\quarterly_macro_rates.csv
2026-03-02 15:24:37,220 - INFO - Script completed successfully.
2026-03-02 18:22:17,327 - INFO - ============================================================
2026-03-02 18:22:17,331 - INFO - Starting Egan et al. (2025) Panel Construction
2026-03-02 18:22:17,335 - INFO - ============================================================
2026-03-02 18:22:17,342 - INFO - Loading 39 IF-Data files from c:\Users\pedro\OneDrive\Documentos\Yale\Year 3 (2024 - 2025)\Open Finance\Open-Finance\BCB\IF Data\Prudential Conglomerates
2026-03-02 18:22:19,122 - INFO -   IF_DATA_Values_2016_12.csv: 87000 rows
2026-03-02 18:22:20,355 - INFO -   IF_DATA_Values_2016_3.csv: 89880 rows
2026-03-02 18:22:21,456 - INFO -   IF_DATA_Values_2016_6.csv: 89220 rows
2026-03-02 18:22:22,534 - INFO -   IF_DATA_Values_2016_9.csv: 88260 rows
2026-03-02 18:22:23,734 - INFO -   IF_DATA_Values_2017_12.csv: 83700 rows
2026-03-02 18:22:24,862 - INFO -   IF_DATA_Values_2017_3.csv: 86340 rows
2026-03-02 18:22:26,234 - INFO -   IF_DATA_Values_2017_6.csv: 85500 rows
2026-03-02 18:22:27,211 - INFO -   IF_DATA_Values_2017_9.csv: 84600 rows
2026-03-02 18:22:28,260 - INFO -   IF_DATA_Values_2018_12.csv: 81240 rows
2026-03-02 18:22:29,835 - INFO -   IF_DATA_Values_2018_3.csv: 83460 rows
2026-03-02 18:22:31,152 - INFO -   IF_DATA_Values_2018_6.csv: 82680 rows
2026-03-02 18:22:32,218 - INFO -   IF_DATA_Values_2018_9.csv: 81660 rows
2026-03-02 18:22:32,882 - INFO -   IF_DATA_Values_2019_12.csv: 78240 rows
2026-03-02 18:22:33,625 - INFO -   IF_DATA_Values_2019_3.csv: 80460 rows
2026-03-02 18:22:34,220 - INFO -   IF_DATA_Values_2019_6.csv: 79680 rows
2026-03-02 18:22:34,848 - INFO -   IF_DATA_Values_2019_9.csv: 79080 rows
2026-03-02 18:22:35,384 - INFO -   IF_DATA_Values_2020_12.csv: 79727 rows
2026-03-02 18:22:36,028 - INFO -   IF_DATA_Values_2020_3.csv: 78000 rows
2026-03-02 18:22:36,737 - INFO -   IF_DATA_Values_2020_6.csv: 79056 rows
2026-03-02 18:22:37,750 - INFO -   IF_DATA_Values_2020_9.csv: 79483 rows
2026-03-02 18:22:38,600 - INFO -   IF_DATA_Values_2021_12.csv: 79971 rows
2026-03-02 18:22:39,226 - INFO -   IF_DATA_Values_2021_3.csv: 79788 rows
2026-03-02 18:22:39,738 - INFO -   IF_DATA_Values_2021_6.csv: 80032 rows
2026-03-02 18:22:40,338 - INFO -   IF_DATA_Values_2021_9.csv: 79910 rows
2026-03-02 18:22:41,045 - INFO -   IF_DATA_Values_2022_12.csv: 81984 rows
2026-03-02 18:22:41,766 - INFO -   IF_DATA_Values_2022_3.csv: 80642 rows
2026-03-02 18:22:42,821 - INFO -   IF_DATA_Values_2022_6.csv: 81069 rows
2026-03-02 18:22:44,066 - INFO -   IF_DATA_Values_2022_9.csv: 81374 rows
2026-03-02 18:22:45,174 - INFO -   IF_DATA_Values_2023_12.csv: 82411 rows
2026-03-02 18:22:46,261 - INFO -   IF_DATA_Values_2023_3.csv: 82411 rows
2026-03-02 18:22:47,264 - INFO -   IF_DATA_Values_2023_6.csv: 82838 rows
2026-03-02 18:22:48,412 - INFO -   IF_DATA_Values_2023_9.csv: 40560 rows
2026-03-02 18:22:49,699 - INFO -   IF_DATA_Values_2024_12.csv: 41190 rows
2026-03-02 18:22:51,762 - INFO -   IF_DATA_Values_2024_3.csv: 82899 rows
2026-03-02 18:22:52,992 - INFO -   IF_DATA_Values_2024_6.csv: 81420 rows
2026-03-02 18:22:53,817 - INFO -   IF_DATA_Values_2024_9.csv: 81900 rows
2026-03-02 18:23:04,446 - INFO -   IF_DATA_Values_2025_3.csv: 43904 rows
2026-03-02 18:23:08,562 - INFO -   IF_DATA_Values_2025_6.csv: 44160 rows
2026-03-02 18:23:12,386 - INFO -   IF_DATA_Values_2025_9.csv: 44576 rows
2026-03-02 18:23:26,398 - INFO - Remapped 53,885 rows from 2025+ account codes to canonical pre-2025 codes
2026-03-02 18:23:28,955 - INFO - IF-Data loaded: 3,010,305 rows | 1885 institutions | 39 quarters (201603 - 202509)
2026-03-02 18:23:29,134 - INFO - Macro series loaded from c:\Users\pedro\OneDrive\Documentos\Yale\Year 3 (2024 - 2025)\Open Finance\Open-Finance\BCB\Egan_et_al_2025_Rep\raw\SGS_RAW\macro_series_full.csv (4836 days)
2026-03-02 18:23:29,140 - INFO - Loading conglomerate mapping from 108 List files ...
2026-03-02 18:23:36,885 - INFO - Payment Institutions identified: 158 IPs out of 2876 unique CNPJs
2026-03-02 18:23:37,136 - INFO - Conglomerate mapping loaded: 209,585 CNPJ-month obs | 2876 unique CNPJs | 726 conglomerates + 1145 standalones
2026-03-02 18:23:37,158 - INFO - Loading 29 COSIF processed files ...
2026-03-02 18:23:38,010 - INFO - COSIF loaded: 169,308 rows | 1851 institutions
2026-03-02 18:23:38,260 - INFO - COSIF separation: 145,924 institution-level rows kept, 23,384 pre-aggregated rows excluded (avoid double-counting)
2026-03-02 18:23:38,624 - INFO - Fallback mapping added 1,419 rows for 167 CNPJs outside List date range
2026-03-02 18:23:38,700 - INFO - COSIF-conglomerate merge: 111,367 rows | 458 conglomerates + 1076 standalones
2026-03-02 18:23:38,784 - INFO - IP-only aggregation: 2,764 conglÃ—month obs from 117 IP CNPJs in 114 conglomerates
2026-03-02 18:23:38,923 - INFO - IP prepaid rate coverage: 834 / 35,167 conglÃ—quarter obs
2026-03-02 18:23:38,942 - INFO - COSIF conglomerate panel: 35,167 obs | 1516 conglomerates | 51 quarters
2026-03-02 18:23:38,973 - INFO - ==================================================
2026-03-02 18:23:38,973 - INFO - Building Egan et al. (2025) panel ...
2026-03-02 18:23:38,973 - INFO - ==================================================
2026-03-02 18:23:38,973 - INFO - Mapping IF-Data CodInst to prudential conglomerates ...
2026-03-02 18:23:44,090 - INFO - Deposit panel: 241,519 obs | 1870 conglomerates | 5 types
2026-03-02 18:23:44,276 - INFO - Bank chars panel: 53,032 conglomeratexquarter obs from 1870 conglomerates
2026-03-02 18:24:11,128 - INFO - DRE ratios panel: 46,162 obs | 1809 conglomerates | personnel_cost_ratio_lag non-null: 44,106
2026-03-02 18:24:11,294 - INFO - Segment panel: 1,871 entities (726 conglomerate C-codes, 1145 standalone)
2026-03-02 18:24:11,305 - INFO - Segment distribution: {'S5': 1037, 'S4': 438, 'S3': 59, 'S2': 9, 'S1': 6}
2026-03-02 18:24:11,458 - INFO - Quarterly macro rates computed: 52 quarters
2026-03-02 18:24:11,937 - INFO - Bank chars coverage: 241,519 / 241,519 obs have total_assets
2026-03-02 18:24:12,140 - INFO - DRE cost ratio coverage: personnel=198,537 / 241,519
2026-03-02 18:24:12,382 - INFO - Segment coverage: 230,256 / 241,519 obs have segment
2026-03-02 18:24:12,798 - INFO - COSIF rate coverage: 118,913 / 241,519 obs have COSIF implicit rates
2026-03-02 18:24:12,804 - WARNING - No IP prepaid rates -- median_ip_rate will be NaN
2026-03-02 18:24:14,011 - INFO - Panel complete: 241,519 obs | 1870 conglomerates | 39 quarters | 5 deposit types
2026-03-02 18:24:34,406 - INFO - Panel saved to c:\Users\pedro\OneDrive\Documentos\Yale\Year 3 (2024 - 2025)\Open Finance\Open-Finance\BCB\Egan_et_al_2025_Rep\processed\PANEL_INTERMED\egan_panel_deposits.csv
2026-03-02 18:24:34,645 - INFO - Quarterly macro rates computed: 52 quarters
2026-03-02 18:24:34,658 - INFO - Quarterly macro rates saved to c:\Users\pedro\OneDrive\Documentos\Yale\Year 3 (2024 - 2025)\Open Finance\Open-Finance\BCB\Egan_et_al_2025_Rep\processed\PANEL_INTERMED\quarterly_macro_rates.csv
2026-03-02 18:24:35,249 - INFO - Script completed successfully.
2026-03-02 19:28:55,041 - INFO - ============================================================
2026-03-02 19:28:55,154 - INFO - Starting Egan et al. (2025) Panel Construction
2026-03-02 19:28:55,157 - INFO - ============================================================
2026-03-02 19:28:55,164 - INFO - Loading 39 IF-Data files from C:\Users\pedro\OneDrive\Documentos\Yale\Year 3 (2024 - 2025)\Open Finance\Open-Finance\BCB\IF Data\Prudential Conglomerates
2026-03-02 19:28:55,947 - INFO -   IF_DATA_Values_2016_12.csv: 87000 rows
2026-03-02 19:28:56,770 - INFO -   IF_DATA_Values_2016_3.csv: 89880 rows
2026-03-02 19:28:57,597 - INFO -   IF_DATA_Values_2016_6.csv: 89220 rows
2026-03-02 19:28:58,392 - INFO -   IF_DATA_Values_2016_9.csv: 88260 rows
2026-03-02 19:28:59,211 - INFO -   IF_DATA_Values_2017_12.csv: 83700 rows
2026-03-02 19:28:59,945 - INFO -   IF_DATA_Values_2017_3.csv: 86340 rows
2026-03-02 19:29:00,756 - INFO -   IF_DATA_Values_2017_6.csv: 85500 rows
2026-03-02 19:29:01,590 - INFO -   IF_DATA_Values_2017_9.csv: 84600 rows
2026-03-02 19:29:02,420 - INFO -   IF_DATA_Values_2018_12.csv: 81240 rows
2026-03-02 19:29:03,102 - INFO -   IF_DATA_Values_2018_3.csv: 83460 rows
2026-03-02 19:29:04,166 - INFO -   IF_DATA_Values_2018_6.csv: 82680 rows
2026-03-02 19:29:04,920 - INFO -   IF_DATA_Values_2018_9.csv: 81660 rows
2026-03-02 19:29:05,616 - INFO -   IF_DATA_Values_2019_12.csv: 78240 rows
2026-03-02 19:29:06,411 - INFO -   IF_DATA_Values_2019_3.csv: 80460 rows
2026-03-02 19:29:07,124 - INFO -   IF_DATA_Values_2019_6.csv: 79680 rows
2026-03-02 19:29:07,816 - INFO -   IF_DATA_Values_2019_9.csv: 79080 rows
2026-03-02 19:29:08,482 - INFO -   IF_DATA_Values_2020_12.csv: 79727 rows
2026-03-02 19:29:09,200 - INFO -   IF_DATA_Values_2020_3.csv: 78000 rows
2026-03-02 19:29:09,772 - INFO -   IF_DATA_Values_2020_6.csv: 79056 rows
2026-03-02 19:29:10,483 - INFO -   IF_DATA_Values_2020_9.csv: 79483 rows
2026-03-02 19:29:11,209 - INFO -   IF_DATA_Values_2021_12.csv: 79971 rows
2026-03-02 19:29:11,898 - INFO -   IF_DATA_Values_2021_3.csv: 79788 rows
2026-03-02 19:29:12,544 - INFO -   IF_DATA_Values_2021_6.csv: 80032 rows
2026-03-02 19:29:13,571 - INFO -   IF_DATA_Values_2021_9.csv: 79910 rows
2026-03-02 19:29:14,288 - INFO -   IF_DATA_Values_2022_12.csv: 81984 rows
2026-03-02 19:29:14,993 - INFO -   IF_DATA_Values_2022_3.csv: 80642 rows
2026-03-02 19:29:15,778 - INFO -   IF_DATA_Values_2022_6.csv: 81069 rows
2026-03-02 19:29:16,418 - INFO -   IF_DATA_Values_2022_9.csv: 81374 rows
2026-03-02 19:29:17,093 - INFO -   IF_DATA_Values_2023_12.csv: 82411 rows
2026-03-02 19:29:17,794 - INFO -   IF_DATA_Values_2023_3.csv: 82411 rows
2026-03-02 19:29:18,511 - INFO -   IF_DATA_Values_2023_6.csv: 82838 rows
2026-03-02 19:29:19,341 - INFO -   IF_DATA_Values_2023_9.csv: 40560 rows
2026-03-02 19:29:20,240 - INFO -   IF_DATA_Values_2024_12.csv: 41190 rows
2026-03-02 19:29:21,000 - INFO -   IF_DATA_Values_2024_3.csv: 82899 rows
2026-03-02 19:29:21,790 - INFO -   IF_DATA_Values_2024_6.csv: 81420 rows
2026-03-02 19:29:22,589 - INFO -   IF_DATA_Values_2024_9.csv: 81900 rows
2026-03-02 19:29:25,396 - INFO -   IF_DATA_Values_2025_3.csv: 43904 rows
2026-03-02 19:29:28,475 - INFO -   IF_DATA_Values_2025_6.csv: 44160 rows
2026-03-02 19:29:31,400 - INFO -   IF_DATA_Values_2025_9.csv: 44576 rows
2026-03-02 19:29:49,207 - INFO - Remapped 53,885 rows from 2025+ account codes to canonical pre-2025 codes
2026-03-02 19:29:52,400 - INFO - IF-Data loaded: 3,010,305 rows | 1885 institutions | 39 quarters (201603 - 202509)
2026-03-02 19:29:52,633 - INFO - Macro series loaded from C:\Users\pedro\OneDrive\Documentos\Yale\Year 3 (2024 - 2025)\Open Finance\Open-Finance\BCB\Egan_et_al_2025_Rep\raw\SGS_RAW\macro_series_full.csv (4836 days)
2026-03-02 19:29:52,641 - INFO - Loading conglomerate mapping from 108 List files ...
2026-03-02 19:30:00,946 - INFO - Payment Institutions identified: 158 IPs out of 2876 unique CNPJs
2026-03-02 19:30:01,154 - INFO - Conglomerate mapping loaded: 209,585 CNPJ-month obs | 2876 unique CNPJs | 726 conglomerates + 1145 standalones
2026-03-02 19:30:01,173 - INFO - Loading 29 COSIF processed files ...
2026-03-02 19:30:02,348 - INFO - COSIF loaded: 169,308 rows | 1851 institutions
2026-03-02 19:30:02,627 - INFO - COSIF separation: 145,924 institution-level rows kept, 23,384 pre-aggregated rows excluded (avoid double-counting)
2026-03-02 19:30:03,087 - INFO - Fallback mapping added 1,419 rows for 167 CNPJs outside List date range
2026-03-02 19:30:03,197 - INFO - COSIF-conglomerate merge: 111,367 rows | 458 conglomerates + 1076 standalones
2026-03-02 19:30:03,328 - INFO - IP prepaid aggregation: 2,764 conglÃ—month obs from 117 IP CNPJs in 114 conglomerates
2026-03-02 19:30:03,508 - INFO - IP prepaid rate coverage: 9 / 35,167 conglÃ—quarter obs (zero for pre-2025 months, ~CDI for 2025+ reporters)
2026-03-02 19:30:03,547 - INFO - COSIF conglomerate panel: 35,167 obs | 1516 conglomerates | 51 quarters
2026-03-02 19:30:03,590 - INFO - ==================================================
2026-03-02 19:30:03,592 - INFO - Building Egan et al. (2025) panel ...
2026-03-02 19:30:03,593 - INFO - ==================================================
2026-03-02 19:30:03,594 - INFO - Mapping IF-Data CodInst to prudential conglomerates ...
2026-03-02 19:30:07,129 - INFO - Deposit panel: 241,519 obs | 1870 conglomerates | 5 types
2026-03-02 19:30:07,309 - INFO - Bank chars panel: 53,032 conglomeratexquarter obs from 1870 conglomerates
2026-03-02 19:30:40,953 - INFO - DRE ratios panel: 46,162 obs | 1809 conglomerates | personnel_cost_ratio_lag non-null: 44,106
2026-03-02 19:30:41,143 - INFO - Segment panel: 1,871 entities (726 conglomerate C-codes, 1145 standalone)
2026-03-02 19:30:41,149 - INFO - Segment distribution: {'S5': 1037, 'S4': 438, 'S3': 59, 'S2': 9, 'S1': 6}
2026-03-02 19:30:41,297 - INFO - Quarterly macro rates computed: 52 quarters
2026-03-02 19:30:41,743 - INFO - Bank chars coverage: 241,519 / 241,519 obs have total_assets
2026-03-02 19:30:41,929 - INFO - DRE cost ratio coverage: personnel=198,537 / 241,519
2026-03-02 19:30:42,126 - INFO - Segment coverage: 230,256 / 241,519 obs have segment
2026-03-02 19:30:42,420 - INFO - COSIF rate coverage: 118,913 / 241,519 obs have COSIF implicit rates
2026-03-02 19:30:43,022 - INFO - Residual Type-4 rate coverage: 99,033 / 241,519 obs
2026-03-02 19:30:43,026 - WARNING - No IP prepaid rates -- median_ip_rate will be NaN
2026-03-02 19:30:44,146 - INFO - Panel complete: 241,519 obs | 1870 conglomerates | 39 quarters | 5 deposit types
2026-03-02 19:31:04,830 - INFO - Panel saved to C:\Users\pedro\OneDrive\Documentos\Yale\Year 3 (2024 - 2025)\Open Finance\Open-Finance\BCB\Egan_et_al_2025_Rep\processed\PANEL_INTERMED\egan_panel_deposits.csv
2026-03-02 19:31:05,025 - INFO - Quarterly macro rates computed: 52 quarters
2026-03-02 19:31:05,084 - INFO - Quarterly macro rates saved to C:\Users\pedro\OneDrive\Documentos\Yale\Year 3 (2024 - 2025)\Open Finance\Open-Finance\BCB\Egan_et_al_2025_Rep\processed\PANEL_INTERMED\quarterly_macro_rates.csv
2026-03-02 19:31:05,590 - INFO - Script completed successfully.
2026-03-02 20:17:48,524 - INFO - ============================================================
2026-03-02 20:17:48,526 - INFO - Starting Egan et al. (2025) Panel Construction
2026-03-02 20:17:48,526 - INFO - ============================================================
2026-03-02 20:17:48,528 - INFO - Loading 39 IF-Data files from C:\Users\pedro\OneDrive\Documentos\Yale\Year 3 (2024 - 2025)\Open Finance\Open-Finance\BCB\IF Data\Prudential Conglomerates
2026-03-02 20:17:49,010 - INFO -   IF_DATA_Values_2016_12.csv: 87000 rows
2026-03-02 20:17:49,499 - INFO -   IF_DATA_Values_2016_3.csv: 89880 rows
2026-03-02 20:17:49,980 - INFO -   IF_DATA_Values_2016_6.csv: 89220 rows
2026-03-02 20:17:50,485 - INFO -   IF_DATA_Values_2016_9.csv: 88260 rows
2026-03-02 20:17:51,087 - INFO -   IF_DATA_Values_2017_12.csv: 83700 rows
2026-03-02 20:17:51,647 - INFO -   IF_DATA_Values_2017_3.csv: 86340 rows
2026-03-02 20:17:52,186 - INFO -   IF_DATA_Values_2017_6.csv: 85500 rows
2026-03-02 20:17:52,712 - INFO -   IF_DATA_Values_2017_9.csv: 84600 rows
2026-03-02 20:17:53,251 - INFO -   IF_DATA_Values_2018_12.csv: 81240 rows
2026-03-02 20:17:53,847 - INFO -   IF_DATA_Values_2018_3.csv: 83460 rows
2026-03-02 20:17:54,364 - INFO -   IF_DATA_Values_2018_6.csv: 82680 rows
2026-03-02 20:17:54,844 - INFO -   IF_DATA_Values_2018_9.csv: 81660 rows
2026-03-02 20:17:55,293 - INFO -   IF_DATA_Values_2019_12.csv: 78240 rows
2026-03-02 20:17:55,795 - INFO -   IF_DATA_Values_2019_3.csv: 80460 rows
2026-03-02 20:17:56,259 - INFO -   IF_DATA_Values_2019_6.csv: 79680 rows
2026-03-02 20:17:56,708 - INFO -   IF_DATA_Values_2019_9.csv: 79080 rows
2026-03-02 20:17:57,142 - INFO -   IF_DATA_Values_2020_12.csv: 79727 rows
2026-03-02 20:17:57,575 - INFO -   IF_DATA_Values_2020_3.csv: 78000 rows
2026-03-02 20:17:58,010 - INFO -   IF_DATA_Values_2020_6.csv: 79056 rows
2026-03-02 20:17:58,629 - INFO -   IF_DATA_Values_2020_9.csv: 79483 rows
2026-03-02 20:17:59,846 - INFO -   IF_DATA_Values_2021_12.csv: 79971 rows
2026-03-02 20:18:00,461 - INFO -   IF_DATA_Values_2021_3.csv: 79788 rows
2026-03-02 20:18:01,057 - INFO -   IF_DATA_Values_2021_6.csv: 80032 rows
2026-03-02 20:18:01,543 - INFO -   IF_DATA_Values_2021_9.csv: 79910 rows
2026-03-02 20:18:02,071 - INFO -   IF_DATA_Values_2022_12.csv: 81984 rows
2026-03-02 20:18:02,556 - INFO -   IF_DATA_Values_2022_3.csv: 80642 rows
2026-03-02 20:18:03,065 - INFO -   IF_DATA_Values_2022_6.csv: 81069 rows
2026-03-02 20:18:03,569 - INFO -   IF_DATA_Values_2022_9.csv: 81374 rows
2026-03-02 20:18:04,082 - INFO -   IF_DATA_Values_2023_12.csv: 82411 rows
2026-03-02 20:18:04,619 - INFO -   IF_DATA_Values_2023_3.csv: 82411 rows
2026-03-02 20:18:05,118 - INFO -   IF_DATA_Values_2023_6.csv: 82838 rows
2026-03-02 20:18:05,618 - INFO -   IF_DATA_Values_2023_9.csv: 40560 rows
2026-03-02 20:18:06,220 - INFO -   IF_DATA_Values_2024_12.csv: 41190 rows
2026-03-02 20:18:06,707 - INFO -   IF_DATA_Values_2024_3.csv: 82899 rows
2026-03-02 20:18:07,316 - INFO -   IF_DATA_Values_2024_6.csv: 81420 rows
2026-03-02 20:18:07,702 - INFO -   IF_DATA_Values_2024_9.csv: 81900 rows
2026-03-02 20:18:09,581 - INFO -   IF_DATA_Values_2025_3.csv: 43904 rows
2026-03-02 20:18:11,202 - INFO -   IF_DATA_Values_2025_6.csv: 44160 rows
2026-03-02 20:18:13,157 - INFO -   IF_DATA_Values_2025_9.csv: 44576 rows
2026-03-02 20:18:23,169 - INFO - Remapped 53,885 rows from 2025+ account codes to canonical pre-2025 codes
2026-03-02 20:18:25,800 - INFO - IF-Data loaded: 3,010,305 rows | 1885 institutions | 39 quarters (201603 - 202509)
2026-03-02 20:18:25,993 - INFO - Macro series loaded from C:\Users\pedro\OneDrive\Documentos\Yale\Year 3 (2024 - 2025)\Open Finance\Open-Finance\BCB\Egan_et_al_2025_Rep\raw\SGS_RAW\macro_series_full.csv (4836 days)
2026-03-02 20:18:25,999 - INFO - Loading conglomerate mapping from 108 List files ...
2026-03-02 20:18:30,717 - INFO - Payment Institutions identified: 158 IPs out of 2876 unique CNPJs
2026-03-02 20:18:30,848 - INFO - Conglomerate mapping loaded: 209,585 CNPJ-month obs | 2876 unique CNPJs | 726 conglomerates + 1145 standalones
2026-03-02 20:18:30,863 - INFO - Loading 29 COSIF processed files ...
2026-03-02 20:18:31,562 - INFO - COSIF loaded: 169,308 rows | 1851 institutions
2026-03-02 20:18:31,747 - INFO - COSIF separation: 145,924 institution-level rows kept, 23,384 pre-aggregated rows excluded (avoid double-counting)
2026-03-02 20:18:32,029 - INFO - Fallback mapping added 1,419 rows for 167 CNPJs outside List date range
2026-03-02 20:18:32,091 - INFO - COSIF-conglomerate merge: 111,367 rows | 458 conglomerates + 1076 standalones
2026-03-02 20:18:32,161 - INFO - IP prepaid aggregation: 2,764 conglÃ—month obs from 117 IP CNPJs in 114 conglomerates
2026-03-02 20:18:32,246 - INFO - IP prepaid rate coverage: 9 / 35,167 conglÃ—quarter obs (zero for pre-2025 months, ~CDI for 2025+ reporters)
2026-03-02 20:18:32,277 - INFO - COSIF conglomerate panel: 35,167 obs | 1516 conglomerates | 51 quarters
2026-03-02 20:18:32,299 - INFO - ==================================================
2026-03-02 20:18:32,299 - INFO - Building Egan et al. (2025) panel ...
2026-03-02 20:18:32,299 - INFO - ==================================================
2026-03-02 20:18:32,299 - INFO - Mapping IF-Data CodInst to prudential conglomerates ...
2026-03-02 20:18:34,740 - INFO - Deposit panel: 241,519 obs | 1870 conglomerates | 5 types
2026-03-02 20:18:34,837 - INFO - Bank chars panel: 53,032 conglomeratexquarter obs from 1870 conglomerates
2026-03-02 20:18:50,878 - INFO - DRE ratios panel: 46,162 obs | 1809 conglomerates | personnel_cost_ratio_lag non-null: 44,106
2026-03-02 20:18:51,046 - INFO - Segment panel: 1,871 entities (726 conglomerate C-codes, 1145 standalone)
2026-03-02 20:18:51,046 - INFO - Segment distribution: {'S5': 1037, 'S4': 438, 'S3': 59, 'S2': 9, 'S1': 6}
2026-03-02 20:18:51,209 - INFO - Quarterly macro rates computed: 52 quarters
2026-03-02 20:18:51,530 - INFO - Bank chars coverage: 241,519 / 241,519 obs have total_assets
2026-03-02 20:18:51,669 - INFO - DRE cost ratio coverage: personnel=198,537 / 241,519
2026-03-02 20:18:51,818 - INFO - Segment coverage: 230,256 / 241,519 obs have segment
2026-03-02 20:18:52,003 - INFO - COSIF rate coverage: 118,913 / 241,519 obs have COSIF implicit rates
2026-03-02 20:18:52,277 - INFO - Residual Type-4 rate coverage: 99,033 / 241,519 obs
2026-03-02 20:18:52,277 - WARNING - No IP prepaid rates -- median_ip_rate will be NaN
2026-03-02 20:18:52,764 - INFO - Panel complete: 241,519 obs | 1870 conglomerates | 39 quarters | 5 deposit types
2026-03-02 20:19:04,218 - INFO - Panel saved to C:\Users\pedro\OneDrive\Documentos\Yale\Year 3 (2024 - 2025)\Open Finance\Open-Finance\BCB\Egan_et_al_2025_Rep\processed\PANEL_INTERMED\egan_panel_deposits.csv
2026-03-02 20:19:04,289 - INFO - Quarterly macro rates computed: 52 quarters
2026-03-02 20:19:04,304 - INFO - Quarterly macro rates saved to C:\Users\pedro\OneDrive\Documentos\Yale\Year 3 (2024 - 2025)\Open Finance\Open-Finance\BCB\Egan_et_al_2025_Rep\processed\PANEL_INTERMED\quarterly_macro_rates.csv
2026-03-02 20:19:04,585 - INFO - Script completed successfully.
2026-03-02 20:29:03,779 - INFO - ============================================================
2026-03-02 20:29:03,795 - INFO - Starting Egan et al. (2025) Panel Construction
2026-03-02 20:29:03,796 - INFO - ============================================================
2026-03-02 20:29:03,797 - INFO - Loading 39 IF-Data files from C:\Users\pedro\OneDrive\Documentos\Yale\Year 3 (2024 - 2025)\Open Finance\Open-Finance\BCB\IF Data\Prudential Conglomerates
2026-03-02 20:29:04,112 - INFO -   IF_DATA_Values_2016_12.csv: 87000 rows
2026-03-02 20:29:04,463 - INFO -   IF_DATA_Values_2016_3.csv: 89880 rows
2026-03-02 20:29:04,828 - INFO -   IF_DATA_Values_2016_6.csv: 89220 rows
2026-03-02 20:29:05,212 - INFO -   IF_DATA_Values_2016_9.csv: 88260 rows
2026-03-02 20:29:05,679 - INFO -   IF_DATA_Values_2017_12.csv: 83700 rows
2026-03-02 20:29:06,179 - INFO -   IF_DATA_Values_2017_3.csv: 86340 rows
2026-03-02 20:29:06,593 - INFO -   IF_DATA_Values_2017_6.csv: 85500 rows
2026-03-02 20:29:07,010 - INFO -   IF_DATA_Values_2017_9.csv: 84600 rows
2026-03-02 20:29:07,393 - INFO -   IF_DATA_Values_2018_12.csv: 81240 rows
2026-03-02 20:29:07,827 - INFO -   IF_DATA_Values_2018_3.csv: 83460 rows
2026-03-02 20:29:08,259 - INFO -   IF_DATA_Values_2018_6.csv: 82680 rows
2026-03-02 20:29:08,698 - INFO -   IF_DATA_Values_2018_9.csv: 81660 rows
2026-03-02 20:29:09,091 - INFO -   IF_DATA_Values_2019_12.csv: 78240 rows
2026-03-02 20:29:09,515 - INFO -   IF_DATA_Values_2019_3.csv: 80460 rows
2026-03-02 20:29:09,953 - INFO -   IF_DATA_Values_2019_6.csv: 79680 rows
2026-03-02 20:29:10,335 - INFO -   IF_DATA_Values_2019_9.csv: 79080 rows
2026-03-02 20:29:10,699 - INFO -   IF_DATA_Values_2020_12.csv: 79727 rows
2026-03-02 20:29:11,040 - INFO -   IF_DATA_Values_2020_3.csv: 78000 rows
2026-03-02 20:29:11,434 - INFO -   IF_DATA_Values_2020_6.csv: 79056 rows
2026-03-02 20:29:11,872 - INFO -   IF_DATA_Values_2020_9.csv: 79483 rows
2026-03-02 20:29:12,271 - INFO -   IF_DATA_Values_2021_12.csv: 79971 rows
2026-03-02 20:29:12,657 - INFO -   IF_DATA_Values_2021_3.csv: 79788 rows
2026-03-02 20:29:13,021 - INFO -   IF_DATA_Values_2021_6.csv: 80032 rows
2026-03-02 20:29:13,387 - INFO -   IF_DATA_Values_2021_9.csv: 79910 rows
2026-03-02 20:29:13,754 - INFO -   IF_DATA_Values_2022_12.csv: 81984 rows
2026-03-02 20:29:14,137 - INFO -   IF_DATA_Values_2022_3.csv: 80642 rows
2026-03-02 20:29:14,480 - INFO -   IF_DATA_Values_2022_6.csv: 81069 rows
2026-03-02 20:29:14,820 - INFO -   IF_DATA_Values_2022_9.csv: 81374 rows
2026-03-02 20:29:15,170 - INFO -   IF_DATA_Values_2023_12.csv: 82411 rows
2026-03-02 20:29:15,553 - INFO -   IF_DATA_Values_2023_3.csv: 82411 rows
2026-03-02 20:29:15,936 - INFO -   IF_DATA_Values_2023_6.csv: 82838 rows
2026-03-02 20:29:16,351 - INFO -   IF_DATA_Values_2023_9.csv: 40560 rows
2026-03-02 20:29:16,747 - INFO -   IF_DATA_Values_2024_12.csv: 41190 rows
2026-03-02 20:29:17,191 - INFO -   IF_DATA_Values_2024_3.csv: 82899 rows
2026-03-02 20:29:17,678 - INFO -   IF_DATA_Values_2024_6.csv: 81420 rows
2026-03-02 20:29:18,100 - INFO -   IF_DATA_Values_2024_9.csv: 81900 rows
2026-03-02 20:29:19,582 - INFO -   IF_DATA_Values_2025_3.csv: 43904 rows
2026-03-02 20:29:21,214 - INFO -   IF_DATA_Values_2025_6.csv: 44160 rows
2026-03-02 20:29:22,863 - INFO -   IF_DATA_Values_2025_9.csv: 44576 rows
2026-03-02 20:29:31,964 - INFO - Remapped 53,885 rows from 2025+ account codes to canonical pre-2025 codes
2026-03-02 20:29:34,077 - INFO - IF-Data loaded: 3,010,305 rows | 1885 institutions | 39 quarters (201603 - 202509)
2026-03-02 20:29:34,203 - INFO - Macro series loaded from C:\Users\pedro\OneDrive\Documentos\Yale\Year 3 (2024 - 2025)\Open Finance\Open-Finance\BCB\Egan_et_al_2025_Rep\raw\SGS_RAW\macro_series_full.csv (4836 days)
2026-03-02 20:29:34,203 - INFO - Loading conglomerate mapping from 108 List files ...
2026-03-02 20:29:38,757 - INFO - Payment Institutions identified: 158 IPs out of 2876 unique CNPJs
2026-03-02 20:29:38,849 - INFO - Conglomerate mapping loaded: 209,585 CNPJ-month obs | 2876 unique CNPJs | 726 conglomerates + 1145 standalones
2026-03-02 20:29:38,863 - INFO - Loading 29 COSIF processed files ...
2026-03-02 20:29:39,381 - INFO - COSIF loaded: 169,308 rows | 1851 institutions
2026-03-02 20:29:39,548 - INFO - COSIF separation: 145,924 institution-level rows kept, 23,384 pre-aggregated rows excluded (avoid double-counting)
2026-03-02 20:29:39,781 - INFO - Fallback mapping added 1,419 rows for 167 CNPJs outside List date range
2026-03-02 20:29:39,846 - INFO - COSIF-conglomerate merge: 111,367 rows | 458 conglomerates + 1076 standalones
2026-03-02 20:29:39,898 - INFO - IP prepaid aggregation: 2,764 conglÃ—month obs from 117 IP CNPJs in 114 conglomerates
2026-03-02 20:29:39,998 - INFO - IP prepaid rate coverage: 9 / 35,167 conglÃ—quarter obs (zero for pre-2025 months, ~CDI for 2025+ reporters)
2026-03-02 20:29:40,014 - INFO - COSIF conglomerate panel: 35,167 obs | 1516 conglomerates | 51 quarters
2026-03-02 20:29:40,048 - INFO - ==================================================
2026-03-02 20:29:40,048 - INFO - Building Egan et al. (2025) panel ...
2026-03-02 20:29:40,051 - INFO - ==================================================
2026-03-02 20:29:40,051 - INFO - Mapping IF-Data CodInst to prudential conglomerates ...
2026-03-02 20:29:42,396 - INFO - Deposit panel: 241,519 obs | 1870 conglomerates | 5 types
2026-03-02 20:29:42,495 - INFO - Bank chars panel: 53,032 conglomeratexquarter obs from 1870 conglomerates
2026-03-02 20:29:58,332 - INFO - DRE ratios panel: 46,162 obs | 1809 conglomerates | personnel_cost_ratio_lag non-null: 44,106
2026-03-02 20:29:58,568 - INFO - Segment panel: 1,871 entities (726 conglomerate C-codes, 1145 standalone)
2026-03-02 20:29:58,568 - INFO - Segment distribution: {'S5': 1037, 'S4': 438, 'S3': 59, 'S2': 9, 'S1': 6}
2026-03-02 20:29:58,677 - INFO - Quarterly macro rates computed: 52 quarters
2026-03-02 20:29:58,923 - INFO - Bank chars coverage: 241,519 / 241,519 obs have total_assets
2026-03-02 20:29:59,006 - INFO - DRE cost ratio coverage: personnel=198,537 / 241,519
2026-03-02 20:29:59,111 - INFO - Segment coverage: 230,256 / 241,519 obs have segment
2026-03-02 20:29:59,286 - INFO - COSIF rate coverage: 118,913 / 241,519 obs have COSIF implicit rates
2026-03-02 20:29:59,801 - INFO - Residual Type-4 rate coverage: 99,033 / 241,519 obs
2026-03-02 20:29:59,805 - WARNING - No IP prepaid rates -- median_ip_rate will be NaN
2026-03-02 20:30:00,978 - INFO - Panel complete: 241,519 obs | 1870 conglomerates | 39 quarters | 5 deposit types
2026-03-02 20:30:11,577 - INFO - Panel saved to C:\Users\pedro\OneDrive\Documentos\Yale\Year 3 (2024 - 2025)\Open Finance\Open-Finance\BCB\Egan_et_al_2025_Rep\processed\PANEL_INTERMED\egan_panel_deposits.csv
2026-03-02 20:30:11,648 - INFO - Quarterly macro rates computed: 52 quarters
2026-03-02 20:30:11,655 - INFO - Quarterly macro rates saved to C:\Users\pedro\OneDrive\Documentos\Yale\Year 3 (2024 - 2025)\Open Finance\Open-Finance\BCB\Egan_et_al_2025_Rep\processed\PANEL_INTERMED\quarterly_macro_rates.csv
2026-03-02 20:30:11,878 - INFO - Script completed successfully.
2026-03-02 20:39:00,389 - INFO - ============================================================
2026-03-02 20:39:00,389 - INFO - Starting Egan et al. (2025) Panel Construction
2026-03-02 20:39:00,389 - INFO - ============================================================
2026-03-02 20:39:00,389 - INFO - Loading 39 IF-Data files from C:\Users\pedro\OneDrive\Documentos\Yale\Year 3 (2024 - 2025)\Open Finance\Open-Finance\BCB\IF Data\Prudential Conglomerates
2026-03-02 20:39:00,977 - INFO -   IF_DATA_Values_2016_12.csv: 87000 rows
2026-03-02 20:39:01,664 - INFO -   IF_DATA_Values_2016_3.csv: 89880 rows
2026-03-02 20:39:02,392 - INFO -   IF_DATA_Values_2016_6.csv: 89220 rows
2026-03-02 20:39:02,967 - INFO -   IF_DATA_Values_2016_9.csv: 88260 rows
2026-03-02 20:39:03,436 - INFO -   IF_DATA_Values_2017_12.csv: 83700 rows
2026-03-02 20:39:03,978 - INFO -   IF_DATA_Values_2017_3.csv: 86340 rows
2026-03-02 20:39:04,546 - INFO -   IF_DATA_Values_2017_6.csv: 85500 rows
2026-03-02 20:39:05,665 - INFO -   IF_DATA_Values_2017_9.csv: 84600 rows
2026-03-02 20:39:06,144 - INFO -   IF_DATA_Values_2018_12.csv: 81240 rows
2026-03-02 20:39:06,514 - INFO -   IF_DATA_Values_2018_3.csv: 83460 rows
2026-03-02 20:39:06,893 - INFO -   IF_DATA_Values_2018_6.csv: 82680 rows
2026-03-02 20:39:07,232 - INFO -   IF_DATA_Values_2018_9.csv: 81660 rows
2026-03-02 20:39:07,560 - INFO -   IF_DATA_Values_2019_12.csv: 78240 rows
2026-03-02 20:39:07,981 - INFO -   IF_DATA_Values_2019_3.csv: 80460 rows
2026-03-02 20:39:08,298 - INFO -   IF_DATA_Values_2019_6.csv: 79680 rows
2026-03-02 20:39:08,626 - INFO -   IF_DATA_Values_2019_9.csv: 79080 rows
2026-03-02 20:39:08,974 - INFO -   IF_DATA_Values_2020_12.csv: 79727 rows
2026-03-02 20:39:09,332 - INFO -   IF_DATA_Values_2020_3.csv: 78000 rows
2026-03-02 20:39:09,707 - INFO -   IF_DATA_Values_2020_6.csv: 79056 rows
2026-03-02 20:39:10,127 - INFO -   IF_DATA_Values_2020_9.csv: 79483 rows
2026-03-02 20:39:10,543 - INFO -   IF_DATA_Values_2021_12.csv: 79971 rows
2026-03-02 20:39:10,918 - INFO -   IF_DATA_Values_2021_3.csv: 79788 rows
2026-03-02 20:39:11,273 - INFO -   IF_DATA_Values_2021_6.csv: 80032 rows
2026-03-02 20:39:11,618 - INFO -   IF_DATA_Values_2021_9.csv: 79910 rows
2026-03-02 20:39:11,980 - INFO -   IF_DATA_Values_2022_12.csv: 81984 rows
2026-03-02 20:39:12,371 - INFO -   IF_DATA_Values_2022_3.csv: 80642 rows
2026-03-02 20:39:12,774 - INFO -   IF_DATA_Values_2022_6.csv: 81069 rows
2026-03-02 20:39:13,172 - INFO -   IF_DATA_Values_2022_9.csv: 81374 rows
2026-03-02 20:39:13,563 - INFO -   IF_DATA_Values_2023_12.csv: 82411 rows
2026-03-02 20:39:13,969 - INFO -   IF_DATA_Values_2023_3.csv: 82411 rows
2026-03-02 20:39:14,389 - INFO -   IF_DATA_Values_2023_6.csv: 82838 rows
2026-03-02 20:39:14,956 - INFO -   IF_DATA_Values_2023_9.csv: 40560 rows
2026-03-02 20:39:15,416 - INFO -   IF_DATA_Values_2024_12.csv: 41190 rows
2026-03-02 20:39:15,881 - INFO -   IF_DATA_Values_2024_3.csv: 82899 rows
2026-03-02 20:39:16,352 - INFO -   IF_DATA_Values_2024_6.csv: 81420 rows
2026-03-02 20:39:16,748 - INFO -   IF_DATA_Values_2024_9.csv: 81900 rows
2026-03-02 20:39:18,199 - INFO -   IF_DATA_Values_2025_3.csv: 43904 rows
2026-03-02 20:39:19,750 - INFO -   IF_DATA_Values_2025_6.csv: 44160 rows
2026-03-02 20:39:21,317 - INFO -   IF_DATA_Values_2025_9.csv: 44576 rows
2026-03-02 20:39:29,966 - INFO - Remapped 53,885 rows from 2025+ account codes to canonical pre-2025 codes
2026-03-02 20:39:32,034 - INFO - IF-Data loaded: 3,010,305 rows | 1885 institutions | 39 quarters (201603 - 202509)
2026-03-02 20:39:32,176 - INFO - Macro series loaded from C:\Users\pedro\OneDrive\Documentos\Yale\Year 3 (2024 - 2025)\Open Finance\Open-Finance\BCB\Egan_et_al_2025_Rep\raw\SGS_RAW\macro_series_full.csv (4836 days)
2026-03-02 20:39:32,176 - INFO - Loading conglomerate mapping from 108 List files ...
2026-03-02 20:39:36,981 - INFO - Payment Institutions identified: 158 IPs out of 2876 unique CNPJs
2026-03-02 20:39:37,092 - INFO - Conglomerate mapping loaded: 209,585 CNPJ-month obs | 2876 unique CNPJs | 726 conglomerates + 1145 standalones
2026-03-02 20:39:37,124 - INFO - Loading 29 COSIF processed files ...
2026-03-02 20:39:37,668 - INFO - COSIF loaded: 169,308 rows | 1851 institutions
2026-03-02 20:39:37,800 - INFO - COSIF separation: 145,924 institution-level rows kept, 23,384 pre-aggregated rows excluded (avoid double-counting)
2026-03-02 20:39:38,016 - INFO - Fallback mapping added 1,419 rows for 167 CNPJs outside List date range
2026-03-02 20:39:38,069 - INFO - COSIF-conglomerate merge: 111,367 rows | 458 conglomerates + 1076 standalones
2026-03-02 20:39:38,151 - INFO - IP prepaid aggregation: 2,764 conglÃ—month obs from 117 IP CNPJs in 114 conglomerates
2026-03-02 20:39:38,247 - INFO - IP prepaid rate coverage: 9 / 35,167 conglÃ—quarter obs (zero for pre-2025 months, ~CDI for 2025+ reporters)
2026-03-02 20:39:38,253 - INFO - COSIF conglomerate panel: 35,167 obs | 1516 conglomerates | 51 quarters
2026-03-02 20:39:38,285 - INFO - ==================================================
2026-03-02 20:39:38,285 - INFO - Building Egan et al. (2025) panel ...
2026-03-02 20:39:38,285 - INFO - ==================================================
2026-03-02 20:39:38,285 - INFO - Mapping IF-Data CodInst to prudential conglomerates ...
2026-03-02 20:39:40,658 - INFO - Deposit panel: 241,519 obs | 1870 conglomerates | 5 types
2026-03-02 20:39:40,817 - INFO - Bank chars panel: 53,032 conglomeratexquarter obs from 1870 conglomerates
2026-03-02 20:39:56,580 - INFO - DRE ratios panel: 46,162 obs | 1809 conglomerates | personnel_cost_ratio_lag non-null: 44,106
2026-03-02 20:39:56,707 - INFO - Segment panel: 1,871 entities (726 conglomerate C-codes, 1145 standalone)
2026-03-02 20:39:56,707 - INFO - Segment distribution: {'S5': 1037, 'S4': 438, 'S3': 59, 'S2': 9, 'S1': 6}
2026-03-02 20:39:56,803 - INFO - Quarterly macro rates computed: 52 quarters
2026-03-02 20:39:57,136 - INFO - Bank chars coverage: 241,519 / 241,519 obs have total_assets
2026-03-02 20:39:57,247 - INFO - DRE cost ratio coverage: personnel=198,537 / 241,519
2026-03-02 20:39:57,384 - INFO - Segment coverage: 230,256 / 241,519 obs have segment
2026-03-02 20:39:57,663 - INFO - COSIF rate coverage: 118,913 / 241,519 obs have COSIF implicit rates
2026-03-02 20:39:58,219 - INFO - Residual Type-4 rate coverage: 99,033 / 241,519 obs
2026-03-02 20:39:58,219 - WARNING - No IP prepaid rates -- median_ip_rate will be NaN
2026-03-02 20:39:58,816 - INFO - Panel complete: 241,519 obs | 1870 conglomerates | 39 quarters | 5 deposit types
2026-03-02 20:40:09,960 - INFO - Panel saved to C:\Users\pedro\OneDrive\Documentos\Yale\Year 3 (2024 - 2025)\Open Finance\Open-Finance\BCB\Egan_et_al_2025_Rep\processed\PANEL_INTERMED\egan_panel_deposits.csv
2026-03-02 20:40:10,052 - INFO - Quarterly macro rates computed: 52 quarters
2026-03-02 20:40:10,060 - INFO - Quarterly macro rates saved to C:\Users\pedro\OneDrive\Documentos\Yale\Year 3 (2024 - 2025)\Open Finance\Open-Finance\BCB\Egan_et_al_2025_Rep\processed\PANEL_INTERMED\quarterly_macro_rates.csv
2026-03-02 20:40:10,285 - INFO - Script completed successfully.
2026-03-02 20:48:51,178 - INFO - ============================================================
2026-03-02 20:48:51,181 - INFO - Starting Egan et al. (2025) Panel Construction
2026-03-02 20:48:51,184 - INFO - ============================================================
2026-03-02 20:48:51,189 - INFO - Loading 39 IF-Data files from c:\Users\pedro\OneDrive\Documentos\Yale\Year 3 (2024 - 2025)\Open Finance\Open-Finance\BCB\IF Data\Prudential Conglomerates
2026-03-02 20:48:52,255 - INFO -   IF_DATA_Values_2016_12.csv: 87000 rows
2026-03-02 20:48:53,254 - INFO -   IF_DATA_Values_2016_3.csv: 89880 rows
2026-03-02 20:48:54,268 - INFO -   IF_DATA_Values_2016_6.csv: 89220 rows
2026-03-02 20:48:55,291 - INFO -   IF_DATA_Values_2016_9.csv: 88260 rows
2026-03-02 20:48:56,249 - INFO -   IF_DATA_Values_2017_12.csv: 83700 rows
2026-03-02 20:48:57,235 - INFO -   IF_DATA_Values_2017_3.csv: 86340 rows
2026-03-02 20:48:58,292 - INFO -   IF_DATA_Values_2017_6.csv: 85500 rows
2026-03-02 20:48:59,466 - INFO -   IF_DATA_Values_2017_9.csv: 84600 rows
2026-03-02 20:49:00,419 - INFO -   IF_DATA_Values_2018_12.csv: 81240 rows
2026-03-02 20:49:01,516 - INFO -   IF_DATA_Values_2018_3.csv: 83460 rows
2026-03-02 20:49:02,660 - INFO -   IF_DATA_Values_2018_6.csv: 82680 rows
2026-03-02 20:49:03,612 - INFO -   IF_DATA_Values_2018_9.csv: 81660 rows
2026-03-02 20:49:04,418 - INFO -   IF_DATA_Values_2019_12.csv: 78240 rows
2026-03-02 20:49:05,156 - INFO -   IF_DATA_Values_2019_3.csv: 80460 rows
2026-03-02 20:49:05,867 - INFO -   IF_DATA_Values_2019_6.csv: 79680 rows
2026-03-02 20:49:06,724 - INFO -   IF_DATA_Values_2019_9.csv: 79080 rows
2026-03-02 20:49:07,473 - INFO -   IF_DATA_Values_2020_12.csv: 79727 rows
2026-03-02 20:49:08,272 - INFO -   IF_DATA_Values_2020_3.csv: 78000 rows
2026-03-02 20:49:08,877 - INFO -   IF_DATA_Values_2020_6.csv: 79056 rows
2026-03-02 20:49:09,707 - INFO -   IF_DATA_Values_2020_9.csv: 79483 rows
2026-03-02 20:49:10,579 - INFO -   IF_DATA_Values_2021_12.csv: 79971 rows
2026-03-02 20:49:11,514 - INFO -   IF_DATA_Values_2021_3.csv: 79788 rows
2026-03-02 20:49:12,129 - INFO -   IF_DATA_Values_2021_6.csv: 80032 rows
2026-03-02 20:49:12,664 - INFO -   IF_DATA_Values_2021_9.csv: 79910 rows
2026-03-02 20:49:13,334 - INFO -   IF_DATA_Values_2022_12.csv: 81984 rows
2026-03-02 20:49:14,119 - INFO -   IF_DATA_Values_2022_3.csv: 80642 rows
2026-03-02 20:49:14,851 - INFO -   IF_DATA_Values_2022_6.csv: 81069 rows
2026-03-02 20:49:15,482 - INFO -   IF_DATA_Values_2022_9.csv: 81374 rows
2026-03-02 20:49:16,193 - INFO -   IF_DATA_Values_2023_12.csv: 82411 rows
2026-03-02 20:49:16,936 - INFO -   IF_DATA_Values_2023_3.csv: 82411 rows
2026-03-02 20:49:17,469 - INFO -   IF_DATA_Values_2023_6.csv: 82838 rows
2026-03-02 20:49:18,044 - INFO -   IF_DATA_Values_2023_9.csv: 40560 rows
2026-03-02 20:49:18,662 - INFO -   IF_DATA_Values_2024_12.csv: 41190 rows
2026-03-02 20:49:19,202 - INFO -   IF_DATA_Values_2024_3.csv: 82899 rows
2026-03-02 20:49:19,801 - INFO -   IF_DATA_Values_2024_6.csv: 81420 rows
2026-03-02 20:49:20,511 - INFO -   IF_DATA_Values_2024_9.csv: 81900 rows
2026-03-02 20:49:22,431 - INFO -   IF_DATA_Values_2025_3.csv: 43904 rows
2026-03-02 20:49:24,548 - INFO -   IF_DATA_Values_2025_6.csv: 44160 rows
2026-03-02 20:49:26,853 - INFO -   IF_DATA_Values_2025_9.csv: 44576 rows
2026-03-02 20:49:39,791 - INFO - Remapped 53,885 rows from 2025+ account codes to canonical pre-2025 codes
2026-03-02 20:49:41,696 - INFO - IF-Data loaded: 3,010,305 rows | 1885 institutions | 39 quarters (201603 - 202509)
2026-03-02 20:49:41,821 - INFO - Macro series loaded from c:\Users\pedro\OneDrive\Documentos\Yale\Year 3 (2024 - 2025)\Open Finance\Open-Finance\BCB\Egan_et_al_2025_Rep\raw\SGS_RAW\macro_series_full.csv (4836 days)
2026-03-02 20:49:41,825 - INFO - Loading conglomerate mapping from 108 List files ...
2026-03-02 20:49:51,530 - INFO - Payment Institutions identified: 158 IPs out of 2876 unique CNPJs
2026-03-02 20:49:51,796 - INFO - Conglomerate mapping loaded: 209,585 CNPJ-month obs | 2876 unique CNPJs | 726 conglomerates + 1145 standalones
2026-03-02 20:49:51,825 - INFO - Loading 29 COSIF processed files ...
2026-03-02 20:49:53,014 - INFO - COSIF loaded: 169,308 rows | 1851 institutions
2026-03-02 20:49:53,327 - INFO - COSIF separation: 145,924 institution-level rows kept, 23,384 pre-aggregated rows excluded (avoid double-counting)
2026-03-02 20:49:54,205 - INFO - Fallback mapping added 1,419 rows for 167 CNPJs outside List date range
2026-03-02 20:49:54,357 - INFO - COSIF-conglomerate merge: 111,367 rows | 458 conglomerates + 1076 standalones
2026-03-02 20:49:54,533 - INFO - IP prepaid aggregation: 2,764 conglÃ—month obs from 117 IP CNPJs in 114 conglomerates
2026-03-02 20:49:54,678 - INFO - IP prepaid rate coverage: 9 / 35,167 conglÃ—quarter obs (zero for pre-2025 months, ~CDI for 2025+ reporters)
2026-03-02 20:49:54,704 - INFO - COSIF conglomerate panel: 35,167 obs | 1516 conglomerates | 51 quarters
2026-03-02 20:49:54,752 - INFO - ==================================================
2026-03-02 20:49:54,754 - INFO - Building Egan et al. (2025) panel ...
2026-03-02 20:49:54,755 - INFO - ==================================================
2026-03-02 20:49:54,757 - INFO - Mapping IF-Data CodInst to prudential conglomerates ...
2026-03-02 20:49:58,784 - INFO - Deposit panel: 241,519 obs | 1870 conglomerates | 5 types
2026-03-02 20:49:58,934 - INFO - Bank chars panel: 53,032 conglomeratexquarter obs from 1870 conglomerates
2026-03-02 20:50:26,075 - INFO - DRE ratios panel: 46,162 obs | 1809 conglomerates | personnel_cost_ratio_lag non-null: 44,106
2026-03-02 20:50:26,211 - INFO - Segment panel: 1,871 entities (726 conglomerate C-codes, 1145 standalone)
2026-03-02 20:50:26,218 - INFO - Segment distribution: {'S5': 1037, 'S4': 438, 'S3': 59, 'S2': 9, 'S1': 6}
2026-03-02 20:50:26,324 - INFO - Quarterly macro rates computed: 52 quarters
2026-03-02 20:50:26,664 - INFO - Bank chars coverage: 241,519 / 241,519 obs have total_assets
2026-03-02 20:50:26,776 - INFO - DRE cost ratio coverage: personnel=198,537 / 241,519
2026-03-02 20:50:26,927 - INFO - Segment coverage: 230,256 / 241,519 obs have segment
2026-03-02 20:50:27,165 - INFO - COSIF rate coverage: 118,913 / 241,519 obs have COSIF implicit rates
2026-03-02 20:50:27,570 - INFO - Residual Type-4 rate coverage: 99,033 / 241,519 obs
2026-03-02 20:50:27,573 - WARNING - No IP prepaid rates -- median_ip_rate will be NaN
2026-03-02 20:50:28,245 - INFO - Panel complete: 241,519 obs | 1870 conglomerates | 39 quarters | 5 deposit types
2026-03-02 20:50:40,484 - INFO - Panel saved to c:\Users\pedro\OneDrive\Documentos\Yale\Year 3 (2024 - 2025)\Open Finance\Open-Finance\BCB\Egan_et_al_2025_Rep\processed\PANEL_INTERMED\egan_panel_deposits.csv
2026-03-02 20:50:40,596 - INFO - Quarterly macro rates computed: 52 quarters
2026-03-02 20:50:40,605 - INFO - Quarterly macro rates saved to c:\Users\pedro\OneDrive\Documentos\Yale\Year 3 (2024 - 2025)\Open Finance\Open-Finance\BCB\Egan_et_al_2025_Rep\processed\PANEL_INTERMED\quarterly_macro_rates.csv
2026-03-02 20:50:40,918 - INFO - Script completed successfully.
2026-03-03 09:28:50,558 - INFO - ============================================================
2026-03-03 09:28:50,564 - INFO - Starting Egan et al. (2025) Panel Construction
2026-03-03 09:28:50,564 - INFO - ============================================================
2026-03-03 09:28:50,569 - INFO - Loading 39 IF-Data files from c:\Users\pedro\OneDrive\Documentos\Yale\Year 3 (2024 - 2025)\Open Finance\Open-Finance\BCB\IF Data\Prudential Conglomerates
2026-03-03 09:28:51,004 - INFO -   IF_DATA_Values_2016_12.csv: 87000 rows
2026-03-03 09:28:52,076 - INFO -   IF_DATA_Values_2016_3.csv: 89880 rows
2026-03-03 09:28:53,257 - INFO -   IF_DATA_Values_2016_6.csv: 89220 rows
2026-03-03 09:28:54,327 - INFO -   IF_DATA_Values_2016_9.csv: 88260 rows
2026-03-03 09:28:55,465 - INFO -   IF_DATA_Values_2017_12.csv: 83700 rows
2026-03-03 09:28:56,642 - INFO -   IF_DATA_Values_2017_3.csv: 86340 rows
2026-03-03 09:28:57,800 - INFO -   IF_DATA_Values_2017_6.csv: 85500 rows
2026-03-03 09:28:58,885 - INFO -   IF_DATA_Values_2017_9.csv: 84600 rows
2026-03-03 09:28:59,937 - INFO -   IF_DATA_Values_2018_12.csv: 81240 rows
2026-03-03 09:29:01,030 - INFO -   IF_DATA_Values_2018_3.csv: 83460 rows
2026-03-03 09:29:02,127 - INFO -   IF_DATA_Values_2018_6.csv: 82680 rows
2026-03-03 09:29:03,201 - INFO -   IF_DATA_Values_2018_9.csv: 81660 rows
2026-03-03 09:29:04,225 - INFO -   IF_DATA_Values_2019_12.csv: 78240 rows
2026-03-03 09:29:05,216 - INFO -   IF_DATA_Values_2019_3.csv: 80460 rows
2026-03-03 09:29:06,246 - INFO -   IF_DATA_Values_2019_6.csv: 79680 rows
2026-03-03 09:29:07,324 - INFO -   IF_DATA_Values_2019_9.csv: 79080 rows
2026-03-03 09:29:08,318 - INFO -   IF_DATA_Values_2020_12.csv: 79727 rows
2026-03-03 09:29:08,785 - INFO -   IF_DATA_Values_2020_3.csv: 78000 rows
2026-03-03 09:29:09,133 - INFO -   IF_DATA_Values_2020_6.csv: 79056 rows
2026-03-03 09:29:09,529 - INFO -   IF_DATA_Values_2020_9.csv: 79483 rows
2026-03-03 09:29:09,895 - INFO -   IF_DATA_Values_2021_12.csv: 79971 rows
2026-03-03 09:29:10,275 - INFO -   IF_DATA_Values_2021_3.csv: 79788 rows
2026-03-03 09:29:10,623 - INFO -   IF_DATA_Values_2021_6.csv: 80032 rows
2026-03-03 09:29:10,938 - INFO -   IF_DATA_Values_2021_9.csv: 79910 rows
2026-03-03 09:29:11,380 - INFO -   IF_DATA_Values_2022_12.csv: 81984 rows
2026-03-03 09:29:11,702 - INFO -   IF_DATA_Values_2022_3.csv: 80642 rows
2026-03-03 09:29:12,051 - INFO -   IF_DATA_Values_2022_6.csv: 81069 rows
2026-03-03 09:29:12,416 - INFO -   IF_DATA_Values_2022_9.csv: 81374 rows
2026-03-03 09:29:12,842 - INFO -   IF_DATA_Values_2023_12.csv: 82411 rows
2026-03-03 09:29:13,194 - INFO -   IF_DATA_Values_2023_3.csv: 82411 rows
2026-03-03 09:29:13,505 - INFO -   IF_DATA_Values_2023_6.csv: 82838 rows
2026-03-03 09:29:13,918 - INFO -   IF_DATA_Values_2023_9.csv: 40560 rows
2026-03-03 09:29:14,284 - INFO -   IF_DATA_Values_2024_12.csv: 41190 rows
2026-03-03 09:29:14,662 - INFO -   IF_DATA_Values_2024_3.csv: 82899 rows
2026-03-03 09:29:14,976 - INFO -   IF_DATA_Values_2024_6.csv: 81420 rows
2026-03-03 09:29:15,415 - INFO -   IF_DATA_Values_2024_9.csv: 81900 rows
2026-03-03 09:29:16,849 - INFO -   IF_DATA_Values_2025_3.csv: 43904 rows
2026-03-03 09:29:18,261 - INFO -   IF_DATA_Values_2025_6.csv: 44160 rows
2026-03-03 09:29:19,954 - INFO -   IF_DATA_Values_2025_9.csv: 44576 rows
2026-03-03 09:29:29,966 - INFO - Remapped 53,885 rows from 2025+ account codes to canonical pre-2025 codes
2026-03-03 09:29:32,104 - INFO - IF-Data loaded: 3,010,305 rows | 1885 institutions | 39 quarters (201603 - 202509)
2026-03-03 09:29:32,268 - INFO - Macro series loaded from c:\Users\pedro\OneDrive\Documentos\Yale\Year 3 (2024 - 2025)\Open Finance\Open-Finance\BCB\Egan_et_al_2025_Rep\raw\SGS_RAW\macro_series_full.csv (4836 days)
2026-03-03 09:29:32,277 - INFO - Loading conglomerate mapping from 108 List files ...
2026-03-03 09:29:46,520 - INFO - Payment Institutions identified: 158 IPs out of 2876 unique CNPJs
2026-03-03 09:29:47,604 - INFO - Conglomerate mapping loaded: 209,585 CNPJ-month obs | 2876 unique CNPJs | 726 conglomerates + 1145 standalones
2026-03-03 09:29:47,688 - INFO - Loading 29 COSIF processed files ...
2026-03-03 09:29:52,636 - INFO - COSIF loaded: 169,308 rows | 1851 institutions
2026-03-03 09:29:53,328 - INFO - COSIF separation: 145,924 institution-level rows kept, 23,384 pre-aggregated rows excluded (avoid double-counting)
2026-03-03 09:29:54,358 - INFO - Fallback mapping added 1,419 rows for 167 CNPJs outside List date range
2026-03-03 09:29:54,618 - INFO - COSIF-conglomerate merge: 111,367 rows | 458 conglomerates + 1076 standalones
2026-03-03 09:29:54,873 - INFO - IP prepaid aggregation: 2,764 conglÃ—month obs from 117 IP CNPJs in 114 conglomerates
2026-03-03 09:29:55,182 - INFO - IP prepaid rate coverage: 9 / 35,167 conglÃ—quarter obs (zero for pre-2025 months, ~CDI for 2025+ reporters)
2026-03-03 09:29:55,247 - INFO - COSIF conglomerate panel: 35,167 obs | 1516 conglomerates | 51 quarters
2026-03-03 09:29:55,315 - INFO - ==================================================
2026-03-03 09:29:55,317 - INFO - Building Egan et al. (2025) panel ...
2026-03-03 09:29:55,319 - INFO - ==================================================
2026-03-03 09:29:55,320 - INFO - Mapping IF-Data CodInst to prudential conglomerates ...
2026-03-03 09:30:04,601 - INFO - Deposit panel: 241,519 obs | 1870 conglomerates | 5 types
2026-03-03 09:30:04,980 - INFO - Bank chars panel: 53,032 conglomeratexquarter obs from 1870 conglomerates
2026-03-03 09:31:42,549 - INFO - DRE ratios panel: 46,162 obs | 1809 conglomerates | personnel_cost_ratio_lag non-null: 44,106
2026-03-03 09:31:42,885 - INFO - Segment panel: 1,871 entities (726 conglomerate C-codes, 1145 standalone)
2026-03-03 09:31:42,895 - INFO - Segment distribution: {'S5': 1037, 'S4': 438, 'S3': 59, 'S2': 9, 'S1': 6}
2026-03-03 09:31:43,203 - INFO - Quarterly macro rates computed: 52 quarters
2026-03-03 09:31:44,005 - INFO - Bank chars coverage: 241,519 / 241,519 obs have total_assets
2026-03-03 09:31:44,261 - INFO - DRE cost ratio coverage: personnel=198,537 / 241,519
2026-03-03 09:31:44,633 - INFO - Segment coverage: 230,256 / 241,519 obs have segment
2026-03-03 09:31:45,272 - INFO - COSIF rate coverage: 118,913 / 241,519 obs have COSIF implicit rates
2026-03-03 09:31:46,481 - INFO - Residual Type-4 rate coverage: 99,033 / 241,519 obs
2026-03-03 09:31:46,495 - WARNING - No IP prepaid rates -- median_ip_rate will be NaN
2026-03-03 09:31:48,689 - INFO - Panel complete: 241,519 obs | 1870 conglomerates | 39 quarters | 5 deposit types
2026-03-03 09:32:22,748 - INFO - Panel saved to c:\Users\pedro\OneDrive\Documentos\Yale\Year 3 (2024 - 2025)\Open Finance\Open-Finance\BCB\Egan_et_al_2025_Rep\processed\PANEL_INTERMED\egan_panel_deposits.csv
2026-03-03 09:32:23,035 - INFO - Quarterly macro rates computed: 52 quarters
2026-03-03 09:32:23,058 - INFO - Quarterly macro rates saved to c:\Users\pedro\OneDrive\Documentos\Yale\Year 3 (2024 - 2025)\Open Finance\Open-Finance\BCB\Egan_et_al_2025_Rep\processed\PANEL_INTERMED\quarterly_macro_rates.csv
2026-03-03 09:32:23,702 - INFO - Script completed successfully.
2026-03-17 17:08:08,097 - INFO - Loading conglomerate mapping from 40 List files ...
2026-03-17 17:08:10,320 - INFO - Payment Institutions identified: 197 IPs out of 2943 unique CNPJs
2026-03-17 17:08:10,331 - INFO - Conglomerate mapping loaded: 76,826 CNPJ-month obs | 2943 unique CNPJs | 765 conglomerates + 1132 standalones
2026-03-17 17:08:10,335 - INFO - Loading 29 COSIF processed files ...
2026-03-17 17:08:11,415 - INFO - COSIF loaded: 169,308 rows | 1851 institutions
2026-03-17 17:08:11,682 - INFO - COSIF separation: 145,924 institution-level rows kept, 23,384 pre-aggregated rows excluded (avoid double-counting)
2026-03-17 17:08:11,939 - INFO - Fallback mapping added 1,336 rows for 144 CNPJs outside List date range
2026-03-17 17:08:11,953 - INFO - COSIF-conglomerate merge: 41,461 rows | 481 conglomerates + 1066 standalones
2026-03-17 17:08:12,021 - INFO - IP prepaid aggregation: 1,276 conglÃ—month obs from 133 IP CNPJs in 129 conglomerates
2026-03-17 17:11:33,897 - INFO - Adding rates and spreads to BCB\Panel\deposits_panel.csv...
2026-03-17 17:11:34,841 - INFO - Macro series loaded from C:\Users\pedro\OneDrive\Documentos\Yale\Year 3 (2024 - 2025)\Open Finance\Open-Finance\BCB\Egan_et_al_2025_Rep\raw\SGS_RAW\macro_series_full.csv (4836 days)
2026-03-17 17:11:34,902 - INFO - Quarterly macro rates computed: 52 quarters
2026-03-17 17:11:34,902 - INFO - Loading conglomerate mapping from 40 List files ...
2026-03-17 17:11:37,515 - INFO - Payment Institutions identified: 197 IPs out of 2943 unique CNPJs
2026-03-17 17:11:37,523 - INFO - Conglomerate mapping loaded: 76,826 CNPJ-month obs | 2943 unique CNPJs | 765 conglomerates + 1132 standalones
2026-03-17 17:11:37,523 - INFO - Loading 29 COSIF processed files ...
2026-03-17 17:11:37,892 - INFO - COSIF loaded: 169,308 rows | 1851 institutions
2026-03-17 17:11:38,003 - INFO - COSIF separation: 145,924 institution-level rows kept, 23,384 pre-aggregated rows excluded (avoid double-counting)
2026-03-17 17:11:38,184 - INFO - Fallback mapping added 1,336 rows for 144 CNPJs outside List date range
2026-03-17 17:11:38,199 - INFO - COSIF-conglomerate merge: 41,461 rows | 481 conglomerates + 1066 standalones
2026-03-17 17:11:38,228 - INFO - IP prepaid aggregation: 1,276 conglÃ—month obs from 133 IP CNPJs in 129 conglomerates
2026-03-17 17:11:57,800 - INFO - Adding rates and spreads to BCB\Panel\deposits_panel.csv...
2026-03-17 17:11:59,142 - INFO - Macro series loaded from C:\Users\pedro\OneDrive\Documentos\Yale\Year 3 (2024 - 2025)\Open Finance\Open-Finance\BCB\Egan_et_al_2025_Rep\raw\SGS_RAW\macro_series_full.csv (4836 days)
2026-03-17 17:11:59,300 - INFO - Quarterly macro rates computed: 52 quarters
2026-03-17 17:11:59,305 - INFO - Loading conglomerate mapping from 40 List files ...
2026-03-17 17:12:01,286 - INFO - Payment Institutions identified: 197 IPs out of 2943 unique CNPJs
2026-03-17 17:12:01,292 - INFO - Conglomerate mapping loaded: 76,826 CNPJ-month obs | 2943 unique CNPJs | 765 conglomerates + 1132 standalones
2026-03-17 17:12:01,292 - INFO - Loading 29 COSIF processed files ...
2026-03-17 17:12:01,638 - INFO - COSIF loaded: 169,308 rows | 1851 institutions
2026-03-17 17:12:01,769 - INFO - COSIF separation: 145,924 institution-level rows kept, 23,384 pre-aggregated rows excluded (avoid double-counting)
2026-03-17 17:12:01,966 - INFO - Fallback mapping added 1,336 rows for 144 CNPJs outside List date range
2026-03-17 17:12:01,979 - INFO - COSIF-conglomerate merge: 41,461 rows | 481 conglomerates + 1066 standalones
2026-03-17 17:12:02,039 - INFO - IP prepaid aggregation: 1,276 conglÃ—month obs from 133 IP CNPJs in 129 conglomerates
2026-03-17 17:12:16,580 - INFO - Adding rates and spreads to BCB\Panel\deposits_panel.csv...
2026-03-17 17:12:18,189 - INFO - Macro series loaded from C:\Users\pedro\OneDrive\Documentos\Yale\Year 3 (2024 - 2025)\Open Finance\Open-Finance\BCB\Egan_et_al_2025_Rep\raw\SGS_RAW\macro_series_full.csv (4836 days)
2026-03-17 17:12:18,259 - INFO - Quarterly macro rates computed: 52 quarters
2026-03-17 17:12:18,259 - INFO - Loading conglomerate mapping from 40 List files ...
2026-03-17 17:12:20,263 - INFO - Payment Institutions identified: 197 IPs out of 2943 unique CNPJs
2026-03-17 17:12:20,270 - INFO - Conglomerate mapping loaded: 76,826 CNPJ-month obs | 2943 unique CNPJs | 765 conglomerates + 1132 standalones
2026-03-17 17:12:20,272 - INFO - Loading 29 COSIF processed files ...
2026-03-17 17:12:20,976 - INFO - COSIF loaded: 169,308 rows | 1851 institutions
2026-03-17 17:12:21,205 - INFO - COSIF separation: 145,924 institution-level rows kept, 23,384 pre-aggregated rows excluded (avoid double-counting)
2026-03-17 17:12:21,417 - INFO - Fallback mapping added 1,336 rows for 144 CNPJs outside List date range
2026-03-17 17:12:21,427 - INFO - COSIF-conglomerate merge: 41,461 rows | 481 conglomerates + 1066 standalones
2026-03-17 17:12:21,532 - INFO - IP prepaid aggregation: 1,276 conglÃ—month obs from 133 IP CNPJs in 129 conglomerates
2026-03-17 17:12:21,858 - INFO - IP prepaid rate coverage: 211 / 38,065 conglÃ—quarter obs (zero for pre-2025 months, ~CDI for 2025+ reporters)
2026-03-17 17:12:21,927 - INFO - COSIF conglomerate panel: 38,065 obs | 1544 conglomerates | 51 quarters
2026-03-17 17:12:39,475 - INFO - Adding rates and spreads to BCB\Panel\deposits_panel.csv...
2026-03-17 17:12:40,338 - INFO - Macro series loaded from C:\Users\pedro\OneDrive\Documentos\Yale\Year 3 (2024 - 2025)\Open Finance\Open-Finance\BCB\Egan_et_al_2025_Rep\raw\SGS_RAW\macro_series_full.csv (4836 days)
2026-03-17 17:12:40,397 - INFO - Quarterly macro rates computed: 52 quarters
2026-03-17 17:12:40,398 - INFO - Loading conglomerate mapping from 40 List files ...
2026-03-17 17:12:42,809 - INFO - Payment Institutions identified: 197 IPs out of 2943 unique CNPJs
2026-03-17 17:12:42,822 - INFO - Conglomerate mapping loaded: 76,826 CNPJ-month obs | 2943 unique CNPJs | 765 conglomerates + 1132 standalones
2026-03-17 17:12:42,827 - INFO - Loading 29 COSIF processed files ...
2026-03-17 17:12:43,562 - INFO - COSIF loaded: 169,308 rows | 1851 institutions
2026-03-17 17:12:43,832 - INFO - COSIF separation: 145,924 institution-level rows kept, 23,384 pre-aggregated rows excluded (avoid double-counting)
2026-03-17 17:12:44,081 - INFO - Fallback mapping added 1,336 rows for 144 CNPJs outside List date range
2026-03-17 17:12:44,105 - INFO - COSIF-conglomerate merge: 41,461 rows | 481 conglomerates + 1066 standalones
2026-03-17 17:12:44,211 - INFO - IP prepaid aggregation: 1,276 conglÃ—month obs from 133 IP CNPJs in 129 conglomerates
2026-03-17 17:12:44,391 - INFO - IP prepaid rate coverage: 211 / 38,065 conglÃ—quarter obs (zero for pre-2025 months, ~CDI for 2025+ reporters)
2026-03-17 17:12:44,405 - INFO - COSIF conglomerate panel: 38,065 obs | 1544 conglomerates | 51 quarters
2026-03-17 17:13:07,919 - INFO - Adding rates and spreads to BCB\Panel\deposits_panel.csv...
2026-03-17 17:13:10,070 - INFO - Macro series loaded from C:\Users\pedro\OneDrive\Documentos\Yale\Year 3 (2024 - 2025)\Open Finance\Open-Finance\BCB\Egan_et_al_2025_Rep\raw\SGS_RAW\macro_series_full.csv (4836 days)
2026-03-17 17:13:10,150 - INFO - Quarterly macro rates computed: 52 quarters
2026-03-17 17:13:10,151 - INFO - Loading conglomerate mapping from 40 List files ...
2026-03-17 17:13:12,150 - INFO - Payment Institutions identified: 197 IPs out of 2943 unique CNPJs
2026-03-17 17:13:12,165 - INFO - Conglomerate mapping loaded: 76,826 CNPJ-month obs | 2943 unique CNPJs | 765 conglomerates + 1132 standalones
2026-03-17 17:13:12,175 - INFO - Loading 29 COSIF processed files ...
2026-03-17 17:13:12,862 - INFO - COSIF loaded: 169,308 rows | 1851 institutions
2026-03-17 17:13:12,993 - INFO - COSIF separation: 145,924 institution-level rows kept, 23,384 pre-aggregated rows excluded (avoid double-counting)
2026-03-17 17:13:13,173 - INFO - Fallback mapping added 1,336 rows for 144 CNPJs outside List date range
2026-03-17 17:13:13,189 - INFO - COSIF-conglomerate merge: 41,461 rows | 481 conglomerates + 1066 standalones
2026-03-17 17:13:13,302 - INFO - IP prepaid aggregation: 1,276 conglÃ—month obs from 133 IP CNPJs in 129 conglomerates
2026-03-17 17:13:13,433 - INFO - IP prepaid rate coverage: 211 / 38,065 conglÃ—quarter obs (zero for pre-2025 months, ~CDI for 2025+ reporters)
2026-03-17 17:13:13,469 - INFO - COSIF conglomerate panel: 38,065 obs | 1544 conglomerates | 51 quarters
2026-03-17 17:13:27,690 - INFO - Updated BCB\Panel\deposits_panel.csv with rates and spreads.
2026-03-17 17:51:47,647 - INFO - Adding rates and spreads to C:\Users\pedro\OneDrive\Documentos\Yale\Year 3 (2024 - 2025)\Open Finance\Open-Finance\BCB\Panel\deposits_panel.csv...
2026-03-17 17:51:49,402 - INFO - Macro series loaded from C:\Users\pedro\OneDrive\Documentos\Yale\Year 3 (2024 - 2025)\Open Finance\Open-Finance\BCB\Egan_et_al_2025_Rep\raw\SGS_RAW\macro_series_full.csv (4836 days)
2026-03-17 17:51:49,568 - INFO - Quarterly macro rates computed: 52 quarters
2026-03-17 17:51:49,570 - INFO - Loading conglomerate mapping from 40 List files ...
2026-03-17 17:51:51,473 - INFO - Payment Institutions identified: 197 IPs out of 2943 unique CNPJs
2026-03-17 17:51:51,479 - INFO - Conglomerate mapping loaded: 76,826 CNPJ-month obs | 2943 unique CNPJs | 765 conglomerates + 1132 standalones
2026-03-17 17:51:51,484 - INFO - Loading 29 COSIF processed files ...
2026-03-17 17:51:52,389 - INFO - COSIF loaded: 169,308 rows | 1851 institutions
2026-03-17 17:51:52,579 - INFO - COSIF separation: 145,924 institution-level rows kept, 23,384 pre-aggregated rows excluded (avoid double-counting)
2026-03-17 17:51:52,651 - INFO - Fallback mapping added 1,336 rows for 144 CNPJs outside List date range
2026-03-17 17:51:52,654 - INFO - COSIF-conglomerate merge: 41,461 rows | 481 conglomerates + 1066 standalones
2026-03-17 17:51:52,690 - INFO - IP prepaid aggregation: 1,276 conglÃ—month obs from 133 IP CNPJs in 129 conglomerates
2026-03-17 17:51:52,770 - INFO - IP prepaid rate coverage: 211 / 38,065 conglÃ—quarter obs (zero for pre-2025 months, ~CDI for 2025+ reporters)
2026-03-17 17:51:52,789 - INFO - COSIF conglomerate panel: 38,065 obs | 1544 conglomerates | 51 quarters
2026-03-17 17:52:10,379 - INFO - Updated C:\Users\pedro\OneDrive\Documentos\Yale\Year 3 (2024 - 2025)\Open Finance\Open-Finance\BCB\Panel\deposits_panel.csv with rates and spreads.
2026-03-17 18:04:52,006 - INFO - Adding rates and spreads to C:\Users\pedro\OneDrive\Documentos\Yale\Year 3 (2024 - 2025)\Open Finance\Open-Finance\BCB\Panel\deposits_panel.csv...
2026-03-17 18:04:53,678 - INFO - Macro series loaded from C:\Users\pedro\OneDrive\Documentos\Yale\Year 3 (2024 - 2025)\Open Finance\Open-Finance\BCB\Egan_et_al_2025_Rep\raw\SGS_RAW\macro_series_full.csv (4836 days)
2026-03-17 18:04:54,043 - INFO - Quarterly macro rates computed: 52 quarters
2026-03-17 18:04:54,049 - INFO - Loading conglomerate mapping from 40 List files ...
2026-03-17 18:04:56,005 - INFO - Payment Institutions identified: 197 IPs out of 2943 unique CNPJs
2026-03-17 18:04:56,037 - INFO - Conglomerate mapping loaded: 76,826 CNPJ-month obs | 2943 unique CNPJs | 765 conglomerates + 1132 standalones
2026-03-17 18:04:56,048 - INFO - Loading 29 COSIF processed files ...
2026-03-17 18:04:57,405 - INFO - COSIF loaded: 169,308 rows | 1851 institutions
2026-03-17 18:04:57,645 - INFO - COSIF separation: 145,924 institution-level rows kept, 23,384 pre-aggregated rows excluded (avoid double-counting)
2026-03-17 18:04:57,787 - INFO - Fallback mapping added 1,336 rows for 144 CNPJs outside List date range
2026-03-17 18:04:57,805 - INFO - COSIF-conglomerate merge: 41,461 rows | 481 conglomerates + 1066 standalones
2026-03-17 18:04:57,894 - INFO - IP prepaid aggregation: 1,276 conglÃ—month obs from 133 IP CNPJs in 129 conglomerates
2026-03-17 18:04:58,002 - INFO - IP prepaid rate coverage: 211 / 38,065 conglÃ—quarter obs (zero for pre-2025 months, ~CDI for 2025+ reporters)
2026-03-17 18:04:58,023 - INFO - COSIF conglomerate panel: 38,065 obs | 1544 conglomerates | 51 quarters
2026-03-17 18:05:14,981 - INFO - Updated C:\Users\pedro\OneDrive\Documentos\Yale\Year 3 (2024 - 2025)\Open Finance\Open-Finance\BCB\Panel\deposits_panel.csv with rates and spreads.
2026-03-18 13:58:04,373 - INFO - Adding rates and spreads to c:\Users\pedro\OneDrive\Documentos\Yale\Year 3 (2024 - 2025)\Open Finance\Open-Finance\BCB\Egan_et_al_2025_Rep\processed\deposits_panel.csv...
2026-03-18 13:58:05,106 - INFO - Macro series loaded from c:\Users\pedro\OneDrive\Documentos\Yale\Year 3 (2024 - 2025)\Open Finance\Open-Finance\BCB\Egan_et_al_2025_Rep\raw\SGS_RAW\macro_series_full.csv (4836 days)
2026-03-18 13:58:05,156 - INFO - Quarterly macro rates computed: 52 quarters
2026-03-18 13:58:05,157 - INFO - Loading conglomerate mapping from 40 List files ...
2026-03-18 13:58:06,176 - INFO - Payment Institutions identified: 197 IPs out of 2943 unique CNPJs
2026-03-18 13:58:06,184 - INFO - Conglomerate mapping loaded: 76,826 CNPJ-month obs | 2943 unique CNPJs | 765 conglomerates + 1132 standalones
2026-03-18 13:58:06,188 - INFO - Loading 29 COSIF processed files ...
2026-03-18 13:58:06,565 - INFO - COSIF loaded: 169,308 rows | 1851 institutions
2026-03-18 13:58:06,650 - INFO - COSIF separation: 145,924 institution-level rows kept, 23,384 pre-aggregated rows excluded (avoid double-counting)
2026-03-18 13:58:06,700 - INFO - Fallback mapping added 1,336 rows for 144 CNPJs outside List date range
2026-03-18 13:58:06,702 - INFO - COSIF-conglomerate merge: 41,461 rows | 481 conglomerates + 1066 standalones
2026-03-18 13:58:06,724 - INFO - IP prepaid aggregation: 1,276 conglÃ—month obs from 133 IP CNPJs in 129 conglomerates
2026-03-18 13:58:06,778 - INFO - IP prepaid rate coverage: 211 / 38,065 conglÃ—quarter obs (zero for pre-2025 months, ~CDI for 2025+ reporters)
2026-03-18 13:58:06,789 - INFO - COSIF conglomerate panel: 38,065 obs | 1544 conglomerates | 51 quarters
2026-03-18 13:58:13,877 - INFO - Updated c:\Users\pedro\OneDrive\Documentos\Yale\Year 3 (2024 - 2025)\Open Finance\Open-Finance\BCB\Egan_et_al_2025_Rep\processed\deposits_panel.csv with rates and spreads.
2026-03-18 16:21:05,500 - INFO - Adding rates and spreads to c:\Users\pedro\OneDrive\Documentos\Yale\Year 3 (2024 - 2025)\Open Finance\Open-Finance\BCB\Egan_et_al_2025_Rep\processed\deposits_panel.csv...
2026-03-18 16:21:07,190 - INFO - Macro series loaded from c:\Users\pedro\OneDrive\Documentos\Yale\Year 3 (2024 - 2025)\Open Finance\Open-Finance\BCB\Egan_et_al_2025_Rep\raw\SGS_RAW\macro_series_full.csv (4836 days)
2026-03-18 16:21:07,323 - INFO - Quarterly macro rates computed: 52 quarters
2026-03-18 16:21:07,327 - INFO - Loading conglomerate mapping from 40 List files ...
2026-03-18 16:21:09,768 - INFO - Payment Institutions identified: 197 IPs out of 2943 unique CNPJs
2026-03-18 16:21:09,786 - INFO - Conglomerate mapping loaded: 76,826 CNPJ-month obs | 2943 unique CNPJs | 765 conglomerates + 1132 standalones
2026-03-18 16:21:09,790 - INFO - Loading 29 COSIF processed files ...
2026-03-18 16:21:10,860 - INFO - COSIF loaded: 169,308 rows | 1851 institutions
2026-03-18 16:21:11,044 - INFO - COSIF separation: 145,924 institution-level rows kept, 23,384 pre-aggregated rows excluded (avoid double-counting)
2026-03-18 16:21:11,178 - INFO - Fallback mapping added 1,336 rows for 144 CNPJs outside List date range
2026-03-18 16:21:11,178 - INFO - COSIF-conglomerate merge: 41,461 rows | 481 conglomerates + 1066 standalones
2026-03-18 16:21:11,234 - INFO - IP prepaid aggregation: 1,276 conglÃ—month obs from 133 IP CNPJs in 129 conglomerates
2026-03-18 16:21:11,337 - INFO - IP prepaid rate coverage: 211 / 38,065 conglÃ—quarter obs (zero for pre-2025 months, ~CDI for 2025+ reporters)
2026-03-18 16:21:11,350 - INFO - COSIF conglomerate panel: 38,065 obs | 1544 conglomerates | 51 quarters
2026-03-18 16:21:25,843 - INFO - Updated c:\Users\pedro\OneDrive\Documentos\Yale\Year 3 (2024 - 2025)\Open Finance\Open-Finance\BCB\Egan_et_al_2025_Rep\processed\deposits_panel.csv with rates and spreads.
2026-03-18 17:06:30,806 - INFO - Adding rates and spreads to C:\Users\pedro\OneDrive\Documentos\Yale\Year 3 (2024 - 2025)\Open Finance\Open-Finance\BCB\Egan_et_al_2025_Rep\processed\deposits_panel.csv...
2026-03-18 17:06:32,231 - INFO - Macro series loaded from C:\Users\pedro\OneDrive\Documentos\Yale\Year 3 (2024 - 2025)\Open Finance\Open-Finance\BCB\Egan_et_al_2025_Rep\raw\SGS_RAW\macro_series_full.csv (4836 days)
2026-03-18 17:06:32,350 - INFO - Quarterly macro rates computed: 52 quarters
2026-03-18 17:06:32,352 - INFO - Loading conglomerate mapping from 40 List files ...
2026-03-18 17:06:34,270 - INFO - Payment Institutions identified: 197 IPs out of 2943 unique CNPJs
2026-03-18 17:06:34,276 - INFO - Conglomerate mapping loaded: 76,826 CNPJ-month obs | 2943 unique CNPJs | 765 conglomerates + 1132 standalones
2026-03-18 17:06:34,280 - INFO - Loading 29 COSIF processed files ...
2026-03-18 17:06:34,897 - INFO - COSIF loaded: 169,308 rows | 1851 institutions
2026-03-18 17:06:35,067 - INFO - COSIF separation: 145,924 institution-level rows kept, 23,384 pre-aggregated rows excluded (avoid double-counting)
2026-03-18 17:06:35,188 - INFO - Fallback mapping added 1,336 rows for 144 CNPJs outside List date range
2026-03-18 17:06:35,194 - INFO - COSIF-conglomerate merge: 41,461 rows | 481 conglomerates + 1066 standalones
2026-03-18 17:06:35,229 - INFO - IP prepaid aggregation: 1,276 conglÃ—month obs from 133 IP CNPJs in 129 conglomerates
2026-03-18 17:06:35,289 - INFO - IP prepaid rate coverage: 211 / 38,065 conglÃ—quarter obs (zero for pre-2025 months, ~CDI for 2025+ reporters)
2026-03-18 17:06:35,301 - INFO - COSIF conglomerate panel: 38,065 obs | 1544 conglomerates | 51 quarters
2026-03-18 17:06:50,433 - INFO - Updated C:\Users\pedro\OneDrive\Documentos\Yale\Year 3 (2024 - 2025)\Open Finance\Open-Finance\BCB\Egan_et_al_2025_Rep\processed\deposits_panel.csv with rates and spreads.
2026-03-23 17:20:46,362 - INFO - Adding rates and spreads to c:\Users\pedro\OneDrive\Documentos\Yale\Year 3 (2024 - 2025)\Open Finance\Open-Finance\BCB\Egan_et_al_2025_Rep\processed\deposits_panel.csv...
2026-03-23 17:20:47,033 - INFO - Macro series loaded from c:\Users\pedro\OneDrive\Documentos\Yale\Year 3 (2024 - 2025)\Open Finance\Open-Finance\BCB\Egan_et_al_2025_Rep\raw\SGS_RAW\macro_series_full.csv (4836 days)
2026-03-23 17:20:47,075 - INFO - Quarterly macro rates computed: 52 quarters
2026-03-23 17:20:47,076 - INFO - Loading conglomerate mapping from 40 List files ...
2026-03-23 17:20:49,110 - INFO - Payment Institutions identified: 197 IPs out of 2943 unique CNPJs
2026-03-23 17:20:49,126 - INFO - Conglomerate mapping loaded: 76,826 CNPJ-month obs | 2943 unique CNPJs | 765 conglomerates + 1132 standalones
2026-03-23 17:20:49,133 - INFO - Loading 29 COSIF processed files ...
2026-03-23 17:20:49,981 - INFO - COSIF loaded: 169,308 rows | 1851 institutions
2026-03-23 17:20:50,153 - INFO - COSIF separation: 145,924 institution-level rows kept, 23,384 pre-aggregated rows excluded (avoid double-counting)
2026-03-23 17:20:50,269 - INFO - Fallback mapping added 1,336 rows for 144 CNPJs outside List date range
2026-03-23 17:20:50,277 - INFO - COSIF-conglomerate merge: 41,461 rows | 481 conglomerates + 1066 standalones
2026-03-23 17:20:50,332 - INFO - IP prepaid aggregation: 1,276 conglÃ—month obs from 133 IP CNPJs in 129 conglomerates
2026-03-23 17:20:50,520 - INFO - IP prepaid rate coverage: 211 / 38,065 conglÃ—quarter obs (zero for pre-2025 months, ~CDI for 2025+ reporters)
2026-03-23 17:20:50,557 - INFO - COSIF conglomerate panel: 38,065 obs | 1544 conglomerates | 51 quarters
2026-03-23 17:21:05,670 - INFO - Updated c:\Users\pedro\OneDrive\Documentos\Yale\Year 3 (2024 - 2025)\Open Finance\Open-Finance\BCB\Egan_et_al_2025_Rep\processed\deposits_panel.csv with rates and spreads.
2026-03-23 17:28:38,027 - INFO - Adding rates and spreads to c:\Users\pedro\OneDrive\Documentos\Yale\Year 3 (2024 - 2025)\Open Finance\Open-Finance\BCB\Egan_et_al_2025_Rep\processed\deposits_panel.csv...
2026-03-23 17:28:39,207 - INFO - Macro series loaded from c:\Users\pedro\OneDrive\Documentos\Yale\Year 3 (2024 - 2025)\Open Finance\Open-Finance\BCB\Egan_et_al_2025_Rep\raw\SGS_RAW\macro_series_full.csv (4836 days)
2026-03-23 17:28:39,298 - INFO - Quarterly macro rates computed: 52 quarters
2026-03-23 17:28:39,300 - INFO - Loading conglomerate mapping from 40 List files ...
2026-03-23 17:28:40,765 - INFO - Payment Institutions identified: 197 IPs out of 2943 unique CNPJs
2026-03-23 17:28:40,796 - INFO - Conglomerate mapping loaded: 76,826 CNPJ-month obs | 2943 unique CNPJs | 765 conglomerates + 1132 standalones
2026-03-23 17:28:40,803 - INFO - Loading 29 COSIF processed files ...
2026-03-23 17:28:41,466 - INFO - COSIF loaded: 169,308 rows | 1851 institutions
2026-03-23 17:28:41,611 - INFO - COSIF separation: 145,924 institution-level rows kept, 23,384 pre-aggregated rows excluded (avoid double-counting)
2026-03-23 17:28:41,785 - INFO - Fallback mapping added 1,336 rows for 144 CNPJs outside List date range
2026-03-23 17:28:41,795 - INFO - COSIF-conglomerate merge: 41,461 rows | 481 conglomerates + 1066 standalones
2026-03-23 17:28:41,860 - INFO - IP prepaid aggregation: 1,276 conglÃ—month obs from 133 IP CNPJs in 129 conglomerates
2026-03-23 17:28:41,988 - INFO - IP prepaid rate coverage: 211 / 38,065 conglÃ—quarter obs (zero for pre-2025 months, ~CDI for 2025+ reporters)
2026-03-23 17:28:42,016 - INFO - COSIF conglomerate panel: 38,065 obs | 1544 conglomerates | 51 quarters
2026-03-23 17:28:53,550 - INFO - Updated c:\Users\pedro\OneDrive\Documentos\Yale\Year 3 (2024 - 2025)\Open Finance\Open-Finance\BCB\Egan_et_al_2025_Rep\processed\deposits_panel.csv with rates and spreads.
