2026-03-01 14:04:26,208 - INFO - ================================================================================
2026-03-01 14:04:26,208 - INFO - DEMAND ESTIMATION — INSTITUTION LEVEL
2026-03-01 14:04:26,219 - INFO - Berry (1994) active market shares | estimation_demand_2.py
2026-03-01 14:04:26,219 - INFO - ================================================================================
2026-03-01 14:04:26,219 - INFO - 
>>> Step 1: Loading panel and running supply estimation ...
2026-03-01 14:04:26,219 - INFO - Loading institution-level panel ...
2026-03-01 14:04:26,225 - INFO - Loading from Parquet: c:\Users\pedro\OneDrive\Documentos\Yale\Year 3 (2024 - 2025)\Open Finance\Open-Finance\BCB\Egan_et_al_2025_Rep\processed\PANEL_INTERMED\egan_panel_institution.parquet
2026-03-01 14:04:26,916 - INFO - Raw panel: 327,921 rows, 30 cols
2026-03-01 14:04:26,925 - INFO -   total_assets coverage: 327,921 / 327,921
2026-03-01 14:04:26,927 - INFO -   equity_ratio coverage: 325,670 / 327,921
2026-03-01 14:04:26,952 - INFO -   segment coverage: 305,121 / 327,921
2026-03-01 14:04:27,167 - INFO - log_total_assets: mean=19.57, sd=2.58 (standardized)
2026-03-01 14:04:27,365 - INFO - Winsorized deposit_balance at [p1,p99]=[22.2,27598806145.7]: dropped 1,758 outliers
2026-03-01 14:04:27,365 - INFO - Estimation sample: 86,115 rows
2026-03-01 14:04:27,387 - INFO -   Institutions: 1412
2026-03-01 14:04:27,392 - INFO -   Quarters:     45
2026-03-01 14:04:27,397 - INFO -   Types:        [np.int64(1), np.int64(2), np.int64(3), np.int64(4), np.int64(5)]
2026-03-01 14:04:27,409 - INFO - Dep var (deposit_balance, levels): mean=468536318.9, sd=1898412194.9, p5=563389.0, p95=1867473043.7
2026-03-01 14:04:27,415 - INFO - nr_lag (nr × D_{t-1}): mean=433104640.400750, sd=1825562570.207187
2026-03-01 14:04:27,421 - INFO - Lagged Selic: mean=9.98, sd=3.98, min=2.00, max=15.00
2026-03-01 14:04:27,430 - INFO - Segment distribution: {'S5': 48178, 'S4': 21516, 'S3': 6878, 'S2': 1707, 'S1': 1666}
2026-03-01 14:04:27,443 - INFO - ================================================================================
2026-03-01 14:04:27,445 - INFO - INSTITUTION-LEVEL STRUCTURAL ESTIMATION
2026-03-01 14:04:27,447 - INFO -   D_jkt = phi(S,X) * nr * D_jkt-1 + eps  (levels, no ratio)
2026-03-01 14:04:27,448 - INFO - ================================================================================
2026-03-01 14:04:35,321 - INFO - Dep var: Dep_jkt (levels)     
2026-03-01 14:04:35,321 - INFO - ----------------------------------------------------------------------------------------------
2026-03-01 14:04:35,321 - INFO -                                       (1) Natl       (2) +Bank         (3) +FE       (4) Clust
2026-03-01 14:04:35,326 - INFO - ----------------------------------------------------------------------------------------------
2026-03-01 14:04:35,326 - INFO -   Υ_1,cons  (nr × D_{t-1})          1.0150***       1.1549***       1.2573***       1.2573*** 
2026-03-01 14:04:35,326 - INFO -                                 (   0.0247)   (   0.0599)   (   0.0232)   (   0.0892) 
2026-03-01 14:04:35,334 - INFO -   Υ_1,RF   (selic × nr × D_{t-1})     -0.0001         -0.0025         -0.0001         -0.0001    
2026-03-01 14:04:35,334 - INFO -                                 (   0.0024)   (   0.0019)   (   0.0021)   (   0.0066) 
2026-03-01 14:04:35,334 - INFO -   Υ_2,size (logA × nr × D_{t-1})                     -0.0527**       -0.0848***      -0.0848*** 
2026-03-01 14:04:35,334 - INFO -                                                 (   0.0226)   (   0.0034)   (   0.0131) 
2026-03-01 14:04:35,339 - INFO -   Υ_2,eq   (E/A × nr × D_{t-1})                     -0.5482**       -0.4098***      -0.4098*   
2026-03-01 14:04:35,344 - INFO -                                                 (   0.2653)   (   0.0706)   (   0.2125) 
2026-03-01 14:04:35,345 - INFO -   Υ_2,S2  (seg_S2 × nr × D_{t-1})                      0.0304                                    
2026-03-01 14:04:35,345 - INFO -                                                 (   0.0218)                                 
2026-03-01 14:04:35,345 - INFO -   Υ_2,S3  (seg_S3 × nr × D_{t-1})                      0.1199***                                 
2026-03-01 14:04:35,351 - INFO -                                                 (   0.0185)                                 
2026-03-01 14:04:35,354 - INFO -   Υ_2,S4  (seg_S4 × nr × D_{t-1})                      0.1175***                                 
2026-03-01 14:04:35,355 - INFO -                                                 (   0.0245)                                 
2026-03-01 14:04:35,355 - INFO -   Υ_2,S5  (seg_S5 × nr × D_{t-1})                      0.1225***                                 
2026-03-01 14:04:35,355 - INFO -                                                 (   0.0294)                                 
2026-03-01 14:04:35,355 - INFO - ----------------------------------------------------------------------------------------------
2026-03-01 14:04:35,360 - INFO -   N                                     86,115          85,979          86,115          86,115
2026-03-01 14:04:35,365 - INFO -   R²                                    0.9470          0.9544          0.9915          0.9915
2026-03-01 14:04:35,366 - INFO -   Inst×Type FE                              No              No             Yes             Yes
2026-03-01 14:04:35,368 - INFO -   Time FE                                   No              No             Yes             Yes
2026-03-01 14:04:35,369 - INFO -   SE type                            HC-robust       HC-robust       HC-robust      Inst-clust
2026-03-01 14:04:35,370 - INFO - ----------------------------------------------------------------------------------------------
2026-03-01 14:04:35,372 - INFO - Interpretation guide:
2026-03-01 14:04:35,373 - INFO -   Υ_1,cons = coef on nr_lag = phi_cons (retention scaling factor)
2026-03-01 14:04:35,375 - INFO -   Υ_1,RF < 0  → depositors sleepier when rates low
2026-03-01 14:04:35,376 - INFO -   Υ_2,size > 0 → larger institutions retain more deposits
2026-03-01 14:04:35,376 - INFO - Baseline retention coef on nr_lag (Spec 1): 1.0150
2026-03-01 14:04:35,385 - INFO - ================================================================================
2026-03-01 14:04:35,385 - INFO - CONTROL FUNCTION ESTIMATION (semi-parametric CF) [INSTITUTION]
2026-03-01 14:04:35,385 - INFO -   Stage 1: spread_jkt ~ cost_shifters + type_dummies  -->  v_hat
2026-03-01 14:04:35,385 - INFO -   Stage 2: deposit_balance = phi(S,X)*nr*D_{t-1} + b1*v + b2*v^2 + b3*v^3 + eps
2026-03-01 14:04:35,389 - INFO -   All deposit types treated as potentially endogenous.
2026-03-01 14:04:35,390 - INFO - ================================================================================
2026-03-01 14:04:35,395 - INFO - First-stage cost shifters: ['cosif_lag', 'log_assets_std', 'equity_ratio', 'lagged_cdi', 'lagged_selic', 'personnel_cost_ratio_lag', 'admin_cost_ratio_lag']
2026-03-01 14:04:35,596 - INFO - First-stage A — N=61,765, R²=0.4436
2026-03-01 14:04:35,596 - INFO -   cosif_lag: coef=-0.193694, p=0.0000
2026-03-01 14:04:35,596 - INFO -   log_assets_std: coef=0.174284, p=0.0062
2026-03-01 14:04:35,596 - INFO -   equity_ratio: coef=-0.630093, p=0.0999
2026-03-01 14:04:35,596 - INFO -   lagged_cdi: coef=6.267570, p=0.0000
2026-03-01 14:04:35,616 - INFO -   lagged_selic: coef=-1.668585, p=0.0000
2026-03-01 14:04:35,620 - INFO -   personnel_cost_ratio_lag: coef=31.229801, p=0.0001
2026-03-01 14:04:35,625 - INFO -   admin_cost_ratio_lag: coef=1.006311, p=0.1205
2026-03-01 14:04:35,628 - INFO -   type2_d: coef=2.030980, p=0.0000
2026-03-01 14:04:35,630 - INFO -   type3_d: coef=2.379298, p=0.0000
2026-03-01 14:04:35,638 - INFO -   type4_d: coef=13.496198, p=0.0000
2026-03-01 14:04:35,641 - INFO -   type5_d: coef=-1.719117, p=0.0000
2026-03-01 14:04:35,654 - INFO -   Joint F (cost vars): 1581.75 (strong)
2026-03-01 14:04:35,721 - INFO - Computing Hausman IV (leave-one-out spread mean by type x quarter) ...
2026-03-01 14:04:35,851 - INFO - First-stage B — N=61,765, R²=0.6176
2026-03-01 14:04:35,851 - INFO -   hausman_iv_spread: coef=1.329530, p=0.0000
2026-03-01 14:04:35,851 - INFO -   cosif_lag: coef=-0.016116, p=0.0000
2026-03-01 14:04:35,858 - INFO -   log_assets_std: coef=-0.159972, p=0.0040
2026-03-01 14:04:35,858 - INFO -   equity_ratio: coef=-4.447458, p=0.0000
2026-03-01 14:04:35,862 - INFO -   lagged_cdi: coef=-0.289040, p=0.0783
2026-03-01 14:04:35,866 - INFO -   lagged_selic: coef=0.105499, p=0.0063
2026-03-01 14:04:35,869 - INFO -   personnel_cost_ratio_lag: coef=7.601896, p=0.2106
2026-03-01 14:04:35,870 - INFO -   admin_cost_ratio_lag: coef=0.611274, p=0.0415
2026-03-01 14:04:35,875 - INFO -   F (Hausman IV): 15254.58 (strong)
2026-03-01 14:04:35,958 - INFO - CF residuals (Cost-only): N=61,765, mean=0.000000, sd=7.940313
2026-03-01 14:04:35,962 - INFO - CF residuals (Hausman): N=61,765, mean=0.000000, sd=6.582945
2026-03-01 14:04:36,022 - INFO -   CF-Cost(5) cf_resid: -1793586.150654 (p=0.0000) ***
2026-03-01 14:04:36,022 - INFO -   CF-Cost(5) cf_resid_sq: 111008.095820 (p=0.0000) ***
2026-03-01 14:04:36,022 - INFO -   CF-Cost(5) cf_resid_cu: -1000.586658 (p=0.1499) 
2026-03-01 14:04:36,028 - INFO -   CF-Cost(5) joint F on poly: 114.28 -> endogeneity
2026-03-01 14:04:36,123 - INFO -   CF-Cost(6) cf_resid: -1727347.908163 (p=0.0000) ***
2026-03-01 14:04:36,123 - INFO -   CF-Cost(6) cf_resid_sq: -29510.799036 (p=0.4633) 
2026-03-01 14:04:36,128 - INFO -   CF-Cost(6) cf_resid_cu: 2963.903034 (p=0.0099) ***
2026-03-01 14:04:36,128 - INFO -   CF-Cost(6) joint F on poly: 104.70 -> endogeneity
2026-03-01 14:04:43,568 - INFO -   CF-Cost+FE(7) cf_resid: -562022.453173 (p=0.0016) ***
2026-03-01 14:04:43,568 - INFO -   CF-Cost+FE(7) cf_resid_sq: -177400.920473 (p=0.0000) ***
2026-03-01 14:04:43,568 - INFO -   CF-Cost+FE(7) cf_resid_cu: 8066.289450 (p=0.0000) ***
2026-03-01 14:04:43,574 - INFO -   CF-Cost+FE(7) joint F on poly: 107.46 -> endogeneity
2026-03-01 14:04:43,741 - INFO -   CF-Hausman(9) cf_resid_h: 782171.240674 (p=0.0021) ***
2026-03-01 14:04:43,741 - INFO -   CF-Hausman(9) cf_resid_h_sq: 73491.485518 (p=0.0000) ***
2026-03-01 14:04:43,743 - INFO -   CF-Hausman(9) cf_resid_h_cu: -3354.458915 (p=0.0000) ***
2026-03-01 14:04:43,747 - INFO -   CF-Hausman(9) joint F on poly: 12.54 -> endogeneity
2026-03-01 14:04:43,852 - INFO -   CF-Hausman(10) cf_resid_h: 1176364.719243 (p=0.0000) ***
2026-03-01 14:04:43,852 - INFO -   CF-Hausman(10) cf_resid_h_sq: 25507.129964 (p=0.0565) *
2026-03-01 14:04:43,854 - INFO -   CF-Hausman(10) cf_resid_h_cu: -3239.903347 (p=0.0000) ***
2026-03-01 14:04:43,857 - INFO -   CF-Hausman(10) joint F on poly: 8.28 -> endogeneity
2026-03-01 14:04:43,861 - INFO - Dep var: Dep_jkt (levels, CF) 
2026-03-01 14:04:43,861 - INFO - ------------------------------------------------------------------------------------------------------------------------------
2026-03-01 14:04:43,863 - INFO -                                    (5) CF Natl     (6) CF+Bank       (7) CF+FE    (8) CF+Clust     (9) CF-Haus  (10) CF-H+Bank
2026-03-01 14:04:43,864 - INFO - ------------------------------------------------------------------------------------------------------------------------------
2026-03-01 14:04:43,865 - INFO -   Υ_1,cons  (nr × D_{t-1})          1.1031***       1.2126***       1.2164***       1.2164***       1.1059***       1.2136*** 
2026-03-01 14:04:43,867 - INFO -                                 (   0.0212)   (   0.2533)   (   0.0105)   (   0.0484)   (   0.0215)   (   0.2457) 
2026-03-01 14:04:43,869 - INFO -   Υ_1,RF   (selic × nr × D_{t-1})     -0.0044*        -0.0029         -0.0003         -0.0003         -0.0045*        -0.0030    
2026-03-01 14:04:43,871 - INFO -                                 (   0.0023)   (   0.0019)   (   0.0009)   (   0.0043)   (   0.0024)   (   0.0019) 
2026-03-01 14:04:43,871 - INFO -   Υ_2,size (logA × nr × D_{t-1})                     -0.0641         -0.0775***      -0.0775***                      -0.0644    
2026-03-01 14:04:43,871 - INFO -                                                 (   0.0786)   (   0.0039)   (   0.0162)                   (   0.0761) 
2026-03-01 14:04:43,875 - INFO -   Υ_2,eq   (E/A × nr × D_{t-1})                     -0.3714          0.2136***       0.2136                         -0.3760    
2026-03-01 14:04:43,877 - INFO -                                                 (   0.4065)   (   0.0549)   (   0.2541)                   (   0.4059) 
2026-03-01 14:04:43,879 - INFO -   Υ_2,S2  (seg_S2 × nr × D_{t-1})                      0.0093                                                          0.0094    
2026-03-01 14:04:43,879 - INFO -                                                 (   0.0767)                                                   (   0.0746) 
2026-03-01 14:04:43,882 - INFO -   Υ_2,S3  (seg_S3 × nr × D_{t-1})                      0.0350                                                          0.0349    
2026-03-01 14:04:43,882 - INFO -                                                 (   0.1238)                                                   (   0.1207) 
2026-03-01 14:04:43,887 - INFO -   Υ_2,S4  (seg_S4 × nr × D_{t-1})                      0.0811                                                          0.0811    
2026-03-01 14:04:43,887 - INFO -                                                 (   0.1271)                                                   (   0.1235) 
2026-03-01 14:04:43,889 - INFO -   Υ_2,S5  (seg_S5 × nr × D_{t-1})                      0.0470                                                          0.0495    
2026-03-01 14:04:43,892 - INFO -                                                 (   0.1447)                                                   (   0.1423) 
2026-03-01 14:04:43,892 - INFO -   β₁ v̂  (CF-cost, 1st)         -1793586.1507***   -1727347.9082***   -562022.4532***   -562022.4532                                    
2026-03-01 14:04:43,892 - INFO -                                 (101078.4786)   (107271.9235)   (177728.0101)   (682572.2842)                                 
2026-03-01 14:04:43,899 - INFO -   β₂ v̂² (CF-cost, 2nd)         111008.0958***   -29510.7990      -177400.9205***   -177400.9205***                                 
2026-03-01 14:04:43,900 - INFO -                                 (22907.9159)   (40232.5447)   (14556.6680)   (56170.8896)                                 
2026-03-01 14:04:43,901 - INFO -   β₃ v̂³ (CF-cost, 3rd)         -1000.5867       2963.9030***    8066.2895***    8066.2895***                                 
2026-03-01 14:04:43,904 - INFO -                                 ( 694.9384)   (1148.6851)   ( 744.4599)   (2780.2906)                                 
2026-03-01 14:04:43,904 - INFO -   β₁ v̂ᴴ (CF-Hausman, 1st)                                                                      782171.2407***   1176364.7192*** 
2026-03-01 14:04:43,906 - INFO -                                                                                                 (253910.3637)   (267695.9942) 
2026-03-01 14:04:43,909 - INFO -   β₂ v̂ᴴ² (CF-Hausman, 2nd)                                                                     73491.4855***   25507.1300*   
2026-03-01 14:04:43,909 - INFO -                                                                                                 (13305.5905)   (13375.9914) 
2026-03-01 14:04:43,912 - INFO -   β₃ v̂ᴴ³ (CF-Hausman, 3rd)                                                                     -3354.4589***   -3239.9033*** 
2026-03-01 14:04:43,912 - INFO -                                                                                                 ( 791.8759)   ( 667.4521) 
2026-03-01 14:04:43,912 - INFO - ------------------------------------------------------------------------------------------------------------------------------
2026-03-01 14:04:43,914 - INFO -   N                                     61,765          61,670          61,765          61,765          61,765          61,670
2026-03-01 14:04:43,918 - INFO -   R²                                    0.9677          0.9703          0.9949          0.9949          0.9675          0.9703
2026-03-01 14:04:43,918 - INFO -   Inst×Type FE                              No              No             Yes             Yes              No              No
2026-03-01 14:04:43,918 - INFO -   Time FE                                   No              No             Yes             Yes              No              No
2026-03-01 14:04:43,921 - INFO -   SE type                            HC-robust       HC-robust       HC-robust      Inst-clust       HC-robust       HC-robust
2026-03-01 14:04:43,922 - INFO - ------------------------------------------------------------------------------------------------------------------------------
2026-03-01 14:04:43,931 - INFO - Supply specs available: ['(1) Natl', '(2) +Bank', '(3) +FE', '(4) Clust', '(5) CF Natl', '(6) CF+Bank', '(7) CF+FE', '(8) CF+Clust', '(9) CF-Haus', '(10) CF-H+Bank']
2026-03-01 14:04:43,931 - INFO - 
>>> Step 2: Computing structural sleeping-deposit predictions ...
2026-03-01 14:04:43,976 - INFO -   Supply spec '(1) Natl': hat_Y computed for 86,115 obs (struct cols = ['nr_lag', 'selic_nr_lag'])
2026-03-01 14:04:43,986 - INFO -   Supply spec '(2) +Bank': hat_Y computed for 85,979 obs (struct cols = ['nr_lag', 'selic_nr_lag', 'logA_nr_lag', 'eq_nr_lag', 'seg_S2_nr_lag', 'seg_S3_nr_lag', 'seg_S4_nr_lag', 'seg_S5_nr_lag'])
2026-03-01 14:04:43,990 - INFO -   Supply spec '(3) +FE': hat_Y computed for 86,115 obs (struct cols = ['nr_lag', 'selic_nr_lag', 'logA_nr_lag', 'eq_nr_lag'])
2026-03-01 14:04:43,995 - INFO -   Supply spec '(4) Clust': hat_Y computed for 86,115 obs (struct cols = ['nr_lag', 'selic_nr_lag', 'logA_nr_lag', 'eq_nr_lag'])
2026-03-01 14:04:44,000 - INFO -   Supply spec '(5) CF Natl': hat_Y computed for 86,115 obs (struct cols = ['nr_lag', 'selic_nr_lag'])
2026-03-01 14:04:44,006 - INFO -   Supply spec '(6) CF+Bank': hat_Y computed for 85,979 obs (struct cols = ['nr_lag', 'selic_nr_lag', 'logA_nr_lag', 'eq_nr_lag', 'seg_S2_nr_lag', 'seg_S3_nr_lag', 'seg_S4_nr_lag', 'seg_S5_nr_lag'])
2026-03-01 14:04:44,011 - INFO -   Supply spec '(7) CF+FE': hat_Y computed for 86,115 obs (struct cols = ['nr_lag', 'selic_nr_lag', 'logA_nr_lag', 'eq_nr_lag'])
2026-03-01 14:04:44,017 - INFO -   Supply spec '(8) CF+Clust': hat_Y computed for 86,115 obs (struct cols = ['nr_lag', 'selic_nr_lag', 'logA_nr_lag', 'eq_nr_lag'])
2026-03-01 14:04:44,021 - INFO -   Supply spec '(9) CF-Haus': hat_Y computed for 86,115 obs (struct cols = ['nr_lag', 'selic_nr_lag'])
2026-03-01 14:04:44,029 - INFO -   Supply spec '(10) CF-H+Bank': hat_Y computed for 85,979 obs (struct cols = ['nr_lag', 'selic_nr_lag', 'logA_nr_lag', 'eq_nr_lag', 'seg_S2_nr_lag', 'seg_S3_nr_lag', 'seg_S4_nr_lag', 'seg_S5_nr_lag'])
2026-03-01 14:04:44,030 - INFO - 
>>> Step 3: Active deposit diagnostics by supply spec ...
2026-03-01 14:04:44,039 - INFO -   '(1) Natl': active>0=65.4%, active=0=34.6%, mean(active|active>0)=78813405.5
2026-03-01 14:04:44,045 - INFO -   '(2) +Bank': active>0=41.0%, active=0=58.9%, mean(active|active>0)=99231703.4
2026-03-01 14:04:44,047 - INFO -   '(3) +FE': active>0=34.0%, active=0=66.0%, mean(active|active>0)=110922564.2
2026-03-01 14:04:44,057 - INFO -   '(4) Clust': active>0=34.0%, active=0=66.0%, mean(active|active>0)=110922564.2
2026-03-01 14:04:44,064 - INFO -   '(5) CF Natl': active>0=53.3%, active=0=46.7%, mean(active|active>0)=78178985.1
2026-03-01 14:04:44,068 - INFO -   '(6) CF+Bank': active>0=35.8%, active=0=64.0%, mean(active|active>0)=106252404.9
2026-03-01 14:04:44,073 - INFO -   '(7) CF+FE': active>0=24.7%, active=0=75.3%, mean(active|active>0)=128200638.4
2026-03-01 14:04:44,082 - INFO -   '(8) CF+Clust': active>0=24.7%, active=0=75.3%, mean(active|active>0)=128200638.4
2026-03-01 14:04:44,087 - INFO -   '(9) CF-Haus': active>0=52.9%, active=0=47.1%, mean(active|active>0)=78182598.0
2026-03-01 14:04:44,095 - INFO -   '(10) CF-H+Bank': active>0=35.7%, active=0=64.2%, mean(active|active>0)=106744248.5
2026-03-01 14:04:44,100 - INFO - 
>>> Step 4: Estimating Berry (1994) demand equation ...
2026-03-01 14:04:44,107 - INFO - Demand — type-interacted rate columns: ['rate_T1', 'rate_T2', 'rate_T3', 'rate_T4', 'rate_T5']
2026-03-01 14:04:44,109 - INFO - Demand CF cost shifters available: ['cosif_lag', 'log_assets_std', 'equity_ratio', 'lagged_cdi', 'lagged_selic', 'personnel_cost_ratio_lag', 'admin_cost_ratio_lag']
2026-03-01 14:04:44,240 - INFO - Demand CF-A first stage: N=61,765, R²=0.4393
2026-03-01 14:04:44,447 - INFO - Demand CF-B first stage: N=61,765, R²=0.6142
2026-03-01 14:04:44,622 - INFO - 
=== Demand: supply spec '(1) Natl' | N_valid=56,350, N_zero_active=29,765 / 86,115 ===
2026-03-01 14:04:44,622 - INFO -   log(s_active): mean=-8.2731, sd=2.4517
2026-03-01 14:04:44,757 - INFO -   D(1) Natl rate_T1: coef=0.000000 (SE=0.000000, p=nan)
2026-03-01 14:04:44,765 - INFO -   D(1) Natl rate_T2: coef=-3.126407 (SE=0.034272, p=0.0000)***
2026-03-01 14:04:44,767 - INFO -   D(1) Natl rate_T3: coef=-2.751295 (SE=0.022028, p=0.0000)***
2026-03-01 14:04:44,771 - INFO -   D(1) Natl rate_T4: coef=-0.370474 (SE=0.001764, p=0.0000)***
2026-03-01 14:04:44,775 - INFO -   D(1) Natl rate_T5: coef=-0.606113 (SE=0.024547, p=0.0000)***
2026-03-01 14:04:44,848 - INFO - 
=== Demand: supply spec '(2) +Bank' | N_valid=35,297, N_zero_active=50,682 / 86,115 ===
2026-03-01 14:04:44,857 - INFO -   log(s_active): mean=-8.2882, sd=2.6456
2026-03-01 14:04:44,917 - INFO -   D(2) +Bank rate_T1: coef=0.000000 (SE=0.000000, p=nan)
2026-03-01 14:04:44,917 - INFO -   D(2) +Bank rate_T2: coef=-3.057033 (SE=0.045089, p=0.0000)***
2026-03-01 14:04:44,928 - INFO -   D(2) +Bank rate_T3: coef=-2.295616 (SE=0.021057, p=0.0000)***
2026-03-01 14:04:44,928 - INFO -   D(2) +Bank rate_T4: coef=-0.406125 (SE=0.003215, p=0.0000)***
2026-03-01 14:04:44,928 - INFO -   D(2) +Bank rate_T5: coef=-0.599169 (SE=0.024873, p=0.0000)***
2026-03-01 14:04:45,000 - INFO - 
=== Demand: supply spec '(3) +FE' | N_valid=29,278, N_zero_active=56,837 / 86,115 ===
2026-03-01 14:04:45,000 - INFO -   log(s_active): mean=-7.9946, sd=2.6514
2026-03-01 14:04:48,694 - INFO -   D(3) +FE rate_T1: coef=0.000000 (SE=0.000000, p=nan)
2026-03-01 14:04:48,703 - INFO -   D(3) +FE rate_T2: coef=-3.170516 (SE=0.052002, p=0.0000)***
2026-03-01 14:04:48,707 - INFO -   D(3) +FE rate_T3: coef=-3.378943 (SE=0.029188, p=0.0000)***
2026-03-01 14:04:48,707 - INFO -   D(3) +FE rate_T4: coef=-1.103041 (SE=0.003245, p=0.0000)***
2026-03-01 14:04:48,711 - INFO -   D(3) +FE rate_T5: coef=-0.860662 (SE=0.033917, p=0.0000)***
2026-03-01 14:04:48,843 - INFO - 
=== Demand: supply spec '(4) Clust' | N_valid=29,278, N_zero_active=56,837 / 86,115 ===
2026-03-01 14:04:48,844 - INFO -   log(s_active): mean=-7.9946, sd=2.6514
2026-03-01 14:04:54,060 - INFO -   D(4) Clust rate_T1: coef=0.000000 (SE=0.000000, p=nan)
2026-03-01 14:04:54,063 - INFO -   D(4) Clust rate_T2: coef=-3.170516 (SE=0.087514, p=0.0000)***
2026-03-01 14:04:54,065 - INFO -   D(4) Clust rate_T3: coef=-3.378943 (SE=0.081774, p=0.0000)***
2026-03-01 14:04:54,068 - INFO -   D(4) Clust rate_T4: coef=-1.103041 (SE=0.013846, p=0.0000)***
2026-03-01 14:04:54,071 - INFO -   D(4) Clust rate_T5: coef=-0.860662 (SE=0.052887, p=0.0000)***
2026-03-01 14:04:54,155 - INFO - 
=== Demand: supply spec '(5) CF Natl' | N_valid=45,888, N_zero_active=40,227 / 86,115 ===
2026-03-01 14:04:54,155 - INFO -   log(s_active): mean=-8.0780, sd=2.3853
2026-03-01 14:04:54,243 - INFO -   D(5) CF Natl rate_T1: coef=0.000000 (SE=0.000000, p=nan)
2026-03-01 14:04:54,248 - INFO -   D(5) CF Natl rate_T2: coef=-2.998087 (SE=0.045382, p=0.0000)***
2026-03-01 14:04:54,250 - INFO -   D(5) CF Natl rate_T3: coef=-2.888250 (SE=0.030738, p=0.0000)***
2026-03-01 14:04:54,252 - INFO -   D(5) CF Natl rate_T4: coef=-0.608142 (SE=0.004920, p=0.0000)***
2026-03-01 14:04:54,252 - INFO -   D(5) CF Natl rate_T5: coef=-3.141095 (SE=0.074624, p=0.0000)***
2026-03-01 14:04:54,314 - INFO - 
=== Demand: supply spec '(6) CF+Bank' | N_valid=30,863, N_zero_active=55,116 / 86,115 ===
2026-03-01 14:04:54,319 - INFO -   log(s_active): mean=-8.1089, sd=2.6657
2026-03-01 14:04:54,371 - INFO -   D(6) CF+Bank rate_T1: coef=0.000000 (SE=0.000000, p=nan)
2026-03-01 14:04:54,376 - INFO -   D(6) CF+Bank rate_T2: coef=-3.186625 (SE=0.056971, p=0.0000)***
2026-03-01 14:04:54,376 - INFO -   D(6) CF+Bank rate_T3: coef=-2.973707 (SE=0.038210, p=0.0000)***
2026-03-01 14:04:54,376 - INFO -   D(6) CF+Bank rate_T4: coef=-0.689148 (SE=0.006808, p=0.0000)***
2026-03-01 14:04:54,376 - INFO -   D(6) CF+Bank rate_T5: coef=-3.279477 (SE=0.088171, p=0.0000)***
2026-03-01 14:04:54,428 - INFO - 
=== Demand: supply spec '(7) CF+FE' | N_valid=21,242, N_zero_active=64,873 / 86,115 ===
2026-03-01 14:04:54,432 - INFO -   log(s_active): mean=-7.5396, sd=2.5469
2026-03-01 14:04:58,020 - INFO -   D(7) CF+FE rate_T1: coef=0.000000 (SE=0.000000, p=nan)
2026-03-01 14:04:58,022 - INFO -   D(7) CF+FE rate_T2: coef=-2.728628 (SE=0.060415, p=0.0000)***
2026-03-01 14:04:58,026 - INFO -   D(7) CF+FE rate_T3: coef=-3.373280 (SE=0.053129, p=0.0000)***
2026-03-01 14:04:58,029 - INFO -   D(7) CF+FE rate_T4: coef=-0.839995 (SE=0.013211, p=0.0000)***
2026-03-01 14:04:58,034 - INFO -   D(7) CF+FE rate_T5: coef=-2.600914 (SE=0.097625, p=0.0000)***
2026-03-01 14:04:58,103 - INFO - 
=== Demand: supply spec '(8) CF+Clust' | N_valid=21,242, N_zero_active=64,873 / 86,115 ===
2026-03-01 14:04:58,105 - INFO -   log(s_active): mean=-7.5396, sd=2.5469
2026-03-01 14:05:02,569 - INFO -   D(8) CF+Clust rate_T1: coef=0.000000 (SE=0.000000, p=nan)
2026-03-01 14:05:02,570 - INFO -   D(8) CF+Clust rate_T2: coef=-2.728628 (SE=0.098879, p=0.0000)***
2026-03-01 14:05:02,572 - INFO -   D(8) CF+Clust rate_T3: coef=-3.373280 (SE=0.099123, p=0.0000)***
2026-03-01 14:05:02,572 - INFO -   D(8) CF+Clust rate_T4: coef=-0.839995 (SE=0.024486, p=0.0000)***
2026-03-01 14:05:02,577 - INFO -   D(8) CF+Clust rate_T5: coef=-2.600914 (SE=0.164090, p=0.0000)***
2026-03-01 14:05:02,696 - INFO - 
=== Demand: supply spec '(9) CF-Haus' | N_valid=45,555, N_zero_active=40,560 / 86,115 ===
2026-03-01 14:05:02,698 - INFO -   log(s_active): mean=-8.0737, sd=2.3880
2026-03-01 14:05:02,792 - INFO -   D(9) CF-Haus rate_T1: coef=0.000000 (SE=0.000000, p=nan)
2026-03-01 14:05:02,799 - INFO -   D(9) CF-Haus rate_T2: coef=-2.939040 (SE=0.035200, p=0.0000)***
2026-03-01 14:05:02,802 - INFO -   D(9) CF-Haus rate_T3: coef=-2.762493 (SE=0.030052, p=0.0000)***
2026-03-01 14:05:02,805 - INFO -   D(9) CF-Haus rate_T4: coef=-0.608327 (SE=0.004889, p=0.0000)***
2026-03-01 14:05:02,808 - INFO -   D(9) CF-Haus rate_T5: coef=-3.191372 (SE=0.073525, p=0.0000)***
2026-03-01 14:05:02,899 - INFO - 
=== Demand: supply spec '(10) CF-H+Bank' | N_valid=30,712, N_zero_active=55,267 / 86,115 ===
2026-03-01 14:05:02,899 - INFO -   log(s_active): mean=-8.1068, sd=2.6701
2026-03-01 14:05:02,981 - INFO -   D(10) CF-H+Bank rate_T1: coef=0.000000 (SE=0.000000, p=nan)
2026-03-01 14:05:02,983 - INFO -   D(10) CF-H+Bank rate_T2: coef=-3.186325 (SE=0.057212, p=0.0000)***
2026-03-01 14:05:02,983 - INFO -   D(10) CF-H+Bank rate_T3: coef=-2.977007 (SE=0.038273, p=0.0000)***
2026-03-01 14:05:02,983 - INFO -   D(10) CF-H+Bank rate_T4: coef=-0.690479 (SE=0.006804, p=0.0000)***
2026-03-01 14:05:02,992 - INFO -   D(10) CF-H+Bank rate_T5: coef=-3.282409 (SE=0.088218, p=0.0000)***
2026-03-01 14:05:03,021 - INFO - 
>>> Step 5: Exporting demand results ...
2026-03-01 14:05:03,058 - INFO - Demand results exported to c:\Users\pedro\OneDrive\Documentos\Yale\Year 3 (2024 - 2025)\Open Finance\Open-Finance\BCB\Egan_et_al_2025_Rep\processed\ESTIMATION_OUTPUT\demand_results_institution.csv
2026-03-01 14:05:03,125 - INFO - Demand LaTeX table exported to c:\Users\pedro\OneDrive\Documentos\Yale\Year 3 (2024 - 2025)\Open Finance\Open-Finance\BCB\Egan_et_al_2025_Rep\processed\ESTIMATION_OUTPUT\demand_table_institution.tex
2026-03-01 14:05:03,130 - INFO - Demand specs estimated: ['D(1) Natl', 'D(2) +Bank', 'D(3) +FE', 'D(4) Clust', 'D(5) CF Natl', 'D(6) CF+Bank', 'D(7) CF+FE', 'D(8) CF+Clust', 'D(9) CF-Haus', 'D(10) CF-H+Bank']
2026-03-01 14:05:03,131 - INFO - Done — estimation_demand_2.py complete.
2026-03-01 14:29:00,664 - INFO - ================================================================================
2026-03-01 14:29:00,668 - INFO - DEMAND ESTIMATION — INSTITUTION LEVEL
2026-03-01 14:29:00,674 - INFO - Berry (1994) active market shares | estimation_demand_2.py
2026-03-01 14:29:00,674 - INFO - ================================================================================
2026-03-01 14:29:00,682 - INFO - 
>>> Step 1: Loading panel and running supply estimation ...
2026-03-01 14:29:00,682 - INFO - Loading institution-level panel ...
2026-03-01 14:29:00,688 - INFO - Loading from Parquet: c:\Users\pedro\OneDrive\Documentos\Yale\Year 3 (2024 - 2025)\Open Finance\Open-Finance\BCB\Egan_et_al_2025_Rep\processed\PANEL_INTERMED\egan_panel_institution.parquet
2026-03-01 14:29:01,707 - INFO - Raw panel: 327,921 rows, 30 cols
2026-03-01 14:29:01,710 - INFO -   total_assets coverage: 327,921 / 327,921
2026-03-01 14:29:01,719 - INFO -   equity_ratio coverage: 325,670 / 327,921
2026-03-01 14:29:01,765 - INFO -   segment coverage: 305,121 / 327,921
2026-03-01 14:29:02,186 - INFO - log_total_assets: mean=19.57, sd=2.58 (standardized)
2026-03-01 14:29:02,606 - INFO - Winsorized deposit_balance at [p1,p99]=[22.2,27598806145.7]: dropped 1,758 outliers
2026-03-01 14:29:02,608 - INFO - Estimation sample: 86,115 rows
2026-03-01 14:29:02,618 - INFO -   Institutions: 1412
2026-03-01 14:29:02,624 - INFO -   Quarters:     45
2026-03-01 14:29:02,626 - INFO -   Types:        [np.int64(1), np.int64(2), np.int64(3), np.int64(4), np.int64(5)]
2026-03-01 14:29:02,644 - INFO - Dep var (deposit_balance, levels): mean=468536318.9, sd=1898412194.9, p5=563389.0, p95=1867473043.7
2026-03-01 14:29:02,652 - INFO - nr_lag (nr × D_{t-1}): mean=433104640.400750, sd=1825562570.207187
2026-03-01 14:29:02,661 - INFO - Lagged Selic: mean=9.98, sd=3.98, min=2.00, max=15.00
2026-03-01 14:29:02,674 - INFO - Segment distribution: {'S5': 48178, 'S4': 21516, 'S3': 6878, 'S2': 1707, 'S1': 1666}
2026-03-01 14:29:02,699 - INFO - ================================================================================
2026-03-01 14:29:02,703 - INFO - INSTITUTION-LEVEL STRUCTURAL ESTIMATION
2026-03-01 14:29:02,706 - INFO -   D_jkt = phi(S,X) * nr * D_jkt-1 + eps  (levels, no ratio)
2026-03-01 14:29:02,707 - INFO - ================================================================================
2026-03-01 14:29:18,481 - INFO - Dep var: Dep_jkt (levels)     
2026-03-01 14:29:18,497 - INFO - ----------------------------------------------------------------------------------------------
2026-03-01 14:29:18,500 - INFO -                                       (1) Natl       (2) +Bank         (3) +FE       (4) Clust
2026-03-01 14:29:18,501 - INFO - ----------------------------------------------------------------------------------------------
2026-03-01 14:29:18,510 - INFO -   Υ_1,cons  (nr × D_{t-1})          1.0150***       1.1549***       1.2573***       1.2573*** 
2026-03-01 14:29:18,516 - INFO -                                 (   0.0247)   (   0.0599)   (   0.0232)   (   0.0892) 
2026-03-01 14:29:18,528 - INFO -   Υ_1,RF   (selic × nr × D_{t-1})     -0.0001         -0.0025         -0.0001         -0.0001    
2026-03-01 14:29:18,530 - INFO -                                 (   0.0024)   (   0.0019)   (   0.0021)   (   0.0066) 
2026-03-01 14:29:18,540 - INFO -   Υ_2,size (logA × nr × D_{t-1})                     -0.0527**       -0.0848***      -0.0848*** 
2026-03-01 14:29:18,542 - INFO -                                                 (   0.0226)   (   0.0034)   (   0.0131) 
2026-03-01 14:29:18,550 - INFO -   Υ_2,eq   (E/A × nr × D_{t-1})                     -0.5482**       -0.4098***      -0.4098*   
2026-03-01 14:29:18,554 - INFO -                                                 (   0.2653)   (   0.0706)   (   0.2125) 
2026-03-01 14:29:18,556 - INFO -   Υ_2,S2  (seg_S2 × nr × D_{t-1})                      0.0304                                    
2026-03-01 14:29:18,558 - INFO -                                                 (   0.0218)                                 
2026-03-01 14:29:18,561 - INFO -   Υ_2,S3  (seg_S3 × nr × D_{t-1})                      0.1199***                                 
2026-03-01 14:29:18,563 - INFO -                                                 (   0.0185)                                 
2026-03-01 14:29:18,573 - INFO -   Υ_2,S4  (seg_S4 × nr × D_{t-1})                      0.1175***                                 
2026-03-01 14:29:18,574 - INFO -                                                 (   0.0245)                                 
2026-03-01 14:29:18,578 - INFO -   Υ_2,S5  (seg_S5 × nr × D_{t-1})                      0.1225***                                 
2026-03-01 14:29:18,578 - INFO -                                                 (   0.0294)                                 
2026-03-01 14:29:18,581 - INFO - ----------------------------------------------------------------------------------------------
2026-03-01 14:29:18,583 - INFO -   N                                     86,115          85,979          86,115          86,115
2026-03-01 14:29:18,589 - INFO -   R²                                    0.9470          0.9544          0.9915          0.9915
2026-03-01 14:29:18,592 - INFO -   Inst×Type FE                              No              No             Yes             Yes
2026-03-01 14:29:18,593 - INFO -   Time FE                                   No              No             Yes             Yes
2026-03-01 14:29:18,595 - INFO -   SE type                            HC-robust       HC-robust       HC-robust      Inst-clust
2026-03-01 14:29:18,596 - INFO - ----------------------------------------------------------------------------------------------
2026-03-01 14:29:18,597 - INFO - Interpretation guide:
2026-03-01 14:29:18,598 - INFO -   Υ_1,cons = coef on nr_lag = phi_cons (retention scaling factor)
2026-03-01 14:29:18,598 - INFO -   Υ_1,RF < 0  → depositors sleepier when rates low
2026-03-01 14:29:18,601 - INFO -   Υ_2,size > 0 → larger institutions retain more deposits
2026-03-01 14:29:18,601 - INFO - Baseline retention coef on nr_lag (Spec 1): 1.0150
2026-03-01 14:29:18,608 - INFO - ================================================================================
2026-03-01 14:29:18,608 - INFO - CONTROL FUNCTION ESTIMATION (semi-parametric CF) [INSTITUTION]
2026-03-01 14:29:18,610 - INFO -   Stage 1: spread_jkt ~ cost_shifters + type_dummies  -->  v_hat
2026-03-01 14:29:18,610 - INFO -   Stage 2: deposit_balance = phi(S,X)*nr*D_{t-1} + b1*v + b2*v^2 + b3*v^3 + eps
2026-03-01 14:29:18,612 - INFO -   All deposit types treated as potentially endogenous.
2026-03-01 14:29:18,616 - INFO - ================================================================================
2026-03-01 14:29:18,622 - INFO - First-stage cost shifters: ['cosif_lag', 'log_assets_std', 'equity_ratio', 'lagged_cdi', 'lagged_selic', 'personnel_cost_ratio_lag', 'admin_cost_ratio_lag']
2026-03-01 14:29:18,811 - INFO - First-stage A — N=61,765, R²=0.4436
2026-03-01 14:29:18,813 - INFO -   cosif_lag: coef=-0.193694, p=0.0000
2026-03-01 14:29:18,824 - INFO -   log_assets_std: coef=0.174284, p=0.0062
2026-03-01 14:29:18,830 - INFO -   equity_ratio: coef=-0.630093, p=0.0999
2026-03-01 14:29:18,835 - INFO -   lagged_cdi: coef=6.267570, p=0.0000
2026-03-01 14:29:18,840 - INFO -   lagged_selic: coef=-1.668585, p=0.0000
2026-03-01 14:29:18,844 - INFO -   personnel_cost_ratio_lag: coef=31.229801, p=0.0001
2026-03-01 14:29:18,849 - INFO -   admin_cost_ratio_lag: coef=1.006311, p=0.1205
2026-03-01 14:29:18,851 - INFO -   type2_d: coef=2.030980, p=0.0000
2026-03-01 14:29:18,856 - INFO -   type3_d: coef=2.379298, p=0.0000
2026-03-01 14:29:18,859 - INFO -   type4_d: coef=13.496198, p=0.0000
2026-03-01 14:29:18,861 - INFO -   type5_d: coef=-1.719117, p=0.0000
2026-03-01 14:29:18,877 - INFO -   Joint F (cost vars): 1581.75 (strong)
2026-03-01 14:29:18,977 - INFO - Computing Hausman IV (leave-one-out spread mean by type x quarter) ...
2026-03-01 14:29:19,214 - INFO - First-stage B — N=61,765, R²=0.6176
2026-03-01 14:29:19,220 - INFO -   hausman_iv_spread: coef=1.329530, p=0.0000
2026-03-01 14:29:19,220 - INFO -   cosif_lag: coef=-0.016116, p=0.0000
2026-03-01 14:29:19,228 - INFO -   log_assets_std: coef=-0.159972, p=0.0040
2026-03-01 14:29:19,229 - INFO -   equity_ratio: coef=-4.447458, p=0.0000
2026-03-01 14:29:19,229 - INFO -   lagged_cdi: coef=-0.289040, p=0.0783
2026-03-01 14:29:19,237 - INFO -   lagged_selic: coef=0.105499, p=0.0063
2026-03-01 14:29:19,237 - INFO -   personnel_cost_ratio_lag: coef=7.601896, p=0.2106
2026-03-01 14:29:19,244 - INFO -   admin_cost_ratio_lag: coef=0.611274, p=0.0415
2026-03-01 14:29:19,253 - INFO -   F (Hausman IV): 15254.58 (strong)
2026-03-01 14:29:19,368 - INFO - CF residuals (Cost-only): N=61,765, mean=0.000000, sd=7.940313
2026-03-01 14:29:19,374 - INFO - CF residuals (Hausman): N=61,765, mean=0.000000, sd=6.582945
2026-03-01 14:29:19,540 - INFO -   CF-Cost(5) cf_resid: -1793586.150654 (p=0.0000) ***
2026-03-01 14:29:19,541 - INFO -   CF-Cost(5) cf_resid_sq: 111008.095820 (p=0.0000) ***
2026-03-01 14:29:19,549 - INFO -   CF-Cost(5) cf_resid_cu: -1000.586658 (p=0.1499) 
2026-03-01 14:29:19,557 - INFO -   CF-Cost(5) joint F on poly: 114.28 -> endogeneity
2026-03-01 14:29:19,781 - INFO -   CF-Cost(6) cf_resid: -1727347.908163 (p=0.0000) ***
2026-03-01 14:29:19,785 - INFO -   CF-Cost(6) cf_resid_sq: -29510.799036 (p=0.4633) 
2026-03-01 14:29:19,788 - INFO -   CF-Cost(6) cf_resid_cu: 2963.903034 (p=0.0099) ***
2026-03-01 14:29:19,797 - INFO -   CF-Cost(6) joint F on poly: 104.70 -> endogeneity
2026-03-01 14:29:36,005 - INFO -   CF-Cost+FE(7) cf_resid: -562022.453173 (p=0.0016) ***
2026-03-01 14:29:36,005 - INFO -   CF-Cost+FE(7) cf_resid_sq: -177400.920473 (p=0.0000) ***
2026-03-01 14:29:36,005 - INFO -   CF-Cost+FE(7) cf_resid_cu: 8066.289450 (p=0.0000) ***
2026-03-01 14:29:36,029 - INFO -   CF-Cost+FE(7) joint F on poly: 107.46 -> endogeneity
2026-03-01 14:29:36,443 - INFO -   CF-Hausman(9) cf_resid_h: 782171.240674 (p=0.0021) ***
2026-03-01 14:29:36,445 - INFO -   CF-Hausman(9) cf_resid_h_sq: 73491.485518 (p=0.0000) ***
2026-03-01 14:29:36,448 - INFO -   CF-Hausman(9) cf_resid_h_cu: -3354.458915 (p=0.0000) ***
2026-03-01 14:29:36,461 - INFO -   CF-Hausman(9) joint F on poly: 12.54 -> endogeneity
2026-03-01 14:29:36,771 - INFO -   CF-Hausman(10) cf_resid_h: 1176364.719243 (p=0.0000) ***
2026-03-01 14:29:36,774 - INFO -   CF-Hausman(10) cf_resid_h_sq: 25507.129964 (p=0.0565) *
2026-03-01 14:29:36,774 - INFO -   CF-Hausman(10) cf_resid_h_cu: -3239.903347 (p=0.0000) ***
2026-03-01 14:29:36,789 - INFO -   CF-Hausman(10) joint F on poly: 8.28 -> endogeneity
2026-03-01 14:29:36,795 - INFO - Dep var: Dep_jkt (levels, CF) 
2026-03-01 14:29:36,795 - INFO - ------------------------------------------------------------------------------------------------------------------------------
2026-03-01 14:29:36,804 - INFO -                                    (5) CF Natl     (6) CF+Bank       (7) CF+FE    (8) CF+Clust     (9) CF-Haus  (10) CF-H+Bank
2026-03-01 14:29:36,804 - INFO - ------------------------------------------------------------------------------------------------------------------------------
2026-03-01 14:29:36,821 - INFO -   Υ_1,cons  (nr × D_{t-1})          1.1031***       1.2126***       1.2164***       1.2164***       1.1059***       1.2136*** 
2026-03-01 14:29:36,824 - INFO -                                 (   0.0212)   (   0.2533)   (   0.0105)   (   0.0484)   (   0.0215)   (   0.2457) 
2026-03-01 14:29:36,836 - INFO -   Υ_1,RF   (selic × nr × D_{t-1})     -0.0044*        -0.0029         -0.0003         -0.0003         -0.0045*        -0.0030    
2026-03-01 14:29:36,836 - INFO -                                 (   0.0023)   (   0.0019)   (   0.0009)   (   0.0043)   (   0.0024)   (   0.0019) 
2026-03-01 14:29:36,848 - INFO -   Υ_2,size (logA × nr × D_{t-1})                     -0.0641         -0.0775***      -0.0775***                      -0.0644    
2026-03-01 14:29:36,851 - INFO -                                                 (   0.0786)   (   0.0039)   (   0.0162)                   (   0.0761) 
2026-03-01 14:29:36,862 - INFO -   Υ_2,eq   (E/A × nr × D_{t-1})                     -0.3714          0.2136***       0.2136                         -0.3760    
2026-03-01 14:29:36,862 - INFO -                                                 (   0.4065)   (   0.0549)   (   0.2541)                   (   0.4059) 
2026-03-01 14:29:36,862 - INFO -   Υ_2,S2  (seg_S2 × nr × D_{t-1})                      0.0093                                                          0.0094    
2026-03-01 14:29:36,869 - INFO -                                                 (   0.0767)                                                   (   0.0746) 
2026-03-01 14:29:36,877 - INFO -   Υ_2,S3  (seg_S3 × nr × D_{t-1})                      0.0350                                                          0.0349    
2026-03-01 14:29:36,880 - INFO -                                                 (   0.1238)                                                   (   0.1207) 
2026-03-01 14:29:36,885 - INFO -   Υ_2,S4  (seg_S4 × nr × D_{t-1})                      0.0811                                                          0.0811    
2026-03-01 14:29:36,885 - INFO -                                                 (   0.1271)                                                   (   0.1235) 
2026-03-01 14:29:36,893 - INFO -   Υ_2,S5  (seg_S5 × nr × D_{t-1})                      0.0470                                                          0.0495    
2026-03-01 14:29:36,893 - INFO -                                                 (   0.1447)                                                   (   0.1423) 
2026-03-01 14:29:36,902 - INFO -   β₁ v̂  (CF-cost, 1st)         -1793586.1507***   -1727347.9082***   -562022.4532***   -562022.4532                                    
2026-03-01 14:29:36,907 - INFO -                                 (101078.4786)   (107271.9235)   (177728.0101)   (682572.2842)                                 
2026-03-01 14:29:36,913 - INFO -   β₂ v̂² (CF-cost, 2nd)         111008.0958***   -29510.7990      -177400.9205***   -177400.9205***                                 
2026-03-01 14:29:36,918 - INFO -                                 (22907.9159)   (40232.5447)   (14556.6680)   (56170.8896)                                 
2026-03-01 14:29:36,929 - INFO -   β₃ v̂³ (CF-cost, 3rd)         -1000.5867       2963.9030***    8066.2895***    8066.2895***                                 
2026-03-01 14:29:36,930 - INFO -                                 ( 694.9384)   (1148.6851)   ( 744.4599)   (2780.2906)                                 
2026-03-01 14:29:36,934 - INFO -   β₁ v̂ᴴ (CF-Hausman, 1st)                                                                      782171.2407***   1176364.7192*** 
2026-03-01 14:29:36,934 - INFO -                                                                                                 (253910.3637)   (267695.9942) 
2026-03-01 14:29:36,943 - INFO -   β₂ v̂ᴴ² (CF-Hausman, 2nd)                                                                     73491.4855***   25507.1300*   
2026-03-01 14:29:36,943 - INFO -                                                                                                 (13305.5905)   (13375.9914) 
2026-03-01 14:29:36,952 - INFO -   β₃ v̂ᴴ³ (CF-Hausman, 3rd)                                                                     -3354.4589***   -3239.9033*** 
2026-03-01 14:29:36,952 - INFO -                                                                                                 ( 791.8759)   ( 667.4521) 
2026-03-01 14:29:36,959 - INFO - ------------------------------------------------------------------------------------------------------------------------------
2026-03-01 14:29:36,961 - INFO -   N                                     61,765          61,670          61,765          61,765          61,765          61,670
2026-03-01 14:29:36,973 - INFO -   R²                                    0.9677          0.9703          0.9949          0.9949          0.9675          0.9703
2026-03-01 14:29:36,976 - INFO -   Inst×Type FE                              No              No             Yes             Yes              No              No
2026-03-01 14:29:36,979 - INFO -   Time FE                                   No              No             Yes             Yes              No              No
2026-03-01 14:29:36,981 - INFO -   SE type                            HC-robust       HC-robust       HC-robust      Inst-clust       HC-robust       HC-robust
2026-03-01 14:29:36,983 - INFO - ------------------------------------------------------------------------------------------------------------------------------
2026-03-01 14:29:36,993 - INFO - Supply specs available: ['(1) Natl', '(2) +Bank', '(3) +FE', '(4) Clust', '(5) CF Natl', '(6) CF+Bank', '(7) CF+FE', '(8) CF+Clust', '(9) CF-Haus', '(10) CF-H+Bank']
2026-03-01 14:29:37,001 - INFO - 
>>> Step 2: Computing structural sleeping-deposit predictions ...
2026-03-01 14:29:37,086 - INFO -   Supply spec '(1) Natl': hat_Y computed for 86,115 obs (struct cols = ['nr_lag', 'selic_nr_lag'])
2026-03-01 14:29:37,101 - INFO -   Supply spec '(2) +Bank': hat_Y computed for 85,979 obs (struct cols = ['nr_lag', 'selic_nr_lag', 'logA_nr_lag', 'eq_nr_lag', 'seg_S2_nr_lag', 'seg_S3_nr_lag', 'seg_S4_nr_lag', 'seg_S5_nr_lag'])
2026-03-01 14:29:37,107 - INFO -   Supply spec '(3) +FE': hat_Y computed for 86,115 obs (struct cols = ['nr_lag', 'selic_nr_lag', 'logA_nr_lag', 'eq_nr_lag'])
2026-03-01 14:29:37,117 - INFO -   Supply spec '(4) Clust': hat_Y computed for 86,115 obs (struct cols = ['nr_lag', 'selic_nr_lag', 'logA_nr_lag', 'eq_nr_lag'])
2026-03-01 14:29:37,130 - INFO -   Supply spec '(5) CF Natl': hat_Y computed for 86,115 obs (struct cols = ['nr_lag', 'selic_nr_lag'])
2026-03-01 14:29:37,140 - INFO -   Supply spec '(6) CF+Bank': hat_Y computed for 85,979 obs (struct cols = ['nr_lag', 'selic_nr_lag', 'logA_nr_lag', 'eq_nr_lag', 'seg_S2_nr_lag', 'seg_S3_nr_lag', 'seg_S4_nr_lag', 'seg_S5_nr_lag'])
2026-03-01 14:29:37,150 - INFO -   Supply spec '(7) CF+FE': hat_Y computed for 86,115 obs (struct cols = ['nr_lag', 'selic_nr_lag', 'logA_nr_lag', 'eq_nr_lag'])
2026-03-01 14:29:37,166 - INFO -   Supply spec '(8) CF+Clust': hat_Y computed for 86,115 obs (struct cols = ['nr_lag', 'selic_nr_lag', 'logA_nr_lag', 'eq_nr_lag'])
2026-03-01 14:29:37,175 - INFO -   Supply spec '(9) CF-Haus': hat_Y computed for 86,115 obs (struct cols = ['nr_lag', 'selic_nr_lag'])
2026-03-01 14:29:37,197 - INFO -   Supply spec '(10) CF-H+Bank': hat_Y computed for 85,979 obs (struct cols = ['nr_lag', 'selic_nr_lag', 'logA_nr_lag', 'eq_nr_lag', 'seg_S2_nr_lag', 'seg_S3_nr_lag', 'seg_S4_nr_lag', 'seg_S5_nr_lag'])
2026-03-01 14:29:37,203 - INFO - 
>>> Step 3: Active deposit diagnostics by supply spec ...
2026-03-01 14:29:37,214 - INFO -   '(1) Natl': active>0=65.4%, active=0=34.6%, mean(active|active>0)=78813405.5
2026-03-01 14:29:37,232 - INFO -   '(2) +Bank': active>0=41.0%, active=0=58.9%, mean(active|active>0)=99231703.4
2026-03-01 14:29:37,248 - INFO -   '(3) +FE': active>0=34.0%, active=0=66.0%, mean(active|active>0)=110922564.2
2026-03-01 14:29:37,259 - INFO -   '(4) Clust': active>0=34.0%, active=0=66.0%, mean(active|active>0)=110922564.2
2026-03-01 14:29:37,272 - INFO -   '(5) CF Natl': active>0=53.3%, active=0=46.7%, mean(active|active>0)=78178985.1
2026-03-01 14:29:37,280 - INFO -   '(6) CF+Bank': active>0=35.8%, active=0=64.0%, mean(active|active>0)=106252404.9
2026-03-01 14:29:37,299 - INFO -   '(7) CF+FE': active>0=24.7%, active=0=75.3%, mean(active|active>0)=128200638.4
2026-03-01 14:29:37,305 - INFO -   '(8) CF+Clust': active>0=24.7%, active=0=75.3%, mean(active|active>0)=128200638.4
2026-03-01 14:29:37,324 - INFO -   '(9) CF-Haus': active>0=52.9%, active=0=47.1%, mean(active|active>0)=78182598.0
2026-03-01 14:29:37,339 - INFO -   '(10) CF-H+Bank': active>0=35.7%, active=0=64.2%, mean(active|active>0)=106744248.5
2026-03-01 14:29:37,339 - INFO - 
>>> Step 4: Estimating Berry (1994) demand equation ...
2026-03-01 14:29:37,359 - INFO - Demand — type-interacted rate columns: ['rate_T1', 'rate_T2', 'rate_T3', 'rate_T4', 'rate_T5']
2026-03-01 14:29:37,361 - INFO - Demand CF cost shifters available: ['cosif_lag', 'log_assets_std', 'equity_ratio', 'lagged_cdi', 'lagged_selic', 'personnel_cost_ratio_lag', 'admin_cost_ratio_lag']
2026-03-01 14:29:37,701 - INFO - Demand CF-A first stage: N=61,765, R²=0.4393
2026-03-01 14:29:38,120 - INFO - Demand CF-B first stage: N=61,765, R²=0.6142
2026-03-01 14:29:38,415 - INFO - 
=== Demand: supply spec '(1) Natl' | N_valid=56,350, N_zero_active=29,765 / 86,115 ===
2026-03-01 14:29:38,415 - INFO -   log(s_active): mean=-8.2731, sd=2.4517
2026-03-01 14:29:38,602 - INFO -   D(1) Natl rate_T1: coef=0.000000 (SE=0.000000, p=nan)
2026-03-01 14:29:38,602 - INFO -   D(1) Natl rate_T2: coef=-3.126407 (SE=0.034272, p=0.0000)***
2026-03-01 14:29:38,620 - INFO -   D(1) Natl rate_T3: coef=-2.751295 (SE=0.022028, p=0.0000)***
2026-03-01 14:29:38,624 - INFO -   D(1) Natl rate_T4: coef=-0.370474 (SE=0.001764, p=0.0000)***
2026-03-01 14:29:38,629 - INFO -   D(1) Natl rate_T5: coef=-0.606113 (SE=0.024547, p=0.0000)***
2026-03-01 14:29:38,779 - INFO - 
=== Demand: supply spec '(2) +Bank' | N_valid=35,297, N_zero_active=50,682 / 86,115 ===
2026-03-01 14:29:38,783 - INFO -   log(s_active): mean=-8.2882, sd=2.6456
2026-03-01 14:29:38,916 - INFO -   D(2) +Bank rate_T1: coef=0.000000 (SE=0.000000, p=nan)
2026-03-01 14:29:38,922 - INFO -   D(2) +Bank rate_T2: coef=-3.057033 (SE=0.045089, p=0.0000)***
2026-03-01 14:29:38,925 - INFO -   D(2) +Bank rate_T3: coef=-2.295616 (SE=0.021057, p=0.0000)***
2026-03-01 14:29:38,927 - INFO -   D(2) +Bank rate_T4: coef=-0.406125 (SE=0.003215, p=0.0000)***
2026-03-01 14:29:38,931 - INFO -   D(2) +Bank rate_T5: coef=-0.599169 (SE=0.024873, p=0.0000)***
2026-03-01 14:29:39,056 - INFO - 
=== Demand: supply spec '(3) +FE' | N_valid=29,278, N_zero_active=56,837 / 86,115 ===
2026-03-01 14:29:39,068 - INFO -   log(s_active): mean=-7.9946, sd=2.6514
2026-03-01 14:29:46,908 - INFO -   D(3) +FE rate_T1: coef=0.000000 (SE=0.000000, p=nan)
2026-03-01 14:29:46,908 - INFO -   D(3) +FE rate_T2: coef=-3.170516 (SE=0.052002, p=0.0000)***
2026-03-01 14:29:46,914 - INFO -   D(3) +FE rate_T3: coef=-3.378943 (SE=0.029188, p=0.0000)***
2026-03-01 14:29:46,916 - INFO -   D(3) +FE rate_T4: coef=-1.103041 (SE=0.003245, p=0.0000)***
2026-03-01 14:29:46,918 - INFO -   D(3) +FE rate_T5: coef=-0.860662 (SE=0.033917, p=0.0000)***
2026-03-01 14:29:47,033 - INFO - 
=== Demand: supply spec '(4) Clust' | N_valid=29,278, N_zero_active=56,837 / 86,115 ===
2026-03-01 14:29:47,044 - INFO -   log(s_active): mean=-7.9946, sd=2.6514
2026-03-01 14:29:54,335 - INFO -   D(4) Clust rate_T1: coef=0.000000 (SE=0.000000, p=nan)
2026-03-01 14:29:54,335 - INFO -   D(4) Clust rate_T2: coef=-3.170516 (SE=0.087514, p=0.0000)***
2026-03-01 14:29:54,342 - INFO -   D(4) Clust rate_T3: coef=-3.378943 (SE=0.081774, p=0.0000)***
2026-03-01 14:29:54,344 - INFO -   D(4) Clust rate_T4: coef=-1.103041 (SE=0.013846, p=0.0000)***
2026-03-01 14:29:54,347 - INFO -   D(4) Clust rate_T5: coef=-0.860662 (SE=0.052887, p=0.0000)***
2026-03-01 14:29:54,528 - INFO - 
=== Demand: supply spec '(5) CF Natl' | N_valid=45,888, N_zero_active=40,227 / 86,115 ===
2026-03-01 14:29:54,535 - INFO -   log(s_active): mean=-8.0780, sd=2.3853
2026-03-01 14:29:54,684 - INFO -   D(5) CF Natl rate_T1: coef=0.000000 (SE=0.000000, p=nan)
2026-03-01 14:29:54,684 - INFO -   D(5) CF Natl rate_T2: coef=-2.998087 (SE=0.045382, p=0.0000)***
2026-03-01 14:29:54,691 - INFO -   D(5) CF Natl rate_T3: coef=-2.888250 (SE=0.030738, p=0.0000)***
2026-03-01 14:29:54,691 - INFO -   D(5) CF Natl rate_T4: coef=-0.608142 (SE=0.004920, p=0.0000)***
2026-03-01 14:29:54,700 - INFO -   D(5) CF Natl rate_T5: coef=-3.141095 (SE=0.074624, p=0.0000)***
2026-03-01 14:29:54,831 - INFO - 
=== Demand: supply spec '(6) CF+Bank' | N_valid=30,863, N_zero_active=55,116 / 86,115 ===
2026-03-01 14:29:54,840 - INFO -   log(s_active): mean=-8.1089, sd=2.6657
2026-03-01 14:29:54,939 - INFO -   D(6) CF+Bank rate_T1: coef=0.000000 (SE=0.000000, p=nan)
2026-03-01 14:29:54,939 - INFO -   D(6) CF+Bank rate_T2: coef=-3.186625 (SE=0.056971, p=0.0000)***
2026-03-01 14:29:54,945 - INFO -   D(6) CF+Bank rate_T3: coef=-2.973707 (SE=0.038210, p=0.0000)***
2026-03-01 14:29:54,947 - INFO -   D(6) CF+Bank rate_T4: coef=-0.689148 (SE=0.006808, p=0.0000)***
2026-03-01 14:29:54,953 - INFO -   D(6) CF+Bank rate_T5: coef=-3.279477 (SE=0.088171, p=0.0000)***
2026-03-01 14:29:55,036 - INFO - 
=== Demand: supply spec '(7) CF+FE' | N_valid=21,242, N_zero_active=64,873 / 86,115 ===
2026-03-01 14:29:55,036 - INFO -   log(s_active): mean=-7.5396, sd=2.5469
2026-03-01 14:30:01,901 - INFO -   D(7) CF+FE rate_T1: coef=0.000000 (SE=0.000000, p=nan)
2026-03-01 14:30:01,901 - INFO -   D(7) CF+FE rate_T2: coef=-2.728628 (SE=0.060415, p=0.0000)***
2026-03-01 14:30:01,912 - INFO -   D(7) CF+FE rate_T3: coef=-3.373280 (SE=0.053129, p=0.0000)***
2026-03-01 14:30:01,919 - INFO -   D(7) CF+FE rate_T4: coef=-0.839995 (SE=0.013211, p=0.0000)***
2026-03-01 14:30:01,924 - INFO -   D(7) CF+FE rate_T5: coef=-2.600914 (SE=0.097625, p=0.0000)***
2026-03-01 14:30:02,033 - INFO - 
=== Demand: supply spec '(8) CF+Clust' | N_valid=21,242, N_zero_active=64,873 / 86,115 ===
2026-03-01 14:30:02,042 - INFO -   log(s_active): mean=-7.5396, sd=2.5469
2026-03-01 14:30:09,016 - INFO -   D(8) CF+Clust rate_T1: coef=0.000000 (SE=0.000000, p=nan)
2026-03-01 14:30:09,018 - INFO -   D(8) CF+Clust rate_T2: coef=-2.728628 (SE=0.098879, p=0.0000)***
2026-03-01 14:30:09,021 - INFO -   D(8) CF+Clust rate_T3: coef=-3.373280 (SE=0.099123, p=0.0000)***
2026-03-01 14:30:09,025 - INFO -   D(8) CF+Clust rate_T4: coef=-0.839995 (SE=0.024486, p=0.0000)***
2026-03-01 14:30:09,027 - INFO -   D(8) CF+Clust rate_T5: coef=-2.600914 (SE=0.164090, p=0.0000)***
2026-03-01 14:30:09,202 - INFO - 
=== Demand: supply spec '(9) CF-Haus' | N_valid=45,555, N_zero_active=40,560 / 86,115 ===
2026-03-01 14:30:09,210 - INFO -   log(s_active): mean=-8.0737, sd=2.3880
2026-03-01 14:30:09,354 - INFO -   D(9) CF-Haus rate_T1: coef=0.000000 (SE=0.000000, p=nan)
2026-03-01 14:30:09,364 - INFO -   D(9) CF-Haus rate_T2: coef=-2.939040 (SE=0.035200, p=0.0000)***
2026-03-01 14:30:09,368 - INFO -   D(9) CF-Haus rate_T3: coef=-2.762493 (SE=0.030052, p=0.0000)***
2026-03-01 14:30:09,371 - INFO -   D(9) CF-Haus rate_T4: coef=-0.608327 (SE=0.004889, p=0.0000)***
2026-03-01 14:30:09,373 - INFO -   D(9) CF-Haus rate_T5: coef=-3.191372 (SE=0.073525, p=0.0000)***
2026-03-01 14:30:09,516 - INFO - 
=== Demand: supply spec '(10) CF-H+Bank' | N_valid=30,712, N_zero_active=55,267 / 86,115 ===
2026-03-01 14:30:09,516 - INFO -   log(s_active): mean=-8.1068, sd=2.6701
2026-03-01 14:30:09,618 - INFO -   D(10) CF-H+Bank rate_T1: coef=0.000000 (SE=0.000000, p=nan)
2026-03-01 14:30:09,628 - INFO -   D(10) CF-H+Bank rate_T2: coef=-3.186325 (SE=0.057212, p=0.0000)***
2026-03-01 14:30:09,632 - INFO -   D(10) CF-H+Bank rate_T3: coef=-2.977007 (SE=0.038273, p=0.0000)***
2026-03-01 14:30:09,635 - INFO -   D(10) CF-H+Bank rate_T4: coef=-0.690479 (SE=0.006804, p=0.0000)***
2026-03-01 14:30:09,640 - INFO -   D(10) CF-H+Bank rate_T5: coef=-3.282409 (SE=0.088218, p=0.0000)***
2026-03-01 14:30:09,672 - INFO - 
>>> Step 5: Exporting demand results ...
2026-03-01 14:30:09,727 - INFO - Demand results exported to c:\Users\pedro\OneDrive\Documentos\Yale\Year 3 (2024 - 2025)\Open Finance\Open-Finance\BCB\Egan_et_al_2025_Rep\processed\ESTIMATION_OUTPUT\demand_results_institution.csv
2026-03-01 14:30:09,833 - INFO - Demand LaTeX table exported to c:\Users\pedro\OneDrive\Documentos\Yale\Year 3 (2024 - 2025)\Open Finance\Open-Finance\BCB\Egan_et_al_2025_Rep\processed\ESTIMATION_OUTPUT\demand_table_institution.tex
2026-03-01 14:30:09,833 - INFO - Demand specs estimated: ['D(1) Natl', 'D(2) +Bank', 'D(3) +FE', 'D(4) Clust', 'D(5) CF Natl', 'D(6) CF+Bank', 'D(7) CF+FE', 'D(8) CF+Clust', 'D(9) CF-Haus', 'D(10) CF-H+Bank']
2026-03-01 14:30:09,835 - INFO - Done — estimation_demand_2.py complete.
2026-03-01 17:32:00,546 - INFO - ================================================================================
2026-03-01 17:32:00,546 - INFO - DEMAND ESTIMATION -- INSTITUTION LEVEL
2026-03-01 17:32:00,546 - INFO - Berry (1994) active market shares | estimation_demand_2.py
2026-03-01 17:32:00,546 - INFO - ================================================================================
2026-03-01 17:32:00,546 - INFO - 
>>> Step 1: Loading panel and running supply estimation ...
2026-03-01 17:32:00,562 - INFO - Loading institution-level panel ...
2026-03-01 17:32:00,564 - INFO - Loading from Parquet: C:\Users\pedro\OneDrive\Documentos\Yale\Year 3 (2024 - 2025)\Open Finance\Open-Finance\BCB\Egan_et_al_2025_Rep\processed\PANEL_INTERMED\egan_panel_institution.parquet
2026-03-01 17:32:01,726 - INFO - Raw panel: 327,921 rows, 30 cols
2026-03-01 17:32:01,726 - INFO -   total_assets coverage: 327,921 / 327,921
2026-03-01 17:32:01,742 - INFO -   equity_ratio coverage: 325,670 / 327,921
2026-03-01 17:32:01,778 - INFO -   segment coverage: 305,121 / 327,921
2026-03-01 17:32:02,155 - INFO - log_total_assets: mean=19.57, sd=2.58 (standardized)
2026-03-01 17:32:02,489 - INFO - Winsorized deposit_balance at [p1,p99]=[22.2,27598806145.7]: dropped 1,758 outliers
2026-03-01 17:32:02,492 - INFO - Estimation sample: 86,115 rows
2026-03-01 17:32:02,498 - INFO -   Institutions: 1412
2026-03-01 17:32:02,506 - INFO -   Quarters:     45
2026-03-01 17:32:02,514 - INFO -   Types:        [np.int64(1), np.int64(2), np.int64(3), np.int64(4), np.int64(5)]
2026-03-01 17:32:02,514 - INFO - Dep var (deposit_balance, levels): mean=468536318.9, sd=1898412194.9, p5=563389.0, p95=1867473043.7
2026-03-01 17:32:02,531 - INFO - nr_lag (nr x D_{t-1}): mean=433104640.400750, sd=1825562570.207187
2026-03-01 17:32:02,539 - INFO - Lagged Selic: mean=9.98, sd=3.98, min=2.00, max=15.00
2026-03-01 17:32:02,553 - INFO - Segment distribution: {'S5': 48178, 'S4': 21516, 'S3': 6878, 'S2': 1707, 'S1': 1666}
2026-03-01 17:32:02,568 - INFO - ================================================================================
2026-03-01 17:32:02,576 - INFO - INSTITUTION-LEVEL STRUCTURAL ESTIMATION
2026-03-01 17:32:02,577 - INFO -   D_jkt = phi(S,X) * nr * D_jkt-1 + eps  (levels, no ratio)
2026-03-01 17:32:02,581 - INFO - ================================================================================
2026-03-01 17:32:08,450 - INFO - Dep var: Dep_jkt (levels)     
2026-03-01 17:32:08,450 - INFO - ----------------------------------------------------------------------------------------------
2026-03-01 17:32:08,450 - INFO -                                       (1) Natl       (2) +Bank         (3) +FE       (4) Clust
2026-03-01 17:32:08,450 - INFO - ----------------------------------------------------------------------------------------------
2026-03-01 17:32:08,456 - INFO -   Y_1,cons  (nr x D_{t-1})          1.0150***       1.1549***       1.2573***       1.2573*** 
2026-03-01 17:32:08,456 - INFO -                                 (   0.0247)   (   0.0599)   (   0.0232)   (   0.0892) 
2026-03-01 17:32:08,456 - INFO -   Y_1,RF   (selic x nr x D_{t-1})     -0.0001         -0.0025         -0.0001         -0.0001    
2026-03-01 17:32:08,456 - INFO -                                 (   0.0024)   (   0.0019)   (   0.0021)   (   0.0066) 
2026-03-01 17:32:08,456 - INFO -   Y_2,size (logA x nr x D_{t-1})                     -0.0527**       -0.0848***      -0.0848*** 
2026-03-01 17:32:08,456 - INFO -                                                 (   0.0226)   (   0.0034)   (   0.0131) 
2026-03-01 17:32:08,456 - INFO -   Y_2,eq   (E/A x nr x D_{t-1})                     -0.5482**       -0.4098***      -0.4098*   
2026-03-01 17:32:08,456 - INFO -                                                 (   0.2653)   (   0.0706)   (   0.2125) 
2026-03-01 17:32:08,464 - INFO -   Y_2,S2  (seg_S2 x nr x D_{t-1})                      0.0304                                    
2026-03-01 17:32:08,464 - INFO -                                                 (   0.0218)                                 
2026-03-01 17:32:08,464 - INFO -   Y_2,S3  (seg_S3 x nr x D_{t-1})                      0.1199***                                 
2026-03-01 17:32:08,467 - INFO -                                                 (   0.0185)                                 
2026-03-01 17:32:08,469 - INFO -   Y_2,S4  (seg_S4 x nr x D_{t-1})                      0.1175***                                 
2026-03-01 17:32:08,469 - INFO -                                                 (   0.0245)                                 
2026-03-01 17:32:08,469 - INFO -   Y_2,S5  (seg_S5 x nr x D_{t-1})                      0.1225***                                 
2026-03-01 17:32:08,469 - INFO -                                                 (   0.0294)                                 
2026-03-01 17:32:08,469 - INFO - ----------------------------------------------------------------------------------------------
2026-03-01 17:32:08,469 - INFO -   N                                     86,115          85,979          86,115          86,115
2026-03-01 17:32:08,469 - INFO -   R^2                                   0.9470          0.9544          0.9915          0.9915
2026-03-01 17:32:08,476 - INFO -   InstxType FE                              No              No             Yes             Yes
2026-03-01 17:32:08,476 - INFO -   Time FE                                   No              No             Yes             Yes
2026-03-01 17:32:08,476 - INFO -   SE type                            HC-robust       HC-robust       HC-robust      Inst-clust
2026-03-01 17:32:08,476 - INFO - ----------------------------------------------------------------------------------------------
2026-03-01 17:32:08,476 - INFO - Interpretation guide:
2026-03-01 17:32:08,476 - INFO -   Y_1,cons = coef on nr_lag = phi_cons (retention scaling factor)
2026-03-01 17:32:08,476 - INFO -   Y_1,RF < 0  -> depositors sleepier when rates low
2026-03-01 17:32:08,476 - INFO -   Y_2,size > 0 -> larger institutions retain more deposits
2026-03-01 17:32:08,476 - INFO - Baseline retention coef on nr_lag (Spec 1): 1.0150
2026-03-01 17:32:08,476 - INFO - ================================================================================
2026-03-01 17:32:08,476 - INFO - CONTROL FUNCTION ESTIMATION (semi-parametric CF) [INSTITUTION]
2026-03-01 17:32:08,476 - INFO -   Stage 1: spread_jkt ~ cost_shifters + type_dummies  -->  v_hat
2026-03-01 17:32:08,476 - INFO -   Stage 2: deposit_balance = phi(S,X)*nr*D_{t-1} + b1*v + b2*v^2 + b3*v^3 + eps
2026-03-01 17:32:08,484 - INFO -   All deposit types treated as potentially endogenous.
2026-03-01 17:32:08,484 - INFO - ================================================================================
2026-03-01 17:32:08,486 - INFO - First-stage cost shifters: ['cosif_lag', 'log_assets_std', 'equity_ratio', 'lagged_cdi', 'lagged_selic', 'personnel_cost_ratio_lag', 'admin_cost_ratio_lag']
2026-03-01 17:32:08,549 - INFO - First-stage A -- N=61,765, R^2=0.4436
2026-03-01 17:32:08,549 - INFO -   cosif_lag: coef=-0.193694, p=0.0000
2026-03-01 17:32:08,557 - INFO -   log_assets_std: coef=0.174284, p=0.0062
2026-03-01 17:32:08,557 - INFO -   equity_ratio: coef=-0.630093, p=0.0999
2026-03-01 17:32:08,557 - INFO -   lagged_cdi: coef=6.267570, p=0.0000
2026-03-01 17:32:08,557 - INFO -   lagged_selic: coef=-1.668585, p=0.0000
2026-03-01 17:32:08,557 - INFO -   personnel_cost_ratio_lag: coef=31.229801, p=0.0001
2026-03-01 17:32:08,561 - INFO -   admin_cost_ratio_lag: coef=1.006311, p=0.1205
2026-03-01 17:32:08,561 - INFO -   type2_d: coef=2.030980, p=0.0000
2026-03-01 17:32:08,562 - INFO -   type3_d: coef=2.379298, p=0.0000
2026-03-01 17:32:08,563 - INFO -   type4_d: coef=13.496198, p=0.0000
2026-03-01 17:32:08,563 - INFO -   type5_d: coef=-1.719117, p=0.0000
2026-03-01 17:32:08,568 - INFO -   Joint F (cost vars): 1581.75 (strong)
2026-03-01 17:32:08,590 - INFO - Computing Hausman IV (leave-one-out spread mean by type x quarter) ...
2026-03-01 17:32:08,664 - INFO - First-stage B -- N=61,765, R^2=0.6176
2026-03-01 17:32:08,666 - INFO -   hausman_iv_spread: coef=1.329530, p=0.0000
2026-03-01 17:32:08,666 - INFO -   cosif_lag: coef=-0.016116, p=0.0000
2026-03-01 17:32:08,666 - INFO -   log_assets_std: coef=-0.159972, p=0.0040
2026-03-01 17:32:08,668 - INFO -   equity_ratio: coef=-4.447458, p=0.0000
2026-03-01 17:32:08,669 - INFO -   lagged_cdi: coef=-0.289040, p=0.0783
2026-03-01 17:32:08,669 - INFO -   lagged_selic: coef=0.105499, p=0.0063
2026-03-01 17:32:08,670 - INFO -   personnel_cost_ratio_lag: coef=7.601896, p=0.2106
2026-03-01 17:32:08,670 - INFO -   admin_cost_ratio_lag: coef=0.611274, p=0.0415
2026-03-01 17:32:08,672 - INFO -   F (Hausman IV): 15254.58 (strong)
2026-03-01 17:32:08,700 - INFO - CF residuals (Cost-only): N=61,765, mean=0.000000, sd=7.940313
2026-03-01 17:32:08,704 - INFO - CF residuals (Hausman): N=61,765, mean=0.000000, sd=6.582945
2026-03-01 17:32:08,752 - INFO -   CF-Cost(5) cf_resid: -1793586.150654 (p=0.0000) ***
2026-03-01 17:32:08,752 - INFO -   CF-Cost(5) cf_resid_sq: 111008.095820 (p=0.0000) ***
2026-03-01 17:32:08,752 - INFO -   CF-Cost(5) cf_resid_cu: -1000.586658 (p=0.1499) 
2026-03-01 17:32:08,754 - INFO -   CF-Cost(5) joint F on poly: 114.28 -> endogeneity
2026-03-01 17:32:08,817 - INFO -   CF-Cost(6) cf_resid: -1727347.908163 (p=0.0000) ***
2026-03-01 17:32:08,819 - INFO -   CF-Cost(6) cf_resid_sq: -29510.799036 (p=0.4633) 
2026-03-01 17:32:08,819 - INFO -   CF-Cost(6) cf_resid_cu: 2963.903034 (p=0.0099) ***
2026-03-01 17:32:08,819 - INFO -   CF-Cost(6) joint F on poly: 104.70 -> endogeneity
2026-03-01 17:32:18,825 - INFO -   CF-Cost+FE(7) cf_resid: -562022.453173 (p=0.0016) ***
2026-03-01 17:32:18,825 - INFO -   CF-Cost+FE(7) cf_resid_sq: -177400.920473 (p=0.0000) ***
2026-03-01 17:32:18,825 - INFO -   CF-Cost+FE(7) cf_resid_cu: 8066.289450 (p=0.0000) ***
2026-03-01 17:32:18,847 - INFO -   CF-Cost+FE(7) joint F on poly: 107.46 -> endogeneity
2026-03-01 17:32:19,281 - INFO -   CF-Hausman(9) cf_resid_h: 782171.240674 (p=0.0021) ***
2026-03-01 17:32:19,281 - INFO -   CF-Hausman(9) cf_resid_h_sq: 73491.485518 (p=0.0000) ***
2026-03-01 17:32:19,281 - INFO -   CF-Hausman(9) cf_resid_h_cu: -3354.458915 (p=0.0000) ***
2026-03-01 17:32:19,298 - INFO -   CF-Hausman(9) joint F on poly: 12.54 -> endogeneity
2026-03-01 17:32:19,548 - INFO -   CF-Hausman(10) cf_resid_h: 1176364.719243 (p=0.0000) ***
2026-03-01 17:32:19,556 - INFO -   CF-Hausman(10) cf_resid_h_sq: 25507.129964 (p=0.0565) *
2026-03-01 17:32:19,558 - INFO -   CF-Hausman(10) cf_resid_h_cu: -3239.903347 (p=0.0000) ***
2026-03-01 17:32:19,570 - INFO -   CF-Hausman(10) joint F on poly: 8.28 -> endogeneity
2026-03-01 17:32:19,576 - INFO - Dep var: Dep_jkt (levels, CF) 
2026-03-01 17:32:19,578 - INFO - ------------------------------------------------------------------------------------------------------------------------------
2026-03-01 17:32:19,578 - INFO -                                    (5) CF Natl     (6) CF+Bank       (7) CF+FE    (8) CF+Clust     (9) CF-Haus  (10) CF-H+Bank
2026-03-01 17:32:19,578 - INFO - ------------------------------------------------------------------------------------------------------------------------------
2026-03-01 17:32:19,598 - INFO -   Y_1,cons  (nr x D_{t-1})          1.1031***       1.2126***       1.2164***       1.2164***       1.1059***       1.2136*** 
2026-03-01 17:32:19,598 - INFO -                                 (   0.0212)   (   0.2533)   (   0.0105)   (   0.0484)   (   0.0215)   (   0.2457) 
2026-03-01 17:32:19,617 - INFO -   Y_1,RF   (selic x nr x D_{t-1})     -0.0044*        -0.0029         -0.0003         -0.0003         -0.0045*        -0.0030    
2026-03-01 17:32:19,619 - INFO -                                 (   0.0023)   (   0.0019)   (   0.0009)   (   0.0043)   (   0.0024)   (   0.0019) 
2026-03-01 17:32:19,628 - INFO -   Y_2,size (logA x nr x D_{t-1})                     -0.0641         -0.0775***      -0.0775***                      -0.0644    
2026-03-01 17:32:19,630 - INFO -                                                 (   0.0786)   (   0.0039)   (   0.0162)                   (   0.0761) 
2026-03-01 17:32:19,640 - INFO -   Y_2,eq   (E/A x nr x D_{t-1})                     -0.3714          0.2136***       0.2136                         -0.3760    
2026-03-01 17:32:19,642 - INFO -                                                 (   0.4065)   (   0.0549)   (   0.2541)                   (   0.4059) 
2026-03-01 17:32:19,648 - INFO -   Y_2,S2  (seg_S2 x nr x D_{t-1})                      0.0093                                                          0.0094    
2026-03-01 17:32:19,648 - INFO -                                                 (   0.0767)                                                   (   0.0746) 
2026-03-01 17:32:19,654 - INFO -   Y_2,S3  (seg_S3 x nr x D_{t-1})                      0.0350                                                          0.0349    
2026-03-01 17:32:19,654 - INFO -                                                 (   0.1238)                                                   (   0.1207) 
2026-03-01 17:32:19,660 - INFO -   Y_2,S4  (seg_S4 x nr x D_{t-1})                      0.0811                                                          0.0811    
2026-03-01 17:32:19,666 - INFO -                                                 (   0.1271)                                                   (   0.1235) 
2026-03-01 17:32:19,673 - INFO -   Y_2,S5  (seg_S5 x nr x D_{t-1})                      0.0470                                                          0.0495    
2026-03-01 17:32:19,677 - INFO -                                                 (   0.1447)                                                   (   0.1423) 
2026-03-01 17:32:19,685 - INFO -   beta_1 v^  (CF-cost, 1st)     -1793586.1507***   -1727347.9082***   -562022.4532***   -562022.4532                                    
2026-03-01 17:32:19,685 - INFO -                                 (101078.4786)   (107271.9235)   (177728.0101)   (682572.2842)                                 
2026-03-01 17:32:19,697 - INFO -   beta_2 v^^2 (CF-cost, 2nd)    111008.0958***   -29510.7990      -177400.9205***   -177400.9205***                                 
2026-03-01 17:32:19,699 - INFO -                                 (22907.9159)   (40232.5447)   (14556.6680)   (56170.8896)                                 
2026-03-01 17:32:19,712 - INFO -   beta_3 v^^3 (CF-cost, 3rd)    -1000.5867       2963.9030***    8066.2895***    8066.2895***                                 
2026-03-01 17:32:19,712 - INFO -                                 ( 694.9384)   (1148.6851)   ( 744.4599)   (2780.2906)                                 
2026-03-01 17:32:19,720 - INFO -   beta_1 v^H (CF-Hausman, 1st)                                                                  782171.2407***   1176364.7192*** 
2026-03-01 17:32:19,720 - INFO -                                                                                                 (253910.3637)   (267695.9942) 
2026-03-01 17:32:19,726 - INFO -   beta_2 v^H^2 (CF-Hausman, 2nd)                                                                  73491.4855***   25507.1300*   
2026-03-01 17:32:19,726 - INFO -                                                                                                 (13305.5905)   (13375.9914) 
2026-03-01 17:32:19,736 - INFO -   beta_3 v^H^3 (CF-Hausman, 3rd)                                                                  -3354.4589***   -3239.9033*** 
2026-03-01 17:32:19,736 - INFO -                                                                                                 ( 791.8759)   ( 667.4521) 
2026-03-01 17:32:19,740 - INFO - ------------------------------------------------------------------------------------------------------------------------------
2026-03-01 17:32:19,742 - INFO -   N                                     61,765          61,670          61,765          61,765          61,765          61,670
2026-03-01 17:32:19,757 - INFO -   R^2                                   0.9677          0.9703          0.9949          0.9949          0.9675          0.9703
2026-03-01 17:32:19,759 - INFO -   InstxType FE                              No              No             Yes             Yes              No              No
2026-03-01 17:32:19,759 - INFO -   Time FE                                   No              No             Yes             Yes              No              No
2026-03-01 17:32:19,759 - INFO -   SE type                            HC-robust       HC-robust       HC-robust      Inst-clust       HC-robust       HC-robust
2026-03-01 17:32:19,759 - INFO - ------------------------------------------------------------------------------------------------------------------------------
2026-03-01 17:32:19,783 - INFO - Supply specs available: ['(1) Natl', '(2) +Bank', '(3) +FE', '(4) Clust', '(5) CF Natl', '(6) CF+Bank', '(7) CF+FE', '(8) CF+Clust', '(9) CF-Haus', '(10) CF-H+Bank']
2026-03-01 17:32:19,783 - INFO - 
>>> Step 2: Computing structural sleeping-deposit predictions ...
2026-03-01 17:32:19,886 - INFO -   Supply spec '(1) Natl': hat_Y computed for 86,115 obs (struct cols = ['nr_lag', 'selic_nr_lag'])
2026-03-01 17:32:19,898 - INFO -   Supply spec '(2) +Bank': hat_Y computed for 85,979 obs (struct cols = ['nr_lag', 'selic_nr_lag', 'logA_nr_lag', 'eq_nr_lag', 'seg_S2_nr_lag', 'seg_S3_nr_lag', 'seg_S4_nr_lag', 'seg_S5_nr_lag'])
2026-03-01 17:32:19,913 - INFO -   Supply spec '(3) +FE': hat_Y computed for 86,115 obs (struct cols = ['nr_lag', 'selic_nr_lag', 'logA_nr_lag', 'eq_nr_lag'])
2026-03-01 17:32:19,922 - INFO -   Supply spec '(4) Clust': hat_Y computed for 86,115 obs (struct cols = ['nr_lag', 'selic_nr_lag', 'logA_nr_lag', 'eq_nr_lag'])
2026-03-01 17:32:19,931 - INFO -   Supply spec '(5) CF Natl': hat_Y computed for 86,115 obs (struct cols = ['nr_lag', 'selic_nr_lag'])
2026-03-01 17:32:19,948 - INFO -   Supply spec '(6) CF+Bank': hat_Y computed for 85,979 obs (struct cols = ['nr_lag', 'selic_nr_lag', 'logA_nr_lag', 'eq_nr_lag', 'seg_S2_nr_lag', 'seg_S3_nr_lag', 'seg_S4_nr_lag', 'seg_S5_nr_lag'])
2026-03-01 17:32:19,957 - INFO -   Supply spec '(7) CF+FE': hat_Y computed for 86,115 obs (struct cols = ['nr_lag', 'selic_nr_lag', 'logA_nr_lag', 'eq_nr_lag'])
2026-03-01 17:32:19,973 - INFO -   Supply spec '(8) CF+Clust': hat_Y computed for 86,115 obs (struct cols = ['nr_lag', 'selic_nr_lag', 'logA_nr_lag', 'eq_nr_lag'])
2026-03-01 17:32:19,980 - INFO -   Supply spec '(9) CF-Haus': hat_Y computed for 86,115 obs (struct cols = ['nr_lag', 'selic_nr_lag'])
2026-03-01 17:32:19,992 - INFO -   Supply spec '(10) CF-H+Bank': hat_Y computed for 85,979 obs (struct cols = ['nr_lag', 'selic_nr_lag', 'logA_nr_lag', 'eq_nr_lag', 'seg_S2_nr_lag', 'seg_S3_nr_lag', 'seg_S4_nr_lag', 'seg_S5_nr_lag'])
2026-03-01 17:32:19,996 - INFO - 
>>> Step 3: Active deposit diagnostics by supply spec ...
2026-03-01 17:32:20,013 - INFO -   '(1) Natl': active>0=65.4%, active=0=34.6%, mean(active|active>0)=78813405.5
2026-03-01 17:32:20,023 - INFO -   '(2) +Bank': active>0=41.0%, active=0=58.9%, mean(active|active>0)=99231703.4
2026-03-01 17:32:20,040 - INFO -   '(3) +FE': active>0=34.0%, active=0=66.0%, mean(active|active>0)=110922564.2
2026-03-01 17:32:20,054 - INFO -   '(4) Clust': active>0=34.0%, active=0=66.0%, mean(active|active>0)=110922564.2
2026-03-01 17:32:20,067 - INFO -   '(5) CF Natl': active>0=53.3%, active=0=46.7%, mean(active|active>0)=78178985.1
2026-03-01 17:32:20,076 - INFO -   '(6) CF+Bank': active>0=35.8%, active=0=64.0%, mean(active|active>0)=106252404.9
2026-03-01 17:32:20,094 - INFO -   '(7) CF+FE': active>0=24.7%, active=0=75.3%, mean(active|active>0)=128200638.4
2026-03-01 17:32:20,104 - INFO -   '(8) CF+Clust': active>0=24.7%, active=0=75.3%, mean(active|active>0)=128200638.4
2026-03-01 17:32:20,112 - INFO -   '(9) CF-Haus': active>0=52.9%, active=0=47.1%, mean(active|active>0)=78182598.0
2026-03-01 17:32:20,129 - INFO -   '(10) CF-H+Bank': active>0=35.7%, active=0=64.2%, mean(active|active>0)=106744248.5
2026-03-01 17:32:20,131 - INFO - 
>>> Step 4: Estimating Berry (1994) demand equation ...
2026-03-01 17:32:20,146 - INFO - Demand -- type-interacted rate columns: ['rate_T1', 'rate_T2', 'rate_T3', 'rate_T4', 'rate_T5']
2026-03-01 17:32:20,244 - INFO - Endogenous types [4, 5]: 40,552 obs (47.1% of full sample)
2026-03-01 17:32:20,252 - INFO - Demand CF cost shifters (types 4-5): ['cosif_lag', 'log_assets_std', 'equity_ratio', 'lagged_cdi', 'lagged_selic', 'personnel_cost_ratio_lag', 'admin_cost_ratio_lag']
2026-03-01 17:32:20,366 - INFO - Demand CF-A (types 4-5): N=29,718, R^2=0.2255
2026-03-01 17:32:20,382 - INFO -   Joint F (cost vars): 1451.94 (strong)
2026-03-01 17:32:20,587 - INFO - Demand CF-B (types 4-5, +Hausman IV): N=29,718, R^2=0.4031
2026-03-01 17:32:20,590 - INFO -   F (Hausman IV): 5954.22 (strong)
2026-03-01 17:32:20,819 - INFO - 
=== Demand: supply spec '(1) Natl' | N_valid=56,350, N_zero_active=29,765 / 86,115 ===
2026-03-01 17:32:20,822 - INFO -   log(s_active): mean=-9.6998, sd=2.5073
2026-03-01 17:32:20,995 - INFO -   D(1) Natl rate_T1: coef=0.000000 (SE=0.000000, p=nan)
2026-03-01 17:32:20,995 - INFO -   D(1) Natl rate_T2: coef=-6.343990 (SE=0.037171, p=0.0000)***
2026-03-01 17:32:21,002 - INFO -   D(1) Natl rate_T3: coef=-3.359215 (SE=0.023153, p=0.0000)***
2026-03-01 17:32:21,006 - INFO -   D(1) Natl rate_T4: coef=-0.387004 (SE=0.001823, p=0.0000)***
2026-03-01 17:32:21,010 - INFO -   D(1) Natl rate_T5: coef=-0.881378 (SE=0.031653, p=0.0000)***
2026-03-01 17:32:21,144 - INFO - 
=== Demand: supply spec '(2) +Bank' | N_valid=35,297, N_zero_active=50,682 / 86,115 ===
2026-03-01 17:32:21,144 - INFO -   log(s_active): mean=-9.6195, sd=2.7162
2026-03-01 17:32:21,289 - INFO -   D(2) +Bank rate_T1: coef=0.000000 (SE=0.000000, p=nan)
2026-03-01 17:32:21,294 - INFO -   D(2) +Bank rate_T2: coef=-6.165891 (SE=0.049424, p=0.0000)***
2026-03-01 17:32:21,299 - INFO -   D(2) +Bank rate_T3: coef=-2.747840 (SE=0.022158, p=0.0000)***
2026-03-01 17:32:21,306 - INFO -   D(2) +Bank rate_T4: coef=-0.430904 (SE=0.003365, p=0.0000)***
2026-03-01 17:32:21,310 - INFO -   D(2) +Bank rate_T5: coef=-0.889012 (SE=0.031552, p=0.0000)***
2026-03-01 17:32:21,425 - INFO - 
=== Demand: supply spec '(3) +FE' | N_valid=29,278, N_zero_active=56,837 / 86,115 ===
2026-03-01 17:32:21,427 - INFO -   log(s_active): mean=-9.3068, sd=2.7073
2026-03-01 17:32:29,614 - INFO -   D(3) +FE rate_T1: coef=0.000000 (SE=0.000000, p=nan)
2026-03-01 17:32:29,614 - INFO -   D(3) +FE rate_T2: coef=-6.852705 (SE=0.059136, p=0.0000)***
2026-03-01 17:32:29,614 - INFO -   D(3) +FE rate_T3: coef=-4.263989 (SE=0.033743, p=0.0000)***
2026-03-01 17:32:29,627 - INFO -   D(3) +FE rate_T4: coef=-1.220121 (SE=0.003690, p=0.0000)***
2026-03-01 17:32:29,632 - INFO -   D(3) +FE rate_T5: coef=-1.307041 (SE=0.046036, p=0.0000)***
2026-03-01 17:32:29,789 - INFO - 
=== Demand: supply spec '(4) Clust' | N_valid=29,278, N_zero_active=56,837 / 86,115 ===
2026-03-01 17:32:29,789 - INFO -   log(s_active): mean=-9.3068, sd=2.7073
2026-03-01 17:32:34,402 - INFO -   D(4) Clust rate_T1: coef=0.000000 (SE=0.000000, p=nan)
2026-03-01 17:32:34,402 - INFO -   D(4) Clust rate_T2: coef=-6.852705 (SE=0.103710, p=0.0000)***
2026-03-01 17:32:34,415 - INFO -   D(4) Clust rate_T3: coef=-4.263989 (SE=0.094367, p=0.0000)***
2026-03-01 17:32:34,417 - INFO -   D(4) Clust rate_T4: coef=-1.220121 (SE=0.015682, p=0.0000)***
2026-03-01 17:32:34,423 - INFO -   D(4) Clust rate_T5: coef=-1.307041 (SE=0.070518, p=0.0000)***
2026-03-01 17:32:34,548 - INFO - 
=== Demand: supply spec '(5) CF Natl' | N_valid=45,888, N_zero_active=40,227 / 86,115 ===
2026-03-01 17:32:34,551 - INFO -   log(s_active): mean=-9.4976, sd=2.4459
2026-03-01 17:32:34,686 - INFO -   D(5) CF Natl rate_T1: coef=0.000000 (SE=0.000000, p=nan)
2026-03-01 17:32:34,686 - INFO -   D(5) CF Natl rate_T2: coef=-6.363216 (SE=0.038557, p=0.0000)***
2026-03-01 17:32:34,695 - INFO -   D(5) CF Natl rate_T3: coef=-2.895524 (SE=0.021538, p=0.0000)***
2026-03-01 17:32:34,695 - INFO -   D(5) CF Natl rate_T4: coef=-0.515254 (SE=0.004280, p=0.0000)***
2026-03-01 17:32:34,702 - INFO -   D(5) CF Natl rate_T5: coef=-0.885979 (SE=0.030136, p=0.0000)***
2026-03-01 17:32:34,794 - INFO - 
=== Demand: supply spec '(6) CF+Bank' | N_valid=30,863, N_zero_active=55,116 / 86,115 ===
2026-03-01 17:32:34,796 - INFO -   log(s_active): mean=-9.4253, sd=2.7228
2026-03-01 17:32:34,875 - INFO -   D(6) CF+Bank rate_T1: coef=0.000000 (SE=0.000000, p=nan)
2026-03-01 17:32:34,875 - INFO -   D(6) CF+Bank rate_T2: coef=-6.293453 (SE=0.048795, p=0.0000)***
2026-03-01 17:32:34,885 - INFO -   D(6) CF+Bank rate_T3: coef=-2.731701 (SE=0.022896, p=0.0000)***
2026-03-01 17:32:34,889 - INFO -   D(6) CF+Bank rate_T4: coef=-0.552417 (SE=0.007247, p=0.0000)***
2026-03-01 17:32:34,891 - INFO -   D(6) CF+Bank rate_T5: coef=-0.898757 (SE=0.033283, p=0.0000)***
2026-03-01 17:32:34,943 - INFO - 
=== Demand: supply spec '(7) CF+FE' | N_valid=21,242, N_zero_active=64,873 / 86,115 ===
2026-03-01 17:32:34,943 - INFO -   log(s_active): mean=-8.8594, sd=2.6192
2026-03-01 17:32:41,937 - INFO -   D(7) CF+FE rate_T1: coef=0.000000 (SE=0.000000, p=nan)
2026-03-01 17:32:41,939 - INFO -   D(7) CF+FE rate_T2: coef=-6.799698 (SE=0.051062, p=0.0000)***
2026-03-01 17:32:41,941 - INFO -   D(7) CF+FE rate_T3: coef=-4.002232 (SE=0.031839, p=0.0000)***
2026-03-01 17:32:41,944 - INFO -   D(7) CF+FE rate_T4: coef=-1.067140 (SE=0.009102, p=0.0000)***
2026-03-01 17:32:41,949 - INFO -   D(7) CF+FE rate_T5: coef=-1.221748 (SE=0.043165, p=0.0000)***
2026-03-01 17:32:42,004 - INFO - 
=== Demand: supply spec '(8) CF+Clust' | N_valid=21,242, N_zero_active=64,873 / 86,115 ===
2026-03-01 17:32:42,009 - INFO -   log(s_active): mean=-8.8594, sd=2.6192
2026-03-01 17:32:49,428 - INFO -   D(8) CF+Clust rate_T1: coef=0.000000 (SE=0.000000, p=nan)
2026-03-01 17:32:49,430 - INFO -   D(8) CF+Clust rate_T2: coef=-6.799698 (SE=0.090415, p=0.0000)***
2026-03-01 17:32:49,430 - INFO -   D(8) CF+Clust rate_T3: coef=-4.002232 (SE=0.082677, p=0.0000)***
2026-03-01 17:32:49,441 - INFO -   D(8) CF+Clust rate_T4: coef=-1.067140 (SE=0.030961, p=0.0000)***
2026-03-01 17:32:49,442 - INFO -   D(8) CF+Clust rate_T5: coef=-1.221748 (SE=0.064530, p=0.0000)***
2026-03-01 17:32:49,578 - INFO - 
=== Demand: supply spec '(9) CF-Haus' | N_valid=45,555, N_zero_active=40,560 / 86,115 ===
2026-03-01 17:32:49,583 - INFO -   log(s_active): mean=-9.4926, sd=2.4481
2026-03-01 17:32:49,748 - INFO -   D(9) CF-Haus rate_T1: coef=0.000000 (SE=0.000000, p=nan)
2026-03-01 17:32:49,755 - INFO -   D(9) CF-Haus rate_T2: coef=-6.368357 (SE=0.038697, p=0.0000)***
2026-03-01 17:32:49,759 - INFO -   D(9) CF-Haus rate_T3: coef=-2.894988 (SE=0.021782, p=0.0000)***
2026-03-01 17:32:49,759 - INFO -   D(9) CF-Haus rate_T4: coef=-0.528823 (SE=0.003551, p=0.0000)***
2026-03-01 17:32:49,771 - INFO -   D(9) CF-Haus rate_T5: coef=-0.887978 (SE=0.030481, p=0.0000)***
2026-03-01 17:32:49,884 - INFO - 
=== Demand: supply spec '(10) CF-H+Bank' | N_valid=30,712, N_zero_active=55,267 / 86,115 ===
2026-03-01 17:32:49,889 - INFO -   log(s_active): mean=-9.4225, sd=2.7257
2026-03-01 17:32:49,996 - INFO -   D(10) CF-H+Bank rate_T1: coef=0.000000 (SE=0.000000, p=nan)
2026-03-01 17:32:50,000 - INFO -   D(10) CF-H+Bank rate_T2: coef=-6.295737 (SE=0.048939, p=0.0000)***
2026-03-01 17:32:50,004 - INFO -   D(10) CF-H+Bank rate_T3: coef=-2.732379 (SE=0.022891, p=0.0000)***
2026-03-01 17:32:50,011 - INFO -   D(10) CF-H+Bank rate_T4: coef=-0.552507 (SE=0.007280, p=0.0000)***
2026-03-01 17:32:50,013 - INFO -   D(10) CF-H+Bank rate_T5: coef=-0.898304 (SE=0.033247, p=0.0000)***
2026-03-01 17:32:50,030 - INFO - 
>>> Step 5: Exporting demand results ...
2026-03-01 17:32:50,063 - INFO - Demand results exported to C:\Users\pedro\OneDrive\Documentos\Yale\Year 3 (2024 - 2025)\Open Finance\Open-Finance\BCB\Egan_et_al_2025_Rep\processed\ESTIMATION_OUTPUT\demand_results_institution.csv
2026-03-01 17:32:50,136 - INFO - Demand LaTeX table exported to C:\Users\pedro\OneDrive\Documentos\Yale\Year 3 (2024 - 2025)\Open Finance\Open-Finance\BCB\Egan_et_al_2025_Rep\processed\ESTIMATION_OUTPUT\demand_table_institution.tex
2026-03-01 17:32:50,136 - INFO - Demand specs estimated: ['D(1) Natl', 'D(2) +Bank', 'D(3) +FE', 'D(4) Clust', 'D(5) CF Natl', 'D(6) CF+Bank', 'D(7) CF+FE', 'D(8) CF+Clust', 'D(9) CF-Haus', 'D(10) CF-H+Bank']
2026-03-01 17:32:50,136 - INFO - Done -- estimation_demand_2.py complete.
2026-03-01 17:49:43,104 - INFO - ================================================================================
2026-03-01 17:49:43,104 - INFO - DEMAND ESTIMATION -- INSTITUTION LEVEL
2026-03-01 17:49:43,109 - INFO - Berry (1994) active market shares | estimation_demand_2.py
2026-03-01 17:49:43,111 - INFO - ================================================================================
2026-03-01 17:49:43,113 - INFO - 
>>> Step 1: Loading panel and running supply estimation ...
2026-03-01 17:49:43,115 - INFO - Loading institution-level panel ...
2026-03-01 17:49:43,117 - INFO - Loading from Parquet: c:\Users\pedro\OneDrive\Documentos\Yale\Year 3 (2024 - 2025)\Open Finance\Open-Finance\BCB\Egan_et_al_2025_Rep\processed\PANEL_INTERMED\egan_panel_institution.parquet
2026-03-01 17:49:43,846 - INFO - Raw panel: 327,921 rows, 30 cols
2026-03-01 17:49:43,846 - INFO -   total_assets coverage: 327,921 / 327,921
2026-03-01 17:49:43,846 - INFO -   equity_ratio coverage: 325,670 / 327,921
2026-03-01 17:49:43,884 - INFO -   segment coverage: 305,121 / 327,921
2026-03-01 17:49:44,164 - INFO - log_total_assets: mean=19.57, sd=2.58 (standardized)
2026-03-01 17:49:44,419 - INFO - Winsorized deposit_balance at [p1,p99]=[22.2,27598806145.7]: dropped 1,758 outliers
2026-03-01 17:49:44,420 - INFO - Estimation sample: 86,115 rows
2026-03-01 17:49:44,428 - INFO -   Institutions: 1412
2026-03-01 17:49:44,430 - INFO -   Quarters:     45
2026-03-01 17:49:44,434 - INFO -   Types:        [np.int64(1), np.int64(2), np.int64(3), np.int64(4), np.int64(5)]
2026-03-01 17:49:44,442 - INFO - Dep var (deposit_balance, levels): mean=468536318.9, sd=1898412194.9, p5=563389.0, p95=1867473043.7
2026-03-01 17:49:44,445 - INFO - nr_lag (nr x D_{t-1}): mean=433104640.400750, sd=1825562570.207187
2026-03-01 17:49:44,452 - INFO - Lagged Selic: mean=9.98, sd=3.98, min=2.00, max=15.00
2026-03-01 17:49:44,467 - INFO - Segment distribution: {'S5': 48178, 'S4': 21516, 'S3': 6878, 'S2': 1707, 'S1': 1666}
2026-03-01 17:49:44,484 - INFO - ================================================================================
2026-03-01 17:49:44,486 - INFO - INSTITUTION-LEVEL STRUCTURAL ESTIMATION
2026-03-01 17:49:44,488 - INFO -   D_jkt = phi(S,X) * nr * D_jkt-1 + eps  (levels, no ratio)
2026-03-01 17:49:44,489 - INFO - ================================================================================
2026-03-01 17:49:55,305 - INFO - Dep var: Dep_jkt (levels)     
2026-03-01 17:49:55,305 - INFO - ----------------------------------------------------------------------------------------------
2026-03-01 17:49:55,311 - INFO -                                       (1) Natl       (2) +Bank         (3) +FE       (4) Clust
2026-03-01 17:49:55,313 - INFO - ----------------------------------------------------------------------------------------------
2026-03-01 17:49:55,321 - INFO -   Y_1,cons  (nr x D_{t-1})          1.0150***       1.1549***       1.2573***       1.2573*** 
2026-03-01 17:49:55,323 - INFO -                                 (   0.0247)   (   0.0599)   (   0.0232)   (   0.0892) 
2026-03-01 17:49:55,330 - INFO -   Y_1,RF   (selic x nr x D_{t-1})     -0.0001         -0.0025         -0.0001         -0.0001    
2026-03-01 17:49:55,332 - INFO -                                 (   0.0024)   (   0.0019)   (   0.0021)   (   0.0066) 
2026-03-01 17:49:55,340 - INFO -   Y_2,size (logA x nr x D_{t-1})                     -0.0527**       -0.0848***      -0.0848*** 
2026-03-01 17:49:55,344 - INFO -                                                 (   0.0226)   (   0.0034)   (   0.0131) 
2026-03-01 17:49:55,349 - INFO -   Y_2,eq   (E/A x nr x D_{t-1})                     -0.5482**       -0.4098***      -0.4098*   
2026-03-01 17:49:55,349 - INFO -                                                 (   0.2653)   (   0.0706)   (   0.2125) 
2026-03-01 17:49:55,358 - INFO -   Y_2,S2  (seg_S2 x nr x D_{t-1})                      0.0304                                    
2026-03-01 17:49:55,360 - INFO -                                                 (   0.0218)                                 
2026-03-01 17:49:55,365 - INFO -   Y_2,S3  (seg_S3 x nr x D_{t-1})                      0.1199***                                 
2026-03-01 17:49:55,367 - INFO -                                                 (   0.0185)                                 
2026-03-01 17:49:55,370 - INFO -   Y_2,S4  (seg_S4 x nr x D_{t-1})                      0.1175***                                 
2026-03-01 17:49:55,374 - INFO -                                                 (   0.0245)                                 
2026-03-01 17:49:55,379 - INFO -   Y_2,S5  (seg_S5 x nr x D_{t-1})                      0.1225***                                 
2026-03-01 17:49:55,380 - INFO -                                                 (   0.0294)                                 
2026-03-01 17:49:55,383 - INFO - ----------------------------------------------------------------------------------------------
2026-03-01 17:49:55,385 - INFO -   N                                     86,115          85,979          86,115          86,115
2026-03-01 17:49:55,392 - INFO -   R^2                                   0.9470          0.9544          0.9915          0.9915
2026-03-01 17:49:55,396 - INFO -   InstxType FE                              No              No             Yes             Yes
2026-03-01 17:49:55,398 - INFO -   Time FE                                   No              No             Yes             Yes
2026-03-01 17:49:55,400 - INFO -   SE type                            HC-robust       HC-robust       HC-robust      Inst-clust
2026-03-01 17:49:55,400 - INFO - ----------------------------------------------------------------------------------------------
2026-03-01 17:49:55,402 - INFO - Interpretation guide:
2026-03-01 17:49:55,405 - INFO -   Y_1,cons = coef on nr_lag = phi_cons (retention scaling factor)
2026-03-01 17:49:55,407 - INFO -   Y_1,RF < 0  -> depositors sleepier when rates low
2026-03-01 17:49:55,409 - INFO -   Y_2,size > 0 -> larger institutions retain more deposits
2026-03-01 17:49:55,413 - INFO - Baseline retention coef on nr_lag (Spec 1): 1.0150
2026-03-01 17:49:55,419 - INFO - ================================================================================
2026-03-01 17:49:55,424 - INFO - CONTROL FUNCTION ESTIMATION (semi-parametric CF) [INSTITUTION]
2026-03-01 17:49:55,426 - INFO -   Stage 1: spread_jkt ~ cost_shifters + type_dummies  -->  v_hat
2026-03-01 17:49:55,426 - INFO -   Stage 2: deposit_balance = phi(S,X)*nr*D_{t-1} + b1*v + b2*v^2 + b3*v^3 + eps
2026-03-01 17:49:55,429 - INFO -   All deposit types treated as potentially endogenous.
2026-03-01 17:49:55,431 - INFO - ================================================================================
2026-03-01 17:49:55,437 - INFO - First-stage cost shifters: ['cosif_lag', 'log_assets_std', 'equity_ratio', 'lagged_cdi', 'lagged_selic', 'personnel_cost_ratio_lag', 'admin_cost_ratio_lag']
2026-03-01 17:49:55,621 - INFO - First-stage A -- N=61,765, R^2=0.4436
2026-03-01 17:49:55,625 - INFO -   cosif_lag: coef=-0.193694, p=0.0000
2026-03-01 17:49:55,628 - INFO -   log_assets_std: coef=0.174284, p=0.0062
2026-03-01 17:49:55,628 - INFO -   equity_ratio: coef=-0.630093, p=0.0999
2026-03-01 17:49:55,632 - INFO -   lagged_cdi: coef=6.267570, p=0.0000
2026-03-01 17:49:55,635 - INFO -   lagged_selic: coef=-1.668585, p=0.0000
2026-03-01 17:49:55,638 - INFO -   personnel_cost_ratio_lag: coef=31.229801, p=0.0001
2026-03-01 17:49:55,642 - INFO -   admin_cost_ratio_lag: coef=1.006311, p=0.1205
2026-03-01 17:49:55,645 - INFO -   type2_d: coef=2.030980, p=0.0000
2026-03-01 17:49:55,648 - INFO -   type3_d: coef=2.379298, p=0.0000
2026-03-01 17:49:55,650 - INFO -   type4_d: coef=13.496198, p=0.0000
2026-03-01 17:49:55,653 - INFO -   type5_d: coef=-1.719117, p=0.0000
2026-03-01 17:49:55,670 - INFO -   Joint F (cost vars): 1581.75 (strong)
2026-03-01 17:49:55,754 - INFO - Computing Hausman IV (leave-one-out spread mean by type x quarter) ...
2026-03-01 17:49:55,936 - INFO - First-stage B -- N=61,765, R^2=0.6176
2026-03-01 17:49:55,936 - INFO -   hausman_iv_spread: coef=1.329530, p=0.0000
2026-03-01 17:49:55,943 - INFO -   cosif_lag: coef=-0.016116, p=0.0000
2026-03-01 17:49:55,946 - INFO -   log_assets_std: coef=-0.159972, p=0.0040
2026-03-01 17:49:55,949 - INFO -   equity_ratio: coef=-4.447458, p=0.0000
2026-03-01 17:49:55,949 - INFO -   lagged_cdi: coef=-0.289040, p=0.0783
2026-03-01 17:49:55,953 - INFO -   lagged_selic: coef=0.105499, p=0.0063
2026-03-01 17:49:55,958 - INFO -   personnel_cost_ratio_lag: coef=7.601896, p=0.2106
2026-03-01 17:49:55,960 - INFO -   admin_cost_ratio_lag: coef=0.611274, p=0.0415
2026-03-01 17:49:55,960 - INFO -   F (Hausman IV): 15254.58 (strong)
2026-03-01 17:49:56,052 - INFO - CF residuals (Cost-only): N=61,765, mean=0.000000, sd=7.940313
2026-03-01 17:49:56,060 - INFO - CF residuals (Hausman): N=61,765, mean=0.000000, sd=6.582945
2026-03-01 17:49:56,218 - INFO -   CF-Cost(5) cf_resid: -1793586.150654 (p=0.0000) ***
2026-03-01 17:49:56,218 - INFO -   CF-Cost(5) cf_resid_sq: 111008.095820 (p=0.0000) ***
2026-03-01 17:49:56,218 - INFO -   CF-Cost(5) cf_resid_cu: -1000.586658 (p=0.1499) 
2026-03-01 17:49:56,229 - INFO -   CF-Cost(5) joint F on poly: 114.28 -> endogeneity
2026-03-01 17:49:56,435 - INFO -   CF-Cost(6) cf_resid: -1727347.908163 (p=0.0000) ***
2026-03-01 17:49:56,437 - INFO -   CF-Cost(6) cf_resid_sq: -29510.799036 (p=0.4633) 
2026-03-01 17:49:56,442 - INFO -   CF-Cost(6) cf_resid_cu: 2963.903034 (p=0.0099) ***
2026-03-01 17:49:56,450 - INFO -   CF-Cost(6) joint F on poly: 104.70 -> endogeneity
2026-03-01 17:50:08,813 - INFO -   CF-Cost+FE(7) cf_resid: -562022.453173 (p=0.0016) ***
2026-03-01 17:50:08,813 - INFO -   CF-Cost+FE(7) cf_resid_sq: -177400.920473 (p=0.0000) ***
2026-03-01 17:50:08,824 - INFO -   CF-Cost+FE(7) cf_resid_cu: 8066.289450 (p=0.0000) ***
2026-03-01 17:50:08,830 - INFO -   CF-Cost+FE(7) joint F on poly: 107.46 -> endogeneity
2026-03-01 17:50:09,167 - INFO -   CF-Hausman(9) cf_resid_h: 782171.240674 (p=0.0021) ***
2026-03-01 17:50:09,171 - INFO -   CF-Hausman(9) cf_resid_h_sq: 73491.485518 (p=0.0000) ***
2026-03-01 17:50:09,176 - INFO -   CF-Hausman(9) cf_resid_h_cu: -3354.458915 (p=0.0000) ***
2026-03-01 17:50:09,181 - INFO -   CF-Hausman(9) joint F on poly: 12.54 -> endogeneity
2026-03-01 17:50:09,389 - INFO -   CF-Hausman(10) cf_resid_h: 1176364.719243 (p=0.0000) ***
2026-03-01 17:50:09,389 - INFO -   CF-Hausman(10) cf_resid_h_sq: 25507.129964 (p=0.0565) *
2026-03-01 17:50:09,394 - INFO -   CF-Hausman(10) cf_resid_h_cu: -3239.903347 (p=0.0000) ***
2026-03-01 17:50:09,401 - INFO -   CF-Hausman(10) joint F on poly: 8.28 -> endogeneity
2026-03-01 17:50:09,405 - INFO - Dep var: Dep_jkt (levels, CF) 
2026-03-01 17:50:09,407 - INFO - ------------------------------------------------------------------------------------------------------------------------------
2026-03-01 17:50:09,409 - INFO -                                    (5) CF Natl     (6) CF+Bank       (7) CF+FE    (8) CF+Clust     (9) CF-Haus  (10) CF-H+Bank
2026-03-01 17:50:09,412 - INFO - ------------------------------------------------------------------------------------------------------------------------------
2026-03-01 17:50:09,415 - INFO -   Y_1,cons  (nr x D_{t-1})          1.1031***       1.2126***       1.2164***       1.2164***       1.1059***       1.2136*** 
2026-03-01 17:50:09,415 - INFO -                                 (   0.0212)   (   0.2533)   (   0.0105)   (   0.0484)   (   0.0215)   (   0.2457) 
2026-03-01 17:50:09,428 - INFO -   Y_1,RF   (selic x nr x D_{t-1})     -0.0044*        -0.0029         -0.0003         -0.0003         -0.0045*        -0.0030    
2026-03-01 17:50:09,428 - INFO -                                 (   0.0023)   (   0.0019)   (   0.0009)   (   0.0043)   (   0.0024)   (   0.0019) 
2026-03-01 17:50:09,443 - INFO -   Y_2,size (logA x nr x D_{t-1})                     -0.0641         -0.0775***      -0.0775***                      -0.0644    
2026-03-01 17:50:09,443 - INFO -                                                 (   0.0786)   (   0.0039)   (   0.0162)                   (   0.0761) 
2026-03-01 17:50:09,449 - INFO -   Y_2,eq   (E/A x nr x D_{t-1})                     -0.3714          0.2136***       0.2136                         -0.3760    
2026-03-01 17:50:09,452 - INFO -                                                 (   0.4065)   (   0.0549)   (   0.2541)                   (   0.4059) 
2026-03-01 17:50:09,455 - INFO -   Y_2,S2  (seg_S2 x nr x D_{t-1})                      0.0093                                                          0.0094    
2026-03-01 17:50:09,460 - INFO -                                                 (   0.0767)                                                   (   0.0746) 
2026-03-01 17:50:09,468 - INFO -   Y_2,S3  (seg_S3 x nr x D_{t-1})                      0.0350                                                          0.0349    
2026-03-01 17:50:09,468 - INFO -                                                 (   0.1238)                                                   (   0.1207) 
2026-03-01 17:50:09,477 - INFO -   Y_2,S4  (seg_S4 x nr x D_{t-1})                      0.0811                                                          0.0811    
2026-03-01 17:50:09,479 - INFO -                                                 (   0.1271)                                                   (   0.1235) 
2026-03-01 17:50:09,484 - INFO -   Y_2,S5  (seg_S5 x nr x D_{t-1})                      0.0470                                                          0.0495    
2026-03-01 17:50:09,486 - INFO -                                                 (   0.1447)                                                   (   0.1423) 
2026-03-01 17:50:09,494 - INFO -   beta_1 v^  (CF-cost, 1st)     -1793586.1507***   -1727347.9082***   -562022.4532***   -562022.4532                                    
2026-03-01 17:50:09,496 - INFO -                                 (101078.4786)   (107271.9235)   (177728.0101)   (682572.2842)                                 
2026-03-01 17:50:09,500 - INFO -   beta_2 v^^2 (CF-cost, 2nd)    111008.0958***   -29510.7990      -177400.9205***   -177400.9205***                                 
2026-03-01 17:50:09,500 - INFO -                                 (22907.9159)   (40232.5447)   (14556.6680)   (56170.8896)                                 
2026-03-01 17:50:09,509 - INFO -   beta_3 v^^3 (CF-cost, 3rd)    -1000.5867       2963.9030***    8066.2895***    8066.2895***                                 
2026-03-01 17:50:09,509 - INFO -                                 ( 694.9384)   (1148.6851)   ( 744.4599)   (2780.2906)                                 
2026-03-01 17:50:09,516 - INFO -   beta_1 v^H (CF-Hausman, 1st)                                                                  782171.2407***   1176364.7192*** 
2026-03-01 17:50:09,516 - INFO -                                                                                                 (253910.3637)   (267695.9942) 
2026-03-01 17:50:09,523 - INFO -   beta_2 v^H^2 (CF-Hausman, 2nd)                                                                  73491.4855***   25507.1300*   
2026-03-01 17:50:09,524 - INFO -                                                                                                 (13305.5905)   (13375.9914) 
2026-03-01 17:50:09,528 - INFO -   beta_3 v^H^3 (CF-Hausman, 3rd)                                                                  -3354.4589***   -3239.9033*** 
2026-03-01 17:50:09,530 - INFO -                                                                                                 ( 791.8759)   ( 667.4521) 
2026-03-01 17:50:09,532 - INFO - ------------------------------------------------------------------------------------------------------------------------------
2026-03-01 17:50:09,534 - INFO -   N                                     61,765          61,670          61,765          61,765          61,765          61,670
2026-03-01 17:50:09,543 - INFO -   R^2                                   0.9677          0.9703          0.9949          0.9949          0.9675          0.9703
2026-03-01 17:50:09,543 - INFO -   InstxType FE                              No              No             Yes             Yes              No              No
2026-03-01 17:50:09,545 - INFO -   Time FE                                   No              No             Yes             Yes              No              No
2026-03-01 17:50:09,549 - INFO -   SE type                            HC-robust       HC-robust       HC-robust      Inst-clust       HC-robust       HC-robust
2026-03-01 17:50:09,551 - INFO - ------------------------------------------------------------------------------------------------------------------------------
2026-03-01 17:50:09,567 - INFO - Supply specs available: ['(1) Natl', '(2) +Bank', '(3) +FE', '(4) Clust', '(5) CF Natl', '(6) CF+Bank', '(7) CF+FE', '(8) CF+Clust', '(9) CF-Haus', '(10) CF-H+Bank']
2026-03-01 17:50:09,568 - INFO - 
>>> Step 2: Computing structural sleeping-deposit predictions ...
2026-03-01 17:50:09,664 - INFO -   Supply spec '(1) Natl': hat_Y computed for 86,115 obs (struct cols = ['nr_lag', 'selic_nr_lag'])
2026-03-01 17:50:09,679 - INFO -   Supply spec '(2) +Bank': hat_Y computed for 85,979 obs (struct cols = ['nr_lag', 'selic_nr_lag', 'logA_nr_lag', 'eq_nr_lag', 'seg_S2_nr_lag', 'seg_S3_nr_lag', 'seg_S4_nr_lag', 'seg_S5_nr_lag'])
2026-03-01 17:50:09,685 - INFO -   Supply spec '(3) +FE': hat_Y computed for 86,115 obs (struct cols = ['nr_lag', 'selic_nr_lag', 'logA_nr_lag', 'eq_nr_lag'])
2026-03-01 17:50:09,693 - INFO -   Supply spec '(4) Clust': hat_Y computed for 86,115 obs (struct cols = ['nr_lag', 'selic_nr_lag', 'logA_nr_lag', 'eq_nr_lag'])
2026-03-01 17:50:09,701 - INFO -   Supply spec '(5) CF Natl': hat_Y computed for 86,115 obs (struct cols = ['nr_lag', 'selic_nr_lag'])
2026-03-01 17:50:09,715 - INFO -   Supply spec '(6) CF+Bank': hat_Y computed for 85,979 obs (struct cols = ['nr_lag', 'selic_nr_lag', 'logA_nr_lag', 'eq_nr_lag', 'seg_S2_nr_lag', 'seg_S3_nr_lag', 'seg_S4_nr_lag', 'seg_S5_nr_lag'])
2026-03-01 17:50:09,719 - INFO -   Supply spec '(7) CF+FE': hat_Y computed for 86,115 obs (struct cols = ['nr_lag', 'selic_nr_lag', 'logA_nr_lag', 'eq_nr_lag'])
2026-03-01 17:50:09,737 - INFO -   Supply spec '(8) CF+Clust': hat_Y computed for 86,115 obs (struct cols = ['nr_lag', 'selic_nr_lag', 'logA_nr_lag', 'eq_nr_lag'])
2026-03-01 17:50:09,747 - INFO -   Supply spec '(9) CF-Haus': hat_Y computed for 86,115 obs (struct cols = ['nr_lag', 'selic_nr_lag'])
2026-03-01 17:50:09,759 - INFO -   Supply spec '(10) CF-H+Bank': hat_Y computed for 85,979 obs (struct cols = ['nr_lag', 'selic_nr_lag', 'logA_nr_lag', 'eq_nr_lag', 'seg_S2_nr_lag', 'seg_S3_nr_lag', 'seg_S4_nr_lag', 'seg_S5_nr_lag'])
2026-03-01 17:50:09,763 - INFO - 
>>> Step 3: Active deposit diagnostics by supply spec ...
2026-03-01 17:50:09,778 - INFO -   '(1) Natl': active>0=65.4%, active=0=34.6%, mean(active|active>0)=78813405.5
2026-03-01 17:50:09,792 - INFO -   '(2) +Bank': active>0=41.0%, active=0=58.9%, mean(active|active>0)=99231703.4
2026-03-01 17:50:09,810 - INFO -   '(3) +FE': active>0=34.0%, active=0=66.0%, mean(active|active>0)=110922564.2
2026-03-01 17:50:09,823 - INFO -   '(4) Clust': active>0=34.0%, active=0=66.0%, mean(active|active>0)=110922564.2
2026-03-01 17:50:09,839 - INFO -   '(5) CF Natl': active>0=53.3%, active=0=46.7%, mean(active|active>0)=78178985.1
2026-03-01 17:50:09,853 - INFO -   '(6) CF+Bank': active>0=35.8%, active=0=64.0%, mean(active|active>0)=106252404.9
2026-03-01 17:50:09,912 - INFO -   '(7) CF+FE': active>0=24.7%, active=0=75.3%, mean(active|active>0)=128200638.4
2026-03-01 17:50:09,974 - INFO -   '(8) CF+Clust': active>0=24.7%, active=0=75.3%, mean(active|active>0)=128200638.4
2026-03-01 17:50:09,988 - INFO -   '(9) CF-Haus': active>0=52.9%, active=0=47.1%, mean(active|active>0)=78182598.0
2026-03-01 17:50:10,002 - INFO -   '(10) CF-H+Bank': active>0=35.7%, active=0=64.2%, mean(active|active>0)=106744248.5
2026-03-01 17:50:10,010 - INFO - 
>>> Step 4: Estimating Berry (1994) demand equation ...
2026-03-01 17:50:10,068 - INFO - Demand -- type-interacted rate columns: ['rate_T1', 'rate_T2', 'rate_T3', 'rate_T4', 'rate_T5']
2026-03-01 17:50:10,191 - INFO - Endogenous types [4, 5]: 40,552 obs (47.1% of full sample)
2026-03-01 17:50:10,196 - INFO - Demand CF cost shifters (types 4-5): ['cosif_lag', 'log_assets_std', 'equity_ratio', 'lagged_cdi', 'lagged_selic', 'personnel_cost_ratio_lag', 'admin_cost_ratio_lag']
2026-03-01 17:50:10,313 - INFO - Demand CF-A (types 4-5): N=29,718, R^2=0.2255
2026-03-01 17:50:10,329 - INFO -   Joint F (cost vars): 1451.94 (strong)
2026-03-01 17:50:10,509 - INFO - Demand CF-B (types 4-5, +Hausman IV): N=29,718, R^2=0.4031
2026-03-01 17:50:10,509 - INFO -   F (Hausman IV): 5954.22 (strong)
2026-03-01 17:50:10,737 - INFO - 
=== Demand: supply spec '(1) Natl' | N_valid=56,350, N_zero_active=29,765 / 86,115 ===
2026-03-01 17:50:10,741 - INFO -   log(s_active): mean=-9.6998, sd=2.5073
2026-03-01 17:50:10,900 - INFO -   D(1) Natl rate_T1: coef=0.000000 (SE=0.000000, p=nan)
2026-03-01 17:50:10,900 - INFO -   D(1) Natl rate_T2: coef=-6.343990 (SE=0.037171, p=0.0000)***
2026-03-01 17:50:10,900 - INFO -   D(1) Natl rate_T3: coef=-3.359215 (SE=0.023153, p=0.0000)***
2026-03-01 17:50:10,908 - INFO -   D(1) Natl rate_T4: coef=-0.387004 (SE=0.001823, p=0.0000)***
2026-03-01 17:50:10,913 - INFO -   D(1) Natl rate_T5: coef=-0.881378 (SE=0.031653, p=0.0000)***
2026-03-01 17:50:11,039 - INFO - 
=== Demand: supply spec '(2) +Bank' | N_valid=35,297, N_zero_active=50,682 / 86,115 ===
2026-03-01 17:50:11,044 - INFO -   log(s_active): mean=-9.6195, sd=2.7162
2026-03-01 17:50:11,139 - INFO -   D(2) +Bank rate_T1: coef=0.000000 (SE=0.000000, p=nan)
2026-03-01 17:50:11,143 - INFO -   D(2) +Bank rate_T2: coef=-6.165891 (SE=0.049424, p=0.0000)***
2026-03-01 17:50:11,147 - INFO -   D(2) +Bank rate_T3: coef=-2.747840 (SE=0.022158, p=0.0000)***
2026-03-01 17:50:11,147 - INFO -   D(2) +Bank rate_T4: coef=-0.430904 (SE=0.003365, p=0.0000)***
2026-03-01 17:50:11,152 - INFO -   D(2) +Bank rate_T5: coef=-0.889012 (SE=0.031552, p=0.0000)***
2026-03-01 17:50:11,240 - INFO - 
=== Demand: supply spec '(3) +FE' | N_valid=29,278, N_zero_active=56,837 / 86,115 ===
2026-03-01 17:50:11,240 - INFO -   log(s_active): mean=-9.3068, sd=2.7073
2026-03-01 17:50:16,801 - INFO -   D(3) +FE rate_T1: coef=0.000000 (SE=0.000000, p=nan)
2026-03-01 17:50:16,803 - INFO -   D(3) +FE rate_T2: coef=-6.852705 (SE=0.059136, p=0.0000)***
2026-03-01 17:50:16,805 - INFO -   D(3) +FE rate_T3: coef=-4.263989 (SE=0.033743, p=0.0000)***
2026-03-01 17:50:16,810 - INFO -   D(3) +FE rate_T4: coef=-1.220121 (SE=0.003690, p=0.0000)***
2026-03-01 17:50:16,812 - INFO -   D(3) +FE rate_T5: coef=-1.307041 (SE=0.046036, p=0.0000)***
2026-03-01 17:50:16,897 - INFO - 
=== Demand: supply spec '(4) Clust' | N_valid=29,278, N_zero_active=56,837 / 86,115 ===
2026-03-01 17:50:16,897 - INFO -   log(s_active): mean=-9.3068, sd=2.7073
2026-03-01 17:50:22,337 - INFO -   D(4) Clust rate_T1: coef=0.000000 (SE=0.000000, p=nan)
2026-03-01 17:50:22,339 - INFO -   D(4) Clust rate_T2: coef=-6.852705 (SE=0.103710, p=0.0000)***
2026-03-01 17:50:22,339 - INFO -   D(4) Clust rate_T3: coef=-4.263989 (SE=0.094367, p=0.0000)***
2026-03-01 17:50:22,343 - INFO -   D(4) Clust rate_T4: coef=-1.220121 (SE=0.015682, p=0.0000)***
2026-03-01 17:50:22,346 - INFO -   D(4) Clust rate_T5: coef=-1.307041 (SE=0.070518, p=0.0000)***
2026-03-01 17:50:22,458 - INFO - 
=== Demand: supply spec '(5) CF Natl' | N_valid=45,888, N_zero_active=40,227 / 86,115 ===
2026-03-01 17:50:22,460 - INFO -   log(s_active): mean=-9.4976, sd=2.4459
2026-03-01 17:50:22,582 - INFO -   D(5) CF Natl rate_T1: coef=0.000000 (SE=0.000000, p=nan)
2026-03-01 17:50:22,584 - INFO -   D(5) CF Natl rate_T2: coef=-6.363216 (SE=0.038557, p=0.0000)***
2026-03-01 17:50:22,584 - INFO -   D(5) CF Natl rate_T3: coef=-2.895524 (SE=0.021538, p=0.0000)***
2026-03-01 17:50:22,589 - INFO -   D(5) CF Natl rate_T4: coef=-0.515254 (SE=0.004280, p=0.0000)***
2026-03-01 17:50:22,593 - INFO -   D(5) CF Natl rate_T5: coef=-0.885979 (SE=0.030136, p=0.0000)***
2026-03-01 17:50:22,689 - INFO - 
=== Demand: supply spec '(6) CF+Bank' | N_valid=30,863, N_zero_active=55,116 / 86,115 ===
2026-03-01 17:50:22,689 - INFO -   log(s_active): mean=-9.4253, sd=2.7228
2026-03-01 17:50:22,788 - INFO -   D(6) CF+Bank rate_T1: coef=0.000000 (SE=0.000000, p=nan)
2026-03-01 17:50:22,793 - INFO -   D(6) CF+Bank rate_T2: coef=-6.293453 (SE=0.048795, p=0.0000)***
2026-03-01 17:50:22,795 - INFO -   D(6) CF+Bank rate_T3: coef=-2.731701 (SE=0.022896, p=0.0000)***
2026-03-01 17:50:22,795 - INFO -   D(6) CF+Bank rate_T4: coef=-0.552417 (SE=0.007247, p=0.0000)***
2026-03-01 17:50:22,801 - INFO -   D(6) CF+Bank rate_T5: coef=-0.898757 (SE=0.033283, p=0.0000)***
2026-03-01 17:50:22,861 - INFO - 
=== Demand: supply spec '(7) CF+FE' | N_valid=21,242, N_zero_active=64,873 / 86,115 ===
2026-03-01 17:50:22,862 - INFO -   log(s_active): mean=-8.8594, sd=2.6192
2026-03-01 17:50:28,043 - INFO -   D(7) CF+FE rate_T1: coef=0.000000 (SE=0.000000, p=nan)
2026-03-01 17:50:28,043 - INFO -   D(7) CF+FE rate_T2: coef=-6.799698 (SE=0.051062, p=0.0000)***
2026-03-01 17:50:28,043 - INFO -   D(7) CF+FE rate_T3: coef=-4.002232 (SE=0.031839, p=0.0000)***
2026-03-01 17:50:28,053 - INFO -   D(7) CF+FE rate_T4: coef=-1.067140 (SE=0.009102, p=0.0000)***
2026-03-01 17:50:28,055 - INFO -   D(7) CF+FE rate_T5: coef=-1.221748 (SE=0.043165, p=0.0000)***
2026-03-01 17:50:28,107 - INFO - 
=== Demand: supply spec '(8) CF+Clust' | N_valid=21,242, N_zero_active=64,873 / 86,115 ===
2026-03-01 17:50:28,110 - INFO -   log(s_active): mean=-8.8594, sd=2.6192
2026-03-01 17:50:32,518 - INFO -   D(8) CF+Clust rate_T1: coef=0.000000 (SE=0.000000, p=nan)
2026-03-01 17:50:32,518 - INFO -   D(8) CF+Clust rate_T2: coef=-6.799698 (SE=0.090415, p=0.0000)***
2026-03-01 17:50:32,523 - INFO -   D(8) CF+Clust rate_T3: coef=-4.002232 (SE=0.082677, p=0.0000)***
2026-03-01 17:50:32,525 - INFO -   D(8) CF+Clust rate_T4: coef=-1.067140 (SE=0.030961, p=0.0000)***
2026-03-01 17:50:32,527 - INFO -   D(8) CF+Clust rate_T5: coef=-1.221748 (SE=0.064530, p=0.0000)***
2026-03-01 17:50:32,610 - INFO - 
=== Demand: supply spec '(9) CF-Haus' | N_valid=45,555, N_zero_active=40,560 / 86,115 ===
2026-03-01 17:50:32,614 - INFO -   log(s_active): mean=-9.4926, sd=2.4481
2026-03-01 17:50:32,748 - INFO -   D(9) CF-Haus rate_T1: coef=0.000000 (SE=0.000000, p=nan)
2026-03-01 17:50:32,753 - INFO -   D(9) CF-Haus rate_T2: coef=-6.368357 (SE=0.038697, p=0.0000)***
2026-03-01 17:50:32,763 - INFO -   D(9) CF-Haus rate_T3: coef=-2.894988 (SE=0.021782, p=0.0000)***
2026-03-01 17:50:32,766 - INFO -   D(9) CF-Haus rate_T4: coef=-0.528823 (SE=0.003551, p=0.0000)***
2026-03-01 17:50:32,772 - INFO -   D(9) CF-Haus rate_T5: coef=-0.887978 (SE=0.030481, p=0.0000)***
2026-03-01 17:50:32,846 - INFO - 
=== Demand: supply spec '(10) CF-H+Bank' | N_valid=30,712, N_zero_active=55,267 / 86,115 ===
2026-03-01 17:50:32,850 - INFO -   log(s_active): mean=-9.4225, sd=2.7257
2026-03-01 17:50:32,919 - INFO -   D(10) CF-H+Bank rate_T1: coef=0.000000 (SE=0.000000, p=nan)
2026-03-01 17:50:32,922 - INFO -   D(10) CF-H+Bank rate_T2: coef=-6.295737 (SE=0.048939, p=0.0000)***
2026-03-01 17:50:32,924 - INFO -   D(10) CF-H+Bank rate_T3: coef=-2.732379 (SE=0.022891, p=0.0000)***
2026-03-01 17:50:32,930 - INFO -   D(10) CF-H+Bank rate_T4: coef=-0.552507 (SE=0.007280, p=0.0000)***
2026-03-01 17:50:32,932 - INFO -   D(10) CF-H+Bank rate_T5: coef=-0.898304 (SE=0.033247, p=0.0000)***
2026-03-01 17:50:32,950 - INFO - 
>>> Step 5: Exporting demand results ...
2026-03-01 17:50:32,986 - INFO - Demand results exported to c:\Users\pedro\OneDrive\Documentos\Yale\Year 3 (2024 - 2025)\Open Finance\Open-Finance\BCB\Egan_et_al_2025_Rep\processed\ESTIMATION_OUTPUT\demand_results_institution.csv
2026-03-01 17:50:33,023 - INFO - Demand LaTeX table exported to c:\Users\pedro\OneDrive\Documentos\Yale\Year 3 (2024 - 2025)\Open Finance\Open-Finance\BCB\Egan_et_al_2025_Rep\processed\ESTIMATION_OUTPUT\demand_table_institution.tex
2026-03-01 17:50:33,026 - INFO - Demand specs estimated: ['D(1) Natl', 'D(2) +Bank', 'D(3) +FE', 'D(4) Clust', 'D(5) CF Natl', 'D(6) CF+Bank', 'D(7) CF+FE', 'D(8) CF+Clust', 'D(9) CF-Haus', 'D(10) CF-H+Bank']
2026-03-01 17:50:33,026 - INFO - Done -- estimation_demand_2.py complete.
2026-03-02 13:56:14,907 - INFO - ================================================================================
2026-03-02 13:56:14,909 - INFO - DEMAND ESTIMATION -- INSTITUTION LEVEL
2026-03-02 13:56:14,911 - INFO - Berry (1994) active market shares | estimation_demand_2.py
2026-03-02 13:56:14,913 - INFO - ================================================================================
2026-03-02 13:56:14,915 - INFO - 
>>> Step 1: Loading panel and running supply estimation ...
2026-03-02 13:56:14,915 - INFO - Loading institution-level panel ...
2026-03-02 13:56:14,918 - INFO - Loading from Parquet: c:\Users\pedro\OneDrive\Documentos\Yale\Year 3 (2024 - 2025)\Open Finance\Open-Finance\BCB\Egan_et_al_2025_Rep\processed\PANEL_INTERMED\egan_panel_institution.parquet
2026-03-02 13:56:15,624 - INFO - Raw panel: 327,921 rows, 30 cols
2026-03-02 13:56:15,628 - INFO -   total_assets coverage: 327,921 / 327,921
2026-03-02 13:56:15,635 - INFO -   equity_ratio coverage: 325,670 / 327,921
2026-03-02 13:56:15,666 - INFO -   segment coverage: 305,121 / 327,921
2026-03-02 13:56:15,943 - INFO - log_total_assets: mean=19.57, sd=2.58 (standardized)
2026-03-02 13:56:16,177 - INFO - Winsorized deposit_balance at [p1,p99]=[22.2,27598806145.7]: dropped 1,758 outliers
2026-03-02 13:56:16,177 - INFO - Estimation sample: 86,115 rows
2026-03-02 13:56:16,197 - INFO -   Institutions: 1412
2026-03-02 13:56:16,199 - INFO -   Quarters:     45
2026-03-02 13:56:16,199 - INFO -   Types:        [np.int64(1), np.int64(2), np.int64(3), np.int64(4), np.int64(5)]
2026-03-02 13:56:16,213 - INFO - Dep var (deposit_balance, levels): mean=468536318.9, sd=1898412194.9, p5=563389.0, p95=1867473043.7
2026-03-02 13:56:16,216 - INFO - nr_lag (nr x D_{t-1}): mean=433104640.400750, sd=1825562570.207187
2026-03-02 13:56:16,225 - INFO - Lagged Selic: mean=9.98, sd=3.98, min=2.00, max=15.00
2026-03-02 13:56:16,236 - INFO - Segment distribution: {'S5': 48178, 'S4': 21516, 'S3': 6878, 'S2': 1707, 'S1': 1666}
2026-03-02 13:56:16,257 - INFO - ================================================================================
2026-03-02 13:56:16,259 - INFO - INSTITUTION-LEVEL STRUCTURAL ESTIMATION
2026-03-02 13:56:16,262 - INFO -   D_jkt = phi(S,X) * nr * D_jkt-1 + eps  (levels, no ratio)
2026-03-02 13:56:16,265 - INFO - ================================================================================
2026-03-02 13:56:26,137 - INFO - Dep var: Dep_jkt (levels)     
2026-03-02 13:56:26,137 - INFO - ----------------------------------------------------------------------------------------------
2026-03-02 13:56:26,137 - INFO -                                       (1) Natl       (2) +Bank         (3) +FE       (4) Clust
2026-03-02 13:56:26,137 - INFO - ----------------------------------------------------------------------------------------------
2026-03-02 13:56:26,137 - INFO -   Y_1,cons  (nr x D_{t-1})          1.0150***       1.1549***       1.2573***       1.2573*** 
2026-03-02 13:56:26,142 - INFO -                                 (   0.0247)   (   0.0599)   (   0.0232)   (   0.0892) 
2026-03-02 13:56:26,146 - INFO -   Y_1,RF   (selic x nr x D_{t-1})     -0.0001         -0.0025         -0.0001         -0.0001    
2026-03-02 13:56:26,147 - INFO -                                 (   0.0024)   (   0.0019)   (   0.0021)   (   0.0066) 
2026-03-02 13:56:26,151 - INFO -   Y_2,size (logA x nr x D_{t-1})                     -0.0527**       -0.0848***      -0.0848*** 
2026-03-02 13:56:26,152 - INFO -                                                 (   0.0226)   (   0.0034)   (   0.0131) 
2026-03-02 13:56:26,153 - INFO -   Y_2,eq   (E/A x nr x D_{t-1})                     -0.5482**       -0.4098***      -0.4098*   
2026-03-02 13:56:26,154 - INFO -                                                 (   0.2653)   (   0.0706)   (   0.2125) 
2026-03-02 13:56:26,155 - INFO -   Y_2,S2  (seg_S2 x nr x D_{t-1})                      0.0304                                    
2026-03-02 13:56:26,155 - INFO -                                                 (   0.0218)                                 
2026-03-02 13:56:26,157 - INFO -   Y_2,S3  (seg_S3 x nr x D_{t-1})                      0.1199***                                 
2026-03-02 13:56:26,158 - INFO -                                                 (   0.0185)                                 
2026-03-02 13:56:26,160 - INFO -   Y_2,S4  (seg_S4 x nr x D_{t-1})                      0.1175***                                 
2026-03-02 13:56:26,160 - INFO -                                                 (   0.0245)                                 
2026-03-02 13:56:26,162 - INFO -   Y_2,S5  (seg_S5 x nr x D_{t-1})                      0.1225***                                 
2026-03-02 13:56:26,162 - INFO -                                                 (   0.0294)                                 
2026-03-02 13:56:26,163 - INFO - ----------------------------------------------------------------------------------------------
2026-03-02 13:56:26,164 - INFO -   N                                     86,115          85,979          86,115          86,115
2026-03-02 13:56:26,166 - INFO -   R^2                                   0.9470          0.9544          0.9915          0.9915
2026-03-02 13:56:26,166 - INFO -   InstxType FE                              No              No             Yes             Yes
2026-03-02 13:56:26,166 - INFO -   Time FE                                   No              No             Yes             Yes
2026-03-02 13:56:26,166 - INFO -   SE type                            HC-robust       HC-robust       HC-robust      Inst-clust
2026-03-02 13:56:26,166 - INFO - ----------------------------------------------------------------------------------------------
2026-03-02 13:56:26,166 - INFO - Interpretation guide:
2026-03-02 13:56:26,166 - INFO -   Y_1,cons = coef on nr_lag = phi_cons (retention scaling factor)
2026-03-02 13:56:26,171 - INFO -   Y_1,RF < 0  -> depositors sleepier when rates low
2026-03-02 13:56:26,171 - INFO -   Y_2,size > 0 -> larger institutions retain more deposits
2026-03-02 13:56:26,172 - INFO - Baseline retention coef on nr_lag (Spec 1): 1.0150
2026-03-02 13:56:26,175 - INFO - ================================================================================
2026-03-02 13:56:26,176 - INFO - CONTROL FUNCTION ESTIMATION (semi-parametric CF) [INSTITUTION]
2026-03-02 13:56:26,176 - INFO -   Stage 1: spread_jkt ~ cost_shifters + type_dummies  -->  v_hat
2026-03-02 13:56:26,177 - INFO -   Stage 2: deposit_balance = phi(S,X)*nr*D_{t-1} + b1*v + b2*v^2 + b3*v^3 + eps
2026-03-02 13:56:26,178 - INFO -   All deposit types treated as potentially endogenous.
2026-03-02 13:56:26,178 - INFO - ================================================================================
2026-03-02 13:56:26,182 - INFO - First-stage cost shifters: ['cosif_lag', 'log_assets_std', 'equity_ratio', 'lagged_cdi', 'lagged_selic', 'personnel_cost_ratio_lag', 'admin_cost_ratio_lag']
2026-03-02 13:56:26,284 - INFO - First-stage A -- N=61,765, R^2=0.4436
2026-03-02 13:56:26,285 - INFO -   cosif_lag: coef=-0.193694, p=0.0000
2026-03-02 13:56:26,286 - INFO -   log_assets_std: coef=0.174284, p=0.0062
2026-03-02 13:56:26,287 - INFO -   equity_ratio: coef=-0.630093, p=0.0999
2026-03-02 13:56:26,288 - INFO -   lagged_cdi: coef=6.267570, p=0.0000
2026-03-02 13:56:26,289 - INFO -   lagged_selic: coef=-1.668585, p=0.0000
2026-03-02 13:56:26,290 - INFO -   personnel_cost_ratio_lag: coef=31.229801, p=0.0001
2026-03-02 13:56:26,292 - INFO -   admin_cost_ratio_lag: coef=1.006311, p=0.1205
2026-03-02 13:56:26,294 - INFO -   type2_d: coef=2.030980, p=0.0000
2026-03-02 13:56:26,295 - INFO -   type3_d: coef=2.379298, p=0.0000
2026-03-02 13:56:26,297 - INFO -   type4_d: coef=13.496198, p=0.0000
2026-03-02 13:56:26,298 - INFO -   type5_d: coef=-1.719117, p=0.0000
2026-03-02 13:56:26,303 - INFO -   Joint F (cost vars): 1581.75 (strong)
2026-03-02 13:56:26,335 - INFO - Computing Hausman IV (leave-one-out spread mean by type x quarter) ...
2026-03-02 13:56:26,413 - INFO - First-stage B -- N=61,765, R^2=0.6176
2026-03-02 13:56:26,415 - INFO -   hausman_iv_spread: coef=1.329530, p=0.0000
2026-03-02 13:56:26,416 - INFO -   cosif_lag: coef=-0.016116, p=0.0000
2026-03-02 13:56:26,417 - INFO -   log_assets_std: coef=-0.159972, p=0.0040
2026-03-02 13:56:26,417 - INFO -   equity_ratio: coef=-4.447458, p=0.0000
2026-03-02 13:56:26,418 - INFO -   lagged_cdi: coef=-0.289040, p=0.0783
2026-03-02 13:56:26,419 - INFO -   lagged_selic: coef=0.105499, p=0.0063
2026-03-02 13:56:26,420 - INFO -   personnel_cost_ratio_lag: coef=7.601896, p=0.2106
2026-03-02 13:56:26,421 - INFO -   admin_cost_ratio_lag: coef=0.611274, p=0.0415
2026-03-02 13:56:26,425 - INFO -   F (Hausman IV): 15254.58 (strong)
2026-03-02 13:56:26,460 - INFO - CF residuals (Cost-only): N=61,765, mean=0.000000, sd=7.940313
2026-03-02 13:56:26,462 - INFO - CF residuals (Hausman): N=61,765, mean=0.000000, sd=6.582945
2026-03-02 13:56:26,510 - INFO -   CF-Cost(5) cf_resid: -1793586.150654 (p=0.0000) ***
2026-03-02 13:56:26,512 - INFO -   CF-Cost(5) cf_resid_sq: 111008.095820 (p=0.0000) ***
2026-03-02 13:56:26,512 - INFO -   CF-Cost(5) cf_resid_cu: -1000.586658 (p=0.1499) 
2026-03-02 13:56:26,514 - INFO -   CF-Cost(5) joint F on poly: 114.28 -> endogeneity
2026-03-02 13:56:26,608 - INFO -   CF-Cost(6) cf_resid: -1727347.908163 (p=0.0000) ***
2026-03-02 13:56:26,609 - INFO -   CF-Cost(6) cf_resid_sq: -29510.799036 (p=0.4633) 
2026-03-02 13:56:26,610 - INFO -   CF-Cost(6) cf_resid_cu: 2963.903034 (p=0.0099) ***
2026-03-02 13:56:26,614 - INFO -   CF-Cost(6) joint F on poly: 104.70 -> endogeneity
2026-03-02 13:56:31,876 - INFO -   CF-Cost+FE(7) cf_resid: -562022.453173 (p=0.0016) ***
2026-03-02 13:56:31,878 - INFO -   CF-Cost+FE(7) cf_resid_sq: -177400.920473 (p=0.0000) ***
2026-03-02 13:56:31,878 - INFO -   CF-Cost+FE(7) cf_resid_cu: 8066.289450 (p=0.0000) ***
2026-03-02 13:56:31,878 - INFO -   CF-Cost+FE(7) joint F on poly: 107.46 -> endogeneity
2026-03-02 13:56:31,990 - INFO -   CF-Hausman(9) cf_resid_h: 782171.240674 (p=0.0021) ***
2026-03-02 13:56:31,992 - INFO -   CF-Hausman(9) cf_resid_h_sq: 73491.485518 (p=0.0000) ***
2026-03-02 13:56:31,992 - INFO -   CF-Hausman(9) cf_resid_h_cu: -3354.458915 (p=0.0000) ***
2026-03-02 13:56:31,994 - INFO -   CF-Hausman(9) joint F on poly: 12.54 -> endogeneity
2026-03-02 13:56:32,084 - INFO -   CF-Hausman(10) cf_resid_h: 1176364.719243 (p=0.0000) ***
2026-03-02 13:56:32,085 - INFO -   CF-Hausman(10) cf_resid_h_sq: 25507.129964 (p=0.0565) *
2026-03-02 13:56:32,086 - INFO -   CF-Hausman(10) cf_resid_h_cu: -3239.903347 (p=0.0000) ***
2026-03-02 13:56:32,090 - INFO -   CF-Hausman(10) joint F on poly: 8.28 -> endogeneity
2026-03-02 13:56:32,091 - INFO - Dep var: Dep_jkt (levels, CF) 
2026-03-02 13:56:32,092 - INFO - ------------------------------------------------------------------------------------------------------------------------------
2026-03-02 13:56:32,092 - INFO -                                    (5) CF Natl     (6) CF+Bank       (7) CF+FE    (8) CF+Clust     (9) CF-Haus  (10) CF-H+Bank
2026-03-02 13:56:32,093 - INFO - ------------------------------------------------------------------------------------------------------------------------------
2026-03-02 13:56:32,096 - INFO -   Y_1,cons  (nr x D_{t-1})          1.1031***       1.2126***       1.2164***       1.2164***       1.1059***       1.2136*** 
2026-03-02 13:56:32,097 - INFO -                                 (   0.0212)   (   0.2533)   (   0.0105)   (   0.0484)   (   0.0215)   (   0.2457) 
2026-03-02 13:56:32,099 - INFO -   Y_1,RF   (selic x nr x D_{t-1})     -0.0044*        -0.0029         -0.0003         -0.0003         -0.0045*        -0.0030    
2026-03-02 13:56:32,099 - INFO -                                 (   0.0023)   (   0.0019)   (   0.0009)   (   0.0043)   (   0.0024)   (   0.0019) 
2026-03-02 13:56:32,102 - INFO -   Y_2,size (logA x nr x D_{t-1})                     -0.0641         -0.0775***      -0.0775***                      -0.0644    
2026-03-02 13:56:32,103 - INFO -                                                 (   0.0786)   (   0.0039)   (   0.0162)                   (   0.0761) 
2026-03-02 13:56:32,106 - INFO -   Y_2,eq   (E/A x nr x D_{t-1})                     -0.3714          0.2136***       0.2136                         -0.3760    
2026-03-02 13:56:32,107 - INFO -                                                 (   0.4065)   (   0.0549)   (   0.2541)                   (   0.4059) 
2026-03-02 13:56:32,109 - INFO -   Y_2,S2  (seg_S2 x nr x D_{t-1})                      0.0093                                                          0.0094    
2026-03-02 13:56:32,110 - INFO -                                                 (   0.0767)                                                   (   0.0746) 
2026-03-02 13:56:32,112 - INFO -   Y_2,S3  (seg_S3 x nr x D_{t-1})                      0.0350                                                          0.0349    
2026-03-02 13:56:32,113 - INFO -                                                 (   0.1238)                                                   (   0.1207) 
2026-03-02 13:56:32,115 - INFO -   Y_2,S4  (seg_S4 x nr x D_{t-1})                      0.0811                                                          0.0811    
2026-03-02 13:56:32,116 - INFO -                                                 (   0.1271)                                                   (   0.1235) 
2026-03-02 13:56:32,120 - INFO -   Y_2,S5  (seg_S5 x nr x D_{t-1})                      0.0470                                                          0.0495    
2026-03-02 13:56:32,121 - INFO -                                                 (   0.1447)                                                   (   0.1423) 
2026-03-02 13:56:32,123 - INFO -   beta_1 v^  (CF-cost, 1st)     -1793586.1507***   -1727347.9082***   -562022.4532***   -562022.4532                                    
2026-03-02 13:56:32,123 - INFO -                                 (101078.4786)   (107271.9235)   (177728.0101)   (682572.2842)                                 
2026-03-02 13:56:32,123 - INFO -   beta_2 v^^2 (CF-cost, 2nd)    111008.0958***   -29510.7990      -177400.9205***   -177400.9205***                                 
2026-03-02 13:56:32,123 - INFO -                                 (22907.9159)   (40232.5447)   (14556.6680)   (56170.8896)                                 
2026-03-02 13:56:32,131 - INFO -   beta_3 v^^3 (CF-cost, 3rd)    -1000.5867       2963.9030***    8066.2895***    8066.2895***                                 
2026-03-02 13:56:32,131 - INFO -                                 ( 694.9384)   (1148.6851)   ( 744.4599)   (2780.2906)                                 
2026-03-02 13:56:32,135 - INFO -   beta_1 v^H (CF-Hausman, 1st)                                                                  782171.2407***   1176364.7192*** 
2026-03-02 13:56:32,135 - INFO -                                                                                                 (253910.3637)   (267695.9942) 
2026-03-02 13:56:32,137 - INFO -   beta_2 v^H^2 (CF-Hausman, 2nd)                                                                  73491.4855***   25507.1300*   
2026-03-02 13:56:32,139 - INFO -                                                                                                 (13305.5905)   (13375.9914) 
2026-03-02 13:56:32,141 - INFO -   beta_3 v^H^3 (CF-Hausman, 3rd)                                                                  -3354.4589***   -3239.9033*** 
2026-03-02 13:56:32,142 - INFO -                                                                                                 ( 791.8759)   ( 667.4521) 
2026-03-02 13:56:32,143 - INFO - ------------------------------------------------------------------------------------------------------------------------------
2026-03-02 13:56:32,143 - INFO -   N                                     61,765          61,670          61,765          61,765          61,765          61,670
2026-03-02 13:56:32,150 - INFO -   R^2                                   0.9677          0.9703          0.9949          0.9949          0.9675          0.9703
2026-03-02 13:56:32,152 - INFO -   InstxType FE                              No              No             Yes             Yes              No              No
2026-03-02 13:56:32,153 - INFO -   Time FE                                   No              No             Yes             Yes              No              No
2026-03-02 13:56:32,154 - INFO -   SE type                            HC-robust       HC-robust       HC-robust      Inst-clust       HC-robust       HC-robust
2026-03-02 13:56:32,156 - INFO - ------------------------------------------------------------------------------------------------------------------------------
2026-03-02 13:56:32,170 - INFO - Supply specs available: ['(1) Natl', '(2) +Bank', '(3) +FE', '(4) Clust', '(5) CF Natl', '(6) CF+Bank', '(7) CF+FE', '(8) CF+Clust', '(9) CF-Haus', '(10) CF-H+Bank']
2026-03-02 13:56:32,172 - INFO - 
>>> Step 2: Computing structural sleeping-deposit predictions ...
2026-03-02 13:56:32,234 - INFO -   Supply spec '(1) Natl': hat_Y computed for 86,115 obs (struct cols = ['nr_lag', 'selic_nr_lag'])
2026-03-02 13:56:32,237 - INFO -   Supply spec '(2) +Bank': hat_Y computed for 85,979 obs (struct cols = ['nr_lag', 'selic_nr_lag', 'logA_nr_lag', 'eq_nr_lag', 'seg_S2_nr_lag', 'seg_S3_nr_lag', 'seg_S4_nr_lag', 'seg_S5_nr_lag'])
2026-03-02 13:56:32,250 - INFO -   Supply spec '(3) +FE': hat_Y computed for 86,115 obs (struct cols = ['nr_lag', 'selic_nr_lag', 'logA_nr_lag', 'eq_nr_lag'])
2026-03-02 13:56:32,259 - INFO -   Supply spec '(4) Clust': hat_Y computed for 86,115 obs (struct cols = ['nr_lag', 'selic_nr_lag', 'logA_nr_lag', 'eq_nr_lag'])
2026-03-02 13:56:32,262 - INFO -   Supply spec '(5) CF Natl': hat_Y computed for 86,115 obs (struct cols = ['nr_lag', 'selic_nr_lag'])
2026-03-02 13:56:32,275 - INFO -   Supply spec '(6) CF+Bank': hat_Y computed for 85,979 obs (struct cols = ['nr_lag', 'selic_nr_lag', 'logA_nr_lag', 'eq_nr_lag', 'seg_S2_nr_lag', 'seg_S3_nr_lag', 'seg_S4_nr_lag', 'seg_S5_nr_lag'])
2026-03-02 13:56:32,288 - INFO -   Supply spec '(7) CF+FE': hat_Y computed for 86,115 obs (struct cols = ['nr_lag', 'selic_nr_lag', 'logA_nr_lag', 'eq_nr_lag'])
2026-03-02 13:56:32,290 - INFO -   Supply spec '(8) CF+Clust': hat_Y computed for 86,115 obs (struct cols = ['nr_lag', 'selic_nr_lag', 'logA_nr_lag', 'eq_nr_lag'])
2026-03-02 13:56:32,295 - INFO -   Supply spec '(9) CF-Haus': hat_Y computed for 86,115 obs (struct cols = ['nr_lag', 'selic_nr_lag'])
2026-03-02 13:56:32,299 - INFO -   Supply spec '(10) CF-H+Bank': hat_Y computed for 85,979 obs (struct cols = ['nr_lag', 'selic_nr_lag', 'logA_nr_lag', 'eq_nr_lag', 'seg_S2_nr_lag', 'seg_S3_nr_lag', 'seg_S4_nr_lag', 'seg_S5_nr_lag'])
2026-03-02 13:56:32,302 - INFO - 
>>> Step 3: Active deposit diagnostics by supply spec ...
2026-03-02 13:56:32,308 - INFO -   '(1) Natl': active>0=65.4%, active=0=34.6%, mean(active|active>0)=78813405.5
2026-03-02 13:56:32,310 - INFO -   '(2) +Bank': active>0=41.0%, active=0=58.9%, mean(active|active>0)=99231703.4
2026-03-02 13:56:32,315 - INFO -   '(3) +FE': active>0=34.0%, active=0=66.0%, mean(active|active>0)=110922564.2
2026-03-02 13:56:32,319 - INFO -   '(4) Clust': active>0=34.0%, active=0=66.0%, mean(active|active>0)=110922564.2
2026-03-02 13:56:32,328 - INFO -   '(5) CF Natl': active>0=53.3%, active=0=46.7%, mean(active|active>0)=78178985.1
2026-03-02 13:56:32,334 - INFO -   '(6) CF+Bank': active>0=35.8%, active=0=64.0%, mean(active|active>0)=106252404.9
2026-03-02 13:56:32,338 - INFO -   '(7) CF+FE': active>0=24.7%, active=0=75.3%, mean(active|active>0)=128200638.4
2026-03-02 13:56:32,342 - INFO -   '(8) CF+Clust': active>0=24.7%, active=0=75.3%, mean(active|active>0)=128200638.4
2026-03-02 13:56:32,348 - INFO -   '(9) CF-Haus': active>0=52.9%, active=0=47.1%, mean(active|active>0)=78182598.0
2026-03-02 13:56:32,356 - INFO -   '(10) CF-H+Bank': active>0=35.7%, active=0=64.2%, mean(active|active>0)=106744248.5
2026-03-02 13:56:32,357 - INFO - 
>>> Step 4: Estimating Berry (1994) demand equation ...
2026-03-02 13:56:32,367 - INFO - Demand -- type-interacted spread columns: ['spread_T1', 'spread_T2', 'spread_T3', 'spread_T4', 'spread_T5']
2026-03-02 13:56:32,417 - INFO - Endogenous types [4, 5]: 40,552 obs (47.1% of full sample)
2026-03-02 13:56:32,422 - INFO - Demand CF cost shifters (types 4-5): ['cosif_lag', 'log_assets_std', 'equity_ratio', 'lagged_cdi', 'lagged_selic', 'personnel_cost_ratio_lag', 'admin_cost_ratio_lag']
2026-03-02 13:56:32,470 - INFO - Demand CF-A (types 4-5): N=29,718, R^2=0.2324
2026-03-02 13:56:32,473 - INFO -   Joint F (cost vars): 1492.17 (strong)
2026-03-02 13:56:32,539 - INFO - Demand CF-B (types 4-5, +Hausman IV): N=29,718, R^2=0.4091
2026-03-02 13:56:32,541 - INFO -   F (Hausman IV): 6000.89 (strong)
2026-03-02 13:56:32,615 - INFO - 
=== Demand: supply spec '(1) Natl' | N_valid=56,350, N_zero_active=29,765 / 86,115 ===
2026-03-02 13:56:32,617 - INFO -   log(s_active): mean=-9.6998, sd=2.5073
2026-03-02 13:56:32,670 - INFO -   D(1) Natl spread_T1: coef=4.028435 (SE=0.010125, p=0.0000)***
2026-03-02 13:56:32,670 - INFO -   D(1) Natl spread_T2: coef=10.178714 (SE=0.086389, p=0.0000)***
2026-03-02 13:56:32,670 - INFO -   D(1) Natl spread_T3: coef=747.814877 (SE=25.937642, p=0.0000)***
2026-03-02 13:56:32,674 - INFO -   D(1) Natl spread_T4: coef=-0.381418 (SE=0.001809, p=0.0000)***
2026-03-02 13:56:32,674 - INFO -   D(1) Natl spread_T5: coef=-0.336638 (SE=0.038572, p=0.0000)***
2026-03-02 13:56:32,708 - INFO - 
=== Demand: supply spec '(2) +Bank' | N_valid=35,297, N_zero_active=50,682 / 86,115 ===
2026-03-02 13:56:32,708 - INFO -   log(s_active): mean=-9.6195, sd=2.7162
2026-03-02 13:56:32,754 - INFO -   D(2) +Bank spread_T1: coef=4.108290 (SE=0.015200, p=0.0000)***
2026-03-02 13:56:32,755 - INFO -   D(2) +Bank spread_T2: coef=9.944540 (SE=0.107221, p=0.0000)***
2026-03-02 13:56:32,756 - INFO -   D(2) +Bank spread_T3: coef=646.120493 (SE=25.212819, p=0.0000)***
2026-03-02 13:56:32,757 - INFO -   D(2) +Bank spread_T4: coef=-0.404622 (SE=0.003111, p=0.0000)***
2026-03-02 13:56:32,758 - INFO -   D(2) +Bank spread_T5: coef=-0.416373 (SE=0.036572, p=0.0000)***
2026-03-02 13:56:32,784 - INFO - 
=== Demand: supply spec '(3) +FE' | N_valid=29,278, N_zero_active=56,837 / 86,115 ===
2026-03-02 13:56:32,785 - INFO -   log(s_active): mean=-9.3068, sd=2.7073
2026-03-02 13:56:34,761 - INFO -   D(3) +FE spread_T1: coef=5.315924 (SE=0.019947, p=0.0000)***
2026-03-02 13:56:34,761 - INFO -   D(3) +FE spread_T2: coef=14.152736 (SE=0.155405, p=0.0000)***
2026-03-02 13:56:34,761 - INFO -   D(3) +FE spread_T3: coef=1729.934835 (SE=72.888763, p=0.0000)***
2026-03-02 13:56:34,761 - INFO -   D(3) +FE spread_T4: coef=-1.235579 (SE=0.004792, p=0.0000)***
2026-03-02 13:56:34,761 - INFO -   D(3) +FE spread_T5: coef=-0.891242 (SE=0.062669, p=0.0000)***
2026-03-02 13:56:34,804 - INFO - 
=== Demand: supply spec '(4) Clust' | N_valid=29,278, N_zero_active=56,837 / 86,115 ===
2026-03-02 13:56:34,805 - INFO -   log(s_active): mean=-9.3068, sd=2.7073
2026-03-02 13:56:36,931 - INFO -   D(4) Clust spread_T1: coef=5.315924 (SE=0.054839, p=0.0000)***
2026-03-02 13:56:36,931 - INFO -   D(4) Clust spread_T2: coef=14.152736 (SE=0.336566, p=0.0000)***
2026-03-02 13:56:36,931 - INFO -   D(4) Clust spread_T3: coef=1729.934835 (SE=132.405793, p=0.0000)***
2026-03-02 13:56:36,931 - INFO -   D(4) Clust spread_T4: coef=-1.235579 (SE=0.018994, p=0.0000)***
2026-03-02 13:56:36,931 - INFO -   D(4) Clust spread_T5: coef=-0.891242 (SE=0.121450, p=0.0000)***
2026-03-02 13:56:36,999 - INFO - 
=== Demand: supply spec '(5) CF Natl' | N_valid=45,888, N_zero_active=40,227 / 86,115 ===
2026-03-02 13:56:37,000 - INFO -   log(s_active): mean=-9.4976, sd=2.4459
2026-03-02 13:56:37,068 - INFO -   D(5) CF Natl spread_T1: coef=3.954845 (SE=0.011038, p=0.0000)***
2026-03-02 13:56:37,069 - INFO -   D(5) CF Natl spread_T2: coef=10.138022 (SE=0.090173, p=0.0000)***
2026-03-02 13:56:37,070 - INFO -   D(5) CF Natl spread_T3: coef=639.953289 (SE=24.859248, p=0.0000)***
2026-03-02 13:56:37,071 - INFO -   D(5) CF Natl spread_T4: coef=-0.522949 (SE=0.004971, p=0.0000)***
2026-03-02 13:56:37,072 - INFO -   D(5) CF Natl spread_T5: coef=-0.400174 (SE=0.035897, p=0.0000)***
2026-03-02 13:56:37,109 - INFO - 
=== Demand: supply spec '(6) CF+Bank' | N_valid=30,863, N_zero_active=55,116 / 86,115 ===
2026-03-02 13:56:37,111 - INFO -   log(s_active): mean=-9.4253, sd=2.7228
2026-03-02 13:56:37,189 - INFO -   D(6) CF+Bank spread_T1: coef=4.045963 (SE=0.016790, p=0.0000)***
2026-03-02 13:56:37,193 - INFO -   D(6) CF+Bank spread_T2: coef=10.170205 (SE=0.107027, p=0.0000)***
2026-03-02 13:56:37,198 - INFO -   D(6) CF+Bank spread_T3: coef=641.864612 (SE=27.482884, p=0.0000)***
2026-03-02 13:56:37,200 - INFO -   D(6) CF+Bank spread_T4: coef=-0.523194 (SE=0.007700, p=0.0000)***
2026-03-02 13:56:37,201 - INFO -   D(6) CF+Bank spread_T5: coef=-0.469403 (SE=0.034744, p=0.0000)***
2026-03-02 13:56:37,224 - INFO - 
=== Demand: supply spec '(7) CF+FE' | N_valid=21,242, N_zero_active=64,873 / 86,115 ===
2026-03-02 13:56:37,224 - INFO -   log(s_active): mean=-8.8594, sd=2.6192
2026-03-02 13:56:39,280 - INFO -   D(7) CF+FE spread_T1: coef=4.758669 (SE=0.020212, p=0.0000)***
2026-03-02 13:56:39,280 - INFO -   D(7) CF+FE spread_T2: coef=13.959655 (SE=0.139632, p=0.0000)***
2026-03-02 13:56:39,280 - INFO -   D(7) CF+FE spread_T3: coef=1389.143390 (SE=47.966458, p=0.0000)***
2026-03-02 13:56:39,286 - INFO -   D(7) CF+FE spread_T4: coef=-1.309138 (SE=0.013817, p=0.0000)***
2026-03-02 13:56:39,286 - INFO -   D(7) CF+FE spread_T5: coef=-1.014482 (SE=0.061947, p=0.0000)***
2026-03-02 13:56:39,316 - INFO - 
=== Demand: supply spec '(8) CF+Clust' | N_valid=21,242, N_zero_active=64,873 / 86,115 ===
2026-03-02 13:56:39,317 - INFO -   log(s_active): mean=-8.8594, sd=2.6192
2026-03-02 13:56:41,383 - INFO -   D(8) CF+Clust spread_T1: coef=4.758669 (SE=0.050338, p=0.0000)***
2026-03-02 13:56:41,384 - INFO -   D(8) CF+Clust spread_T2: coef=13.959655 (SE=0.294753, p=0.0000)***
2026-03-02 13:56:41,386 - INFO -   D(8) CF+Clust spread_T3: coef=1389.143390 (SE=91.237677, p=0.0000)***
2026-03-02 13:56:41,386 - INFO -   D(8) CF+Clust spread_T4: coef=-1.309138 (SE=0.047987, p=0.0000)***
2026-03-02 13:56:41,386 - INFO -   D(8) CF+Clust spread_T5: coef=-1.014482 (SE=0.106242, p=0.0000)***
2026-03-02 13:56:41,438 - INFO - 
=== Demand: supply spec '(9) CF-Haus' | N_valid=45,555, N_zero_active=40,560 / 86,115 ===
2026-03-02 13:56:41,440 - INFO -   log(s_active): mean=-9.4926, sd=2.4481
2026-03-02 13:56:41,503 - INFO -   D(9) CF-Haus spread_T1: coef=3.952056 (SE=0.011081, p=0.0000)***
2026-03-02 13:56:41,503 - INFO -   D(9) CF-Haus spread_T2: coef=10.148208 (SE=0.090675, p=0.0000)***
2026-03-02 13:56:41,503 - INFO -   D(9) CF-Haus spread_T3: coef=639.229117 (SE=25.050911, p=0.0000)***
2026-03-02 13:56:41,503 - INFO -   D(9) CF-Haus spread_T4: coef=-0.535690 (SE=0.003971, p=0.0000)***
2026-03-02 13:56:41,503 - INFO -   D(9) CF-Haus spread_T5: coef=-0.389416 (SE=0.036510, p=0.0000)***
2026-03-02 13:56:41,549 - INFO - 
=== Demand: supply spec '(10) CF-H+Bank' | N_valid=30,712, N_zero_active=55,267 / 86,115 ===
2026-03-02 13:56:41,550 - INFO -   log(s_active): mean=-9.4225, sd=2.7257
2026-03-02 13:56:41,596 - INFO -   D(10) CF-H+Bank spread_T1: coef=4.043139 (SE=0.016863, p=0.0000)***
2026-03-02 13:56:41,596 - INFO -   D(10) CF-H+Bank spread_T2: coef=10.173774 (SE=0.107174, p=0.0000)***
2026-03-02 13:56:41,600 - INFO -   D(10) CF-H+Bank spread_T3: coef=642.459111 (SE=27.185909, p=0.0000)***
2026-03-02 13:56:41,600 - INFO -   D(10) CF-H+Bank spread_T4: coef=-0.522699 (SE=0.007721, p=0.0000)***
2026-03-02 13:56:41,602 - INFO -   D(10) CF-H+Bank spread_T5: coef=-0.469003 (SE=0.034789, p=0.0000)***
2026-03-02 13:56:41,608 - INFO - 
>>> Step 5: Exporting demand results ...
2026-03-02 13:56:41,624 - INFO - Demand results exported to c:\Users\pedro\OneDrive\Documentos\Yale\Year 3 (2024 - 2025)\Open Finance\Open-Finance\BCB\Egan_et_al_2025_Rep\processed\ESTIMATION_OUTPUT\demand_results_institution.csv
2026-03-02 13:56:41,647 - INFO - Demand LaTeX table exported to c:\Users\pedro\OneDrive\Documentos\Yale\Year 3 (2024 - 2025)\Open Finance\Open-Finance\BCB\Egan_et_al_2025_Rep\processed\ESTIMATION_OUTPUT\demand_table_institution.tex
2026-03-02 13:56:41,648 - INFO - Demand specs estimated: ['D(1) Natl', 'D(2) +Bank', 'D(3) +FE', 'D(4) Clust', 'D(5) CF Natl', 'D(6) CF+Bank', 'D(7) CF+FE', 'D(8) CF+Clust', 'D(9) CF-Haus', 'D(10) CF-H+Bank']
2026-03-02 13:56:41,648 - INFO - Done -- estimation_demand_2.py complete.
2026-03-02 15:12:09,519 - INFO - ================================================================================
2026-03-02 15:12:09,521 - INFO - DEMAND ESTIMATION -- INSTITUTION LEVEL
2026-03-02 15:12:09,521 - INFO - Berry (1994) active market shares | estimation_demand_2.py
2026-03-02 15:12:09,527 - INFO - ================================================================================
2026-03-02 15:12:09,527 - INFO - 
>>> Step 1: Loading panel and running supply estimation ...
2026-03-02 15:12:09,529 - INFO - Loading institution-level panel ...
2026-03-02 15:12:09,529 - INFO - Loading from Parquet: c:\Users\pedro\OneDrive\Documentos\Yale\Year 3 (2024 - 2025)\Open Finance\Open-Finance\BCB\Egan_et_al_2025_Rep\processed\PANEL_INTERMED\egan_panel_institution.parquet
2026-03-02 15:12:10,417 - INFO - Raw panel: 327,921 rows, 30 cols
2026-03-02 15:12:10,421 - INFO -   total_assets coverage: 327,921 / 327,921
2026-03-02 15:12:10,424 - INFO -   equity_ratio coverage: 325,670 / 327,921
2026-03-02 15:12:10,456 - INFO -   segment coverage: 305,121 / 327,921
2026-03-02 15:12:10,737 - INFO - log_total_assets: mean=19.57, sd=2.58 (standardized)
2026-03-02 15:12:11,021 - INFO - Winsorized deposit_balance at [p1,p99]=[22.2,27598806145.7]: dropped 1,758 outliers
2026-03-02 15:12:11,024 - INFO - Estimation sample: 86,115 rows
2026-03-02 15:12:11,029 - INFO -   Institutions: 1412
2026-03-02 15:12:11,040 - INFO -   Quarters:     45
2026-03-02 15:12:11,046 - INFO -   Types:        [np.int64(1), np.int64(2), np.int64(3), np.int64(4), np.int64(5)]
2026-03-02 15:12:11,059 - INFO - Dep var (deposit_balance, levels): mean=468536318.9, sd=1898412194.9, p5=563389.0, p95=1867473043.7
2026-03-02 15:12:11,066 - INFO - nr_lag (nr x D_{t-1}): mean=433104640.400750, sd=1825562570.207187
2026-03-02 15:12:11,075 - INFO - Lagged Selic: mean=9.98, sd=3.98, min=2.00, max=15.00
2026-03-02 15:12:11,092 - INFO - Segment distribution: {'S5': 48178, 'S4': 21516, 'S3': 6878, 'S2': 1707, 'S1': 1666}
2026-03-02 15:12:11,106 - INFO - ================================================================================
2026-03-02 15:12:11,109 - INFO - INSTITUTION-LEVEL STRUCTURAL ESTIMATION
2026-03-02 15:12:11,112 - INFO -   D_jkt = phi(S,X) * nr * D_jkt-1 + eps  (levels, no ratio)
2026-03-02 15:12:11,114 - INFO - ================================================================================
2026-03-02 15:12:23,277 - INFO - Dep var: Dep_jkt (levels)     
2026-03-02 15:12:23,277 - INFO - ----------------------------------------------------------------------------------------------
2026-03-02 15:12:23,277 - INFO -                                       (1) Natl       (2) +Bank         (3) +FE       (4) Clust
2026-03-02 15:12:23,284 - INFO - ----------------------------------------------------------------------------------------------
2026-03-02 15:12:23,294 - INFO -   Y_1,cons  (nr x D_{t-1})          1.0150***       1.1549***       1.2573***       1.2573*** 
2026-03-02 15:12:23,298 - INFO -                                 (   0.0247)   (   0.0599)   (   0.0232)   (   0.0892) 
2026-03-02 15:12:23,312 - INFO -   Y_1,RF   (selic x nr x D_{t-1})     -0.0001         -0.0025         -0.0001         -0.0001    
2026-03-02 15:12:23,315 - INFO -                                 (   0.0024)   (   0.0019)   (   0.0021)   (   0.0066) 
2026-03-02 15:12:23,330 - INFO -   Y_2,size (logA x nr x D_{t-1})                     -0.0527**       -0.0848***      -0.0848*** 
2026-03-02 15:12:23,332 - INFO -                                                 (   0.0226)   (   0.0034)   (   0.0131) 
2026-03-02 15:12:23,341 - INFO -   Y_2,eq   (E/A x nr x D_{t-1})                     -0.5482**       -0.4098***      -0.4098*   
2026-03-02 15:12:23,345 - INFO -                                                 (   0.2653)   (   0.0706)   (   0.2125) 
2026-03-02 15:12:23,353 - INFO -   Y_2,S2  (seg_S2 x nr x D_{t-1})                      0.0304                                    
2026-03-02 15:12:23,354 - INFO -                                                 (   0.0218)                                 
2026-03-02 15:12:23,364 - INFO -   Y_2,S3  (seg_S3 x nr x D_{t-1})                      0.1199***                                 
2026-03-02 15:12:23,366 - INFO -                                                 (   0.0185)                                 
2026-03-02 15:12:23,374 - INFO -   Y_2,S4  (seg_S4 x nr x D_{t-1})                      0.1175***                                 
2026-03-02 15:12:23,380 - INFO -                                                 (   0.0245)                                 
2026-03-02 15:12:23,386 - INFO -   Y_2,S5  (seg_S5 x nr x D_{t-1})                      0.1225***                                 
2026-03-02 15:12:23,393 - INFO -                                                 (   0.0294)                                 
2026-03-02 15:12:23,397 - INFO - ----------------------------------------------------------------------------------------------
2026-03-02 15:12:23,401 - INFO -   N                                     86,115          85,979          86,115          86,115
2026-03-02 15:12:23,414 - INFO -   R^2                                   0.9470          0.9544          0.9915          0.9915
2026-03-02 15:12:23,416 - INFO -   InstxType FE                              No              No             Yes             Yes
2026-03-02 15:12:23,418 - INFO -   Time FE                                   No              No             Yes             Yes
2026-03-02 15:12:23,420 - INFO -   SE type                            HC-robust       HC-robust       HC-robust      Inst-clust
2026-03-02 15:12:23,422 - INFO - ----------------------------------------------------------------------------------------------
2026-03-02 15:12:23,427 - INFO - Interpretation guide:
2026-03-02 15:12:23,430 - INFO -   Y_1,cons = coef on nr_lag = phi_cons (retention scaling factor)
2026-03-02 15:12:23,432 - INFO -   Y_1,RF < 0  -> depositors sleepier when rates low
2026-03-02 15:12:23,434 - INFO -   Y_2,size > 0 -> larger institutions retain more deposits
2026-03-02 15:12:23,439 - INFO - Baseline retention coef on nr_lag (Spec 1): 1.0150
2026-03-02 15:12:23,448 - INFO - ================================================================================
2026-03-02 15:12:23,448 - INFO - CONTROL FUNCTION ESTIMATION (semi-parametric CF) [INSTITUTION]
2026-03-02 15:12:23,448 - INFO -   Stage 1: spread_jkt ~ cost_shifters + type_dummies  -->  v_hat
2026-03-02 15:12:23,448 - INFO -   Stage 2: deposit_balance = phi(S,X)*nr*D_{t-1} + b1*v + b2*v^2 + b3*v^3 + eps
2026-03-02 15:12:23,462 - INFO -   All deposit types treated as potentially endogenous.
2026-03-02 15:12:23,464 - INFO - ================================================================================
2026-03-02 15:12:23,477 - INFO - First-stage cost shifters: ['cosif_lag', 'log_assets_std', 'equity_ratio', 'lagged_cdi', 'lagged_selic', 'personnel_cost_ratio_lag', 'admin_cost_ratio_lag']
2026-03-02 15:12:23,670 - INFO - First-stage A -- N=61,765, R^2=0.4436
2026-03-02 15:12:23,671 - INFO -   cosif_lag: coef=-0.193694, p=0.0000
2026-03-02 15:12:23,673 - INFO -   log_assets_std: coef=0.174284, p=0.0062
2026-03-02 15:12:23,675 - INFO -   equity_ratio: coef=-0.630093, p=0.0999
2026-03-02 15:12:23,676 - INFO -   lagged_cdi: coef=6.267570, p=0.0000
2026-03-02 15:12:23,678 - INFO -   lagged_selic: coef=-1.668585, p=0.0000
2026-03-02 15:12:23,680 - INFO -   personnel_cost_ratio_lag: coef=31.229801, p=0.0001
2026-03-02 15:12:23,680 - INFO -   admin_cost_ratio_lag: coef=1.006311, p=0.1205
2026-03-02 15:12:23,680 - INFO -   type2_d: coef=2.030980, p=0.0000
2026-03-02 15:12:23,691 - INFO -   type3_d: coef=2.379298, p=0.0000
2026-03-02 15:12:23,694 - INFO -   type4_d: coef=13.496198, p=0.0000
2026-03-02 15:12:23,698 - INFO -   type5_d: coef=-1.719117, p=0.0000
2026-03-02 15:12:23,713 - INFO -   Joint F (cost vars): 1581.75 (strong)
2026-03-02 15:12:23,799 - INFO - Computing Hausman IV (leave-one-out spread mean by type x quarter) ...
2026-03-02 15:12:23,960 - INFO - First-stage B -- N=61,765, R^2=0.6176
2026-03-02 15:12:23,962 - INFO -   hausman_iv_spread: coef=1.329530, p=0.0000
2026-03-02 15:12:23,964 - INFO -   cosif_lag: coef=-0.016116, p=0.0000
2026-03-02 15:12:23,965 - INFO -   log_assets_std: coef=-0.159972, p=0.0040
2026-03-02 15:12:23,967 - INFO -   equity_ratio: coef=-4.447458, p=0.0000
2026-03-02 15:12:23,970 - INFO -   lagged_cdi: coef=-0.289040, p=0.0783
2026-03-02 15:12:23,973 - INFO -   lagged_selic: coef=0.105499, p=0.0063
2026-03-02 15:12:23,978 - INFO -   personnel_cost_ratio_lag: coef=7.601896, p=0.2106
2026-03-02 15:12:23,981 - INFO -   admin_cost_ratio_lag: coef=0.611274, p=0.0415
2026-03-02 15:12:23,986 - INFO -   F (Hausman IV): 15254.58 (strong)
2026-03-02 15:12:24,057 - INFO - CF residuals (Cost-only): N=61,765, mean=0.000000, sd=7.940313
2026-03-02 15:12:24,062 - INFO - CF residuals (Hausman): N=61,765, mean=0.000000, sd=6.582945
2026-03-02 15:12:24,195 - INFO -   CF-Cost(5) cf_resid: -1793586.150654 (p=0.0000) ***
2026-03-02 15:12:24,198 - INFO -   CF-Cost(5) cf_resid_sq: 111008.095820 (p=0.0000) ***
2026-03-02 15:12:24,201 - INFO -   CF-Cost(5) cf_resid_cu: -1000.586658 (p=0.1499) 
2026-03-02 15:12:24,211 - INFO -   CF-Cost(5) joint F on poly: 114.28 -> endogeneity
2026-03-02 15:12:24,368 - INFO -   CF-Cost(6) cf_resid: -1727347.908163 (p=0.0000) ***
2026-03-02 15:12:24,371 - INFO -   CF-Cost(6) cf_resid_sq: -29510.799036 (p=0.4633) 
2026-03-02 15:12:24,373 - INFO -   CF-Cost(6) cf_resid_cu: 2963.903034 (p=0.0099) ***
2026-03-02 15:12:24,384 - INFO -   CF-Cost(6) joint F on poly: 104.70 -> endogeneity
2026-03-02 15:12:34,865 - INFO -   CF-Cost+FE(7) cf_resid: -562022.453173 (p=0.0016) ***
2026-03-02 15:12:34,875 - INFO -   CF-Cost+FE(7) cf_resid_sq: -177400.920473 (p=0.0000) ***
2026-03-02 15:12:34,875 - INFO -   CF-Cost+FE(7) cf_resid_cu: 8066.289450 (p=0.0000) ***
2026-03-02 15:12:34,879 - INFO -   CF-Cost+FE(7) joint F on poly: 107.46 -> endogeneity
2026-03-02 15:12:35,129 - INFO -   CF-Hausman(9) cf_resid_h: 782171.240674 (p=0.0021) ***
2026-03-02 15:12:35,131 - INFO -   CF-Hausman(9) cf_resid_h_sq: 73491.485518 (p=0.0000) ***
2026-03-02 15:12:35,132 - INFO -   CF-Hausman(9) cf_resid_h_cu: -3354.458915 (p=0.0000) ***
2026-03-02 15:12:35,134 - INFO -   CF-Hausman(9) joint F on poly: 12.54 -> endogeneity
2026-03-02 15:12:35,316 - INFO -   CF-Hausman(10) cf_resid_h: 1176364.719243 (p=0.0000) ***
2026-03-02 15:12:35,319 - INFO -   CF-Hausman(10) cf_resid_h_sq: 25507.129964 (p=0.0565) *
2026-03-02 15:12:35,321 - INFO -   CF-Hausman(10) cf_resid_h_cu: -3239.903347 (p=0.0000) ***
2026-03-02 15:12:35,331 - INFO -   CF-Hausman(10) joint F on poly: 8.28 -> endogeneity
2026-03-02 15:12:35,337 - INFO - Dep var: Dep_jkt (levels, CF) 
2026-03-02 15:12:35,340 - INFO - ------------------------------------------------------------------------------------------------------------------------------
2026-03-02 15:12:35,342 - INFO -                                    (5) CF Natl     (6) CF+Bank       (7) CF+FE    (8) CF+Clust     (9) CF-Haus  (10) CF-H+Bank
2026-03-02 15:12:35,344 - INFO - ------------------------------------------------------------------------------------------------------------------------------
2026-03-02 15:12:35,351 - INFO -   Y_1,cons  (nr x D_{t-1})          1.1031***       1.2126***       1.2164***       1.2164***       1.1059***       1.2136*** 
2026-03-02 15:12:35,351 - INFO -                                 (   0.0212)   (   0.2533)   (   0.0105)   (   0.0484)   (   0.0215)   (   0.2457) 
2026-03-02 15:12:35,374 - INFO -   Y_1,RF   (selic x nr x D_{t-1})     -0.0044*        -0.0029         -0.0003         -0.0003         -0.0045*        -0.0030    
2026-03-02 15:12:35,377 - INFO -                                 (   0.0023)   (   0.0019)   (   0.0009)   (   0.0043)   (   0.0024)   (   0.0019) 
2026-03-02 15:12:35,388 - INFO -   Y_2,size (logA x nr x D_{t-1})                     -0.0641         -0.0775***      -0.0775***                      -0.0644    
2026-03-02 15:12:35,390 - INFO -                                                 (   0.0786)   (   0.0039)   (   0.0162)                   (   0.0761) 
2026-03-02 15:12:35,399 - INFO -   Y_2,eq   (E/A x nr x D_{t-1})                     -0.3714          0.2136***       0.2136                         -0.3760    
2026-03-02 15:12:35,401 - INFO -                                                 (   0.4065)   (   0.0549)   (   0.2541)                   (   0.4059) 
2026-03-02 15:12:35,408 - INFO -   Y_2,S2  (seg_S2 x nr x D_{t-1})                      0.0093                                                          0.0094    
2026-03-02 15:12:35,410 - INFO -                                                 (   0.0767)                                                   (   0.0746) 
2026-03-02 15:12:35,416 - INFO -   Y_2,S3  (seg_S3 x nr x D_{t-1})                      0.0350                                                          0.0349    
2026-03-02 15:12:35,416 - INFO -                                                 (   0.1238)                                                   (   0.1207) 
2026-03-02 15:12:35,416 - INFO -   Y_2,S4  (seg_S4 x nr x D_{t-1})                      0.0811                                                          0.0811    
2026-03-02 15:12:35,433 - INFO -                                                 (   0.1271)                                                   (   0.1235) 
2026-03-02 15:12:35,441 - INFO -   Y_2,S5  (seg_S5 x nr x D_{t-1})                      0.0470                                                          0.0495    
2026-03-02 15:12:35,443 - INFO -                                                 (   0.1447)                                                   (   0.1423) 
2026-03-02 15:12:35,454 - INFO -   beta_1 v^  (CF-cost, 1st)     -1793586.1507***   -1727347.9082***   -562022.4532***   -562022.4532                                    
2026-03-02 15:12:35,456 - INFO -                                 (101078.4786)   (107271.9235)   (177728.0101)   (682572.2842)                                 
2026-03-02 15:12:35,465 - INFO -   beta_2 v^^2 (CF-cost, 2nd)    111008.0958***   -29510.7990      -177400.9205***   -177400.9205***                                 
2026-03-02 15:12:35,466 - INFO -                                 (22907.9159)   (40232.5447)   (14556.6680)   (56170.8896)                                 
2026-03-02 15:12:35,476 - INFO -   beta_3 v^^3 (CF-cost, 3rd)    -1000.5867       2963.9030***    8066.2895***    8066.2895***                                 
2026-03-02 15:12:35,476 - INFO -                                 ( 694.9384)   (1148.6851)   ( 744.4599)   (2780.2906)                                 
2026-03-02 15:12:35,488 - INFO -   beta_1 v^H (CF-Hausman, 1st)                                                                  782171.2407***   1176364.7192*** 
2026-03-02 15:12:35,490 - INFO -                                                                                                 (253910.3637)   (267695.9942) 
2026-03-02 15:12:35,499 - INFO -   beta_2 v^H^2 (CF-Hausman, 2nd)                                                                  73491.4855***   25507.1300*   
2026-03-02 15:12:35,501 - INFO -                                                                                                 (13305.5905)   (13375.9914) 
2026-03-02 15:12:35,506 - INFO -   beta_3 v^H^3 (CF-Hausman, 3rd)                                                                  -3354.4589***   -3239.9033*** 
2026-03-02 15:12:35,506 - INFO -                                                                                                 ( 791.8759)   ( 667.4521) 
2026-03-02 15:12:35,506 - INFO - ------------------------------------------------------------------------------------------------------------------------------
2026-03-02 15:12:35,518 - INFO -   N                                     61,765          61,670          61,765          61,765          61,765          61,670
2026-03-02 15:12:35,531 - INFO -   R^2                                   0.9677          0.9703          0.9949          0.9949          0.9675          0.9703
2026-03-02 15:12:35,534 - INFO -   InstxType FE                              No              No             Yes             Yes              No              No
2026-03-02 15:12:35,537 - INFO -   Time FE                                   No              No             Yes             Yes              No              No
2026-03-02 15:12:35,540 - INFO -   SE type                            HC-robust       HC-robust       HC-robust      Inst-clust       HC-robust       HC-robust
2026-03-02 15:12:35,543 - INFO - ------------------------------------------------------------------------------------------------------------------------------
2026-03-02 15:12:35,555 - INFO - Supply specs available: ['(1) Natl', '(2) +Bank', '(3) +FE', '(4) Clust', '(5) CF Natl', '(6) CF+Bank', '(7) CF+FE', '(8) CF+Clust', '(9) CF-Haus', '(10) CF-H+Bank']
2026-03-02 15:12:35,555 - INFO - 
>>> Step 2: Computing structural sleeping-deposit predictions ...
2026-03-02 15:12:35,648 - INFO -   Supply spec '(1) Natl': hat_Y computed for 86,115 obs (struct cols = ['nr_lag', 'selic_nr_lag'])
2026-03-02 15:12:35,663 - INFO -   Supply spec '(2) +Bank': hat_Y computed for 85,979 obs (struct cols = ['nr_lag', 'selic_nr_lag', 'logA_nr_lag', 'eq_nr_lag', 'seg_S2_nr_lag', 'seg_S3_nr_lag', 'seg_S4_nr_lag', 'seg_S5_nr_lag'])
2026-03-02 15:12:35,671 - INFO -   Supply spec '(3) +FE': hat_Y computed for 86,115 obs (struct cols = ['nr_lag', 'selic_nr_lag', 'logA_nr_lag', 'eq_nr_lag'])
2026-03-02 15:12:35,680 - INFO -   Supply spec '(4) Clust': hat_Y computed for 86,115 obs (struct cols = ['nr_lag', 'selic_nr_lag', 'logA_nr_lag', 'eq_nr_lag'])
2026-03-02 15:12:35,683 - INFO -   Supply spec '(5) CF Natl': hat_Y computed for 86,115 obs (struct cols = ['nr_lag', 'selic_nr_lag'])
2026-03-02 15:12:35,710 - INFO -   Supply spec '(6) CF+Bank': hat_Y computed for 85,979 obs (struct cols = ['nr_lag', 'selic_nr_lag', 'logA_nr_lag', 'eq_nr_lag', 'seg_S2_nr_lag', 'seg_S3_nr_lag', 'seg_S4_nr_lag', 'seg_S5_nr_lag'])
2026-03-02 15:12:35,725 - INFO -   Supply spec '(7) CF+FE': hat_Y computed for 86,115 obs (struct cols = ['nr_lag', 'selic_nr_lag', 'logA_nr_lag', 'eq_nr_lag'])
2026-03-02 15:12:35,737 - INFO -   Supply spec '(8) CF+Clust': hat_Y computed for 86,115 obs (struct cols = ['nr_lag', 'selic_nr_lag', 'logA_nr_lag', 'eq_nr_lag'])
2026-03-02 15:12:35,742 - INFO -   Supply spec '(9) CF-Haus': hat_Y computed for 86,115 obs (struct cols = ['nr_lag', 'selic_nr_lag'])
2026-03-02 15:12:35,765 - INFO -   Supply spec '(10) CF-H+Bank': hat_Y computed for 85,979 obs (struct cols = ['nr_lag', 'selic_nr_lag', 'logA_nr_lag', 'eq_nr_lag', 'seg_S2_nr_lag', 'seg_S3_nr_lag', 'seg_S4_nr_lag', 'seg_S5_nr_lag'])
2026-03-02 15:12:35,770 - INFO - 
>>> Step 3: Active deposit diagnostics by supply spec ...
2026-03-02 15:12:35,784 - INFO -   '(1) Natl': active>0=65.4%, active=0=34.6%, mean(active|active>0)=78813405.5
2026-03-02 15:12:35,796 - INFO -   '(2) +Bank': active>0=41.0%, active=0=58.9%, mean(active|active>0)=99231703.4
2026-03-02 15:12:35,808 - INFO -   '(3) +FE': active>0=34.0%, active=0=66.0%, mean(active|active>0)=110922564.2
2026-03-02 15:12:35,821 - INFO -   '(4) Clust': active>0=34.0%, active=0=66.0%, mean(active|active>0)=110922564.2
2026-03-02 15:12:35,835 - INFO -   '(5) CF Natl': active>0=53.3%, active=0=46.7%, mean(active|active>0)=78178985.1
2026-03-02 15:12:35,848 - INFO -   '(6) CF+Bank': active>0=35.8%, active=0=64.0%, mean(active|active>0)=106252404.9
2026-03-02 15:12:35,863 - INFO -   '(7) CF+FE': active>0=24.7%, active=0=75.3%, mean(active|active>0)=128200638.4
2026-03-02 15:12:35,879 - INFO -   '(8) CF+Clust': active>0=24.7%, active=0=75.3%, mean(active|active>0)=128200638.4
2026-03-02 15:12:35,902 - INFO -   '(9) CF-Haus': active>0=52.9%, active=0=47.1%, mean(active|active>0)=78182598.0
2026-03-02 15:12:35,920 - INFO -   '(10) CF-H+Bank': active>0=35.7%, active=0=64.2%, mean(active|active>0)=106744248.5
2026-03-02 15:12:35,925 - INFO - 
>>> Step 4: Estimating Berry (1994) demand equation ...
2026-03-02 15:12:35,950 - INFO - Demand -- type-interacted spread columns: ['spread_T1', 'spread_T2', 'spread_T3', 'spread_T4', 'spread_T5']
2026-03-02 15:12:36,046 - INFO - Endogenous types [4, 5]: 40,552 obs (47.1% of full sample)
2026-03-02 15:12:36,048 - INFO - Demand CF cost shifters (types 4-5): ['cosif_lag', 'log_assets_std', 'equity_ratio', 'lagged_cdi', 'lagged_selic', 'personnel_cost_ratio_lag', 'admin_cost_ratio_lag']
2026-03-02 15:12:36,113 - INFO - Demand CF-A (types 4-5): N=29,718, R^2=0.2324
2026-03-02 15:12:36,123 - INFO -   Joint F (cost vars): 1492.17 (strong)
2026-03-02 15:12:36,265 - INFO - Demand CF-B (types 4-5, +Hausman IV): N=29,718, R^2=0.4091
2026-03-02 15:12:36,275 - INFO -   F (Hausman IV): 6000.89 (strong)
2026-03-02 15:12:36,467 - INFO - 
=== Demand: supply spec '(1) Natl' | N_valid=56,350, N_zero_active=29,765 / 86,115 ===
2026-03-02 15:12:36,469 - INFO -   log(s_active): mean=-9.6998, sd=2.5073
2026-03-02 15:12:36,591 - INFO -   D(1) Natl spread_T1: coef=4.028435 (SE=0.010125, p=0.0000)***
2026-03-02 15:12:36,593 - INFO -   D(1) Natl spread_T2: coef=10.178714 (SE=0.086389, p=0.0000)***
2026-03-02 15:12:36,597 - INFO -   D(1) Natl spread_T3: coef=747.814877 (SE=25.937642, p=0.0000)***
2026-03-02 15:12:36,599 - INFO -   D(1) Natl spread_T4: coef=-0.381418 (SE=0.001809, p=0.0000)***
2026-03-02 15:12:36,599 - INFO -   D(1) Natl spread_T5: coef=-0.336638 (SE=0.038572, p=0.0000)***
2026-03-02 15:12:36,698 - INFO - 
=== Demand: supply spec '(2) +Bank' | N_valid=35,297, N_zero_active=50,682 / 86,115 ===
2026-03-02 15:12:36,701 - INFO -   log(s_active): mean=-9.6195, sd=2.7162
2026-03-02 15:12:36,800 - INFO -   D(2) +Bank spread_T1: coef=4.108290 (SE=0.015200, p=0.0000)***
2026-03-02 15:12:36,803 - INFO -   D(2) +Bank spread_T2: coef=9.944540 (SE=0.107221, p=0.0000)***
2026-03-02 15:12:36,806 - INFO -   D(2) +Bank spread_T3: coef=646.120493 (SE=25.212819, p=0.0000)***
2026-03-02 15:12:36,809 - INFO -   D(2) +Bank spread_T4: coef=-0.404622 (SE=0.003111, p=0.0000)***
2026-03-02 15:12:36,812 - INFO -   D(2) +Bank spread_T5: coef=-0.416373 (SE=0.036572, p=0.0000)***
2026-03-02 15:12:36,905 - INFO - 
=== Demand: supply spec '(3) +FE' | N_valid=29,278, N_zero_active=56,837 / 86,115 ===
2026-03-02 15:12:36,907 - INFO -   log(s_active): mean=-9.3068, sd=2.7073
2026-03-02 15:12:42,004 - INFO -   D(3) +FE spread_T1: coef=5.315924 (SE=0.019947, p=0.0000)***
2026-03-02 15:12:42,009 - INFO -   D(3) +FE spread_T2: coef=14.152736 (SE=0.155405, p=0.0000)***
2026-03-02 15:12:42,014 - INFO -   D(3) +FE spread_T3: coef=1729.934835 (SE=72.888763, p=0.0000)***
2026-03-02 15:12:42,021 - INFO -   D(3) +FE spread_T4: coef=-1.235579 (SE=0.004792, p=0.0000)***
2026-03-02 15:12:42,030 - INFO -   D(3) +FE spread_T5: coef=-0.891242 (SE=0.062669, p=0.0000)***
2026-03-02 15:12:42,155 - INFO - 
=== Demand: supply spec '(4) Clust' | N_valid=29,278, N_zero_active=56,837 / 86,115 ===
2026-03-02 15:12:42,160 - INFO -   log(s_active): mean=-9.3068, sd=2.7073
2026-03-02 15:12:48,280 - INFO -   D(4) Clust spread_T1: coef=5.315924 (SE=0.054839, p=0.0000)***
2026-03-02 15:12:48,283 - INFO -   D(4) Clust spread_T2: coef=14.152736 (SE=0.336566, p=0.0000)***
2026-03-02 15:12:48,286 - INFO -   D(4) Clust spread_T3: coef=1729.934835 (SE=132.405793, p=0.0000)***
2026-03-02 15:12:48,290 - INFO -   D(4) Clust spread_T4: coef=-1.235579 (SE=0.018994, p=0.0000)***
2026-03-02 15:12:48,294 - INFO -   D(4) Clust spread_T5: coef=-0.891242 (SE=0.121450, p=0.0000)***
2026-03-02 15:12:48,452 - INFO - 
=== Demand: supply spec '(5) CF Natl' | N_valid=45,888, N_zero_active=40,227 / 86,115 ===
2026-03-02 15:12:48,455 - INFO -   log(s_active): mean=-9.4976, sd=2.4459
2026-03-02 15:12:48,609 - INFO -   D(5) CF Natl spread_T1: coef=3.954845 (SE=0.011038, p=0.0000)***
2026-03-02 15:12:48,609 - INFO -   D(5) CF Natl spread_T2: coef=10.138022 (SE=0.090173, p=0.0000)***
2026-03-02 15:12:48,620 - INFO -   D(5) CF Natl spread_T3: coef=639.953289 (SE=24.859248, p=0.0000)***
2026-03-02 15:12:48,624 - INFO -   D(5) CF Natl spread_T4: coef=-0.522949 (SE=0.004971, p=0.0000)***
2026-03-02 15:12:48,627 - INFO -   D(5) CF Natl spread_T5: coef=-0.400174 (SE=0.035897, p=0.0000)***
2026-03-02 15:12:48,722 - INFO - 
=== Demand: supply spec '(6) CF+Bank' | N_valid=30,863, N_zero_active=55,116 / 86,115 ===
2026-03-02 15:12:48,724 - INFO -   log(s_active): mean=-9.4253, sd=2.7228
2026-03-02 15:12:48,819 - INFO -   D(6) CF+Bank spread_T1: coef=4.045963 (SE=0.016790, p=0.0000)***
2026-03-02 15:12:48,823 - INFO -   D(6) CF+Bank spread_T2: coef=10.170205 (SE=0.107027, p=0.0000)***
2026-03-02 15:12:48,829 - INFO -   D(6) CF+Bank spread_T3: coef=641.864612 (SE=27.482884, p=0.0000)***
2026-03-02 15:12:48,833 - INFO -   D(6) CF+Bank spread_T4: coef=-0.523194 (SE=0.007700, p=0.0000)***
2026-03-02 15:12:48,836 - INFO -   D(6) CF+Bank spread_T5: coef=-0.469403 (SE=0.034744, p=0.0000)***
2026-03-02 15:12:48,932 - INFO - 
=== Demand: supply spec '(7) CF+FE' | N_valid=21,242, N_zero_active=64,873 / 86,115 ===
2026-03-02 15:12:48,934 - INFO -   log(s_active): mean=-8.8594, sd=2.6192
2026-03-02 15:12:54,678 - INFO -   D(7) CF+FE spread_T1: coef=4.758669 (SE=0.020212, p=0.0000)***
2026-03-02 15:12:54,681 - INFO -   D(7) CF+FE spread_T2: coef=13.959655 (SE=0.139632, p=0.0000)***
2026-03-02 15:12:54,683 - INFO -   D(7) CF+FE spread_T3: coef=1389.143390 (SE=47.966458, p=0.0000)***
2026-03-02 15:12:54,689 - INFO -   D(7) CF+FE spread_T4: coef=-1.309138 (SE=0.013817, p=0.0000)***
2026-03-02 15:12:54,689 - INFO -   D(7) CF+FE spread_T5: coef=-1.014482 (SE=0.061947, p=0.0000)***
2026-03-02 15:12:54,778 - INFO - 
=== Demand: supply spec '(8) CF+Clust' | N_valid=21,242, N_zero_active=64,873 / 86,115 ===
2026-03-02 15:12:54,780 - INFO -   log(s_active): mean=-8.8594, sd=2.6192
2026-03-02 15:12:59,945 - INFO -   D(8) CF+Clust spread_T1: coef=4.758669 (SE=0.050338, p=0.0000)***
2026-03-02 15:12:59,945 - INFO -   D(8) CF+Clust spread_T2: coef=13.959655 (SE=0.294753, p=0.0000)***
2026-03-02 15:12:59,961 - INFO -   D(8) CF+Clust spread_T3: coef=1389.143390 (SE=91.237677, p=0.0000)***
2026-03-02 15:12:59,964 - INFO -   D(8) CF+Clust spread_T4: coef=-1.309138 (SE=0.047987, p=0.0000)***
2026-03-02 15:12:59,966 - INFO -   D(8) CF+Clust spread_T5: coef=-1.014482 (SE=0.106242, p=0.0000)***
2026-03-02 15:13:00,083 - INFO - 
=== Demand: supply spec '(9) CF-Haus' | N_valid=45,555, N_zero_active=40,560 / 86,115 ===
2026-03-02 15:13:00,087 - INFO -   log(s_active): mean=-9.4926, sd=2.4481
2026-03-02 15:13:00,236 - INFO -   D(9) CF-Haus spread_T1: coef=3.952056 (SE=0.011081, p=0.0000)***
2026-03-02 15:13:00,238 - INFO -   D(9) CF-Haus spread_T2: coef=10.148208 (SE=0.090675, p=0.0000)***
2026-03-02 15:13:00,242 - INFO -   D(9) CF-Haus spread_T3: coef=639.229117 (SE=25.050911, p=0.0000)***
2026-03-02 15:13:00,244 - INFO -   D(9) CF-Haus spread_T4: coef=-0.535690 (SE=0.003971, p=0.0000)***
2026-03-02 15:13:00,244 - INFO -   D(9) CF-Haus spread_T5: coef=-0.389416 (SE=0.036510, p=0.0000)***
2026-03-02 15:13:00,356 - INFO - 
=== Demand: supply spec '(10) CF-H+Bank' | N_valid=30,712, N_zero_active=55,267 / 86,115 ===
2026-03-02 15:13:00,359 - INFO -   log(s_active): mean=-9.4225, sd=2.7257
2026-03-02 15:13:00,464 - INFO -   D(10) CF-H+Bank spread_T1: coef=4.043139 (SE=0.016863, p=0.0000)***
2026-03-02 15:13:00,467 - INFO -   D(10) CF-H+Bank spread_T2: coef=10.173774 (SE=0.107174, p=0.0000)***
2026-03-02 15:13:00,470 - INFO -   D(10) CF-H+Bank spread_T3: coef=642.459111 (SE=27.185909, p=0.0000)***
2026-03-02 15:13:00,473 - INFO -   D(10) CF-H+Bank spread_T4: coef=-0.522699 (SE=0.007721, p=0.0000)***
2026-03-02 15:13:00,478 - INFO -   D(10) CF-H+Bank spread_T5: coef=-0.469003 (SE=0.034789, p=0.0000)***
2026-03-02 15:13:00,499 - INFO - 
>>> Step 5: Exporting demand results ...
2026-03-02 15:13:00,556 - INFO - Demand results exported to c:\Users\pedro\OneDrive\Documentos\Yale\Year 3 (2024 - 2025)\Open Finance\Open-Finance\BCB\Egan_et_al_2025_Rep\processed\ESTIMATION_OUTPUT\demand_results_institution.csv
2026-03-02 15:13:00,642 - INFO - Demand LaTeX table exported to c:\Users\pedro\OneDrive\Documentos\Yale\Year 3 (2024 - 2025)\Open Finance\Open-Finance\BCB\Egan_et_al_2025_Rep\processed\ESTIMATION_OUTPUT\demand_table_institution.tex
2026-03-02 15:13:00,646 - INFO - Demand specs estimated: ['D(1) Natl', 'D(2) +Bank', 'D(3) +FE', 'D(4) Clust', 'D(5) CF Natl', 'D(6) CF+Bank', 'D(7) CF+FE', 'D(8) CF+Clust', 'D(9) CF-Haus', 'D(10) CF-H+Bank']
2026-03-02 15:13:00,648 - INFO - Done -- estimation_demand_2.py complete.
2026-03-02 15:26:50,629 - INFO - ================================================================================
2026-03-02 15:26:50,630 - INFO - DEMAND ESTIMATION -- INSTITUTION LEVEL
2026-03-02 15:26:50,632 - INFO - Berry (1994) active market shares | estimation_demand_2.py
2026-03-02 15:26:50,633 - INFO - ================================================================================
2026-03-02 15:26:50,633 - INFO - 
>>> Step 1: Loading panel and running supply estimation ...
2026-03-02 15:26:50,634 - INFO - Loading institution-level panel ...
2026-03-02 15:26:50,636 - INFO - Loading from Parquet: c:\Users\pedro\OneDrive\Documentos\Yale\Year 3 (2024 - 2025)\Open Finance\Open-Finance\BCB\Egan_et_al_2025_Rep\processed\PANEL_INTERMED\egan_panel_institution.parquet
2026-03-02 15:26:51,165 - INFO - Raw panel: 327,921 rows, 30 cols
2026-03-02 15:26:51,167 - INFO -   total_assets coverage: 327,921 / 327,921
2026-03-02 15:26:51,169 - INFO -   equity_ratio coverage: 325,670 / 327,921
2026-03-02 15:26:51,181 - INFO -   segment coverage: 305,121 / 327,921
2026-03-02 15:26:51,334 - INFO - log_total_assets: mean=19.57, sd=2.58 (standardized)
2026-03-02 15:26:51,472 - INFO - Winsorized deposit_balance at [p1,p99]=[22.2,27598806145.7]: dropped 1,758 outliers
2026-03-02 15:26:51,473 - INFO - Estimation sample: 86,115 rows
2026-03-02 15:26:51,480 - INFO -   Institutions: 1412
2026-03-02 15:26:51,483 - INFO -   Quarters:     45
2026-03-02 15:26:51,486 - INFO -   Types:        [np.int64(1), np.int64(2), np.int64(3), np.int64(4), np.int64(5)]
2026-03-02 15:26:51,492 - INFO - Dep var (deposit_balance, levels): mean=468536318.9, sd=1898412194.9, p5=563389.0, p95=1867473043.7
2026-03-02 15:26:51,494 - INFO - nr_lag (nr x D_{t-1}): mean=433104640.400750, sd=1825562570.207187
2026-03-02 15:26:51,498 - INFO - Lagged Selic: mean=9.98, sd=3.98, min=2.00, max=15.00
2026-03-02 15:26:51,507 - INFO - Segment distribution: {'S5': 48178, 'S4': 21516, 'S3': 6878, 'S2': 1707, 'S1': 1666}
2026-03-02 15:26:51,515 - INFO - ================================================================================
2026-03-02 15:26:51,516 - INFO - INSTITUTION-LEVEL STRUCTURAL ESTIMATION
2026-03-02 15:26:51,517 - INFO -   D_jkt = phi(S,X) * nr * D_jkt-1 + eps  (levels, no ratio)
2026-03-02 15:26:51,517 - INFO - ================================================================================
2026-03-02 15:26:57,923 - INFO - Dep var: Dep_jkt (levels)     
2026-03-02 15:26:57,925 - INFO - ----------------------------------------------------------------------------------------------
2026-03-02 15:26:57,925 - INFO -                                       (1) Natl       (2) +Bank         (3) +FE       (4) Clust
2026-03-02 15:26:57,927 - INFO - ----------------------------------------------------------------------------------------------
2026-03-02 15:26:57,929 - INFO -   Y_1,cons  (nr x D_{t-1})          1.0150***       1.1549***       1.2573***       1.2573*** 
2026-03-02 15:26:57,932 - INFO -                                 (   0.0247)   (   0.0599)   (   0.0232)   (   0.0892) 
2026-03-02 15:26:57,936 - INFO -   Y_1,RF   (selic x nr x D_{t-1})     -0.0001         -0.0025         -0.0001         -0.0001    
2026-03-02 15:26:57,937 - INFO -                                 (   0.0024)   (   0.0019)   (   0.0021)   (   0.0066) 
2026-03-02 15:26:57,941 - INFO -   Y_2,size (logA x nr x D_{t-1})                     -0.0527**       -0.0848***      -0.0848*** 
2026-03-02 15:26:57,942 - INFO -                                                 (   0.0226)   (   0.0034)   (   0.0131) 
2026-03-02 15:26:57,944 - INFO -   Y_2,eq   (E/A x nr x D_{t-1})                     -0.5482**       -0.4098***      -0.4098*   
2026-03-02 15:26:57,945 - INFO -                                                 (   0.2653)   (   0.0706)   (   0.2125) 
2026-03-02 15:26:57,947 - INFO -   Y_2,S2  (seg_S2 x nr x D_{t-1})                      0.0304                                    
2026-03-02 15:26:57,948 - INFO -                                                 (   0.0218)                                 
2026-03-02 15:26:57,950 - INFO -   Y_2,S3  (seg_S3 x nr x D_{t-1})                      0.1199***                                 
2026-03-02 15:26:57,952 - INFO -                                                 (   0.0185)                                 
2026-03-02 15:26:57,954 - INFO -   Y_2,S4  (seg_S4 x nr x D_{t-1})                      0.1175***                                 
2026-03-02 15:26:57,956 - INFO -                                                 (   0.0245)                                 
2026-03-02 15:26:57,958 - INFO -   Y_2,S5  (seg_S5 x nr x D_{t-1})                      0.1225***                                 
2026-03-02 15:26:57,959 - INFO -                                                 (   0.0294)                                 
2026-03-02 15:26:57,960 - INFO - ----------------------------------------------------------------------------------------------
2026-03-02 15:26:57,960 - INFO -   N                                     86,115          85,979          86,115          86,115
2026-03-02 15:26:57,967 - INFO -   R^2                                   0.9470          0.9544          0.9915          0.9915
2026-03-02 15:26:57,969 - INFO -   InstxType FE                              No              No             Yes             Yes
2026-03-02 15:26:57,969 - INFO -   Time FE                                   No              No             Yes             Yes
2026-03-02 15:26:57,971 - INFO -   SE type                            HC-robust       HC-robust       HC-robust      Inst-clust
2026-03-02 15:26:57,971 - INFO - ----------------------------------------------------------------------------------------------
2026-03-02 15:26:57,972 - INFO - Interpretation guide:
2026-03-02 15:26:57,973 - INFO -   Y_1,cons = coef on nr_lag = phi_cons (retention scaling factor)
2026-03-02 15:26:57,974 - INFO -   Y_1,RF < 0  -> depositors sleepier when rates low
2026-03-02 15:26:57,974 - INFO -   Y_2,size > 0 -> larger institutions retain more deposits
2026-03-02 15:26:57,975 - INFO - Baseline retention coef on nr_lag (Spec 1): 1.0150
2026-03-02 15:26:57,979 - INFO - ================================================================================
2026-03-02 15:26:57,980 - INFO - CONTROL FUNCTION ESTIMATION (semi-parametric CF) [INSTITUTION]
2026-03-02 15:26:57,981 - INFO -   Stage 1: spread_jkt ~ cost_shifters + type_dummies  -->  v_hat
2026-03-02 15:26:57,982 - INFO -   Stage 2: deposit_balance = phi(S,X)*nr*D_{t-1} + b1*v + b2*v^2 + b3*v^3 + eps
2026-03-02 15:26:57,982 - INFO -   All deposit types treated as potentially endogenous.
2026-03-02 15:26:57,984 - INFO - ================================================================================
2026-03-02 15:26:57,988 - INFO - First-stage cost shifters: ['cosif_lag', 'log_assets_std', 'equity_ratio', 'lagged_cdi', 'lagged_selic', 'personnel_cost_ratio_lag', 'admin_cost_ratio_lag']
2026-03-02 15:26:58,097 - INFO - First-stage A -- N=61,765, R^2=0.4436
2026-03-02 15:26:58,099 - INFO -   cosif_lag: coef=-0.193694, p=0.0000
2026-03-02 15:26:58,100 - INFO -   log_assets_std: coef=0.174284, p=0.0062
2026-03-02 15:26:58,101 - INFO -   equity_ratio: coef=-0.630093, p=0.0999
2026-03-02 15:26:58,103 - INFO -   lagged_cdi: coef=6.267570, p=0.0000
2026-03-02 15:26:58,104 - INFO -   lagged_selic: coef=-1.668585, p=0.0000
2026-03-02 15:26:58,105 - INFO -   personnel_cost_ratio_lag: coef=31.229801, p=0.0001
2026-03-02 15:26:58,106 - INFO -   admin_cost_ratio_lag: coef=1.006311, p=0.1205
2026-03-02 15:26:58,107 - INFO -   type2_d: coef=2.030980, p=0.0000
2026-03-02 15:26:58,108 - INFO -   type3_d: coef=2.379298, p=0.0000
2026-03-02 15:26:58,109 - INFO -   type4_d: coef=13.496198, p=0.0000
2026-03-02 15:26:58,111 - INFO -   type5_d: coef=-1.719117, p=0.0000
2026-03-02 15:26:58,121 - INFO -   Joint F (cost vars): 1581.75 (strong)
2026-03-02 15:26:58,150 - INFO - Computing Hausman IV (leave-one-out spread mean by type x quarter) ...
2026-03-02 15:26:58,278 - INFO - First-stage B -- N=61,765, R^2=0.6176
2026-03-02 15:26:58,278 - INFO -   hausman_iv_spread: coef=1.329530, p=0.0000
2026-03-02 15:26:58,278 - INFO -   cosif_lag: coef=-0.016116, p=0.0000
2026-03-02 15:26:58,278 - INFO -   log_assets_std: coef=-0.159972, p=0.0040
2026-03-02 15:26:58,278 - INFO -   equity_ratio: coef=-4.447458, p=0.0000
2026-03-02 15:26:58,294 - INFO -   lagged_cdi: coef=-0.289040, p=0.0783
2026-03-02 15:26:58,294 - INFO -   lagged_selic: coef=0.105499, p=0.0063
2026-03-02 15:26:58,296 - INFO -   personnel_cost_ratio_lag: coef=7.601896, p=0.2106
2026-03-02 15:26:58,298 - INFO -   admin_cost_ratio_lag: coef=0.611274, p=0.0415
2026-03-02 15:26:58,302 - INFO -   F (Hausman IV): 15254.58 (strong)
2026-03-02 15:26:58,347 - INFO - CF residuals (Cost-only): N=61,765, mean=0.000000, sd=7.940313
2026-03-02 15:26:58,347 - INFO - CF residuals (Hausman): N=61,765, mean=0.000000, sd=6.582945
2026-03-02 15:26:58,431 - INFO -   CF-Cost(5) cf_resid: -1793586.150654 (p=0.0000) ***
2026-03-02 15:26:58,434 - INFO -   CF-Cost(5) cf_resid_sq: 111008.095820 (p=0.0000) ***
2026-03-02 15:26:58,436 - INFO -   CF-Cost(5) cf_resid_cu: -1000.586658 (p=0.1499) 
2026-03-02 15:26:58,438 - INFO -   CF-Cost(5) joint F on poly: 114.28 -> endogeneity
2026-03-02 15:26:58,549 - INFO -   CF-Cost(6) cf_resid: -1727347.908163 (p=0.0000) ***
2026-03-02 15:26:58,551 - INFO -   CF-Cost(6) cf_resid_sq: -29510.799036 (p=0.4633) 
2026-03-02 15:26:58,551 - INFO -   CF-Cost(6) cf_resid_cu: 2963.903034 (p=0.0099) ***
2026-03-02 15:26:58,557 - INFO -   CF-Cost(6) joint F on poly: 104.70 -> endogeneity
2026-03-02 15:27:04,419 - INFO -   CF-Cost+FE(7) cf_resid: -562022.453173 (p=0.0016) ***
2026-03-02 15:27:04,420 - INFO -   CF-Cost+FE(7) cf_resid_sq: -177400.920473 (p=0.0000) ***
2026-03-02 15:27:04,422 - INFO -   CF-Cost+FE(7) cf_resid_cu: 8066.289450 (p=0.0000) ***
2026-03-02 15:27:04,424 - INFO -   CF-Cost+FE(7) joint F on poly: 107.46 -> endogeneity
2026-03-02 15:27:04,560 - INFO -   CF-Hausman(9) cf_resid_h: 782171.240674 (p=0.0021) ***
2026-03-02 15:27:04,560 - INFO -   CF-Hausman(9) cf_resid_h_sq: 73491.485518 (p=0.0000) ***
2026-03-02 15:27:04,562 - INFO -   CF-Hausman(9) cf_resid_h_cu: -3354.458915 (p=0.0000) ***
2026-03-02 15:27:04,563 - INFO -   CF-Hausman(9) joint F on poly: 12.54 -> endogeneity
2026-03-02 15:27:04,666 - INFO -   CF-Hausman(10) cf_resid_h: 1176364.719243 (p=0.0000) ***
2026-03-02 15:27:04,668 - INFO -   CF-Hausman(10) cf_resid_h_sq: 25507.129964 (p=0.0565) *
2026-03-02 15:27:04,668 - INFO -   CF-Hausman(10) cf_resid_h_cu: -3239.903347 (p=0.0000) ***
2026-03-02 15:27:04,672 - INFO -   CF-Hausman(10) joint F on poly: 8.28 -> endogeneity
2026-03-02 15:27:04,673 - INFO - Dep var: Dep_jkt (levels, CF) 
2026-03-02 15:27:04,675 - INFO - ------------------------------------------------------------------------------------------------------------------------------
2026-03-02 15:27:04,676 - INFO -                                    (5) CF Natl     (6) CF+Bank       (7) CF+FE    (8) CF+Clust     (9) CF-Haus  (10) CF-H+Bank
2026-03-02 15:27:04,677 - INFO - ------------------------------------------------------------------------------------------------------------------------------
2026-03-02 15:27:04,680 - INFO -   Y_1,cons  (nr x D_{t-1})          1.1031***       1.2126***       1.2164***       1.2164***       1.1059***       1.2136*** 
2026-03-02 15:27:04,680 - INFO -                                 (   0.0212)   (   0.2533)   (   0.0105)   (   0.0484)   (   0.0215)   (   0.2457) 
2026-03-02 15:27:04,686 - INFO -   Y_1,RF   (selic x nr x D_{t-1})     -0.0044*        -0.0029         -0.0003         -0.0003         -0.0045*        -0.0030    
2026-03-02 15:27:04,687 - INFO -                                 (   0.0023)   (   0.0019)   (   0.0009)   (   0.0043)   (   0.0024)   (   0.0019) 
2026-03-02 15:27:04,691 - INFO -   Y_2,size (logA x nr x D_{t-1})                     -0.0641         -0.0775***      -0.0775***                      -0.0644    
2026-03-02 15:27:04,691 - INFO -                                                 (   0.0786)   (   0.0039)   (   0.0162)                   (   0.0761) 
2026-03-02 15:27:04,694 - INFO -   Y_2,eq   (E/A x nr x D_{t-1})                     -0.3714          0.2136***       0.2136                         -0.3760    
2026-03-02 15:27:04,694 - INFO -                                                 (   0.4065)   (   0.0549)   (   0.2541)                   (   0.4059) 
2026-03-02 15:27:04,694 - INFO -   Y_2,S2  (seg_S2 x nr x D_{t-1})                      0.0093                                                          0.0094    
2026-03-02 15:27:04,694 - INFO -                                                 (   0.0767)                                                   (   0.0746) 
2026-03-02 15:27:04,694 - INFO -   Y_2,S3  (seg_S3 x nr x D_{t-1})                      0.0350                                                          0.0349    
2026-03-02 15:27:04,704 - INFO -                                                 (   0.1238)                                                   (   0.1207) 
2026-03-02 15:27:04,705 - INFO -   Y_2,S4  (seg_S4 x nr x D_{t-1})                      0.0811                                                          0.0811    
2026-03-02 15:27:04,706 - INFO -                                                 (   0.1271)                                                   (   0.1235) 
2026-03-02 15:27:04,708 - INFO -   Y_2,S5  (seg_S5 x nr x D_{t-1})                      0.0470                                                          0.0495    
2026-03-02 15:27:04,708 - INFO -                                                 (   0.1447)                                                   (   0.1423) 
2026-03-02 15:27:04,712 - INFO -   beta_1 v^  (CF-cost, 1st)     -1793586.1507***   -1727347.9082***   -562022.4532***   -562022.4532                                    
2026-03-02 15:27:04,713 - INFO -                                 (101078.4786)   (107271.9235)   (177728.0101)   (682572.2842)                                 
2026-03-02 15:27:04,716 - INFO -   beta_2 v^^2 (CF-cost, 2nd)    111008.0958***   -29510.7990      -177400.9205***   -177400.9205***                                 
2026-03-02 15:27:04,717 - INFO -                                 (22907.9159)   (40232.5447)   (14556.6680)   (56170.8896)                                 
2026-03-02 15:27:04,720 - INFO -   beta_3 v^^3 (CF-cost, 3rd)    -1000.5867       2963.9030***    8066.2895***    8066.2895***                                 
2026-03-02 15:27:04,721 - INFO -                                 ( 694.9384)   (1148.6851)   ( 744.4599)   (2780.2906)                                 
2026-03-02 15:27:04,723 - INFO -   beta_1 v^H (CF-Hausman, 1st)                                                                  782171.2407***   1176364.7192*** 
2026-03-02 15:27:04,723 - INFO -                                                                                                 (253910.3637)   (267695.9942) 
2026-03-02 15:27:04,727 - INFO -   beta_2 v^H^2 (CF-Hausman, 2nd)                                                                  73491.4855***   25507.1300*   
2026-03-02 15:27:04,728 - INFO -                                                                                                 (13305.5905)   (13375.9914) 
2026-03-02 15:27:04,732 - INFO -   beta_3 v^H^3 (CF-Hausman, 3rd)                                                                  -3354.4589***   -3239.9033*** 
2026-03-02 15:27:04,732 - INFO -                                                                                                 ( 791.8759)   ( 667.4521) 
2026-03-02 15:27:04,732 - INFO - ------------------------------------------------------------------------------------------------------------------------------
2026-03-02 15:27:04,735 - INFO -   N                                     61,765          61,670          61,765          61,765          61,765          61,670
2026-03-02 15:27:04,742 - INFO -   R^2                                   0.9677          0.9703          0.9949          0.9949          0.9675          0.9703
2026-03-02 15:27:04,743 - INFO -   InstxType FE                              No              No             Yes             Yes              No              No
2026-03-02 15:27:04,743 - INFO -   Time FE                                   No              No             Yes             Yes              No              No
2026-03-02 15:27:04,745 - INFO -   SE type                            HC-robust       HC-robust       HC-robust      Inst-clust       HC-robust       HC-robust
2026-03-02 15:27:04,746 - INFO - ------------------------------------------------------------------------------------------------------------------------------
2026-03-02 15:27:04,750 - INFO - Supply specs available: ['(1) Natl', '(2) +Bank', '(3) +FE', '(4) Clust', '(5) CF Natl', '(6) CF+Bank', '(7) CF+FE', '(8) CF+Clust', '(9) CF-Haus', '(10) CF-H+Bank']
2026-03-02 15:27:04,750 - INFO - 
>>> Step 2: Computing structural sleeping-deposit predictions ...
2026-03-02 15:27:04,794 - INFO -   Supply spec '(1) Natl': hat_Y computed for 86,115 obs (struct cols = ['nr_lag', 'selic_nr_lag'])
2026-03-02 15:27:04,809 - INFO -   Supply spec '(2) +Bank': hat_Y computed for 85,979 obs (struct cols = ['nr_lag', 'selic_nr_lag', 'logA_nr_lag', 'eq_nr_lag', 'seg_S2_nr_lag', 'seg_S3_nr_lag', 'seg_S4_nr_lag', 'seg_S5_nr_lag'])
2026-03-02 15:27:04,814 - INFO -   Supply spec '(3) +FE': hat_Y computed for 86,115 obs (struct cols = ['nr_lag', 'selic_nr_lag', 'logA_nr_lag', 'eq_nr_lag'])
2026-03-02 15:27:04,817 - INFO -   Supply spec '(4) Clust': hat_Y computed for 86,115 obs (struct cols = ['nr_lag', 'selic_nr_lag', 'logA_nr_lag', 'eq_nr_lag'])
2026-03-02 15:27:04,822 - INFO -   Supply spec '(5) CF Natl': hat_Y computed for 86,115 obs (struct cols = ['nr_lag', 'selic_nr_lag'])
2026-03-02 15:27:04,830 - INFO -   Supply spec '(6) CF+Bank': hat_Y computed for 85,979 obs (struct cols = ['nr_lag', 'selic_nr_lag', 'logA_nr_lag', 'eq_nr_lag', 'seg_S2_nr_lag', 'seg_S3_nr_lag', 'seg_S4_nr_lag', 'seg_S5_nr_lag'])
2026-03-02 15:27:04,834 - INFO -   Supply spec '(7) CF+FE': hat_Y computed for 86,115 obs (struct cols = ['nr_lag', 'selic_nr_lag', 'logA_nr_lag', 'eq_nr_lag'])
2026-03-02 15:27:04,834 - INFO -   Supply spec '(8) CF+Clust': hat_Y computed for 86,115 obs (struct cols = ['nr_lag', 'selic_nr_lag', 'logA_nr_lag', 'eq_nr_lag'])
2026-03-02 15:27:04,843 - INFO -   Supply spec '(9) CF-Haus': hat_Y computed for 86,115 obs (struct cols = ['nr_lag', 'selic_nr_lag'])
2026-03-02 15:27:04,850 - INFO -   Supply spec '(10) CF-H+Bank': hat_Y computed for 85,979 obs (struct cols = ['nr_lag', 'selic_nr_lag', 'logA_nr_lag', 'eq_nr_lag', 'seg_S2_nr_lag', 'seg_S3_nr_lag', 'seg_S4_nr_lag', 'seg_S5_nr_lag'])
2026-03-02 15:27:04,855 - INFO - 
>>> Step 3: Active deposit diagnostics by supply spec ...
2026-03-02 15:27:04,862 - INFO -   '(1) Natl': active>0=65.4%, active=0=34.6%, mean(active|active>0)=78813405.5
2026-03-02 15:27:04,875 - INFO -   '(2) +Bank': active>0=41.0%, active=0=58.9%, mean(active|active>0)=99231703.4
2026-03-02 15:27:04,880 - INFO -   '(3) +FE': active>0=34.0%, active=0=66.0%, mean(active|active>0)=110922564.2
2026-03-02 15:27:04,890 - INFO -   '(4) Clust': active>0=34.0%, active=0=66.0%, mean(active|active>0)=110922564.2
2026-03-02 15:27:04,896 - INFO -   '(5) CF Natl': active>0=53.3%, active=0=46.7%, mean(active|active>0)=78178985.1
2026-03-02 15:27:04,906 - INFO -   '(6) CF+Bank': active>0=35.8%, active=0=64.0%, mean(active|active>0)=106252404.9
2026-03-02 15:27:04,913 - INFO -   '(7) CF+FE': active>0=24.7%, active=0=75.3%, mean(active|active>0)=128200638.4
2026-03-02 15:27:04,921 - INFO -   '(8) CF+Clust': active>0=24.7%, active=0=75.3%, mean(active|active>0)=128200638.4
2026-03-02 15:27:04,928 - INFO -   '(9) CF-Haus': active>0=52.9%, active=0=47.1%, mean(active|active>0)=78182598.0
2026-03-02 15:27:04,932 - INFO -   '(10) CF-H+Bank': active>0=35.7%, active=0=64.2%, mean(active|active>0)=106744248.5
2026-03-02 15:27:04,932 - INFO - 
>>> Step 4: Estimating Berry (1994) demand equation ...
2026-03-02 15:27:04,943 - INFO - Demand -- type-interacted spread columns: ['spread_T1', 'spread_T2', 'spread_T3', 'spread_T4', 'spread_T5']
2026-03-02 15:27:04,994 - INFO - Endogenous types [4, 5]: 40,552 obs (47.1% of full sample)
2026-03-02 15:27:04,997 - INFO - Demand CF cost shifters (types 4-5): ['cosif_lag', 'log_assets_std', 'equity_ratio', 'lagged_cdi', 'lagged_selic', 'personnel_cost_ratio_lag', 'admin_cost_ratio_lag']
2026-03-02 15:27:05,071 - INFO - Demand CF-A (types 4-5): N=29,718, R^2=0.2324
2026-03-02 15:27:05,080 - INFO -   Joint F (cost vars): 1492.17 (strong)
2026-03-02 15:27:05,180 - INFO - Demand CF-B (types 4-5, +Hausman IV): N=29,718, R^2=0.4091
2026-03-02 15:27:05,182 - INFO -   F (Hausman IV): 6000.89 (strong)
2026-03-02 15:27:05,310 - INFO - 
=== Demand: supply spec '(1) Natl' | N_valid=56,350, N_zero_active=29,765 / 86,115 ===
2026-03-02 15:27:05,312 - INFO -   log(s_active): mean=-9.6998, sd=2.5073
2026-03-02 15:27:05,428 - INFO -   D(1) Natl spread_T1: coef=4.028435 (SE=0.010125, p=0.0000)***
2026-03-02 15:27:05,432 - INFO -   D(1) Natl spread_T2: coef=10.178714 (SE=0.086389, p=0.0000)***
2026-03-02 15:27:05,434 - INFO -   D(1) Natl spread_T3: coef=747.814877 (SE=25.937642, p=0.0000)***
2026-03-02 15:27:05,437 - INFO -   D(1) Natl spread_T4: coef=-0.381418 (SE=0.001809, p=0.0000)***
2026-03-02 15:27:05,440 - INFO -   D(1) Natl spread_T5: coef=-0.336638 (SE=0.038572, p=0.0000)***
2026-03-02 15:27:05,519 - INFO - 
=== Demand: supply spec '(2) +Bank' | N_valid=35,297, N_zero_active=50,682 / 86,115 ===
2026-03-02 15:27:05,519 - INFO -   log(s_active): mean=-9.6195, sd=2.7162
2026-03-02 15:27:05,603 - INFO -   D(2) +Bank spread_T1: coef=4.108290 (SE=0.015200, p=0.0000)***
2026-03-02 15:27:05,605 - INFO -   D(2) +Bank spread_T2: coef=9.944540 (SE=0.107221, p=0.0000)***
2026-03-02 15:27:05,607 - INFO -   D(2) +Bank spread_T3: coef=646.120493 (SE=25.212819, p=0.0000)***
2026-03-02 15:27:05,608 - INFO -   D(2) +Bank spread_T4: coef=-0.404622 (SE=0.003111, p=0.0000)***
2026-03-02 15:27:05,612 - INFO -   D(2) +Bank spread_T5: coef=-0.416373 (SE=0.036572, p=0.0000)***
2026-03-02 15:27:05,662 - INFO - 
=== Demand: supply spec '(3) +FE' | N_valid=29,278, N_zero_active=56,837 / 86,115 ===
2026-03-02 15:27:05,662 - INFO -   log(s_active): mean=-9.3068, sd=2.7073
2026-03-02 15:27:11,782 - INFO -   D(3) +FE spread_T1: coef=5.315924 (SE=0.019947, p=0.0000)***
2026-03-02 15:27:11,782 - INFO -   D(3) +FE spread_T2: coef=14.152736 (SE=0.155405, p=0.0000)***
2026-03-02 15:27:11,792 - INFO -   D(3) +FE spread_T3: coef=1729.934835 (SE=72.888763, p=0.0000)***
2026-03-02 15:27:11,794 - INFO -   D(3) +FE spread_T4: coef=-1.235579 (SE=0.004792, p=0.0000)***
2026-03-02 15:27:11,797 - INFO -   D(3) +FE spread_T5: coef=-0.891242 (SE=0.062669, p=0.0000)***
2026-03-02 15:27:11,879 - INFO - 
=== Demand: supply spec '(4) Clust' | N_valid=29,278, N_zero_active=56,837 / 86,115 ===
2026-03-02 15:27:11,881 - INFO -   log(s_active): mean=-9.3068, sd=2.7073
2026-03-02 15:27:16,590 - INFO -   D(4) Clust spread_T1: coef=5.315924 (SE=0.054839, p=0.0000)***
2026-03-02 15:27:16,602 - INFO -   D(4) Clust spread_T2: coef=14.152736 (SE=0.336566, p=0.0000)***
2026-03-02 15:27:16,608 - INFO -   D(4) Clust spread_T3: coef=1729.934835 (SE=132.405793, p=0.0000)***
2026-03-02 15:27:16,612 - INFO -   D(4) Clust spread_T4: coef=-1.235579 (SE=0.018994, p=0.0000)***
2026-03-02 15:27:16,616 - INFO -   D(4) Clust spread_T5: coef=-0.891242 (SE=0.121450, p=0.0000)***
2026-03-02 15:27:16,718 - INFO - 
=== Demand: supply spec '(5) CF Natl' | N_valid=45,888, N_zero_active=40,227 / 86,115 ===
2026-03-02 15:27:16,720 - INFO -   log(s_active): mean=-9.4976, sd=2.4459
2026-03-02 15:27:16,884 - INFO -   D(5) CF Natl spread_T1: coef=3.954845 (SE=0.011038, p=0.0000)***
2026-03-02 15:27:16,888 - INFO -   D(5) CF Natl spread_T2: coef=10.138022 (SE=0.090173, p=0.0000)***
2026-03-02 15:27:16,892 - INFO -   D(5) CF Natl spread_T3: coef=639.953289 (SE=24.859248, p=0.0000)***
2026-03-02 15:27:16,896 - INFO -   D(5) CF Natl spread_T4: coef=-0.522949 (SE=0.004971, p=0.0000)***
2026-03-02 15:27:16,900 - INFO -   D(5) CF Natl spread_T5: coef=-0.400174 (SE=0.035897, p=0.0000)***
2026-03-02 15:27:16,980 - INFO - 
=== Demand: supply spec '(6) CF+Bank' | N_valid=30,863, N_zero_active=55,116 / 86,115 ===
2026-03-02 15:27:16,983 - INFO -   log(s_active): mean=-9.4253, sd=2.7228
2026-03-02 15:27:17,070 - INFO -   D(6) CF+Bank spread_T1: coef=4.045963 (SE=0.016790, p=0.0000)***
2026-03-02 15:27:17,073 - INFO -   D(6) CF+Bank spread_T2: coef=10.170205 (SE=0.107027, p=0.0000)***
2026-03-02 15:27:17,075 - INFO -   D(6) CF+Bank spread_T3: coef=641.864612 (SE=27.482884, p=0.0000)***
2026-03-02 15:27:17,078 - INFO -   D(6) CF+Bank spread_T4: coef=-0.523194 (SE=0.007700, p=0.0000)***
2026-03-02 15:27:17,080 - INFO -   D(6) CF+Bank spread_T5: coef=-0.469403 (SE=0.034744, p=0.0000)***
2026-03-02 15:27:17,132 - INFO - 
=== Demand: supply spec '(7) CF+FE' | N_valid=21,242, N_zero_active=64,873 / 86,115 ===
2026-03-02 15:27:17,134 - INFO -   log(s_active): mean=-8.8594, sd=2.6192
2026-03-02 15:27:21,748 - INFO -   D(7) CF+FE spread_T1: coef=4.758669 (SE=0.020212, p=0.0000)***
2026-03-02 15:27:21,751 - INFO -   D(7) CF+FE spread_T2: coef=13.959655 (SE=0.139632, p=0.0000)***
2026-03-02 15:27:21,753 - INFO -   D(7) CF+FE spread_T3: coef=1389.143390 (SE=47.966458, p=0.0000)***
2026-03-02 15:27:21,755 - INFO -   D(7) CF+FE spread_T4: coef=-1.309138 (SE=0.013817, p=0.0000)***
2026-03-02 15:27:21,758 - INFO -   D(7) CF+FE spread_T5: coef=-1.014482 (SE=0.061947, p=0.0000)***
2026-03-02 15:27:21,824 - INFO - 
=== Demand: supply spec '(8) CF+Clust' | N_valid=21,242, N_zero_active=64,873 / 86,115 ===
2026-03-02 15:27:21,826 - INFO -   log(s_active): mean=-8.8594, sd=2.6192
2026-03-02 15:27:26,647 - INFO -   D(8) CF+Clust spread_T1: coef=4.758669 (SE=0.050338, p=0.0000)***
2026-03-02 15:27:26,650 - INFO -   D(8) CF+Clust spread_T2: coef=13.959655 (SE=0.294753, p=0.0000)***
2026-03-02 15:27:26,652 - INFO -   D(8) CF+Clust spread_T3: coef=1389.143390 (SE=91.237677, p=0.0000)***
2026-03-02 15:27:26,655 - INFO -   D(8) CF+Clust spread_T4: coef=-1.309138 (SE=0.047987, p=0.0000)***
2026-03-02 15:27:26,657 - INFO -   D(8) CF+Clust spread_T5: coef=-1.014482 (SE=0.106242, p=0.0000)***
2026-03-02 15:27:26,759 - INFO - 
=== Demand: supply spec '(9) CF-Haus' | N_valid=45,555, N_zero_active=40,560 / 86,115 ===
2026-03-02 15:27:26,760 - INFO -   log(s_active): mean=-9.4926, sd=2.4481
2026-03-02 15:27:26,865 - INFO -   D(9) CF-Haus spread_T1: coef=3.952056 (SE=0.011081, p=0.0000)***
2026-03-02 15:27:26,867 - INFO -   D(9) CF-Haus spread_T2: coef=10.148208 (SE=0.090675, p=0.0000)***
2026-03-02 15:27:26,870 - INFO -   D(9) CF-Haus spread_T3: coef=639.229117 (SE=25.050911, p=0.0000)***
2026-03-02 15:27:26,872 - INFO -   D(9) CF-Haus spread_T4: coef=-0.535690 (SE=0.003971, p=0.0000)***
2026-03-02 15:27:26,874 - INFO -   D(9) CF-Haus spread_T5: coef=-0.389416 (SE=0.036510, p=0.0000)***
2026-03-02 15:27:26,963 - INFO - 
=== Demand: supply spec '(10) CF-H+Bank' | N_valid=30,712, N_zero_active=55,267 / 86,115 ===
2026-03-02 15:27:26,965 - INFO -   log(s_active): mean=-9.4225, sd=2.7257
2026-03-02 15:27:27,050 - INFO -   D(10) CF-H+Bank spread_T1: coef=4.043139 (SE=0.016863, p=0.0000)***
2026-03-02 15:27:27,051 - INFO -   D(10) CF-H+Bank spread_T2: coef=10.173774 (SE=0.107174, p=0.0000)***
2026-03-02 15:27:27,053 - INFO -   D(10) CF-H+Bank spread_T3: coef=642.459111 (SE=27.185909, p=0.0000)***
2026-03-02 15:27:27,056 - INFO -   D(10) CF-H+Bank spread_T4: coef=-0.522699 (SE=0.007721, p=0.0000)***
2026-03-02 15:27:27,057 - INFO -   D(10) CF-H+Bank spread_T5: coef=-0.469003 (SE=0.034789, p=0.0000)***
2026-03-02 15:27:27,072 - INFO - 
>>> Step 5: Exporting demand results ...
2026-03-02 15:27:27,102 - INFO - Demand results exported to c:\Users\pedro\OneDrive\Documentos\Yale\Year 3 (2024 - 2025)\Open Finance\Open-Finance\BCB\Egan_et_al_2025_Rep\processed\ESTIMATION_OUTPUT\demand_results_institution.csv
2026-03-02 15:27:27,162 - INFO - Demand LaTeX table exported to c:\Users\pedro\OneDrive\Documentos\Yale\Year 3 (2024 - 2025)\Open Finance\Open-Finance\BCB\Egan_et_al_2025_Rep\processed\ESTIMATION_OUTPUT\demand_table_institution.tex
2026-03-02 15:27:27,163 - INFO - Demand specs estimated: ['D(1) Natl', 'D(2) +Bank', 'D(3) +FE', 'D(4) Clust', 'D(5) CF Natl', 'D(6) CF+Bank', 'D(7) CF+FE', 'D(8) CF+Clust', 'D(9) CF-Haus', 'D(10) CF-H+Bank']
2026-03-02 15:27:27,164 - INFO - Done -- estimation_demand_2.py complete.
2026-03-02 18:30:30,510 - INFO - ================================================================================
2026-03-02 18:30:30,512 - INFO - DEMAND ESTIMATION -- INSTITUTION LEVEL
2026-03-02 18:30:30,512 - INFO - Berry (1994) active market shares | estimation_demand_2.py
2026-03-02 18:30:30,512 - INFO - ================================================================================
2026-03-02 18:30:30,512 - INFO - 
>>> Step 1: Loading panel and running supply estimation ...
2026-03-02 18:30:30,512 - INFO - Loading institution-level panel ...
2026-03-02 18:30:30,512 - INFO - Loading from Parquet: c:\Users\pedro\OneDrive\Documentos\Yale\Year 3 (2024 - 2025)\Open Finance\Open-Finance\BCB\Egan_et_al_2025_Rep\processed\PANEL_INTERMED\egan_panel_institution.parquet
2026-03-02 18:30:31,181 - INFO - Raw panel: 327,921 rows, 30 cols
2026-03-02 18:30:31,181 - INFO -   total_assets coverage: 327,921 / 327,921
2026-03-02 18:30:31,197 - INFO -   equity_ratio coverage: 325,670 / 327,921
2026-03-02 18:30:31,223 - INFO -   segment coverage: 305,121 / 327,921
2026-03-02 18:30:31,486 - INFO - log_total_assets: mean=19.57, sd=2.58 (standardized)
2026-03-02 18:30:31,740 - INFO - Winsorized deposit_balance at [p1,p99]=[22.2,27598806145.7]: dropped 1,758 outliers
2026-03-02 18:30:31,742 - INFO - Estimation sample: 86,115 rows
2026-03-02 18:30:31,751 - INFO -   Institutions: 1412
2026-03-02 18:30:31,756 - INFO -   Quarters:     45
2026-03-02 18:30:31,762 - INFO -   Types:        [np.int64(1), np.int64(2), np.int64(3), np.int64(4), np.int64(5)]
2026-03-02 18:30:31,774 - INFO - Dep var (deposit_balance, levels): mean=468536318.9, sd=1898412194.9, p5=563389.0, p95=1867473043.7
2026-03-02 18:30:31,780 - INFO - nr_lag (nr x D_{t-1}): mean=433104640.400750, sd=1825562570.207187
2026-03-02 18:30:31,790 - INFO - Lagged Selic: mean=9.98, sd=3.98, min=2.00, max=15.00
2026-03-02 18:30:31,801 - INFO - Segment distribution: {'S5': 48178, 'S4': 21516, 'S3': 6878, 'S2': 1707, 'S1': 1666}
2026-03-02 18:30:31,811 - INFO - ================================================================================
2026-03-02 18:30:31,814 - INFO - INSTITUTION-LEVEL STRUCTURAL ESTIMATION
2026-03-02 18:30:31,815 - INFO -   D_jkt = phi(S,X) * nr * D_jkt-1 + eps  (levels, no ratio)
2026-03-02 18:30:31,818 - INFO - ================================================================================
2026-03-02 18:30:44,972 - INFO - Dep var: Dep_jkt (levels)     
2026-03-02 18:30:45,030 - INFO - ----------------------------------------------------------------------------------------------
2026-03-02 18:30:45,037 - INFO -                                       (1) Natl       (2) +Bank         (3) +FE       (4) Clust
2026-03-02 18:30:45,041 - INFO - ----------------------------------------------------------------------------------------------
2026-03-02 18:30:45,132 - INFO -   Y_1,cons  (nr x D_{t-1})          1.0150***       1.1549***       1.2573***       1.2573*** 
2026-03-02 18:30:45,161 - INFO -                                 (   0.0247)   (   0.0599)   (   0.0232)   (   0.0892) 
2026-03-02 18:30:45,240 - INFO -   Y_1,RF   (selic x nr x D_{t-1})     -0.0001         -0.0025         -0.0001         -0.0001    
2026-03-02 18:30:45,247 - INFO -                                 (   0.0024)   (   0.0019)   (   0.0021)   (   0.0066) 
2026-03-02 18:30:45,261 - INFO -   Y_2,size (logA x nr x D_{t-1})                     -0.0527**       -0.0848***      -0.0848*** 
2026-03-02 18:30:45,262 - INFO -                                                 (   0.0226)   (   0.0034)   (   0.0131) 
2026-03-02 18:30:45,268 - INFO -   Y_2,eq   (E/A x nr x D_{t-1})                     -0.5482**       -0.4098***      -0.4098*   
2026-03-02 18:30:45,272 - INFO -                                                 (   0.2653)   (   0.0706)   (   0.2125) 
2026-03-02 18:30:45,277 - INFO -   Y_2,S2  (seg_S2 x nr x D_{t-1})                      0.0304                                    
2026-03-02 18:30:45,341 - INFO -                                                 (   0.0218)                                 
2026-03-02 18:30:45,391 - INFO -   Y_2,S3  (seg_S3 x nr x D_{t-1})                      0.1199***                                 
2026-03-02 18:30:45,404 - INFO -                                                 (   0.0185)                                 
2026-03-02 18:30:45,442 - INFO -   Y_2,S4  (seg_S4 x nr x D_{t-1})                      0.1175***                                 
2026-03-02 18:30:45,446 - INFO -                                                 (   0.0245)                                 
2026-03-02 18:30:45,457 - INFO -   Y_2,S5  (seg_S5 x nr x D_{t-1})                      0.1225***                                 
2026-03-02 18:30:45,460 - INFO -                                                 (   0.0294)                                 
2026-03-02 18:30:45,463 - INFO - ----------------------------------------------------------------------------------------------
2026-03-02 18:30:45,468 - INFO -   N                                     86,115          85,979          86,115          86,115
2026-03-02 18:30:45,519 - INFO -   R^2                                   0.9470          0.9544          0.9915          0.9915
2026-03-02 18:30:45,524 - INFO -   InstxType FE                              No              No             Yes             Yes
2026-03-02 18:30:45,532 - INFO -   Time FE                                   No              No             Yes             Yes
2026-03-02 18:30:45,554 - INFO -   SE type                            HC-robust       HC-robust       HC-robust      Inst-clust
2026-03-02 18:30:45,560 - INFO - ----------------------------------------------------------------------------------------------
2026-03-02 18:30:45,564 - INFO - Interpretation guide:
2026-03-02 18:30:45,568 - INFO -   Y_1,cons = coef on nr_lag = phi_cons (retention scaling factor)
2026-03-02 18:30:45,577 - INFO -   Y_1,RF < 0  -> depositors sleepier when rates low
2026-03-02 18:30:45,579 - INFO -   Y_2,size > 0 -> larger institutions retain more deposits
2026-03-02 18:30:45,589 - INFO - Baseline retention coef on nr_lag (Spec 1): 1.0150
2026-03-02 18:30:45,600 - INFO - ================================================================================
2026-03-02 18:30:45,607 - INFO - CONTROL FUNCTION ESTIMATION (semi-parametric CF) [INSTITUTION]
2026-03-02 18:30:45,613 - INFO -   Stage 1: spread_jkt ~ cost_shifters + type_dummies  -->  v_hat
2026-03-02 18:30:45,625 - INFO -   Stage 2: deposit_balance = phi(S,X)*nr*D_{t-1} + b1*v + b2*v^2 + b3*v^3 + eps
2026-03-02 18:30:45,629 - INFO -   All deposit types treated as potentially endogenous.
2026-03-02 18:30:45,630 - INFO - ================================================================================
2026-03-02 18:30:45,643 - INFO - First-stage cost shifters: ['cosif_lag', 'log_assets_std', 'equity_ratio', 'lagged_cdi', 'lagged_selic', 'personnel_cost_ratio_lag', 'admin_cost_ratio_lag']
2026-03-02 18:30:45,958 - INFO - First-stage A -- N=61,765, R^2=0.4436
2026-03-02 18:30:45,960 - INFO -   cosif_lag: coef=0.193694, p=0.0000
2026-03-02 18:30:45,962 - INFO -   log_assets_std: coef=-0.174284, p=0.0062
2026-03-02 18:30:45,965 - INFO -   equity_ratio: coef=0.630093, p=0.0999
2026-03-02 18:30:45,967 - INFO -   lagged_cdi: coef=-6.267570, p=0.0000
2026-03-02 18:30:45,969 - INFO -   lagged_selic: coef=1.668585, p=0.0000
2026-03-02 18:30:45,972 - INFO -   personnel_cost_ratio_lag: coef=-31.229801, p=0.0001
2026-03-02 18:30:45,976 - INFO -   admin_cost_ratio_lag: coef=-1.006311, p=0.1205
2026-03-02 18:30:45,984 - INFO -   type2_d: coef=-2.030980, p=0.0000
2026-03-02 18:30:45,988 - INFO -   type3_d: coef=-2.379298, p=0.0000
2026-03-02 18:30:45,994 - INFO -   type4_d: coef=-13.496198, p=0.0000
2026-03-02 18:30:45,998 - INFO -   type5_d: coef=1.719117, p=0.0000
2026-03-02 18:30:46,046 - INFO -   Joint F (cost vars): 1581.75 (strong)
2026-03-02 18:30:46,218 - INFO - Computing Hausman IV (leave-one-out spread mean by type x quarter) ...
2026-03-02 18:30:46,490 - INFO - First-stage B -- N=61,765, R^2=0.6176
2026-03-02 18:30:46,493 - INFO -   hausman_iv_spread: coef=1.329530, p=0.0000
2026-03-02 18:30:46,494 - INFO -   cosif_lag: coef=0.016116, p=0.0000
2026-03-02 18:30:46,496 - INFO -   log_assets_std: coef=0.159972, p=0.0040
2026-03-02 18:30:46,503 - INFO -   equity_ratio: coef=4.447458, p=0.0000
2026-03-02 18:30:46,506 - INFO -   lagged_cdi: coef=0.289040, p=0.0783
2026-03-02 18:30:46,509 - INFO -   lagged_selic: coef=-0.105499, p=0.0063
2026-03-02 18:30:46,511 - INFO -   personnel_cost_ratio_lag: coef=-7.601896, p=0.2106
2026-03-02 18:30:46,513 - INFO -   admin_cost_ratio_lag: coef=-0.611274, p=0.0415
2026-03-02 18:30:46,519 - INFO -   F (Hausman IV): 15254.58 (strong)
2026-03-02 18:30:46,651 - INFO - CF residuals (Cost-only): N=61,765, mean=-0.000000, sd=7.940313
2026-03-02 18:30:46,659 - INFO - CF residuals (Hausman): N=61,765, mean=-0.000000, sd=6.582945
2026-03-02 18:30:46,855 - INFO -   CF-Cost(5) cf_resid: 1793586.150654 (p=0.0000) ***
2026-03-02 18:30:46,859 - INFO -   CF-Cost(5) cf_resid_sq: 111008.095820 (p=0.0000) ***
2026-03-02 18:30:46,859 - INFO -   CF-Cost(5) cf_resid_cu: 1000.586658 (p=0.1499) 
2026-03-02 18:30:46,865 - INFO -   CF-Cost(5) joint F on poly: 114.28 -> endogeneity
2026-03-02 18:30:47,175 - INFO -   CF-Cost(6) cf_resid: 1727347.908163 (p=0.0000) ***
2026-03-02 18:30:47,178 - INFO -   CF-Cost(6) cf_resid_sq: -29510.799036 (p=0.4633) 
2026-03-02 18:30:47,181 - INFO -   CF-Cost(6) cf_resid_cu: -2963.903034 (p=0.0099) ***
2026-03-02 18:30:47,194 - INFO -   CF-Cost(6) joint F on poly: 104.70 -> endogeneity
2026-03-02 18:31:03,004 - INFO -   CF-Cost+FE(7) cf_resid: 562022.453173 (p=0.0016) ***
2026-03-02 18:31:03,008 - INFO -   CF-Cost+FE(7) cf_resid_sq: -177400.920473 (p=0.0000) ***
2026-03-02 18:31:03,010 - INFO -   CF-Cost+FE(7) cf_resid_cu: -8066.289450 (p=0.0000) ***
2026-03-02 18:31:03,018 - INFO -   CF-Cost+FE(7) joint F on poly: 107.46 -> endogeneity
2026-03-02 18:31:03,326 - INFO -   CF-Hausman(9) cf_resid_h: -782171.240674 (p=0.0021) ***
2026-03-02 18:31:03,328 - INFO -   CF-Hausman(9) cf_resid_h_sq: 73491.485518 (p=0.0000) ***
2026-03-02 18:31:03,332 - INFO -   CF-Hausman(9) cf_resid_h_cu: 3354.458915 (p=0.0000) ***
2026-03-02 18:31:03,354 - INFO -   CF-Hausman(9) joint F on poly: 12.54 -> endogeneity
2026-03-02 18:31:03,640 - INFO -   CF-Hausman(10) cf_resid_h: -1176364.719243 (p=0.0000) ***
2026-03-02 18:31:03,644 - INFO -   CF-Hausman(10) cf_resid_h_sq: 25507.129964 (p=0.0565) *
2026-03-02 18:31:03,646 - INFO -   CF-Hausman(10) cf_resid_h_cu: 3239.903347 (p=0.0000) ***
2026-03-02 18:31:03,652 - INFO -   CF-Hausman(10) joint F on poly: 8.28 -> endogeneity
2026-03-02 18:31:03,658 - INFO - Dep var: Dep_jkt (levels, CF) 
2026-03-02 18:31:03,658 - INFO - ------------------------------------------------------------------------------------------------------------------------------
2026-03-02 18:31:03,660 - INFO -                                    (5) CF Natl     (6) CF+Bank       (7) CF+FE    (8) CF+Clust     (9) CF-Haus  (10) CF-H+Bank
2026-03-02 18:31:03,660 - INFO - ------------------------------------------------------------------------------------------------------------------------------
2026-03-02 18:31:03,665 - INFO -   Y_1,cons  (nr x D_{t-1})          1.1031***       1.2126***       1.2164***       1.2164***       1.1059***       1.2136*** 
2026-03-02 18:31:03,667 - INFO -                                 (   0.0212)   (   0.2533)   (   0.0105)   (   0.0484)   (   0.0215)   (   0.2457) 
2026-03-02 18:31:03,672 - INFO -   Y_1,RF   (selic x nr x D_{t-1})     -0.0044*        -0.0029         -0.0003         -0.0003         -0.0045*        -0.0030    
2026-03-02 18:31:03,674 - INFO -                                 (   0.0023)   (   0.0019)   (   0.0009)   (   0.0043)   (   0.0024)   (   0.0019) 
2026-03-02 18:31:03,678 - INFO -   Y_2,size (logA x nr x D_{t-1})                     -0.0641         -0.0775***      -0.0775***                      -0.0644    
2026-03-02 18:31:03,679 - INFO -                                                 (   0.0786)   (   0.0039)   (   0.0162)                   (   0.0761) 
2026-03-02 18:31:03,690 - INFO -   Y_2,eq   (E/A x nr x D_{t-1})                     -0.3714          0.2136***       0.2136                         -0.3760    
2026-03-02 18:31:03,692 - INFO -                                                 (   0.4065)   (   0.0549)   (   0.2541)                   (   0.4059) 
2026-03-02 18:31:03,697 - INFO -   Y_2,S2  (seg_S2 x nr x D_{t-1})                      0.0093                                                          0.0094    
2026-03-02 18:31:03,698 - INFO -                                                 (   0.0767)                                                   (   0.0746) 
2026-03-02 18:31:03,703 - INFO -   Y_2,S3  (seg_S3 x nr x D_{t-1})                      0.0350                                                          0.0349    
2026-03-02 18:31:03,706 - INFO -                                                 (   0.1238)                                                   (   0.1207) 
2026-03-02 18:31:03,710 - INFO -   Y_2,S4  (seg_S4 x nr x D_{t-1})                      0.0811                                                          0.0811    
2026-03-02 18:31:03,711 - INFO -                                                 (   0.1271)                                                   (   0.1235) 
2026-03-02 18:31:03,714 - INFO -   Y_2,S5  (seg_S5 x nr x D_{t-1})                      0.0470                                                          0.0495    
2026-03-02 18:31:03,715 - INFO -                                                 (   0.1447)                                                   (   0.1423) 
2026-03-02 18:31:03,721 - INFO -   beta_1 v^  (CF-cost, 1st)     1793586.1507***   1727347.9082***   562022.4532***   562022.4532                                    
2026-03-02 18:31:03,723 - INFO -                                 (101078.4786)   (107271.9235)   (177728.0101)   (682572.2842)                                 
2026-03-02 18:31:03,727 - INFO -   beta_2 v^^2 (CF-cost, 2nd)    111008.0958***   -29510.7990      -177400.9205***   -177400.9205***                                 
2026-03-02 18:31:03,728 - INFO -                                 (22907.9159)   (40232.5447)   (14556.6680)   (56170.8896)                                 
2026-03-02 18:31:03,735 - INFO -   beta_3 v^^3 (CF-cost, 3rd)     1000.5867      -2963.9030***   -8066.2895***   -8066.2895***                                 
2026-03-02 18:31:03,741 - INFO -                                 ( 694.9384)   (1148.6851)   ( 744.4599)   (2780.2906)                                 
2026-03-02 18:31:03,749 - INFO -   beta_1 v^H (CF-Hausman, 1st)                                                                  -782171.2407***   -1176364.7192*** 
2026-03-02 18:31:03,752 - INFO -                                                                                                 (253910.3637)   (267695.9942) 
2026-03-02 18:31:03,759 - INFO -   beta_2 v^H^2 (CF-Hausman, 2nd)                                                                  73491.4855***   25507.1300*   
2026-03-02 18:31:03,760 - INFO -                                                                                                 (13305.5905)   (13375.9914) 
2026-03-02 18:31:03,765 - INFO -   beta_3 v^H^3 (CF-Hausman, 3rd)                                                                   3354.4589***    3239.9033*** 
2026-03-02 18:31:03,767 - INFO -                                                                                                 ( 791.8759)   ( 667.4521) 
2026-03-02 18:31:03,773 - INFO - ------------------------------------------------------------------------------------------------------------------------------
2026-03-02 18:31:03,776 - INFO -   N                                     61,765          61,670          61,765          61,765          61,765          61,670
2026-03-02 18:31:03,790 - INFO -   R^2                                   0.9677          0.9703          0.9949          0.9949          0.9675          0.9703
2026-03-02 18:31:03,792 - INFO -   InstxType FE                              No              No             Yes             Yes              No              No
2026-03-02 18:31:03,794 - INFO -   Time FE                                   No              No             Yes             Yes              No              No
2026-03-02 18:31:03,795 - INFO -   SE type                            HC-robust       HC-robust       HC-robust      Inst-clust       HC-robust       HC-robust
2026-03-02 18:31:03,797 - INFO - ------------------------------------------------------------------------------------------------------------------------------
2026-03-02 18:31:03,811 - INFO - Supply specs available: ['(1) Natl', '(2) +Bank', '(3) +FE', '(4) Clust', '(5) CF Natl', '(6) CF+Bank', '(7) CF+FE', '(8) CF+Clust', '(9) CF-Haus', '(10) CF-H+Bank']
2026-03-02 18:31:03,813 - INFO - 
>>> Step 2: Computing structural sleeping-deposit predictions ...
2026-03-02 18:31:03,909 - INFO -   Supply spec '(1) Natl': hat_Y computed for 86,115 obs (struct cols = ['nr_lag', 'selic_nr_lag'])
2026-03-02 18:31:03,925 - INFO -   Supply spec '(2) +Bank': hat_Y computed for 85,979 obs (struct cols = ['nr_lag', 'selic_nr_lag', 'logA_nr_lag', 'eq_nr_lag', 'seg_S2_nr_lag', 'seg_S3_nr_lag', 'seg_S4_nr_lag', 'seg_S5_nr_lag'])
2026-03-02 18:31:03,936 - INFO -   Supply spec '(3) +FE': hat_Y computed for 86,115 obs (struct cols = ['nr_lag', 'selic_nr_lag', 'logA_nr_lag', 'eq_nr_lag'])
2026-03-02 18:31:03,947 - INFO -   Supply spec '(4) Clust': hat_Y computed for 86,115 obs (struct cols = ['nr_lag', 'selic_nr_lag', 'logA_nr_lag', 'eq_nr_lag'])
2026-03-02 18:31:03,957 - INFO -   Supply spec '(5) CF Natl': hat_Y computed for 86,115 obs (struct cols = ['nr_lag', 'selic_nr_lag'])
2026-03-02 18:31:03,976 - INFO -   Supply spec '(6) CF+Bank': hat_Y computed for 85,979 obs (struct cols = ['nr_lag', 'selic_nr_lag', 'logA_nr_lag', 'eq_nr_lag', 'seg_S2_nr_lag', 'seg_S3_nr_lag', 'seg_S4_nr_lag', 'seg_S5_nr_lag'])
2026-03-02 18:31:03,994 - INFO -   Supply spec '(7) CF+FE': hat_Y computed for 86,115 obs (struct cols = ['nr_lag', 'selic_nr_lag', 'logA_nr_lag', 'eq_nr_lag'])
2026-03-02 18:31:04,033 - INFO -   Supply spec '(8) CF+Clust': hat_Y computed for 86,115 obs (struct cols = ['nr_lag', 'selic_nr_lag', 'logA_nr_lag', 'eq_nr_lag'])
2026-03-02 18:31:04,042 - INFO -   Supply spec '(9) CF-Haus': hat_Y computed for 86,115 obs (struct cols = ['nr_lag', 'selic_nr_lag'])
2026-03-02 18:31:04,062 - INFO -   Supply spec '(10) CF-H+Bank': hat_Y computed for 85,979 obs (struct cols = ['nr_lag', 'selic_nr_lag', 'logA_nr_lag', 'eq_nr_lag', 'seg_S2_nr_lag', 'seg_S3_nr_lag', 'seg_S4_nr_lag', 'seg_S5_nr_lag'])
2026-03-02 18:31:04,124 - INFO - 
>>> Step 3: Active deposit diagnostics by supply spec ...
2026-03-02 18:31:04,142 - INFO -   '(1) Natl': active>0=65.4%, active=0=34.6%, mean(active|active>0)=78813405.5
2026-03-02 18:31:04,152 - INFO -   '(2) +Bank': active>0=41.0%, active=0=58.9%, mean(active|active>0)=99231703.4
2026-03-02 18:31:04,166 - INFO -   '(3) +FE': active>0=34.0%, active=0=66.0%, mean(active|active>0)=110922564.2
2026-03-02 18:31:04,179 - INFO -   '(4) Clust': active>0=34.0%, active=0=66.0%, mean(active|active>0)=110922564.2
2026-03-02 18:31:04,213 - INFO -   '(5) CF Natl': active>0=53.3%, active=0=46.7%, mean(active|active>0)=78178985.1
2026-03-02 18:31:04,234 - INFO -   '(6) CF+Bank': active>0=35.8%, active=0=64.0%, mean(active|active>0)=106252404.9
2026-03-02 18:31:04,249 - INFO -   '(7) CF+FE': active>0=24.7%, active=0=75.3%, mean(active|active>0)=128200638.4
2026-03-02 18:31:04,295 - INFO -   '(8) CF+Clust': active>0=24.7%, active=0=75.3%, mean(active|active>0)=128200638.4
2026-03-02 18:31:04,311 - INFO -   '(9) CF-Haus': active>0=52.9%, active=0=47.1%, mean(active|active>0)=78182598.0
2026-03-02 18:31:04,341 - INFO -   '(10) CF-H+Bank': active>0=35.7%, active=0=64.2%, mean(active|active>0)=106744248.5
2026-03-02 18:31:04,342 - INFO - 
>>> Step 4: Estimating Berry (1994) demand equation ...
2026-03-02 18:31:04,359 - INFO - Demand -- type-interacted spread columns: ['spread_T1', 'spread_T2', 'spread_T3', 'spread_T4', 'spread_T5']
2026-03-02 18:31:04,521 - INFO - Endogenous types [4, 5]: 40,552 obs (47.1% of full sample)
2026-03-02 18:31:04,526 - INFO - Demand CF cost shifters (types 4-5): ['cosif_lag', 'log_assets_std', 'equity_ratio', 'lagged_cdi', 'lagged_selic', 'personnel_cost_ratio_lag', 'admin_cost_ratio_lag']
2026-03-02 18:31:04,645 - INFO - Demand CF-A (types 4-5): N=29,718, R^2=0.2324
2026-03-02 18:31:04,664 - INFO -   Joint F (cost vars): 1492.17 (strong)
2026-03-02 18:31:04,859 - INFO - Demand CF-B (types 4-5, +Hausman IV): N=29,718, R^2=0.4091
2026-03-02 18:31:04,862 - INFO -   F (Hausman IV): 6000.89 (strong)
2026-03-02 18:31:05,080 - INFO - 
=== Demand: supply spec '(1) Natl' | N_valid=56,350, N_zero_active=29,765 / 86,115 ===
2026-03-02 18:31:05,083 - INFO -   log(s_active): mean=-9.6998, sd=2.5073
2026-03-02 18:31:05,264 - INFO -   D(1) Natl spread_T1: coef=-4.028435 (SE=0.010125, p=0.0000)***
2026-03-02 18:31:05,269 - INFO -   D(1) Natl spread_T2: coef=-10.178714 (SE=0.086389, p=0.0000)***
2026-03-02 18:31:05,274 - INFO -   D(1) Natl spread_T3: coef=-747.814877 (SE=25.937642, p=0.0000)***
2026-03-02 18:31:05,277 - INFO -   D(1) Natl spread_T4: coef=0.381418 (SE=0.001809, p=0.0000)***
2026-03-02 18:31:05,281 - INFO -   D(1) Natl spread_T5: coef=0.336638 (SE=0.038572, p=0.0000)***
2026-03-02 18:31:05,397 - INFO - 
=== Demand: supply spec '(2) +Bank' | N_valid=35,297, N_zero_active=50,682 / 86,115 ===
2026-03-02 18:31:05,401 - INFO -   log(s_active): mean=-9.6195, sd=2.7162
2026-03-02 18:31:05,511 - INFO -   D(2) +Bank spread_T1: coef=-4.108290 (SE=0.015200, p=0.0000)***
2026-03-02 18:31:05,515 - INFO -   D(2) +Bank spread_T2: coef=-9.944540 (SE=0.107221, p=0.0000)***
2026-03-02 18:31:05,519 - INFO -   D(2) +Bank spread_T3: coef=-646.120493 (SE=25.212819, p=0.0000)***
2026-03-02 18:31:05,525 - INFO -   D(2) +Bank spread_T4: coef=0.404622 (SE=0.003111, p=0.0000)***
2026-03-02 18:31:05,527 - INFO -   D(2) +Bank spread_T5: coef=0.416373 (SE=0.036572, p=0.0000)***
2026-03-02 18:31:05,600 - INFO - 
=== Demand: supply spec '(3) +FE' | N_valid=29,278, N_zero_active=56,837 / 86,115 ===
2026-03-02 18:31:05,602 - INFO -   log(s_active): mean=-9.3068, sd=2.7073
2026-03-02 18:31:12,873 - INFO -   D(3) +FE spread_T1: coef=-5.315924 (SE=0.019947, p=0.0000)***
2026-03-02 18:31:12,875 - INFO -   D(3) +FE spread_T2: coef=-14.152736 (SE=0.155405, p=0.0000)***
2026-03-02 18:31:12,879 - INFO -   D(3) +FE spread_T3: coef=-1729.934835 (SE=72.888763, p=0.0000)***
2026-03-02 18:31:12,884 - INFO -   D(3) +FE spread_T4: coef=1.235579 (SE=0.004792, p=0.0000)***
2026-03-02 18:31:12,886 - INFO -   D(3) +FE spread_T5: coef=0.891242 (SE=0.062669, p=0.0000)***
2026-03-02 18:31:12,977 - INFO - 
=== Demand: supply spec '(4) Clust' | N_valid=29,278, N_zero_active=56,837 / 86,115 ===
2026-03-02 18:31:12,979 - INFO -   log(s_active): mean=-9.3068, sd=2.7073
2026-03-02 18:31:19,475 - INFO -   D(4) Clust spread_T1: coef=-5.315924 (SE=0.054839, p=0.0000)***
2026-03-02 18:31:19,479 - INFO -   D(4) Clust spread_T2: coef=-14.152736 (SE=0.336566, p=0.0000)***
2026-03-02 18:31:19,481 - INFO -   D(4) Clust spread_T3: coef=-1729.934835 (SE=132.405793, p=0.0000)***
2026-03-02 18:31:19,485 - INFO -   D(4) Clust spread_T4: coef=1.235579 (SE=0.018994, p=0.0000)***
2026-03-02 18:31:19,488 - INFO -   D(4) Clust spread_T5: coef=0.891242 (SE=0.121450, p=0.0000)***
2026-03-02 18:31:19,598 - INFO - 
=== Demand: supply spec '(5) CF Natl' | N_valid=45,888, N_zero_active=40,227 / 86,115 ===
2026-03-02 18:31:19,600 - INFO -   log(s_active): mean=-9.4976, sd=2.4459
2026-03-02 18:31:19,717 - INFO -   D(5) CF Natl spread_T1: coef=-3.954845 (SE=0.011038, p=0.0000)***
2026-03-02 18:31:19,723 - INFO -   D(5) CF Natl spread_T2: coef=-10.138022 (SE=0.090173, p=0.0000)***
2026-03-02 18:31:19,723 - INFO -   D(5) CF Natl spread_T3: coef=-639.953289 (SE=24.859248, p=0.0000)***
2026-03-02 18:31:19,728 - INFO -   D(5) CF Natl spread_T4: coef=0.522949 (SE=0.004971, p=0.0000)***
2026-03-02 18:31:19,732 - INFO -   D(5) CF Natl spread_T5: coef=0.400174 (SE=0.035897, p=0.0000)***
2026-03-02 18:31:19,814 - INFO - 
=== Demand: supply spec '(6) CF+Bank' | N_valid=30,863, N_zero_active=55,116 / 86,115 ===
2026-03-02 18:31:19,816 - INFO -   log(s_active): mean=-9.4253, sd=2.7228
2026-03-02 18:31:19,907 - INFO -   D(6) CF+Bank spread_T1: coef=-4.045963 (SE=0.016790, p=0.0000)***
2026-03-02 18:31:19,909 - INFO -   D(6) CF+Bank spread_T2: coef=-10.170205 (SE=0.107027, p=0.0000)***
2026-03-02 18:31:19,913 - INFO -   D(6) CF+Bank spread_T3: coef=-641.864612 (SE=27.482884, p=0.0000)***
2026-03-02 18:31:19,918 - INFO -   D(6) CF+Bank spread_T4: coef=0.523194 (SE=0.007700, p=0.0000)***
2026-03-02 18:31:19,920 - INFO -   D(6) CF+Bank spread_T5: coef=0.469403 (SE=0.034744, p=0.0000)***
2026-03-02 18:31:19,982 - INFO - 
=== Demand: supply spec '(7) CF+FE' | N_valid=21,242, N_zero_active=64,873 / 86,115 ===
2026-03-02 18:31:19,984 - INFO -   log(s_active): mean=-8.8594, sd=2.6192
2026-03-02 18:31:26,499 - INFO -   D(7) CF+FE spread_T1: coef=-4.758669 (SE=0.020212, p=0.0000)***
2026-03-02 18:31:26,499 - INFO -   D(7) CF+FE spread_T2: coef=-13.959655 (SE=0.139632, p=0.0000)***
2026-03-02 18:31:26,499 - INFO -   D(7) CF+FE spread_T3: coef=-1389.143390 (SE=47.966458, p=0.0000)***
2026-03-02 18:31:26,516 - INFO -   D(7) CF+FE spread_T4: coef=1.309138 (SE=0.013817, p=0.0000)***
2026-03-02 18:31:26,518 - INFO -   D(7) CF+FE spread_T5: coef=1.014482 (SE=0.061947, p=0.0000)***
2026-03-02 18:31:26,574 - INFO - 
=== Demand: supply spec '(8) CF+Clust' | N_valid=21,242, N_zero_active=64,873 / 86,115 ===
2026-03-02 18:31:26,576 - INFO -   log(s_active): mean=-8.8594, sd=2.6192
2026-03-02 18:31:32,756 - INFO -   D(8) CF+Clust spread_T1: coef=-4.758669 (SE=0.050338, p=0.0000)***
2026-03-02 18:31:32,761 - INFO -   D(8) CF+Clust spread_T2: coef=-13.959655 (SE=0.294753, p=0.0000)***
2026-03-02 18:31:32,765 - INFO -   D(8) CF+Clust spread_T3: coef=-1389.143390 (SE=91.237677, p=0.0000)***
2026-03-02 18:31:32,771 - INFO -   D(8) CF+Clust spread_T4: coef=1.309138 (SE=0.047987, p=0.0000)***
2026-03-02 18:31:32,780 - INFO -   D(8) CF+Clust spread_T5: coef=1.014482 (SE=0.106242, p=0.0000)***
2026-03-02 18:31:32,914 - INFO - 
=== Demand: supply spec '(9) CF-Haus' | N_valid=45,555, N_zero_active=40,560 / 86,115 ===
2026-03-02 18:31:32,930 - INFO -   log(s_active): mean=-9.4926, sd=2.4481
2026-03-02 18:31:33,063 - INFO -   D(9) CF-Haus spread_T1: coef=-3.952056 (SE=0.011081, p=0.0000)***
2026-03-02 18:31:33,063 - INFO -   D(9) CF-Haus spread_T2: coef=-10.148208 (SE=0.090675, p=0.0000)***
2026-03-02 18:31:33,073 - INFO -   D(9) CF-Haus spread_T3: coef=-639.229117 (SE=25.050911, p=0.0000)***
2026-03-02 18:31:33,075 - INFO -   D(9) CF-Haus spread_T4: coef=0.535690 (SE=0.003971, p=0.0000)***
2026-03-02 18:31:33,080 - INFO -   D(9) CF-Haus spread_T5: coef=0.389416 (SE=0.036510, p=0.0000)***
2026-03-02 18:31:33,157 - INFO - 
=== Demand: supply spec '(10) CF-H+Bank' | N_valid=30,712, N_zero_active=55,267 / 86,115 ===
2026-03-02 18:31:33,161 - INFO -   log(s_active): mean=-9.4225, sd=2.7257
2026-03-02 18:31:33,270 - INFO -   D(10) CF-H+Bank spread_T1: coef=-4.043139 (SE=0.016863, p=0.0000)***
2026-03-02 18:31:33,274 - INFO -   D(10) CF-H+Bank spread_T2: coef=-10.173774 (SE=0.107174, p=0.0000)***
2026-03-02 18:31:33,282 - INFO -   D(10) CF-H+Bank spread_T3: coef=-642.459111 (SE=27.185909, p=0.0000)***
2026-03-02 18:31:33,287 - INFO -   D(10) CF-H+Bank spread_T4: coef=0.522699 (SE=0.007721, p=0.0000)***
2026-03-02 18:31:33,290 - INFO -   D(10) CF-H+Bank spread_T5: coef=0.469003 (SE=0.034789, p=0.0000)***
2026-03-02 18:31:33,305 - INFO - 
>>> Step 5: Exporting demand results ...
2026-03-02 18:31:33,345 - INFO - Demand results exported to c:\Users\pedro\OneDrive\Documentos\Yale\Year 3 (2024 - 2025)\Open Finance\Open-Finance\BCB\Egan_et_al_2025_Rep\processed\ESTIMATION_OUTPUT\demand_results_institution.csv
2026-03-02 18:31:33,381 - INFO - Demand LaTeX table exported to c:\Users\pedro\OneDrive\Documentos\Yale\Year 3 (2024 - 2025)\Open Finance\Open-Finance\BCB\Egan_et_al_2025_Rep\processed\ESTIMATION_OUTPUT\demand_table_institution.tex
2026-03-02 18:31:33,381 - INFO - Demand specs estimated: ['D(1) Natl', 'D(2) +Bank', 'D(3) +FE', 'D(4) Clust', 'D(5) CF Natl', 'D(6) CF+Bank', 'D(7) CF+FE', 'D(8) CF+Clust', 'D(9) CF-Haus', 'D(10) CF-H+Bank']
2026-03-02 18:31:33,391 - INFO - Done -- estimation_demand_2.py complete.
2026-03-02 19:36:03,627 - INFO - ================================================================================
2026-03-02 19:36:03,631 - INFO - DEMAND ESTIMATION -- INSTITUTION LEVEL
2026-03-02 19:36:03,632 - INFO - Berry (1994) active market shares | estimation_demand_2.py
2026-03-02 19:36:03,634 - INFO - ================================================================================
2026-03-02 19:36:03,634 - INFO - 
>>> Step 1: Loading panel and running supply estimation ...
2026-03-02 19:36:03,635 - INFO - Loading institution-level panel ...
2026-03-02 19:36:03,635 - INFO - Loading from Parquet: C:\Users\pedro\OneDrive\Documentos\Yale\Year 3 (2024 - 2025)\Open Finance\Open-Finance\BCB\Egan_et_al_2025_Rep\processed\PANEL_INTERMED\egan_panel_institution.parquet
2026-03-02 19:36:04,510 - INFO - Raw panel: 327,921 rows, 33 cols
2026-03-02 19:36:04,512 - INFO -   total_assets coverage: 327,921 / 327,921
2026-03-02 19:36:04,513 - INFO -   equity_ratio coverage: 325,670 / 327,921
2026-03-02 19:36:04,523 - INFO -   segment coverage: 305,121 / 327,921
2026-03-02 19:36:04,744 - INFO - log_total_assets: mean=19.57, sd=2.58 (standardized)
2026-03-02 19:36:04,912 - INFO - Winsorized deposit_balance at [p1,p99]=[22.2,27598806145.7]: dropped 1,758 outliers
2026-03-02 19:36:04,912 - INFO - Estimation sample: 86,115 rows
2026-03-02 19:36:04,917 - INFO -   Institutions: 1412
2026-03-02 19:36:04,919 - INFO -   Quarters:     45
2026-03-02 19:36:04,920 - INFO -   Types:        [np.int64(1), np.int64(2), np.int64(3), np.int64(4), np.int64(5)]
2026-03-02 19:36:04,924 - INFO - Dep var (deposit_balance, levels): mean=468536318.9, sd=1898412194.9, p5=563389.0, p95=1867473043.7
2026-03-02 19:36:04,927 - INFO - nr_lag (nr x D_{t-1}): mean=421110830.829172, sd=1796886253.029592
2026-03-02 19:36:04,930 - INFO - Lagged Selic: mean=9.98, sd=3.98, min=2.00, max=15.00
2026-03-02 19:36:04,936 - INFO - Segment distribution: {'S5': 48178, 'S4': 21516, 'S3': 6878, 'S2': 1707, 'S1': 1666}
2026-03-02 19:36:04,948 - INFO - ================================================================================
2026-03-02 19:36:04,954 - INFO - INSTITUTION-LEVEL STRUCTURAL ESTIMATION
2026-03-02 19:36:04,954 - INFO -   D_jkt = phi(S,X) * nr * D_jkt-1 + eps  (levels, no ratio)
2026-03-02 19:36:04,955 - INFO - ================================================================================
2026-03-02 19:36:16,638 - INFO - Dep var: Dep_jkt (levels)     
2026-03-02 19:36:16,639 - INFO - ----------------------------------------------------------------------------------------------
2026-03-02 19:36:16,641 - INFO -                                       (1) Natl       (2) +Bank         (3) +FE       (4) Clust
2026-03-02 19:36:16,643 - INFO - ----------------------------------------------------------------------------------------------
2026-03-02 19:36:16,655 - INFO -   Y_1,cons  (nr x D_{t-1})          1.0196***       1.1697***       1.2980***       1.2980*** 
2026-03-02 19:36:16,657 - INFO -                                 (   0.0258)   (   0.0613)   (   0.0275)   (   0.1081) 
2026-03-02 19:36:16,667 - INFO -   Y_1,RF   (selic x nr x D_{t-1})      0.0007         -0.0022          0.0015          0.0015    
2026-03-02 19:36:16,668 - INFO -                                 (   0.0026)   (   0.0020)   (   0.0024)   (   0.0079) 
2026-03-02 19:36:16,676 - INFO -   Y_2,size (logA x nr x D_{t-1})                     -0.0588**       -0.1034***      -0.1034*** 
2026-03-02 19:36:16,677 - INFO -                                                 (   0.0229)   (   0.0039)   (   0.0154) 
2026-03-02 19:36:16,681 - INFO -   Y_2,eq   (E/A x nr x D_{t-1})                     -0.5475**       -0.4314***      -0.4314*   
2026-03-02 19:36:16,682 - INFO -                                                 (   0.2713)   (   0.0828)   (   0.2564) 
2026-03-02 19:36:16,683 - INFO -   Y_2,S2  (seg_S2 x nr x D_{t-1})                      0.0320                                    
2026-03-02 19:36:16,684 - INFO -                                                 (   0.0227)                                 
2026-03-02 19:36:16,686 - INFO -   Y_2,S3  (seg_S3 x nr x D_{t-1})                      0.1492***                                 
2026-03-02 19:36:16,688 - INFO -                                                 (   0.0202)                                 
2026-03-02 19:36:16,691 - INFO -   Y_2,S4  (seg_S4 x nr x D_{t-1})                      0.1407***                                 
2026-03-02 19:36:16,693 - INFO -                                                 (   0.0260)                                 
2026-03-02 19:36:16,699 - INFO -   Y_2,S5  (seg_S5 x nr x D_{t-1})                      0.1635***                                 
2026-03-02 19:36:16,700 - INFO -                                                 (   0.0309)                                 
2026-03-02 19:36:16,701 - INFO - ----------------------------------------------------------------------------------------------
2026-03-02 19:36:16,707 - INFO -   N                                     86,115          85,979          86,115          86,115
2026-03-02 19:36:16,721 - INFO -   R^2                                   0.9391          0.9484          0.9861          0.9861
2026-03-02 19:36:16,723 - INFO -   InstxType FE                              No              No             Yes             Yes
2026-03-02 19:36:16,727 - INFO -   Time FE                                   No              No             Yes             Yes
2026-03-02 19:36:16,728 - INFO -   SE type                            HC-robust       HC-robust       HC-robust      Inst-clust
2026-03-02 19:36:16,731 - INFO - ----------------------------------------------------------------------------------------------
2026-03-02 19:36:16,732 - INFO - Interpretation guide:
2026-03-02 19:36:16,732 - INFO -   Y_1,cons = coef on nr_lag = phi_cons (retention scaling factor)
2026-03-02 19:36:16,733 - INFO -   Y_1,RF < 0  -> depositors sleepier when rates low
2026-03-02 19:36:16,733 - INFO -   Y_2,size > 0 -> larger institutions retain more deposits
2026-03-02 19:36:16,734 - INFO - Baseline retention coef on nr_lag (Spec 1): 1.0196
2026-03-02 19:36:16,738 - INFO - ================================================================================
2026-03-02 19:36:16,739 - INFO - CONTROL FUNCTION ESTIMATION (semi-parametric CF) [INSTITUTION]
2026-03-02 19:36:16,739 - INFO -   Stage 1: spread_jkt ~ cost_shifters + type_dummies  -->  v_hat
2026-03-02 19:36:16,739 - INFO -   Stage 2: deposit_balance = phi(S,X)*nr*D_{t-1} + b1*v + b2*v^2 + b3*v^3 + eps
2026-03-02 19:36:16,740 - INFO -   All deposit types treated as potentially endogenous.
2026-03-02 19:36:16,743 - INFO - ================================================================================
2026-03-02 19:36:16,744 - INFO - First-stage cost shifters: ['cosif_lag', 'log_assets_std', 'equity_ratio', 'lagged_cdi', 'lagged_selic', 'personnel_cost_ratio_lag', 'admin_cost_ratio_lag']
2026-03-02 19:36:16,848 - INFO - First-stage A -- N=61,765, R^2=0.5535
2026-03-02 19:36:16,849 - INFO -   cosif_lag: coef=0.090518, p=0.0000
2026-03-02 19:36:16,849 - INFO -   log_assets_std: coef=-0.422680, p=0.0000
2026-03-02 19:36:16,849 - INFO -   equity_ratio: coef=3.627653, p=0.0000
2026-03-02 19:36:16,850 - INFO -   lagged_cdi: coef=-4.277729, p=0.0000
2026-03-02 19:36:16,851 - INFO -   lagged_selic: coef=1.226254, p=0.0000
2026-03-02 19:36:16,853 - INFO -   personnel_cost_ratio_lag: coef=-30.409268, p=0.0007
2026-03-02 19:36:16,854 - INFO -   admin_cost_ratio_lag: coef=-1.097912, p=0.0714
2026-03-02 19:36:16,854 - INFO -   type2_d: coef=-1.515121, p=0.0000
2026-03-02 19:36:16,855 - INFO -   type3_d: coef=-1.902612, p=0.0000
2026-03-02 19:36:16,856 - INFO -   type4_d: coef=-20.129054, p=0.0000
2026-03-02 19:36:16,856 - INFO -   type5_d: coef=0.280116, p=0.0331
2026-03-02 19:36:16,864 - INFO -   Joint F (cost vars): 341.24 (strong)
2026-03-02 19:36:16,924 - INFO - Computing Hausman IV (leave-one-out spread mean by type x quarter) ...
2026-03-02 19:36:17,049 - INFO - First-stage B -- N=61,765, R^2=0.6149
2026-03-02 19:36:17,050 - INFO -   hausman_iv_spread: coef=1.527321, p=0.0000
2026-03-02 19:36:17,051 - INFO -   cosif_lag: coef=-0.018716, p=0.0000
2026-03-02 19:36:17,051 - INFO -   log_assets_std: coef=0.201755, p=0.0042
2026-03-02 19:36:17,053 - INFO -   equity_ratio: coef=5.885515, p=0.0000
2026-03-02 19:36:17,053 - INFO -   lagged_cdi: coef=0.184116, p=0.3879
2026-03-02 19:36:17,054 - INFO -   lagged_selic: coef=-0.123526, p=0.0150
2026-03-02 19:36:17,054 - INFO -   personnel_cost_ratio_lag: coef=-16.019936, p=0.0370
2026-03-02 19:36:17,057 - INFO -   admin_cost_ratio_lag: coef=-0.554047, p=0.1393
2026-03-02 19:36:17,058 - INFO -   F (Hausman IV): 5098.91 (strong)
2026-03-02 19:36:17,108 - INFO - CF residuals (Cost-only): N=61,765, mean=-0.000000, sd=8.989731
2026-03-02 19:36:17,112 - INFO - CF residuals (Hausman): N=61,765, mean=-0.000000, sd=8.348749
2026-03-02 19:36:17,220 - INFO -   CF-Cost(5) cf_resid: 628841.620741 (p=0.0045) ***
2026-03-02 19:36:17,221 - INFO -   CF-Cost(5) cf_resid_sq: 122828.037099 (p=0.0000) ***
2026-03-02 19:36:17,223 - INFO -   CF-Cost(5) cf_resid_cu: 765.286007 (p=0.3021) 
2026-03-02 19:36:17,226 - INFO -   CF-Cost(5) joint F on poly: 56.63 -> endogeneity
2026-03-02 19:36:17,377 - INFO -   CF-Cost(6) cf_resid: 432020.731090 (p=0.0055) ***
2026-03-02 19:36:17,379 - INFO -   CF-Cost(6) cf_resid_sq: 26148.592725 (p=0.1521) 
2026-03-02 19:36:17,382 - INFO -   CF-Cost(6) cf_resid_cu: -980.868187 (p=0.0520) *
2026-03-02 19:36:17,386 - INFO -   CF-Cost(6) joint F on poly: 14.32 -> endogeneity
2026-03-02 19:36:30,560 - INFO -   CF-Cost+FE(7) cf_resid: -4942384.641572 (p=0.0000) ***
2026-03-02 19:36:30,565 - INFO -   CF-Cost+FE(7) cf_resid_sq: 30114.308211 (p=0.0011) ***
2026-03-02 19:36:30,567 - INFO -   CF-Cost+FE(7) cf_resid_cu: 9441.388550 (p=0.0000) ***
2026-03-02 19:36:30,571 - INFO -   CF-Cost+FE(7) joint F on poly: 340.72 -> endogeneity
2026-03-02 19:36:30,755 - INFO -   CF-Hausman(9) cf_resid_h: -577570.434953 (p=0.1850) 
2026-03-02 19:36:30,755 - INFO -   CF-Hausman(9) cf_resid_h_sq: 100711.793759 (p=0.0000) ***
2026-03-02 19:36:30,757 - INFO -   CF-Hausman(9) cf_resid_h_cu: 1793.385458 (p=0.1107) 
2026-03-02 19:36:30,759 - INFO -   CF-Hausman(9) joint F on poly: 75.25 -> endogeneity
2026-03-02 19:36:30,856 - INFO -   CF-Hausman(10) cf_resid_h: -1501224.681262 (p=0.0019) ***
2026-03-02 19:36:30,857 - INFO -   CF-Hausman(10) cf_resid_h_sq: 39106.571813 (p=0.0006) ***
2026-03-02 19:36:30,857 - INFO -   CF-Hausman(10) cf_resid_h_cu: 2760.827528 (p=0.0169) **
2026-03-02 19:36:30,861 - INFO -   CF-Hausman(10) joint F on poly: 38.22 -> endogeneity
2026-03-02 19:36:30,861 - INFO - Dep var: Dep_jkt (levels, CF) 
2026-03-02 19:36:30,863 - INFO - ------------------------------------------------------------------------------------------------------------------------------
2026-03-02 19:36:30,864 - INFO -                                    (5) CF Natl     (6) CF+Bank       (7) CF+FE    (8) CF+Clust     (9) CF-Haus  (10) CF-H+Bank
2026-03-02 19:36:30,865 - INFO - ------------------------------------------------------------------------------------------------------------------------------
2026-03-02 19:36:30,876 - INFO -   Y_1,cons  (nr x D_{t-1})          1.1232***       1.2941***       1.2262***       1.2262***       1.1257***       1.3005*** 
2026-03-02 19:36:30,877 - INFO -                                 (   0.0252)   (   0.2717)   (   0.0129)   (   0.0616)   (   0.0255)   (   0.2677) 
2026-03-02 19:36:30,886 - INFO -   Y_1,RF   (selic x nr x D_{t-1})     -0.0044         -0.0023          0.0005          0.0005         -0.0045         -0.0022    
2026-03-02 19:36:30,887 - INFO -                                 (   0.0027)   (   0.0020)   (   0.0012)   (   0.0061)   (   0.0027)   (   0.0020) 
2026-03-02 19:36:30,891 - INFO -   Y_2,size (logA x nr x D_{t-1})                     -0.0936         -0.0879***      -0.0879***                      -0.0957    
2026-03-02 19:36:30,892 - INFO -                                                 (   0.0844)   (   0.0047)   (   0.0215)                   (   0.0831) 
2026-03-02 19:36:30,896 - INFO -   Y_2,eq   (E/A x nr x D_{t-1})                     -0.2251          0.5669***       0.5669                         -0.2321    
2026-03-02 19:36:30,896 - INFO -                                                 (   0.4554)   (   0.0763)   (   0.3691)                   (   0.4547) 
2026-03-02 19:36:30,898 - INFO -   Y_2,S2  (seg_S2 x nr x D_{t-1})                     -0.0127                                                         -0.0146    
2026-03-02 19:36:30,898 - INFO -                                                 (   0.0816)                                                   (   0.0805) 
2026-03-02 19:36:30,900 - INFO -   Y_2,S3  (seg_S3 x nr x D_{t-1})                      0.0265                                                          0.0239    
2026-03-02 19:36:30,901 - INFO -                                                 (   0.1340)                                                   (   0.1324) 
2026-03-02 19:36:30,902 - INFO -   Y_2,S4  (seg_S4 x nr x D_{t-1})                      0.0613                                                          0.0588    
2026-03-02 19:36:30,903 - INFO -                                                 (   0.1337)                                                   (   0.1318) 
2026-03-02 19:36:30,906 - INFO -   Y_2,S5  (seg_S5 x nr x D_{t-1})                      0.0128                                                          0.0147    
2026-03-02 19:36:30,907 - INFO -                                                 (   0.1544)                                                   (   0.1528) 
2026-03-02 19:36:30,910 - INFO -   beta_1 v^  (CF-cost, 1st)     628841.6207***   432020.7311***   -4942384.6416***   -4942384.6416***                                 
2026-03-02 19:36:30,911 - INFO -                                 (221276.9418)   (155636.7395)   (415533.5434)   (1762610.9794)                                 
2026-03-02 19:36:30,912 - INFO -   beta_2 v^^2 (CF-cost, 2nd)    122828.0371***   26148.5927      30114.3082***   30114.3082                                    
2026-03-02 19:36:30,913 - INFO -                                 (14078.8050)   (18259.3151)   (9202.0627)   (37779.0780)                                 
2026-03-02 19:36:30,915 - INFO -   beta_3 v^^3 (CF-cost, 3rd)      765.2860       -980.8682*      9441.3885***    9441.3885                                    
2026-03-02 19:36:30,918 - INFO -                                 ( 741.6530)   ( 504.8928)   (1395.5329)   (5868.6728)                                 
2026-03-02 19:36:30,920 - INFO -   beta_1 v^H (CF-Hausman, 1st)                                                                  -577570.4350      -1501224.6813*** 
2026-03-02 19:36:30,920 - INFO -                                                                                                 (435748.0370)   (483918.7605) 
2026-03-02 19:36:30,922 - INFO -   beta_2 v^H^2 (CF-Hausman, 2nd)                                                                  100711.7938***   39106.5718*** 
2026-03-02 19:36:30,922 - INFO -                                                                                                 (9998.2700)   (11445.2669) 
2026-03-02 19:36:30,925 - INFO -   beta_3 v^H^3 (CF-Hausman, 3rd)                                                                   1793.3855       2760.8275**  
2026-03-02 19:36:30,925 - INFO -                                                                                                 (1124.3302)   (1155.5555) 
2026-03-02 19:36:30,926 - INFO - ------------------------------------------------------------------------------------------------------------------------------
2026-03-02 19:36:30,926 - INFO -   N                                     61,765          61,670          61,765          61,765          61,765          61,670
2026-03-02 19:36:30,931 - INFO -   R^2                                   0.9603          0.9649          0.9907          0.9907          0.9602          0.9650
2026-03-02 19:36:30,933 - INFO -   InstxType FE                              No              No             Yes             Yes              No              No
2026-03-02 19:36:30,933 - INFO -   Time FE                                   No              No             Yes             Yes              No              No
2026-03-02 19:36:30,934 - INFO -   SE type                            HC-robust       HC-robust       HC-robust      Inst-clust       HC-robust       HC-robust
2026-03-02 19:36:30,934 - INFO - ------------------------------------------------------------------------------------------------------------------------------
2026-03-02 19:36:30,943 - INFO - Supply specs available: ['(1) Natl', '(2) +Bank', '(3) +FE', '(4) Clust', '(5) CF Natl', '(6) CF+Bank', '(7) CF+FE', '(8) CF+Clust', '(9) CF-Haus', '(10) CF-H+Bank']
2026-03-02 19:36:30,944 - INFO - 
>>> Step 2: Computing structural sleeping-deposit predictions ...
2026-03-02 19:36:30,993 - INFO -   Supply spec '(1) Natl': hat_Y computed for 86,115 obs (struct cols = ['nr_lag', 'selic_nr_lag'])
2026-03-02 19:36:30,999 - INFO -   Supply spec '(2) +Bank': hat_Y computed for 85,979 obs (struct cols = ['nr_lag', 'selic_nr_lag', 'logA_nr_lag', 'eq_nr_lag', 'seg_S2_nr_lag', 'seg_S3_nr_lag', 'seg_S4_nr_lag', 'seg_S5_nr_lag'])
2026-03-02 19:36:31,003 - INFO -   Supply spec '(3) +FE': hat_Y computed for 86,115 obs (struct cols = ['nr_lag', 'selic_nr_lag', 'logA_nr_lag', 'eq_nr_lag'])
2026-03-02 19:36:31,006 - INFO -   Supply spec '(4) Clust': hat_Y computed for 86,115 obs (struct cols = ['nr_lag', 'selic_nr_lag', 'logA_nr_lag', 'eq_nr_lag'])
2026-03-02 19:36:31,009 - INFO -   Supply spec '(5) CF Natl': hat_Y computed for 86,115 obs (struct cols = ['nr_lag', 'selic_nr_lag'])
2026-03-02 19:36:31,014 - INFO -   Supply spec '(6) CF+Bank': hat_Y computed for 85,979 obs (struct cols = ['nr_lag', 'selic_nr_lag', 'logA_nr_lag', 'eq_nr_lag', 'seg_S2_nr_lag', 'seg_S3_nr_lag', 'seg_S4_nr_lag', 'seg_S5_nr_lag'])
2026-03-02 19:36:31,018 - INFO -   Supply spec '(7) CF+FE': hat_Y computed for 86,115 obs (struct cols = ['nr_lag', 'selic_nr_lag', 'logA_nr_lag', 'eq_nr_lag'])
2026-03-02 19:36:31,022 - INFO -   Supply spec '(8) CF+Clust': hat_Y computed for 86,115 obs (struct cols = ['nr_lag', 'selic_nr_lag', 'logA_nr_lag', 'eq_nr_lag'])
2026-03-02 19:36:31,025 - INFO -   Supply spec '(9) CF-Haus': hat_Y computed for 86,115 obs (struct cols = ['nr_lag', 'selic_nr_lag'])
2026-03-02 19:36:31,030 - INFO -   Supply spec '(10) CF-H+Bank': hat_Y computed for 85,979 obs (struct cols = ['nr_lag', 'selic_nr_lag', 'logA_nr_lag', 'eq_nr_lag', 'seg_S2_nr_lag', 'seg_S3_nr_lag', 'seg_S4_nr_lag', 'seg_S5_nr_lag'])
2026-03-02 19:36:31,033 - INFO - 
>>> Step 3: Active deposit diagnostics by supply spec ...
2026-03-02 19:36:31,038 - INFO -   '(1) Natl': active>0=65.1%, active=0=34.9%, mean(active|active>0)=91993760.4
2026-03-02 19:36:31,043 - INFO -   '(2) +Bank': active>0=41.0%, active=0=58.9%, mean(active|active>0)=111821855.9
2026-03-02 19:36:31,049 - INFO -   '(3) +FE': active>0=34.8%, active=0=65.2%, mean(active|active>0)=124808126.9
2026-03-02 19:36:31,055 - INFO -   '(4) Clust': active>0=34.8%, active=0=65.2%, mean(active|active>0)=124808126.9
2026-03-02 19:36:31,063 - INFO -   '(5) CF Natl': active>0=54.6%, active=0=45.4%, mean(active|active>0)=89588904.9
2026-03-02 19:36:31,069 - INFO -   '(6) CF+Bank': active>0=31.6%, active=0=68.2%, mean(active|active>0)=127316223.1
2026-03-02 19:36:31,076 - INFO -   '(7) CF+FE': active>0=24.6%, active=0=75.4%, mean(active|active>0)=144567518.0
2026-03-02 19:36:31,083 - INFO -   '(8) CF+Clust': active>0=24.6%, active=0=75.4%, mean(active|active>0)=144567518.0
2026-03-02 19:36:31,092 - INFO -   '(9) CF-Haus': active>0=54.4%, active=0=45.6%, mean(active|active>0)=89575784.3
2026-03-02 19:36:31,101 - INFO -   '(10) CF-H+Bank': active>0=31.1%, active=0=68.7%, mean(active|active>0)=128919518.3
2026-03-02 19:36:31,105 - INFO - 
>>> Step 4: Estimating Berry (1994) demand equation ...
2026-03-02 19:36:31,121 - INFO - Demand -- type-interacted spread columns: ['spread_T1', 'spread_T2', 'spread_T3', 'spread_T4', 'spread_T5']
2026-03-02 19:36:31,179 - INFO - Endogenous types [4, 5]: 40,552 obs (47.1% of full sample)
2026-03-02 19:36:31,181 - INFO - Demand CF cost shifters (types 4-5): ['cosif_lag', 'log_assets_std', 'equity_ratio', 'lagged_cdi', 'lagged_selic', 'personnel_cost_ratio_lag', 'admin_cost_ratio_lag']
2026-03-02 19:36:31,279 - INFO - Demand CF-A (types 4-5): N=29,718, R^2=0.1259
2026-03-02 19:36:31,284 - INFO -   Joint F (cost vars): 253.77 (strong)
2026-03-02 19:36:31,494 - INFO - Demand CF-B (types 4-5, +Hausman IV): N=29,718, R^2=0.2314
2026-03-02 19:36:31,497 - INFO -   F (Hausman IV): 2764.37 (strong)
2026-03-02 19:36:31,616 - INFO - 
=== Demand: supply spec '(1) Natl' | N_valid=56,058, N_zero_active=30,057 / 86,115 ===
2026-03-02 19:36:31,618 - INFO -   log(s_active): mean=-9.5867, sd=2.4770
2026-03-02 19:36:31,739 - INFO -   D(1) Natl spread_T1: coef=-4.129652 (SE=0.010850, p=0.0000)***
2026-03-02 19:36:31,741 - INFO -   D(1) Natl spread_T2: coef=-10.400463 (SE=0.089932, p=0.0000)***
2026-03-02 19:36:31,741 - INFO -   D(1) Natl spread_T3: coef=-706.962923 (SE=25.191849, p=0.0000)***
2026-03-02 19:36:31,742 - INFO -   D(1) Natl spread_T4: coef=0.313698 (SE=0.000982, p=0.0000)***
2026-03-02 19:36:31,743 - INFO -   D(1) Natl spread_T5: coef=-3.154294 (SE=0.062306, p=0.0000)***
2026-03-02 19:36:31,809 - INFO - 
=== Demand: supply spec '(2) +Bank' | N_valid=35,270, N_zero_active=50,709 / 86,115 ===
2026-03-02 19:36:31,812 - INFO -   log(s_active): mean=-9.4730, sd=2.6976
2026-03-02 19:36:31,906 - INFO -   D(2) +Bank spread_T1: coef=-4.169728 (SE=0.017391, p=0.0000)***
2026-03-02 19:36:31,909 - INFO -   D(2) +Bank spread_T2: coef=-10.293648 (SE=0.118326, p=0.0000)***
2026-03-02 19:36:31,912 - INFO -   D(2) +Bank spread_T3: coef=-656.621757 (SE=28.705001, p=0.0000)***
2026-03-02 19:36:31,913 - INFO -   D(2) +Bank spread_T4: coef=0.314162 (SE=0.001189, p=0.0000)***
2026-03-02 19:36:31,914 - INFO -   D(2) +Bank spread_T5: coef=-3.098596 (SE=0.093238, p=0.0000)***
2026-03-02 19:36:32,106 - INFO - 
=== Demand: supply spec '(3) +FE' | N_valid=29,964, N_zero_active=56,151 / 86,115 ===
2026-03-02 19:36:32,109 - INFO -   log(s_active): mean=-9.1642, sd=2.6323
2026-03-02 19:36:38,741 - INFO -   D(3) +FE spread_T1: coef=-5.477352 (SE=0.020019, p=0.0000)***
2026-03-02 19:36:38,743 - INFO -   D(3) +FE spread_T2: coef=-13.307645 (SE=0.120730, p=0.0000)***
2026-03-02 19:36:38,745 - INFO -   D(3) +FE spread_T3: coef=-1915.471798 (SE=88.194584, p=0.0000)***
2026-03-02 19:36:38,747 - INFO -   D(3) +FE spread_T4: coef=0.507027 (SE=0.001168, p=0.0000)***
2026-03-02 19:36:38,749 - INFO -   D(3) +FE spread_T5: coef=-3.447084 (SE=0.060629, p=0.0000)***
2026-03-02 19:36:38,789 - INFO - 
=== Demand: supply spec '(4) Clust' | N_valid=29,964, N_zero_active=56,151 / 86,115 ===
2026-03-02 19:36:38,790 - INFO -   log(s_active): mean=-9.1642, sd=2.6323
2026-03-02 19:36:43,059 - INFO -   D(4) Clust spread_T1: coef=-5.477352 (SE=0.059528, p=0.0000)***
2026-03-02 19:36:43,060 - INFO -   D(4) Clust spread_T2: coef=-13.307645 (SE=0.272854, p=0.0000)***
2026-03-02 19:36:43,061 - INFO -   D(4) Clust spread_T3: coef=-1915.471798 (SE=148.369184, p=0.0000)***
2026-03-02 19:36:43,061 - INFO -   D(4) Clust spread_T4: coef=0.507027 (SE=0.005650, p=0.0000)***
2026-03-02 19:36:43,064 - INFO -   D(4) Clust spread_T5: coef=-3.447084 (SE=0.117636, p=0.0000)***
2026-03-02 19:36:43,129 - INFO - 
=== Demand: supply spec '(5) CF Natl' | N_valid=47,048, N_zero_active=39,067 / 86,115 ===
2026-03-02 19:36:43,130 - INFO -   log(s_active): mean=-9.4017, sd=2.4355
2026-03-02 19:36:43,233 - INFO -   D(5) CF Natl spread_T1: coef=-4.046148 (SE=0.012047, p=0.0000)***
2026-03-02 19:36:43,235 - INFO -   D(5) CF Natl spread_T2: coef=-10.444423 (SE=0.094714, p=0.0000)***
2026-03-02 19:36:43,238 - INFO -   D(5) CF Natl spread_T3: coef=-657.428729 (SE=26.447510, p=0.0000)***
2026-03-02 19:36:43,241 - INFO -   D(5) CF Natl spread_T4: coef=0.412938 (SE=0.002724, p=0.0000)***
2026-03-02 19:36:43,242 - INFO -   D(5) CF Natl spread_T5: coef=-2.878926 (SE=0.069288, p=0.0000)***
2026-03-02 19:36:43,295 - INFO - 
=== Demand: supply spec '(6) CF+Bank' | N_valid=27,238, N_zero_active=58,741 / 86,115 ===
2026-03-02 19:36:43,297 - INFO -   log(s_active): mean=-9.0391, sd=2.5679
2026-03-02 19:36:43,338 - INFO -   D(6) CF+Bank spread_T1: coef=-4.002484 (SE=0.021712, p=0.0000)***
2026-03-02 19:36:43,339 - INFO -   D(6) CF+Bank spread_T2: coef=-10.484210 (SE=0.123682, p=0.0000)***
2026-03-02 19:36:43,341 - INFO -   D(6) CF+Bank spread_T3: coef=-624.161489 (SE=31.819858, p=0.0000)***
2026-03-02 19:36:43,343 - INFO -   D(6) CF+Bank spread_T4: coef=0.412734 (SE=0.002994, p=0.0000)***
2026-03-02 19:36:43,344 - INFO -   D(6) CF+Bank spread_T5: coef=-2.794344 (SE=0.106087, p=0.0000)***
2026-03-02 19:36:43,378 - INFO - 
=== Demand: supply spec '(7) CF+FE' | N_valid=21,183, N_zero_active=64,932 / 86,115 ===
2026-03-02 19:36:43,379 - INFO -   log(s_active): mean=-8.7000, sd=2.5335
2026-03-02 19:36:49,095 - INFO -   D(7) CF+FE spread_T1: coef=-4.697561 (SE=0.021591, p=0.0000)***
2026-03-02 19:36:49,098 - INFO -   D(7) CF+FE spread_T2: coef=-13.777323 (SE=0.140168, p=0.0000)***
2026-03-02 19:36:49,104 - INFO -   D(7) CF+FE spread_T3: coef=-1636.715140 (SE=64.672176, p=0.0000)***
2026-03-02 19:36:49,109 - INFO -   D(7) CF+FE spread_T4: coef=0.519956 (SE=0.002102, p=0.0000)***
2026-03-02 19:36:49,113 - INFO -   D(7) CF+FE spread_T5: coef=-3.057179 (SE=0.071547, p=0.0000)***
2026-03-02 19:36:49,176 - INFO - 
=== Demand: supply spec '(8) CF+Clust' | N_valid=21,183, N_zero_active=64,932 / 86,115 ===
2026-03-02 19:36:49,177 - INFO -   log(s_active): mean=-8.7000, sd=2.5335
2026-03-02 19:36:57,298 - INFO -   D(8) CF+Clust spread_T1: coef=-4.697561 (SE=0.053196, p=0.0000)***
2026-03-02 19:36:57,299 - INFO -   D(8) CF+Clust spread_T2: coef=-13.777323 (SE=0.273863, p=0.0000)***
2026-03-02 19:36:57,301 - INFO -   D(8) CF+Clust spread_T3: coef=-1636.715140 (SE=103.293001, p=0.0000)***
2026-03-02 19:36:57,304 - INFO -   D(8) CF+Clust spread_T4: coef=0.519956 (SE=0.008739, p=0.0000)***
2026-03-02 19:36:57,306 - INFO -   D(8) CF+Clust spread_T5: coef=-3.057179 (SE=0.141572, p=0.0000)***
2026-03-02 19:36:57,382 - INFO - 
=== Demand: supply spec '(9) CF-Haus' | N_valid=46,805, N_zero_active=39,310 / 86,115 ===
2026-03-02 19:36:57,383 - INFO -   log(s_active): mean=-9.3943, sd=2.4326
2026-03-02 19:36:57,462 - INFO -   D(9) CF-Haus spread_T1: coef=-4.042537 (SE=0.012074, p=0.0000)***
2026-03-02 19:36:57,464 - INFO -   D(9) CF-Haus spread_T2: coef=-10.447476 (SE=0.095179, p=0.0000)***
2026-03-02 19:36:57,465 - INFO -   D(9) CF-Haus spread_T3: coef=-658.290562 (SE=26.451517, p=0.0000)***
2026-03-02 19:36:57,466 - INFO -   D(9) CF-Haus spread_T4: coef=0.407372 (SE=0.001715, p=0.0000)***
2026-03-02 19:36:57,467 - INFO -   D(9) CF-Haus spread_T5: coef=-2.968150 (SE=0.070052, p=0.0000)***
2026-03-02 19:36:57,512 - INFO - 
=== Demand: supply spec '(10) CF-H+Bank' | N_valid=26,791, N_zero_active=59,188 / 86,115 ===
2026-03-02 19:36:57,513 - INFO -   log(s_active): mean=-9.0294, sd=2.5794
2026-03-02 19:36:57,564 - INFO -   D(10) CF-H+Bank spread_T1: coef=-4.002464 (SE=0.022154, p=0.0000)***
2026-03-02 19:36:57,566 - INFO -   D(10) CF-H+Bank spread_T2: coef=-10.500986 (SE=0.125618, p=0.0000)***
2026-03-02 19:36:57,569 - INFO -   D(10) CF-H+Bank spread_T3: coef=-626.638394 (SE=32.361036, p=0.0000)***
2026-03-02 19:36:57,571 - INFO -   D(10) CF-H+Bank spread_T4: coef=0.413266 (SE=0.003039, p=0.0000)***
2026-03-02 19:36:57,573 - INFO -   D(10) CF-H+Bank spread_T5: coef=-2.770590 (SE=0.106034, p=0.0000)***
2026-03-02 19:36:57,585 - INFO - 
>>> Step 5: Exporting demand results ...
2026-03-02 19:36:57,628 - INFO - Demand results exported to C:\Users\pedro\OneDrive\Documentos\Yale\Year 3 (2024 - 2025)\Open Finance\Open-Finance\BCB\Egan_et_al_2025_Rep\processed\ESTIMATION_OUTPUT\demand_results_institution.csv
2026-03-02 19:36:57,701 - INFO - Demand LaTeX table exported to C:\Users\pedro\OneDrive\Documentos\Yale\Year 3 (2024 - 2025)\Open Finance\Open-Finance\BCB\Egan_et_al_2025_Rep\processed\ESTIMATION_OUTPUT\demand_table_institution.tex
2026-03-02 19:36:57,702 - INFO - Demand specs estimated: ['D(1) Natl', 'D(2) +Bank', 'D(3) +FE', 'D(4) Clust', 'D(5) CF Natl', 'D(6) CF+Bank', 'D(7) CF+FE', 'D(8) CF+Clust', 'D(9) CF-Haus', 'D(10) CF-H+Bank']
2026-03-02 19:36:57,703 - INFO - Done -- estimation_demand_2.py complete.
2026-03-02 20:22:16,673 - INFO - ================================================================================
2026-03-02 20:22:16,673 - INFO - DEMAND ESTIMATION -- INSTITUTION LEVEL
2026-03-02 20:22:16,687 - INFO - Berry (1994) active market shares | estimation_demand_2.py
2026-03-02 20:22:16,688 - INFO - ================================================================================
2026-03-02 20:22:16,689 - INFO - 
>>> Step 1: Loading panel and running supply estimation ...
2026-03-02 20:22:16,689 - INFO - Loading institution-level panel ...
2026-03-02 20:22:16,689 - INFO - Loading from Parquet: C:\Users\pedro\OneDrive\Documentos\Yale\Year 3 (2024 - 2025)\Open Finance\Open-Finance\BCB\Egan_et_al_2025_Rep\processed\PANEL_INTERMED\egan_panel_institution.parquet
2026-03-02 20:22:17,303 - INFO - Raw panel: 327,921 rows, 33 cols
2026-03-02 20:22:17,306 - INFO -   total_assets coverage: 327,921 / 327,921
2026-03-02 20:22:17,309 - INFO -   equity_ratio coverage: 325,670 / 327,921
2026-03-02 20:22:17,333 - INFO -   segment coverage: 305,121 / 327,921
2026-03-02 20:22:17,596 - INFO - log_total_assets: mean=19.57, sd=2.58 (standardized)
2026-03-02 20:22:17,809 - INFO - Winsorized deposit_balance at [p1,p99]=[22.2,27598806145.7]: dropped 1,758 outliers
2026-03-02 20:22:17,809 - INFO - Estimation sample: 86,115 rows
2026-03-02 20:22:17,821 - INFO -   Institutions: 1412
2026-03-02 20:22:17,824 - INFO -   Quarters:     45
2026-03-02 20:22:17,827 - INFO -   Types:        [np.int64(1), np.int64(2), np.int64(3), np.int64(4), np.int64(5)]
2026-03-02 20:22:17,834 - INFO - Dep var (deposit_balance, levels): mean=468536318.9, sd=1898412194.9, p5=563389.0, p95=1867473043.7
2026-03-02 20:22:17,839 - INFO - nr_lag (nr x D_{t-1}): mean=420988603.847617, sd=1796648320.038735
2026-03-02 20:22:17,845 - INFO - Lagged Selic: mean=9.98, sd=3.98, min=2.00, max=15.00
2026-03-02 20:22:17,858 - INFO - Segment distribution: {'S5': 48178, 'S4': 21516, 'S3': 6878, 'S2': 1707, 'S1': 1666}
2026-03-02 20:22:17,869 - INFO - ================================================================================
2026-03-02 20:22:17,870 - INFO - INSTITUTION-LEVEL STRUCTURAL ESTIMATION
2026-03-02 20:22:17,872 - INFO -   D_jkt = phi(S,X) * nr * D_jkt-1 + eps  (levels, no ratio)
2026-03-02 20:22:17,874 - INFO - ================================================================================
2026-03-02 20:22:26,415 - INFO - Dep var: Dep_jkt (levels)     
2026-03-02 20:22:26,415 - INFO - ----------------------------------------------------------------------------------------------
2026-03-02 20:22:26,429 - INFO -                                       (1) Natl       (2) +Bank         (3) +FE       (4) Clust
2026-03-02 20:22:26,432 - INFO - ----------------------------------------------------------------------------------------------
2026-03-02 20:22:26,441 - INFO -   Y_1,cons  (nr x D_{t-1})          1.0196***       1.1693***       1.2970***       1.2970*** 
2026-03-02 20:22:26,443 - INFO -                                 (   0.0258)   (   0.0614)   (   0.0277)   (   0.1084) 
2026-03-02 20:22:26,453 - INFO -   Y_1,RF   (selic x nr x D_{t-1})      0.0007         -0.0022          0.0015          0.0015    
2026-03-02 20:22:26,455 - INFO -                                 (   0.0026)   (   0.0020)   (   0.0024)   (   0.0080) 
2026-03-02 20:22:26,460 - INFO -   Y_2,size (logA x nr x D_{t-1})                     -0.0586**       -0.1032***      -0.1032*** 
2026-03-02 20:22:26,461 - INFO -                                                 (   0.0229)   (   0.0039)   (   0.0154) 
2026-03-02 20:22:26,466 - INFO -   Y_2,eq   (E/A x nr x D_{t-1})                     -0.5456**       -0.4254***      -0.4254*   
2026-03-02 20:22:26,468 - INFO -                                                 (   0.2726)   (   0.0833)   (   0.2585) 
2026-03-02 20:22:26,471 - INFO -   Y_2,S2  (seg_S2 x nr x D_{t-1})                      0.0319                                    
2026-03-02 20:22:26,473 - INFO -                                                 (   0.0227)                                 
2026-03-02 20:22:26,477 - INFO -   Y_2,S3  (seg_S3 x nr x D_{t-1})                      0.1489***                                 
2026-03-02 20:22:26,483 - INFO -                                                 (   0.0202)                                 
2026-03-02 20:22:26,487 - INFO -   Y_2,S4  (seg_S4 x nr x D_{t-1})                      0.1406***                                 
2026-03-02 20:22:26,488 - INFO -                                                 (   0.0260)                                 
2026-03-02 20:22:26,493 - INFO -   Y_2,S5  (seg_S5 x nr x D_{t-1})                      0.1624***                                 
2026-03-02 20:22:26,493 - INFO -                                                 (   0.0310)                                 
2026-03-02 20:22:26,496 - INFO - ----------------------------------------------------------------------------------------------
2026-03-02 20:22:26,498 - INFO -   N                                     86,115          85,979          86,115          86,115
2026-03-02 20:22:26,503 - INFO -   R^2                                   0.9391          0.9483          0.9861          0.9861
2026-03-02 20:22:26,505 - INFO -   InstxType FE                              No              No             Yes             Yes
2026-03-02 20:22:26,509 - INFO -   Time FE                                   No              No             Yes             Yes
2026-03-02 20:22:26,511 - INFO -   SE type                            HC-robust       HC-robust       HC-robust      Inst-clust
2026-03-02 20:22:26,513 - INFO - ----------------------------------------------------------------------------------------------
2026-03-02 20:22:26,515 - INFO - Interpretation guide:
2026-03-02 20:22:26,516 - INFO -   Y_1,cons = coef on nr_lag = phi_cons (retention scaling factor)
2026-03-02 20:22:26,518 - INFO -   Y_1,RF < 0  -> depositors sleepier when rates low
2026-03-02 20:22:26,519 - INFO -   Y_2,size > 0 -> larger institutions retain more deposits
2026-03-02 20:22:26,520 - INFO - Baseline retention coef on nr_lag (Spec 1): 1.0196
2026-03-02 20:22:26,528 - INFO - ================================================================================
2026-03-02 20:22:26,530 - INFO - CONTROL FUNCTION ESTIMATION (semi-parametric CF) [INSTITUTION]
2026-03-02 20:22:26,532 - INFO -   Stage 1: spread_jkt ~ cost_shifters + type_dummies  -->  v_hat
2026-03-02 20:22:26,533 - INFO -   Stage 2: deposit_balance = phi(S,X)*nr*D_{t-1} + b1*v + b2*v^2 + b3*v^3 + eps
2026-03-02 20:22:26,534 - INFO -   All deposit types treated as potentially endogenous.
2026-03-02 20:22:26,540 - INFO - ================================================================================
2026-03-02 20:22:26,547 - INFO - First-stage cost shifters: ['cosif_lag', 'log_assets_std', 'equity_ratio', 'lagged_cdi', 'lagged_selic', 'personnel_cost_ratio_lag', 'admin_cost_ratio_lag']
2026-03-02 20:22:26,740 - INFO - First-stage A -- N=61,765, R^2=0.5507
2026-03-02 20:22:26,744 - INFO -   cosif_lag: coef=0.087736, p=0.0000
2026-03-02 20:22:26,746 - INFO -   log_assets_std: coef=-0.453145, p=0.0000
2026-03-02 20:22:26,749 - INFO -   equity_ratio: coef=3.792760, p=0.0000
2026-03-02 20:22:26,793 - INFO -   lagged_cdi: coef=-4.329968, p=0.0000
2026-03-02 20:22:26,802 - INFO -   lagged_selic: coef=1.240576, p=0.0000
2026-03-02 20:22:26,808 - INFO -   personnel_cost_ratio_lag: coef=-27.779793, p=0.0009
2026-03-02 20:22:26,817 - INFO -   admin_cost_ratio_lag: coef=0.975927, p=0.0900
2026-03-02 20:22:26,820 - INFO -   type2_d: coef=-1.469604, p=0.0000
2026-03-02 20:22:26,823 - INFO -   type3_d: coef=-1.851814, p=0.0000
2026-03-02 20:22:26,853 - INFO -   type4_d: coef=-20.129872, p=0.0000
2026-03-02 20:22:26,930 - INFO -   type5_d: coef=-0.309421, p=0.2156
2026-03-02 20:22:26,941 - INFO -   Joint F (cost vars): 336.22 (strong)
2026-03-02 20:22:27,048 - INFO - Computing Hausman IV (leave-one-out spread mean by type x quarter) ...
2026-03-02 20:22:27,537 - INFO - First-stage B -- N=61,765, R^2=0.6119
2026-03-02 20:22:27,545 - INFO -   hausman_iv_spread: coef=1.522528, p=0.0000
2026-03-02 20:22:27,552 - INFO -   cosif_lag: coef=-0.021101, p=0.0000
2026-03-02 20:22:27,571 - INFO -   log_assets_std: coef=0.176154, p=0.0118
2026-03-02 20:22:27,584 - INFO -   equity_ratio: coef=6.032819, p=0.0000
2026-03-02 20:22:27,597 - INFO -   lagged_cdi: coef=0.073064, p=0.7334
2026-03-02 20:22:27,615 - INFO -   lagged_selic: coef=-0.100337, p=0.0493
2026-03-02 20:22:27,618 - INFO -   personnel_cost_ratio_lag: coef=-12.912822, p=0.0822
2026-03-02 20:22:27,620 - INFO -   admin_cost_ratio_lag: coef=1.410499, p=0.0506
2026-03-02 20:22:27,627 - INFO -   F (Hausman IV): 5125.47 (strong)
2026-03-02 20:22:27,729 - INFO - CF residuals (Cost-only): N=61,765, mean=-0.000000, sd=9.035257
2026-03-02 20:22:27,735 - INFO - CF residuals (Hausman): N=61,765, mean=-0.000000, sd=8.397194
2026-03-02 20:22:27,851 - INFO -   CF-Cost(5) cf_resid: 428558.283170 (p=0.0347) **
2026-03-02 20:22:27,853 - INFO -   CF-Cost(5) cf_resid_sq: 127176.469027 (p=0.0000) ***
2026-03-02 20:22:27,856 - INFO -   CF-Cost(5) cf_resid_cu: 1484.427558 (p=0.0320) **
2026-03-02 20:22:27,864 - INFO -   CF-Cost(5) joint F on poly: 55.28 -> endogeneity
2026-03-02 20:22:28,017 - INFO -   CF-Cost(6) cf_resid: 258624.133446 (p=0.0622) *
2026-03-02 20:22:28,028 - INFO -   CF-Cost(6) cf_resid_sq: 29184.637494 (p=0.1139) 
2026-03-02 20:22:28,030 - INFO -   CF-Cost(6) cf_resid_cu: -415.872168 (p=0.3778) 
2026-03-02 20:22:28,036 - INFO -   CF-Cost(6) joint F on poly: 12.62 -> endogeneity
2026-03-02 20:22:37,854 - INFO -   CF-Cost+FE(7) cf_resid: -4046589.975704 (p=0.0000) ***
2026-03-02 20:22:37,854 - INFO -   CF-Cost+FE(7) cf_resid_sq: 15571.510525 (p=0.0449) **
2026-03-02 20:22:37,860 - INFO -   CF-Cost+FE(7) cf_resid_cu: 6411.341385 (p=0.0000) ***
2026-03-02 20:22:37,865 - INFO -   CF-Cost+FE(7) joint F on poly: 297.61 -> endogeneity
2026-03-02 20:22:38,058 - INFO -   CF-Hausman(9) cf_resid_h: -588194.522827 (p=0.1322) 
2026-03-02 20:22:38,058 - INFO -   CF-Hausman(9) cf_resid_h_sq: 100582.964256 (p=0.0000) ***
2026-03-02 20:22:38,058 - INFO -   CF-Hausman(9) cf_resid_h_cu: 1978.275985 (p=0.0461) **
2026-03-02 20:22:38,058 - INFO -   CF-Hausman(9) joint F on poly: 77.25 -> endogeneity
2026-03-02 20:22:38,206 - INFO -   CF-Hausman(10) cf_resid_h: -1409403.043433 (p=0.0003) ***
2026-03-02 20:22:38,208 - INFO -   CF-Hausman(10) cf_resid_h_sq: 40754.415335 (p=0.0003) ***
2026-03-02 20:22:38,209 - INFO -   CF-Hausman(10) cf_resid_h_cu: 2596.590879 (p=0.0047) ***
2026-03-02 20:22:38,215 - INFO -   CF-Hausman(10) joint F on poly: 37.31 -> endogeneity
2026-03-02 20:22:38,217 - INFO - Dep var: Dep_jkt (levels, CF) 
2026-03-02 20:22:38,218 - INFO - ------------------------------------------------------------------------------------------------------------------------------
2026-03-02 20:22:38,219 - INFO -                                    (5) CF Natl     (6) CF+Bank       (7) CF+FE    (8) CF+Clust     (9) CF-Haus  (10) CF-H+Bank
2026-03-02 20:22:38,222 - INFO - ------------------------------------------------------------------------------------------------------------------------------
2026-03-02 20:22:38,230 - INFO -   Y_1,cons  (nr x D_{t-1})          1.1231***       1.2934***       1.2258***       1.2258***       1.1256***       1.2995*** 
2026-03-02 20:22:38,231 - INFO -                                 (   0.0252)   (   0.2719)   (   0.0129)   (   0.0616)   (   0.0255)   (   0.2675) 
2026-03-02 20:22:38,241 - INFO -   Y_1,RF   (selic x nr x D_{t-1})     -0.0044         -0.0023          0.0006          0.0006         -0.0045         -0.0023    
2026-03-02 20:22:38,242 - INFO -                                 (   0.0027)   (   0.0020)   (   0.0012)   (   0.0061)   (   0.0027)   (   0.0020) 
2026-03-02 20:22:38,245 - INFO -   Y_2,size (logA x nr x D_{t-1})                     -0.0934         -0.0881***      -0.0881***                      -0.0953    
2026-03-02 20:22:38,246 - INFO -                                                 (   0.0845)   (   0.0047)   (   0.0214)                   (   0.0830) 
2026-03-02 20:22:38,251 - INFO -   Y_2,eq   (E/A x nr x D_{t-1})                     -0.2233          0.5639***       0.5639                         -0.2316    
2026-03-02 20:22:38,252 - INFO -                                                 (   0.4554)   (   0.0762)   (   0.3686)                   (   0.4549) 
2026-03-02 20:22:38,253 - INFO -   Y_2,S2  (seg_S2 x nr x D_{t-1})                     -0.0125                                                         -0.0143    
2026-03-02 20:22:38,255 - INFO -                                                 (   0.0816)                                                   (   0.0804) 
2026-03-02 20:22:38,258 - INFO -   Y_2,S3  (seg_S3 x nr x D_{t-1})                      0.0266                                                          0.0243    
2026-03-02 20:22:38,259 - INFO -                                                 (   0.1341)                                                   (   0.1323) 
2026-03-02 20:22:38,262 - INFO -   Y_2,S4  (seg_S4 x nr x D_{t-1})                      0.0616                                                          0.0594    
2026-03-02 20:22:38,265 - INFO -                                                 (   0.1337)                                                   (   0.1317) 
2026-03-02 20:22:38,270 - INFO -   Y_2,S5  (seg_S5 x nr x D_{t-1})                      0.0129                                                          0.0147    
2026-03-02 20:22:38,271 - INFO -                                                 (   0.1544)                                                   (   0.1528) 
2026-03-02 20:22:38,278 - INFO -   beta_1 v^  (CF-cost, 1st)     428558.2832**    258624.1334*     -4046589.9757***   -4046589.9757***                                 
2026-03-02 20:22:38,279 - INFO -                                 (202929.2622)   (138690.8621)   (305142.6647)   (930169.7315)                                 
2026-03-02 20:22:38,282 - INFO -   beta_2 v^^2 (CF-cost, 2nd)    127176.4690***   29184.6375      15571.5105**    15571.5105                                    
2026-03-02 20:22:38,283 - INFO -                                 (14391.1452)   (18458.2218)   (7764.7092)   (29975.3805)                                 
2026-03-02 20:22:38,287 - INFO -   beta_3 v^^3 (CF-cost, 3rd)     1484.4276**     -415.8722       6411.3414***    6411.3414**                                  
2026-03-02 20:22:38,288 - INFO -                                 ( 692.2067)   ( 471.5259)   ( 978.0352)   (2904.4149)                                 
2026-03-02 20:22:38,291 - INFO -   beta_1 v^H (CF-Hausman, 1st)                                                                  -588194.5228      -1409403.0434*** 
2026-03-02 20:22:38,293 - INFO -                                                                                                 (390734.6104)   (394022.3375) 
2026-03-02 20:22:38,295 - INFO -   beta_2 v^H^2 (CF-Hausman, 2nd)                                                                  100582.9643***   40754.4153*** 
2026-03-02 20:22:38,296 - INFO -                                                                                                 (10407.7684)   (11332.9143) 
2026-03-02 20:22:38,300 - INFO -   beta_3 v^H^3 (CF-Hausman, 3rd)                                                                   1978.2760**     2596.5909*** 
2026-03-02 20:22:38,301 - INFO -                                                                                                 ( 991.8458)   ( 917.8778) 
2026-03-02 20:22:38,303 - INFO - ------------------------------------------------------------------------------------------------------------------------------
2026-03-02 20:22:38,304 - INFO -   N                                     61,765          61,670          61,765          61,765          61,765          61,670
2026-03-02 20:22:38,312 - INFO -   R^2                                   0.9603          0.9649          0.9907          0.9907          0.9602          0.9650
2026-03-02 20:22:38,313 - INFO -   InstxType FE                              No              No             Yes             Yes              No              No
2026-03-02 20:22:38,315 - INFO -   Time FE                                   No              No             Yes             Yes              No              No
2026-03-02 20:22:38,316 - INFO -   SE type                            HC-robust       HC-robust       HC-robust      Inst-clust       HC-robust       HC-robust
2026-03-02 20:22:38,316 - INFO - ------------------------------------------------------------------------------------------------------------------------------
2026-03-02 20:22:38,328 - INFO - Supply specs available: ['(1) Natl', '(2) +Bank', '(3) +FE', '(4) Clust', '(5) CF Natl', '(6) CF+Bank', '(7) CF+FE', '(8) CF+Clust', '(9) CF-Haus', '(10) CF-H+Bank']
2026-03-02 20:22:38,329 - INFO - 
>>> Step 2: Computing structural sleeping-deposit predictions ...
2026-03-02 20:22:38,402 - INFO -   Supply spec '(1) Natl': hat_Y computed for 86,115 obs (struct cols = ['nr_lag', 'selic_nr_lag'])
2026-03-02 20:22:38,409 - INFO -   Supply spec '(2) +Bank': hat_Y computed for 85,979 obs (struct cols = ['nr_lag', 'selic_nr_lag', 'logA_nr_lag', 'eq_nr_lag', 'seg_S2_nr_lag', 'seg_S3_nr_lag', 'seg_S4_nr_lag', 'seg_S5_nr_lag'])
2026-03-02 20:22:38,416 - INFO -   Supply spec '(3) +FE': hat_Y computed for 86,115 obs (struct cols = ['nr_lag', 'selic_nr_lag', 'logA_nr_lag', 'eq_nr_lag'])
2026-03-02 20:22:38,421 - INFO -   Supply spec '(4) Clust': hat_Y computed for 86,115 obs (struct cols = ['nr_lag', 'selic_nr_lag', 'logA_nr_lag', 'eq_nr_lag'])
2026-03-02 20:22:38,427 - INFO -   Supply spec '(5) CF Natl': hat_Y computed for 86,115 obs (struct cols = ['nr_lag', 'selic_nr_lag'])
2026-03-02 20:22:38,438 - INFO -   Supply spec '(6) CF+Bank': hat_Y computed for 85,979 obs (struct cols = ['nr_lag', 'selic_nr_lag', 'logA_nr_lag', 'eq_nr_lag', 'seg_S2_nr_lag', 'seg_S3_nr_lag', 'seg_S4_nr_lag', 'seg_S5_nr_lag'])
2026-03-02 20:22:38,443 - INFO -   Supply spec '(7) CF+FE': hat_Y computed for 86,115 obs (struct cols = ['nr_lag', 'selic_nr_lag', 'logA_nr_lag', 'eq_nr_lag'])
2026-03-02 20:22:38,455 - INFO -   Supply spec '(8) CF+Clust': hat_Y computed for 86,115 obs (struct cols = ['nr_lag', 'selic_nr_lag', 'logA_nr_lag', 'eq_nr_lag'])
2026-03-02 20:22:38,461 - INFO -   Supply spec '(9) CF-Haus': hat_Y computed for 86,115 obs (struct cols = ['nr_lag', 'selic_nr_lag'])
2026-03-02 20:22:38,474 - INFO -   Supply spec '(10) CF-H+Bank': hat_Y computed for 85,979 obs (struct cols = ['nr_lag', 'selic_nr_lag', 'logA_nr_lag', 'eq_nr_lag', 'seg_S2_nr_lag', 'seg_S3_nr_lag', 'seg_S4_nr_lag', 'seg_S5_nr_lag'])
2026-03-02 20:22:38,477 - INFO - 
>>> Step 3: Active deposit diagnostics by supply spec ...
2026-03-02 20:22:38,485 - INFO -   '(1) Natl': active>0=65.1%, active=0=34.9%, mean(active|active>0)=92048720.2
2026-03-02 20:22:38,493 - INFO -   '(2) +Bank': active>0=41.1%, active=0=58.8%, mean(active|active>0)=111777055.5
2026-03-02 20:22:38,501 - INFO -   '(3) +FE': active>0=34.8%, active=0=65.2%, mean(active|active>0)=125049053.6
2026-03-02 20:22:38,508 - INFO -   '(4) Clust': active>0=34.8%, active=0=65.2%, mean(active|active>0)=125049053.6
2026-03-02 20:22:38,518 - INFO -   '(5) CF Natl': active>0=54.7%, active=0=45.3%, mean(active|active>0)=89659528.2
2026-03-02 20:22:38,523 - INFO -   '(6) CF+Bank': active>0=31.7%, active=0=68.1%, mean(active|active>0)=127389621.4
2026-03-02 20:22:38,531 - INFO -   '(7) CF+FE': active>0=24.7%, active=0=75.3%, mean(active|active>0)=144471126.6
2026-03-02 20:22:38,538 - INFO -   '(8) CF+Clust': active>0=24.7%, active=0=75.3%, mean(active|active>0)=144471126.6
2026-03-02 20:22:38,545 - INFO -   '(9) CF-Haus': active>0=54.4%, active=0=45.6%, mean(active|active>0)=89634361.4
2026-03-02 20:22:38,554 - INFO -   '(10) CF-H+Bank': active>0=31.3%, active=0=68.6%, mean(active|active>0)=128722345.0
2026-03-02 20:22:38,556 - INFO - 
>>> Step 4: Estimating Berry (1994) demand equation ...
2026-03-02 20:22:38,564 - INFO - Demand -- type-interacted spread columns: ['spread_T1', 'spread_T2', 'spread_T3', 'spread_T4', 'spread_T5']
2026-03-02 20:22:38,651 - INFO - Endogenous types [4, 5]: 40,552 obs (47.1% of full sample)
2026-03-02 20:22:38,656 - INFO - Demand CF cost shifters (types 4-5): ['cosif_lag', 'log_assets_std', 'equity_ratio', 'lagged_cdi', 'lagged_selic', 'personnel_cost_ratio_lag', 'admin_cost_ratio_lag']
2026-03-02 20:22:38,762 - INFO - Demand CF-A (types 4-5): N=29,718, R^2=0.1221
2026-03-02 20:22:38,770 - INFO -   Joint F (cost vars): 249.96 (strong)
2026-03-02 20:22:38,931 - INFO - Demand CF-B (types 4-5, +Hausman IV): N=29,718, R^2=0.2276
2026-03-02 20:22:38,935 - INFO -   F (Hausman IV): 2818.15 (strong)
2026-03-02 20:22:39,126 - INFO - 
=== Demand: supply spec '(1) Natl' | N_valid=56,098, N_zero_active=30,017 / 86,115 ===
2026-03-02 20:22:39,131 - INFO -   log(s_active): mean=-9.5905, sd=2.4815
2026-03-02 20:22:39,278 - INFO -   D(1) Natl spread_T1: coef=-4.131190 (SE=0.010865, p=0.0000)***
2026-03-02 20:22:39,280 - INFO -   D(1) Natl spread_T2: coef=-10.409081 (SE=0.090048, p=0.0000)***
2026-03-02 20:22:39,282 - INFO -   D(1) Natl spread_T3: coef=-708.300318 (SE=25.288346, p=0.0000)***
2026-03-02 20:22:39,284 - INFO -   D(1) Natl spread_T4: coef=0.313706 (SE=0.000982, p=0.0000)***
2026-03-02 20:22:39,289 - INFO -   D(1) Natl spread_T5: coef=0.073462 (SE=0.031996, p=0.0217)**
2026-03-02 20:22:39,388 - INFO - 
=== Demand: supply spec '(2) +Bank' | N_valid=35,380, N_zero_active=50,599 / 86,115 ===
2026-03-02 20:22:39,388 - INFO -   log(s_active): mean=-9.4791, sd=2.7015
2026-03-02 20:22:39,482 - INFO -   D(2) +Bank spread_T1: coef=-4.171964 (SE=0.017375, p=0.0000)***
2026-03-02 20:22:39,486 - INFO -   D(2) +Bank spread_T2: coef=-10.291688 (SE=0.117966, p=0.0000)***
2026-03-02 20:22:39,488 - INFO -   D(2) +Bank spread_T3: coef=-656.833883 (SE=28.731410, p=0.0000)***
2026-03-02 20:22:39,489 - INFO -   D(2) +Bank spread_T4: coef=0.314291 (SE=0.001189, p=0.0000)***
2026-03-02 20:22:39,492 - INFO -   D(2) +Bank spread_T5: coef=0.084337 (SE=0.032786, p=0.0101)**
2026-03-02 20:22:39,559 - INFO - 
=== Demand: supply spec '(3) +FE' | N_valid=29,972, N_zero_active=56,143 / 86,115 ===
2026-03-02 20:22:39,562 - INFO -   log(s_active): mean=-9.1669, sd=2.6386
2026-03-02 20:22:44,328 - INFO -   D(3) +FE spread_T1: coef=-5.502102 (SE=0.020099, p=0.0000)***
2026-03-02 20:22:44,330 - INFO -   D(3) +FE spread_T2: coef=-13.778301 (SE=0.126751, p=0.0000)***
2026-03-02 20:22:44,333 - INFO -   D(3) +FE spread_T3: coef=-1885.482304 (SE=86.736829, p=0.0000)***
2026-03-02 20:22:44,336 - INFO -   D(3) +FE spread_T4: coef=0.511505 (SE=0.001177, p=0.0000)***
2026-03-02 20:22:44,338 - INFO -   D(3) +FE spread_T5: coef=0.297261 (SE=0.044867, p=0.0000)***
2026-03-02 20:22:44,404 - INFO - 
=== Demand: supply spec '(4) Clust' | N_valid=29,972, N_zero_active=56,143 / 86,115 ===
2026-03-02 20:22:44,406 - INFO -   log(s_active): mean=-9.1669, sd=2.6386
2026-03-02 20:22:48,963 - INFO -   D(4) Clust spread_T1: coef=-5.502102 (SE=0.060131, p=0.0000)***
2026-03-02 20:22:48,963 - INFO -   D(4) Clust spread_T2: coef=-13.778301 (SE=0.290958, p=0.0000)***
2026-03-02 20:22:48,974 - INFO -   D(4) Clust spread_T3: coef=-1885.482304 (SE=146.388818, p=0.0000)***
2026-03-02 20:22:48,981 - INFO -   D(4) Clust spread_T4: coef=0.511505 (SE=0.005714, p=0.0000)***
2026-03-02 20:22:48,985 - INFO -   D(4) Clust spread_T5: coef=0.297261 (SE=0.120377, p=0.0135)**
2026-03-02 20:22:49,140 - INFO - 
=== Demand: supply spec '(5) CF Natl' | N_valid=47,123, N_zero_active=38,992 / 86,115 ===
2026-03-02 20:22:49,148 - INFO -   log(s_active): mean=-9.4062, sd=2.4403
2026-03-02 20:22:49,297 - INFO -   D(5) CF Natl spread_T1: coef=-4.046249 (SE=0.012039, p=0.0000)***
2026-03-02 20:22:49,300 - INFO -   D(5) CF Natl spread_T2: coef=-10.442867 (SE=0.094559, p=0.0000)***
2026-03-02 20:22:49,303 - INFO -   D(5) CF Natl spread_T3: coef=-657.253846 (SE=26.434365, p=0.0000)***
2026-03-02 20:22:49,305 - INFO -   D(5) CF Natl spread_T4: coef=0.410349 (SE=0.002396, p=0.0000)***
2026-03-02 20:22:49,308 - INFO -   D(5) CF Natl spread_T5: coef=0.119493 (SE=0.037608, p=0.0015)***
2026-03-02 20:22:49,397 - INFO - 
=== Demand: supply spec '(6) CF+Bank' | N_valid=27,307, N_zero_active=58,672 / 86,115 ===
2026-03-02 20:22:49,400 - INFO -   log(s_active): mean=-9.0426, sd=2.5701
2026-03-02 20:22:49,477 - INFO -   D(6) CF+Bank spread_T1: coef=-4.000824 (SE=0.021671, p=0.0000)***
2026-03-02 20:22:49,482 - INFO -   D(6) CF+Bank spread_T2: coef=-10.484052 (SE=0.123425, p=0.0000)***
2026-03-02 20:22:49,487 - INFO -   D(6) CF+Bank spread_T3: coef=-624.027768 (SE=31.806601, p=0.0000)***
2026-03-02 20:22:49,488 - INFO -   D(6) CF+Bank spread_T4: coef=0.411140 (SE=0.003022, p=0.0000)***
2026-03-02 20:22:49,491 - INFO -   D(6) CF+Bank spread_T5: coef=0.199870 (SE=0.034027, p=0.0000)***
2026-03-02 20:22:49,542 - INFO - 
=== Demand: supply spec '(7) CF+FE' | N_valid=21,244, N_zero_active=64,871 / 86,115 ===
2026-03-02 20:22:49,545 - INFO -   log(s_active): mean=-8.7092, sd=2.5425
2026-03-02 20:22:55,423 - INFO -   D(7) CF+FE spread_T1: coef=-4.714147 (SE=0.021726, p=0.0000)***
2026-03-02 20:22:55,423 - INFO -   D(7) CF+FE spread_T2: coef=-14.063337 (SE=0.143691, p=0.0000)***
2026-03-02 20:22:55,430 - INFO -   D(7) CF+FE spread_T3: coef=-1612.654594 (SE=63.789736, p=0.0000)***
2026-03-02 20:22:55,430 - INFO -   D(7) CF+FE spread_T4: coef=0.518687 (SE=0.002486, p=0.0000)***
2026-03-02 20:22:55,430 - INFO -   D(7) CF+FE spread_T5: coef=0.486863 (SE=0.052892, p=0.0000)***
2026-03-02 20:22:55,495 - INFO - 
=== Demand: supply spec '(8) CF+Clust' | N_valid=21,244, N_zero_active=64,871 / 86,115 ===
2026-03-02 20:22:55,497 - INFO -   log(s_active): mean=-8.7092, sd=2.5425
2026-03-02 20:23:00,218 - INFO -   D(8) CF+Clust spread_T1: coef=-4.714147 (SE=0.053507, p=0.0000)***
2026-03-02 20:23:00,223 - INFO -   D(8) CF+Clust spread_T2: coef=-14.063337 (SE=0.285015, p=0.0000)***
2026-03-02 20:23:00,225 - INFO -   D(8) CF+Clust spread_T3: coef=-1612.654594 (SE=103.068592, p=0.0000)***
2026-03-02 20:23:00,230 - INFO -   D(8) CF+Clust spread_T4: coef=0.518687 (SE=0.008559, p=0.0000)***
2026-03-02 20:23:00,234 - INFO -   D(8) CF+Clust spread_T5: coef=0.486863 (SE=0.123027, p=0.0001)***
2026-03-02 20:23:00,377 - INFO - 
=== Demand: supply spec '(9) CF-Haus' | N_valid=46,880, N_zero_active=39,235 / 86,115 ===
2026-03-02 20:23:00,381 - INFO -   log(s_active): mean=-9.4002, sd=2.4411
2026-03-02 20:23:00,535 - INFO -   D(9) CF-Haus spread_T1: coef=-4.044486 (SE=0.012095, p=0.0000)***
2026-03-02 20:23:00,537 - INFO -   D(9) CF-Haus spread_T2: coef=-10.449657 (SE=0.095113, p=0.0000)***
2026-03-02 20:23:00,540 - INFO -   D(9) CF-Haus spread_T3: coef=-658.189348 (SE=26.446018, p=0.0000)***
2026-03-02 20:23:00,542 - INFO -   D(9) CF-Haus spread_T4: coef=0.405057 (SE=0.001855, p=0.0000)***
2026-03-02 20:23:00,542 - INFO -   D(9) CF-Haus spread_T5: coef=0.116881 (SE=0.039623, p=0.0032)***
2026-03-02 20:23:00,624 - INFO - 
=== Demand: supply spec '(10) CF-H+Bank' | N_valid=26,930, N_zero_active=59,049 / 86,115 ===
2026-03-02 20:23:00,627 - INFO -   log(s_active): mean=-9.0410, sd=2.5896
2026-03-02 20:23:00,711 - INFO -   D(10) CF-H+Bank spread_T1: coef=-4.004821 (SE=0.022078, p=0.0000)***
2026-03-02 20:23:00,714 - INFO -   D(10) CF-H+Bank spread_T2: coef=-10.512083 (SE=0.125574, p=0.0000)***
2026-03-02 20:23:00,717 - INFO -   D(10) CF-H+Bank spread_T3: coef=-625.614653 (SE=32.247233, p=0.0000)***
2026-03-02 20:23:00,720 - INFO -   D(10) CF-H+Bank spread_T4: coef=0.411761 (SE=0.003066, p=0.0000)***
2026-03-02 20:23:00,723 - INFO -   D(10) CF-H+Bank spread_T5: coef=0.199003 (SE=0.033986, p=0.0000)***
2026-03-02 20:23:00,735 - INFO - 
>>> Step 5: Exporting demand results ...
2026-03-02 20:23:00,775 - INFO - Demand results exported to C:\Users\pedro\OneDrive\Documentos\Yale\Year 3 (2024 - 2025)\Open Finance\Open-Finance\BCB\Egan_et_al_2025_Rep\processed\ESTIMATION_OUTPUT\demand_results_institution.csv
2026-03-02 20:23:00,858 - INFO - Demand LaTeX table exported to C:\Users\pedro\OneDrive\Documentos\Yale\Year 3 (2024 - 2025)\Open Finance\Open-Finance\BCB\Egan_et_al_2025_Rep\processed\ESTIMATION_OUTPUT\demand_table_institution.tex
2026-03-02 20:23:00,859 - INFO - Demand specs estimated: ['D(1) Natl', 'D(2) +Bank', 'D(3) +FE', 'D(4) Clust', 'D(5) CF Natl', 'D(6) CF+Bank', 'D(7) CF+FE', 'D(8) CF+Clust', 'D(9) CF-Haus', 'D(10) CF-H+Bank']
2026-03-02 20:23:00,860 - INFO - Done -- estimation_demand_2.py complete.
2026-03-02 20:33:07,086 - INFO - ================================================================================
2026-03-02 20:33:07,088 - INFO - DEMAND ESTIMATION -- INSTITUTION LEVEL
2026-03-02 20:33:07,089 - INFO - Berry (1994) active market shares | estimation_demand_2.py
2026-03-02 20:33:07,090 - INFO - ================================================================================
2026-03-02 20:33:07,090 - INFO - 
>>> Step 1: Loading panel and running supply estimation ...
2026-03-02 20:33:07,091 - INFO - Loading institution-level panel ...
2026-03-02 20:33:07,092 - INFO - Loading from Parquet: C:\Users\pedro\OneDrive\Documentos\Yale\Year 3 (2024 - 2025)\Open Finance\Open-Finance\BCB\Egan_et_al_2025_Rep\processed\PANEL_INTERMED\egan_panel_institution.parquet
2026-03-02 20:33:07,679 - INFO - Raw panel: 327,921 rows, 33 cols
2026-03-02 20:33:07,681 - INFO -   total_assets coverage: 327,921 / 327,921
2026-03-02 20:33:07,684 - INFO -   equity_ratio coverage: 325,670 / 327,921
2026-03-02 20:33:07,698 - INFO -   segment coverage: 305,121 / 327,921
2026-03-02 20:33:07,930 - INFO - log_total_assets: mean=19.57, sd=2.58 (standardized)
2026-03-02 20:33:08,124 - INFO - Winsorized deposit_balance at [p1,p99]=[22.2,27598806145.7]: dropped 1,758 outliers
2026-03-02 20:33:08,124 - INFO - Estimation sample: 86,115 rows
2026-03-02 20:33:08,133 - INFO -   Institutions: 1412
2026-03-02 20:33:08,137 - INFO -   Quarters:     45
2026-03-02 20:33:08,140 - INFO -   Types:        [np.int64(1), np.int64(2), np.int64(3), np.int64(4), np.int64(5)]
2026-03-02 20:33:08,150 - INFO - Dep var (deposit_balance, levels): mean=468536318.9, sd=1898412194.9, p5=563389.0, p95=1867473043.7
2026-03-02 20:33:08,155 - INFO - nr_lag (nr x D_{t-1}): mean=420942381.718715, sd=1796044813.016734
2026-03-02 20:33:08,161 - INFO - Lagged Selic: mean=9.98, sd=3.98, min=2.00, max=15.00
2026-03-02 20:33:08,168 - INFO - Segment distribution: {'S5': 48178, 'S4': 21516, 'S3': 6878, 'S2': 1707, 'S1': 1666}
2026-03-02 20:33:08,177 - INFO - ================================================================================
2026-03-02 20:33:08,177 - INFO - INSTITUTION-LEVEL STRUCTURAL ESTIMATION
2026-03-02 20:33:08,178 - INFO -   D_jkt = phi(S,X) * nr * D_jkt-1 + eps  (levels, no ratio)
2026-03-02 20:33:08,180 - INFO - ================================================================================
2026-03-02 20:33:16,722 - INFO - Dep var: Dep_jkt (levels)     
2026-03-02 20:33:16,725 - INFO - ----------------------------------------------------------------------------------------------
2026-03-02 20:33:16,725 - INFO -                                       (1) Natl       (2) +Bank         (3) +FE       (4) Clust
2026-03-02 20:33:16,727 - INFO - ----------------------------------------------------------------------------------------------
2026-03-02 20:33:16,729 - INFO -   Y_1,cons  (nr x D_{t-1})          1.0195***       1.1671***       1.2977***       1.2977*** 
2026-03-02 20:33:16,731 - INFO -                                 (   0.0259)   (   0.0613)   (   0.0276)   (   0.1084) 
2026-03-02 20:33:16,733 - INFO -   Y_1,RF   (selic x nr x D_{t-1})      0.0008         -0.0022          0.0016          0.0016    
2026-03-02 20:33:16,733 - INFO -                                 (   0.0026)   (   0.0020)   (   0.0024)   (   0.0080) 
2026-03-02 20:33:16,736 - INFO -   Y_2,size (logA x nr x D_{t-1})                     -0.0578**       -0.1036***      -0.1036*** 
2026-03-02 20:33:16,738 - INFO -                                                 (   0.0229)   (   0.0040)   (   0.0154) 
2026-03-02 20:33:16,741 - INFO -   Y_2,eq   (E/A x nr x D_{t-1})                     -0.5464**       -0.4328***      -0.4328*   
2026-03-02 20:33:16,743 - INFO -                                                 (   0.2716)   (   0.0832)   (   0.2577) 
2026-03-02 20:33:16,745 - INFO -   Y_2,S2  (seg_S2 x nr x D_{t-1})                      0.0324                                    
2026-03-02 20:33:16,745 - INFO -                                                 (   0.0227)                                 
2026-03-02 20:33:16,747 - INFO -   Y_2,S3  (seg_S3 x nr x D_{t-1})                      0.1511***                                 
2026-03-02 20:33:16,749 - INFO -                                                 (   0.0201)                                 
2026-03-02 20:33:16,754 - INFO -   Y_2,S4  (seg_S4 x nr x D_{t-1})                      0.1470***                                 
2026-03-02 20:33:16,754 - INFO -                                                 (   0.0258)                                 
2026-03-02 20:33:16,755 - INFO -   Y_2,S5  (seg_S5 x nr x D_{t-1})                      0.1669***                                 
2026-03-02 20:33:16,755 - INFO -                                                 (   0.0308)                                 
2026-03-02 20:33:16,755 - INFO - ----------------------------------------------------------------------------------------------
2026-03-02 20:33:16,758 - INFO -   N                                     86,115          85,979          86,115          86,115
2026-03-02 20:33:16,764 - INFO -   R^2                                   0.9392          0.9485          0.9862          0.9862
2026-03-02 20:33:16,764 - INFO -   InstxType FE                              No              No             Yes             Yes
2026-03-02 20:33:16,764 - INFO -   Time FE                                   No              No             Yes             Yes
2026-03-02 20:33:16,766 - INFO -   SE type                            HC-robust       HC-robust       HC-robust      Inst-clust
2026-03-02 20:33:16,768 - INFO - ----------------------------------------------------------------------------------------------
2026-03-02 20:33:16,768 - INFO - Interpretation guide:
2026-03-02 20:33:16,768 - INFO -   Y_1,cons = coef on nr_lag = phi_cons (retention scaling factor)
2026-03-02 20:33:16,770 - INFO -   Y_1,RF < 0  -> depositors sleepier when rates low
2026-03-02 20:33:16,770 - INFO -   Y_2,size > 0 -> larger institutions retain more deposits
2026-03-02 20:33:16,772 - INFO - Baseline retention coef on nr_lag (Spec 1): 1.0195
2026-03-02 20:33:16,776 - INFO - ================================================================================
2026-03-02 20:33:16,777 - INFO - CONTROL FUNCTION ESTIMATION (semi-parametric CF) [INSTITUTION]
2026-03-02 20:33:16,777 - INFO -   Stage 1: spread_jkt ~ cost_shifters + type_dummies  -->  v_hat
2026-03-02 20:33:16,778 - INFO -   Stage 2: deposit_balance = phi(S,X)*nr*D_{t-1} + b1*v + b2*v^2 + b3*v^3 + eps
2026-03-02 20:33:16,778 - INFO -   All deposit types treated as potentially endogenous.
2026-03-02 20:33:16,779 - INFO - ================================================================================
2026-03-02 20:33:16,782 - INFO - First-stage cost shifters: ['cosif_lag', 'log_assets_std', 'equity_ratio', 'lagged_cdi', 'lagged_selic', 'personnel_cost_ratio_lag', 'admin_cost_ratio_lag']
2026-03-02 20:33:16,968 - INFO - First-stage A -- N=61,765, R^2=0.5526
2026-03-02 20:33:16,970 - INFO -   cosif_lag: coef=0.090799, p=0.0000
2026-03-02 20:33:16,971 - INFO -   log_assets_std: coef=-0.439931, p=0.0000
2026-03-02 20:33:16,973 - INFO -   equity_ratio: coef=3.670187, p=0.0000
2026-03-02 20:33:16,975 - INFO -   lagged_cdi: coef=-4.291517, p=0.0000
2026-03-02 20:33:16,976 - INFO -   lagged_selic: coef=1.227965, p=0.0000
2026-03-02 20:33:16,979 - INFO -   personnel_cost_ratio_lag: coef=-31.083574, p=0.0007
2026-03-02 20:33:16,980 - INFO -   admin_cost_ratio_lag: coef=-0.229375, p=0.6765
2026-03-02 20:33:16,982 - INFO -   type2_d: coef=-1.498875, p=0.0000
2026-03-02 20:33:16,984 - INFO -   type3_d: coef=-1.887540, p=0.0000
2026-03-02 20:33:16,985 - INFO -   type4_d: coef=-20.129865, p=0.0000
2026-03-02 20:33:16,994 - INFO -   type5_d: coef=-1.257307, p=0.0000
2026-03-02 20:33:17,009 - INFO -   Joint F (cost vars): 342.13 (strong)
2026-03-02 20:33:17,078 - INFO - Computing Hausman IV (leave-one-out spread mean by type x quarter) ...
2026-03-02 20:33:17,329 - INFO - First-stage B -- N=61,765, R^2=0.6141
2026-03-02 20:33:17,332 - INFO -   hausman_iv_spread: coef=1.526359, p=0.0000
2026-03-02 20:33:17,334 - INFO -   cosif_lag: coef=-0.018378, p=0.0000
2026-03-02 20:33:17,335 - INFO -   log_assets_std: coef=0.182293, p=0.0100
2026-03-02 20:33:17,336 - INFO -   equity_ratio: coef=5.928644, p=0.0000
2026-03-02 20:33:17,337 - INFO -   lagged_cdi: coef=0.191438, p=0.3693
2026-03-02 20:33:17,339 - INFO -   lagged_selic: coef=-0.125114, p=0.0137
2026-03-02 20:33:17,341 - INFO -   personnel_cost_ratio_lag: coef=-16.786400, p=0.0310
2026-03-02 20:33:17,341 - INFO -   admin_cost_ratio_lag: coef=0.323975, p=0.4325
2026-03-02 20:33:17,345 - INFO -   F (Hausman IV): 5096.61 (strong)
2026-03-02 20:33:17,472 - INFO - CF residuals (Cost-only): N=61,765, mean=-0.000000, sd=8.986560
2026-03-02 20:33:17,477 - INFO - CF residuals (Hausman): N=61,765, mean=-0.000000, sd=8.345911
2026-03-02 20:33:17,631 - INFO -   CF-Cost(5) cf_resid: 662475.659542 (p=0.0024) ***
2026-03-02 20:33:17,633 - INFO -   CF-Cost(5) cf_resid_sq: 119777.529066 (p=0.0000) ***
2026-03-02 20:33:17,636 - INFO -   CF-Cost(5) cf_resid_cu: 638.260287 (p=0.3772) 
2026-03-02 20:33:17,642 - INFO -   CF-Cost(5) joint F on poly: 55.47 -> endogeneity
2026-03-02 20:33:17,848 - INFO -   CF-Cost(6) cf_resid: 489798.913121 (p=0.0013) ***
2026-03-02 20:33:17,851 - INFO -   CF-Cost(6) cf_resid_sq: 28519.195065 (p=0.1093) 
2026-03-02 20:33:17,855 - INFO -   CF-Cost(6) cf_resid_cu: -1032.610737 (p=0.0308) **
2026-03-02 20:33:17,861 - INFO -   CF-Cost(6) joint F on poly: 15.33 -> endogeneity
2026-03-02 20:33:26,288 - INFO -   CF-Cost+FE(7) cf_resid: -4906499.107142 (p=0.0000) ***
2026-03-02 20:33:26,291 - INFO -   CF-Cost+FE(7) cf_resid_sq: 21592.161362 (p=0.0151) **
2026-03-02 20:33:26,294 - INFO -   CF-Cost+FE(7) cf_resid_cu: 9181.972007 (p=0.0000) ***
2026-03-02 20:33:26,298 - INFO -   CF-Cost+FE(7) joint F on poly: 344.39 -> endogeneity
2026-03-02 20:33:26,567 - INFO -   CF-Hausman(9) cf_resid_h: -552793.076432 (p=0.2075) 
2026-03-02 20:33:26,568 - INFO -   CF-Hausman(9) cf_resid_h_sq: 98892.146608 (p=0.0000) ***
2026-03-02 20:33:26,568 - INFO -   CF-Hausman(9) cf_resid_h_cu: 1725.457131 (p=0.1262) 
2026-03-02 20:33:26,568 - INFO -   CF-Hausman(9) joint F on poly: 76.72 -> endogeneity
2026-03-02 20:33:26,747 - INFO -   CF-Hausman(10) cf_resid_h: -1405571.083593 (p=0.0033) ***
2026-03-02 20:33:26,749 - INFO -   CF-Hausman(10) cf_resid_h_sq: 40656.995809 (p=0.0003) ***
2026-03-02 20:33:26,751 - INFO -   CF-Hausman(10) cf_resid_h_cu: 2586.093434 (p=0.0236) **
2026-03-02 20:33:26,760 - INFO -   CF-Hausman(10) joint F on poly: 39.46 -> endogeneity
2026-03-02 20:33:26,765 - INFO - Dep var: Dep_jkt (levels, CF) 
2026-03-02 20:33:26,767 - INFO - ------------------------------------------------------------------------------------------------------------------------------
2026-03-02 20:33:26,769 - INFO -                                    (5) CF Natl     (6) CF+Bank       (7) CF+FE    (8) CF+Clust     (9) CF-Haus  (10) CF-H+Bank
2026-03-02 20:33:26,772 - INFO - ------------------------------------------------------------------------------------------------------------------------------
2026-03-02 20:33:26,786 - INFO -   Y_1,cons  (nr x D_{t-1})          1.1227***       1.2341***       1.2172***       1.2172***       1.1252***       1.2414*** 
2026-03-02 20:33:26,789 - INFO -                                 (   0.0255)   (   0.2678)   (   0.0119)   (   0.0584)   (   0.0257)   (   0.2639) 
2026-03-02 20:33:26,798 - INFO -   Y_1,RF   (selic x nr x D_{t-1})     -0.0040         -0.0024          0.0016          0.0016         -0.0041         -0.0023    
2026-03-02 20:33:26,800 - INFO -                                 (   0.0027)   (   0.0020)   (   0.0012)   (   0.0061)   (   0.0027)   (   0.0020) 
2026-03-02 20:33:26,802 - INFO -   Y_2,size (logA x nr x D_{t-1})                     -0.0744         -0.0883***      -0.0883***                      -0.0767    
2026-03-02 20:33:26,806 - INFO -                                                 (   0.0833)   (   0.0045)   (   0.0206)                   (   0.0820) 
2026-03-02 20:33:26,810 - INFO -   Y_2,eq   (E/A x nr x D_{t-1})                     -0.2132          0.5946***       0.5946*                        -0.2200    
2026-03-02 20:33:26,813 - INFO -                                                 (   0.4430)   (   0.0701)   (   0.3479)                   (   0.4423) 
2026-03-02 20:33:26,819 - INFO -   Y_2,S2  (seg_S2 x nr x D_{t-1})                      0.0050                                                          0.0029    
2026-03-02 20:33:26,820 - INFO -                                                 (   0.0807)                                                   (   0.0796) 
2026-03-02 20:33:26,824 - INFO -   Y_2,S3  (seg_S3 x nr x D_{t-1})                      0.0636                                                          0.0605    
2026-03-02 20:33:26,824 - INFO -                                                 (   0.1327)                                                   (   0.1312) 
2026-03-02 20:33:26,828 - INFO -   Y_2,S4  (seg_S4 x nr x D_{t-1})                      0.1028                                                          0.0999    
2026-03-02 20:33:26,828 - INFO -                                                 (   0.1331)                                                   (   0.1312) 
2026-03-02 20:33:26,831 - INFO -   Y_2,S5  (seg_S5 x nr x D_{t-1})                      0.0579                                                          0.0593    
2026-03-02 20:33:26,833 - INFO -                                                 (   0.1532)                                                   (   0.1517) 
2026-03-02 20:33:26,836 - INFO -   beta_1 v^  (CF-cost, 1st)     662475.6595***   489798.9131***   -4906499.1071***   -4906499.1071***                                 
2026-03-02 20:33:26,838 - INFO -                                 (217822.2883)   (152199.3062)   (414559.9395)   (1753384.6066)                                 
2026-03-02 20:33:26,844 - INFO -   beta_2 v^^2 (CF-cost, 2nd)    119777.5291***   28519.1951      21592.1614**    21592.1614                                    
2026-03-02 20:33:26,845 - INFO -                                 (13816.7212)   (17808.5454)   (8882.9542)   (36690.5514)                                 
2026-03-02 20:33:26,850 - INFO -   beta_3 v^^3 (CF-cost, 3rd)      638.2603      -1032.6107**     9181.9720***    9181.9720                                    
2026-03-02 20:33:26,851 - INFO -                                 ( 722.7079)   ( 478.0230)   (1387.4653)   (5831.2902)                                 
2026-03-02 20:33:26,854 - INFO -   beta_1 v^H (CF-Hausman, 1st)                                                                  -552793.0764      -1405571.0836*** 
2026-03-02 20:33:26,854 - INFO -                                                                                                 (438555.8924)   (478663.6301) 
2026-03-02 20:33:26,858 - INFO -   beta_2 v^H^2 (CF-Hausman, 2nd)                                                                  98892.1466***   40656.9958*** 
2026-03-02 20:33:26,859 - INFO -                                                                                                 (9933.0310)   (11305.5435) 
2026-03-02 20:33:26,860 - INFO -   beta_3 v^H^3 (CF-Hausman, 3rd)                                                                   1725.4571       2586.0934**  
2026-03-02 20:33:26,861 - INFO -                                                                                                 (1128.2501)   (1142.7676) 
2026-03-02 20:33:26,862 - INFO - ------------------------------------------------------------------------------------------------------------------------------
2026-03-02 20:33:26,864 - INFO -   N                                     61,765          61,670          61,765          61,765          61,765          61,670
2026-03-02 20:33:26,876 - INFO -   R^2                                   0.9607          0.9655          0.9910          0.9910          0.9606          0.9656
2026-03-02 20:33:26,877 - INFO -   InstxType FE                              No              No             Yes             Yes              No              No
2026-03-02 20:33:26,879 - INFO -   Time FE                                   No              No             Yes             Yes              No              No
2026-03-02 20:33:26,879 - INFO -   SE type                            HC-robust       HC-robust       HC-robust      Inst-clust       HC-robust       HC-robust
2026-03-02 20:33:26,880 - INFO - ------------------------------------------------------------------------------------------------------------------------------
2026-03-02 20:33:26,890 - INFO - Supply specs available: ['(1) Natl', '(2) +Bank', '(3) +FE', '(4) Clust', '(5) CF Natl', '(6) CF+Bank', '(7) CF+FE', '(8) CF+Clust', '(9) CF-Haus', '(10) CF-H+Bank']
2026-03-02 20:33:26,891 - INFO - 
>>> Step 2: Computing structural sleeping-deposit predictions ...
2026-03-02 20:33:26,954 - INFO -   Supply spec '(1) Natl': hat_Y computed for 86,115 obs (struct cols = ['nr_lag', 'selic_nr_lag'])
2026-03-02 20:33:26,960 - INFO -   Supply spec '(2) +Bank': hat_Y computed for 85,979 obs (struct cols = ['nr_lag', 'selic_nr_lag', 'logA_nr_lag', 'eq_nr_lag', 'seg_S2_nr_lag', 'seg_S3_nr_lag', 'seg_S4_nr_lag', 'seg_S5_nr_lag'])
2026-03-02 20:33:26,970 - INFO -   Supply spec '(3) +FE': hat_Y computed for 86,115 obs (struct cols = ['nr_lag', 'selic_nr_lag', 'logA_nr_lag', 'eq_nr_lag'])
2026-03-02 20:33:26,979 - INFO -   Supply spec '(4) Clust': hat_Y computed for 86,115 obs (struct cols = ['nr_lag', 'selic_nr_lag', 'logA_nr_lag', 'eq_nr_lag'])
2026-03-02 20:33:26,986 - INFO -   Supply spec '(5) CF Natl': hat_Y computed for 86,115 obs (struct cols = ['nr_lag', 'selic_nr_lag'])
2026-03-02 20:33:27,000 - INFO -   Supply spec '(6) CF+Bank': hat_Y computed for 85,979 obs (struct cols = ['nr_lag', 'selic_nr_lag', 'logA_nr_lag', 'eq_nr_lag', 'seg_S2_nr_lag', 'seg_S3_nr_lag', 'seg_S4_nr_lag', 'seg_S5_nr_lag'])
2026-03-02 20:33:27,005 - INFO -   Supply spec '(7) CF+FE': hat_Y computed for 86,115 obs (struct cols = ['nr_lag', 'selic_nr_lag', 'logA_nr_lag', 'eq_nr_lag'])
2026-03-02 20:33:27,010 - INFO -   Supply spec '(8) CF+Clust': hat_Y computed for 86,115 obs (struct cols = ['nr_lag', 'selic_nr_lag', 'logA_nr_lag', 'eq_nr_lag'])
2026-03-02 20:33:27,014 - INFO -   Supply spec '(9) CF-Haus': hat_Y computed for 86,115 obs (struct cols = ['nr_lag', 'selic_nr_lag'])
2026-03-02 20:33:27,025 - INFO -   Supply spec '(10) CF-H+Bank': hat_Y computed for 85,979 obs (struct cols = ['nr_lag', 'selic_nr_lag', 'logA_nr_lag', 'eq_nr_lag', 'seg_S2_nr_lag', 'seg_S3_nr_lag', 'seg_S4_nr_lag', 'seg_S5_nr_lag'])
2026-03-02 20:33:27,028 - INFO - 
>>> Step 3: Active deposit diagnostics by supply spec ...
2026-03-02 20:33:27,036 - INFO -   '(1) Natl': active>0=65.0%, active=0=35.0%, mean(active|active>0)=92064066.3
2026-03-02 20:33:27,047 - INFO -   '(2) +Bank': active>0=40.8%, active=0=59.0%, mean(active|active>0)=111698397.1
2026-03-02 20:33:27,054 - INFO -   '(3) +FE': active>0=34.8%, active=0=65.2%, mean(active|active>0)=124876825.9
2026-03-02 20:33:27,063 - INFO -   '(4) Clust': active>0=34.8%, active=0=65.2%, mean(active|active>0)=124876825.9
2026-03-02 20:33:27,072 - INFO -   '(5) CF Natl': active>0=54.1%, active=0=45.9%, mean(active|active>0)=89484844.3
2026-03-02 20:33:27,082 - INFO -   '(6) CF+Bank': active>0=33.4%, active=0=66.4%, mean(active|active>0)=120680501.3
2026-03-02 20:33:27,089 - INFO -   '(7) CF+FE': active>0=24.2%, active=0=75.8%, mean(active|active>0)=145007778.0
2026-03-02 20:33:27,100 - INFO -   '(8) CF+Clust': active>0=24.2%, active=0=75.8%, mean(active|active>0)=145007778.0
2026-03-02 20:33:27,108 - INFO -   '(9) CF-Haus': active>0=53.8%, active=0=46.2%, mean(active|active>0)=89430348.9
2026-03-02 20:33:27,117 - INFO -   '(10) CF-H+Bank': active>0=32.8%, active=0=67.0%, mean(active|active>0)=122335508.1
2026-03-02 20:33:27,118 - INFO - 
>>> Step 4: Estimating Berry (1994) demand equation ...
2026-03-02 20:33:27,125 - INFO - Demand -- type-interacted spread columns: ['spread_T1', 'spread_T2', 'spread_T3', 'spread_T4', 'spread_T5']
2026-03-02 20:33:27,194 - INFO - Endogenous types [4, 5]: 40,552 obs (47.1% of full sample)
2026-03-02 20:33:27,198 - INFO - Demand CF cost shifters (types 4-5): ['cosif_lag', 'log_assets_std', 'equity_ratio', 'lagged_cdi', 'lagged_selic', 'personnel_cost_ratio_lag', 'admin_cost_ratio_lag']
2026-03-02 20:33:27,278 - INFO - Demand CF-A (types 4-5): N=29,718, R^2=0.1168
2026-03-02 20:33:27,286 - INFO -   Joint F (cost vars): 255.54 (strong)
2026-03-02 20:33:27,410 - INFO - Demand CF-B (types 4-5, +Hausman IV): N=29,718, R^2=0.2231
2026-03-02 20:33:27,414 - INFO -   F (Hausman IV): 2745.70 (strong)
2026-03-02 20:33:27,575 - INFO - 
=== Demand: supply spec '(1) Natl' | N_valid=55,990, N_zero_active=30,125 / 86,115 ===
2026-03-02 20:33:27,576 - INFO -   log(s_active): mean=-9.5851, sd=2.4760
2026-03-02 20:33:27,704 - INFO -   D(1) Natl spread_T1: coef=-4.132135 (SE=0.010883, p=0.0000)***
2026-03-02 20:33:27,707 - INFO -   D(1) Natl spread_T2: coef=-10.417013 (SE=0.090745, p=0.0000)***
2026-03-02 20:33:27,711 - INFO -   D(1) Natl spread_T3: coef=-709.802931 (SE=25.598131, p=0.0000)***
2026-03-02 20:33:27,713 - INFO -   D(1) Natl spread_T4: coef=0.313655 (SE=0.000982, p=0.0000)***
2026-03-02 20:33:27,716 - INFO -   D(1) Natl spread_T5: coef=-0.973942 (SE=0.553746, p=0.0786)*
2026-03-02 20:33:27,804 - INFO - 
=== Demand: supply spec '(2) +Bank' | N_valid=35,158, N_zero_active=50,821 / 86,115 ===
2026-03-02 20:33:27,808 - INFO -   log(s_active): mean=-9.4751, sd=2.6969
2026-03-02 20:33:27,881 - INFO -   D(2) +Bank spread_T1: coef=-4.169665 (SE=0.017401, p=0.0000)***
2026-03-02 20:33:27,883 - INFO -   D(2) +Bank spread_T2: coef=-10.309729 (SE=0.120164, p=0.0000)***
2026-03-02 20:33:27,885 - INFO -   D(2) +Bank spread_T3: coef=-654.225160 (SE=28.520620, p=0.0000)***
2026-03-02 20:33:27,887 - INFO -   D(2) +Bank spread_T4: coef=0.314563 (SE=0.001194, p=0.0000)***
2026-03-02 20:33:27,889 - INFO -   D(2) +Bank spread_T5: coef=-1.226735 (SE=0.836704, p=0.1426)
2026-03-02 20:33:27,957 - INFO - 
=== Demand: supply spec '(3) +FE' | N_valid=29,935, N_zero_active=56,180 / 86,115 ===
2026-03-02 20:33:27,959 - INFO -   log(s_active): mean=-9.1634, sd=2.6325
2026-03-02 20:33:32,725 - INFO -   D(3) +FE spread_T1: coef=-5.492549 (SE=0.020213, p=0.0000)***
2026-03-02 20:33:32,725 - INFO -   D(3) +FE spread_T2: coef=-13.594464 (SE=0.129445, p=0.0000)***
2026-03-02 20:33:32,725 - INFO -   D(3) +FE spread_T3: coef=-1903.067816 (SE=87.820222, p=0.0000)***
2026-03-02 20:33:32,730 - INFO -   D(3) +FE spread_T4: coef=0.509455 (SE=0.001206, p=0.0000)***
2026-03-02 20:33:32,731 - INFO -   D(3) +FE spread_T5: coef=-3.927510 (SE=0.417786, p=0.0000)***
2026-03-02 20:33:32,781 - INFO - 
=== Demand: supply spec '(4) Clust' | N_valid=29,935, N_zero_active=56,180 / 86,115 ===
2026-03-02 20:33:32,782 - INFO -   log(s_active): mean=-9.1634, sd=2.6325
2026-03-02 20:33:37,971 - INFO -   D(4) Clust spread_T1: coef=-5.492549 (SE=0.060118, p=0.0000)***
2026-03-02 20:33:37,971 - INFO -   D(4) Clust spread_T2: coef=-13.594464 (SE=0.291551, p=0.0000)***
2026-03-02 20:33:37,971 - INFO -   D(4) Clust spread_T3: coef=-1903.067816 (SE=148.099998, p=0.0000)***
2026-03-02 20:33:37,971 - INFO -   D(4) Clust spread_T4: coef=0.509455 (SE=0.005745, p=0.0000)***
2026-03-02 20:33:37,971 - INFO -   D(4) Clust spread_T5: coef=-3.927510 (SE=1.193997, p=0.0010)***
2026-03-02 20:33:38,077 - INFO - 
=== Demand: supply spec '(5) CF Natl' | N_valid=46,558, N_zero_active=39,557 / 86,115 ===
2026-03-02 20:33:38,079 - INFO -   log(s_active): mean=-9.3892, sd=2.4331
2026-03-02 20:33:38,209 - INFO -   D(5) CF Natl spread_T1: coef=-4.052119 (SE=0.012251, p=0.0000)***
2026-03-02 20:33:38,211 - INFO -   D(5) CF Natl spread_T2: coef=-10.451239 (SE=0.094774, p=0.0000)***
2026-03-02 20:33:38,212 - INFO -   D(5) CF Natl spread_T3: coef=-660.214195 (SE=26.698558, p=0.0000)***
2026-03-02 20:33:38,214 - INFO -   D(5) CF Natl spread_T4: coef=0.414003 (SE=0.002550, p=0.0000)***
2026-03-02 20:33:38,215 - INFO -   D(5) CF Natl spread_T5: coef=-0.856994 (SE=0.529978, p=0.1059)
2026-03-02 20:33:38,280 - INFO - 
=== Demand: supply spec '(6) CF+Bank' | N_valid=28,805, N_zero_active=57,174 / 86,115 ===
2026-03-02 20:33:38,283 - INFO -   log(s_active): mean=-9.1181, sd=2.5800
2026-03-02 20:33:38,374 - INFO -   D(6) CF+Bank spread_T1: coef=-4.050085 (SE=0.020669, p=0.0000)***
2026-03-02 20:33:38,377 - INFO -   D(6) CF+Bank spread_T2: coef=-10.478236 (SE=0.122543, p=0.0000)***
2026-03-02 20:33:38,380 - INFO -   D(6) CF+Bank spread_T3: coef=-627.869135 (SE=31.608310, p=0.0000)***
2026-03-02 20:33:38,382 - INFO -   D(6) CF+Bank spread_T4: coef=0.415313 (SE=0.002905, p=0.0000)***
2026-03-02 20:33:38,385 - INFO -   D(6) CF+Bank spread_T5: coef=-1.061115 (SE=0.811076, p=0.1908)
2026-03-02 20:33:38,438 - INFO - 
=== Demand: supply spec '(7) CF+FE' | N_valid=20,811, N_zero_active=65,304 / 86,115 ===
2026-03-02 20:33:38,440 - INFO -   log(s_active): mean=-8.6870, sd=2.5404
2026-03-02 20:33:42,540 - INFO -   D(7) CF+FE spread_T1: coef=-4.709758 (SE=0.022280, p=0.0000)***
2026-03-02 20:33:42,540 - INFO -   D(7) CF+FE spread_T2: coef=-13.877162 (SE=0.146766, p=0.0000)***
2026-03-02 20:33:42,540 - INFO -   D(7) CF+FE spread_T3: coef=-1592.093447 (SE=64.271235, p=0.0000)***
2026-03-02 20:33:42,549 - INFO -   D(7) CF+FE spread_T4: coef=0.517262 (SE=0.002131, p=0.0000)***
2026-03-02 20:33:42,552 - INFO -   D(7) CF+FE spread_T5: coef=-4.406309 (SE=0.235253, p=0.0000)***
2026-03-02 20:33:42,606 - INFO - 
=== Demand: supply spec '(8) CF+Clust' | N_valid=20,811, N_zero_active=65,304 / 86,115 ===
2026-03-02 20:33:42,608 - INFO -   log(s_active): mean=-8.6870, sd=2.5404
2026-03-02 20:33:46,793 - INFO -   D(8) CF+Clust spread_T1: coef=-4.709758 (SE=0.054345, p=0.0000)***
2026-03-02 20:33:46,797 - INFO -   D(8) CF+Clust spread_T2: coef=-13.877162 (SE=0.280321, p=0.0000)***
2026-03-02 20:33:46,800 - INFO -   D(8) CF+Clust spread_T3: coef=-1592.093447 (SE=103.146929, p=0.0000)***
2026-03-02 20:33:46,800 - INFO -   D(8) CF+Clust spread_T4: coef=0.517262 (SE=0.008844, p=0.0000)***
2026-03-02 20:33:46,803 - INFO -   D(8) CF+Clust spread_T5: coef=-4.406309 (SE=0.361666, p=0.0000)***
2026-03-02 20:33:46,920 - INFO - 
=== Demand: supply spec '(9) CF-Haus' | N_valid=46,345, N_zero_active=39,770 / 86,115 ===
2026-03-02 20:33:46,923 - INFO -   log(s_active): mean=-9.3856, sd=2.4330
2026-03-02 20:33:47,054 - INFO -   D(9) CF-Haus spread_T1: coef=-4.050253 (SE=0.012278, p=0.0000)***
2026-03-02 20:33:47,056 - INFO -   D(9) CF-Haus spread_T2: coef=-10.464437 (SE=0.095389, p=0.0000)***
2026-03-02 20:33:47,060 - INFO -   D(9) CF-Haus spread_T3: coef=-659.958306 (SE=26.910025, p=0.0000)***
2026-03-02 20:33:47,061 - INFO -   D(9) CF-Haus spread_T4: coef=0.408343 (SE=0.001731, p=0.0000)***
2026-03-02 20:33:47,063 - INFO -   D(9) CF-Haus spread_T5: coef=-0.857984 (SE=0.530434, p=0.1058)
2026-03-02 20:33:47,139 - INFO - 
=== Demand: supply spec '(10) CF-H+Bank' | N_valid=28,281, N_zero_active=57,698 / 86,115 ===
2026-03-02 20:33:47,142 - INFO -   log(s_active): mean=-9.0999, sd=2.5756
2026-03-02 20:33:47,222 - INFO -   D(10) CF-H+Bank spread_T1: coef=-4.040676 (SE=0.020909, p=0.0000)***
2026-03-02 20:33:47,224 - INFO -   D(10) CF-H+Bank spread_T2: coef=-10.462621 (SE=0.122400, p=0.0000)***
2026-03-02 20:33:47,227 - INFO -   D(10) CF-H+Bank spread_T3: coef=-627.015226 (SE=31.564851, p=0.0000)***
2026-03-02 20:33:47,231 - INFO -   D(10) CF-H+Bank spread_T4: coef=0.415727 (SE=0.002936, p=0.0000)***
2026-03-02 20:33:47,233 - INFO -   D(10) CF-H+Bank spread_T5: coef=-1.055021 (SE=0.810542, p=0.1930)
2026-03-02 20:33:47,243 - INFO - 
>>> Step 5: Exporting demand results ...
2026-03-02 20:33:47,294 - INFO - Demand results exported to C:\Users\pedro\OneDrive\Documentos\Yale\Year 3 (2024 - 2025)\Open Finance\Open-Finance\BCB\Egan_et_al_2025_Rep\processed\ESTIMATION_OUTPUT\demand_results_institution.csv
2026-03-02 20:33:47,339 - INFO - Demand LaTeX table exported to C:\Users\pedro\OneDrive\Documentos\Yale\Year 3 (2024 - 2025)\Open Finance\Open-Finance\BCB\Egan_et_al_2025_Rep\processed\ESTIMATION_OUTPUT\demand_table_institution.tex
2026-03-02 20:33:47,340 - INFO - Demand specs estimated: ['D(1) Natl', 'D(2) +Bank', 'D(3) +FE', 'D(4) Clust', 'D(5) CF Natl', 'D(6) CF+Bank', 'D(7) CF+FE', 'D(8) CF+Clust', 'D(9) CF-Haus', 'D(10) CF-H+Bank']
2026-03-02 20:33:47,340 - INFO - Done -- estimation_demand_2.py complete.
2026-03-02 20:43:03,036 - INFO - ================================================================================
2026-03-02 20:43:03,043 - INFO - DEMAND ESTIMATION -- INSTITUTION LEVEL
2026-03-02 20:43:03,043 - INFO - Berry (1994) active market shares | estimation_demand_2.py
2026-03-02 20:43:03,043 - INFO - ================================================================================
2026-03-02 20:43:03,043 - INFO - 
>>> Step 1: Loading panel and running supply estimation ...
2026-03-02 20:43:03,043 - INFO - Loading institution-level panel ...
2026-03-02 20:43:03,043 - INFO - Loading from Parquet: C:\Users\pedro\OneDrive\Documentos\Yale\Year 3 (2024 - 2025)\Open Finance\Open-Finance\BCB\Egan_et_al_2025_Rep\processed\PANEL_INTERMED\egan_panel_institution.parquet
2026-03-02 20:43:03,808 - INFO - Raw panel: 327,921 rows, 33 cols
2026-03-02 20:43:03,808 - INFO -   total_assets coverage: 327,921 / 327,921
2026-03-02 20:43:03,808 - INFO -   equity_ratio coverage: 325,670 / 327,921
2026-03-02 20:43:03,860 - INFO -   segment coverage: 305,121 / 327,921
2026-03-02 20:43:04,311 - INFO - log_total_assets: mean=19.57, sd=2.58 (standardized)
2026-03-02 20:43:04,757 - INFO - Winsorized deposit_balance at [p1,p99]=[22.2,27598806145.7]: dropped 1,758 outliers
2026-03-02 20:43:04,757 - INFO - Estimation sample: 86,115 rows
2026-03-02 20:43:04,757 - INFO -   Institutions: 1412
2026-03-02 20:43:04,773 - INFO -   Quarters:     45
2026-03-02 20:43:04,773 - INFO -   Types:        [np.int64(1), np.int64(2), np.int64(3), np.int64(4), np.int64(5)]
2026-03-02 20:43:04,790 - INFO - Dep var (deposit_balance, levels): mean=468536318.9, sd=1898412194.9, p5=563389.0, p95=1867473043.7
2026-03-02 20:43:04,790 - INFO - nr_lag (nr x D_{t-1}): mean=420942384.161615, sd=1796044812.444711
2026-03-02 20:43:04,790 - INFO - Lagged Selic: mean=9.98, sd=3.98, min=2.00, max=15.00
2026-03-02 20:43:04,819 - INFO - Segment distribution: {'S5': 48178, 'S4': 21516, 'S3': 6878, 'S2': 1707, 'S1': 1666}
2026-03-02 20:43:04,831 - INFO - ================================================================================
2026-03-02 20:43:04,832 - INFO - INSTITUTION-LEVEL STRUCTURAL ESTIMATION
2026-03-02 20:43:04,834 - INFO -   D_jkt = phi(S,X) * nr * D_jkt-1 + eps  (levels, no ratio)
2026-03-02 20:43:04,835 - INFO - ================================================================================
2026-03-02 20:43:14,715 - INFO - Dep var: Dep_jkt (levels)     
2026-03-02 20:43:14,715 - INFO - ----------------------------------------------------------------------------------------------
2026-03-02 20:43:14,715 - INFO -                                       (1) Natl       (2) +Bank         (3) +FE       (4) Clust
2026-03-02 20:43:14,715 - INFO - ----------------------------------------------------------------------------------------------
2026-03-02 20:43:14,731 - INFO -   Y_1,cons  (nr x D_{t-1})          1.0195***       1.1671***       1.2977***       1.2977*** 
2026-03-02 20:43:14,731 - INFO -                                 (   0.0259)   (   0.0613)   (   0.0276)   (   0.1084) 
2026-03-02 20:43:14,731 - INFO -   Y_1,RF   (selic x nr x D_{t-1})      0.0008         -0.0022          0.0016          0.0016    
2026-03-02 20:43:14,731 - INFO -                                 (   0.0026)   (   0.0020)   (   0.0024)   (   0.0080) 
2026-03-02 20:43:14,731 - INFO -   Y_2,size (logA x nr x D_{t-1})                     -0.0578**       -0.1036***      -0.1036*** 
2026-03-02 20:43:14,746 - INFO -                                                 (   0.0229)   (   0.0040)   (   0.0154) 
2026-03-02 20:43:14,749 - INFO -   Y_2,eq   (E/A x nr x D_{t-1})                     -0.5464**       -0.4328***      -0.4328*   
2026-03-02 20:43:14,749 - INFO -                                                 (   0.2716)   (   0.0832)   (   0.2577) 
2026-03-02 20:43:14,749 - INFO -   Y_2,S2  (seg_S2 x nr x D_{t-1})                      0.0324                                    
2026-03-02 20:43:14,755 - INFO -                                                 (   0.0227)                                 
2026-03-02 20:43:14,755 - INFO -   Y_2,S3  (seg_S3 x nr x D_{t-1})                      0.1511***                                 
2026-03-02 20:43:14,755 - INFO -                                                 (   0.0201)                                 
2026-03-02 20:43:14,765 - INFO -   Y_2,S4  (seg_S4 x nr x D_{t-1})                      0.1470***                                 
2026-03-02 20:43:14,765 - INFO -                                                 (   0.0258)                                 
2026-03-02 20:43:14,767 - INFO -   Y_2,S5  (seg_S5 x nr x D_{t-1})                      0.1669***                                 
2026-03-02 20:43:14,768 - INFO -                                                 (   0.0308)                                 
2026-03-02 20:43:14,769 - INFO - ----------------------------------------------------------------------------------------------
2026-03-02 20:43:14,770 - INFO -   N                                     86,115          85,979          86,115          86,115
2026-03-02 20:43:14,777 - INFO -   R^2                                   0.9392          0.9485          0.9862          0.9862
2026-03-02 20:43:14,779 - INFO -   InstxType FE                              No              No             Yes             Yes
2026-03-02 20:43:14,780 - INFO -   Time FE                                   No              No             Yes             Yes
2026-03-02 20:43:14,782 - INFO -   SE type                            HC-robust       HC-robust       HC-robust      Inst-clust
2026-03-02 20:43:14,783 - INFO - ----------------------------------------------------------------------------------------------
2026-03-02 20:43:14,783 - INFO - Interpretation guide:
2026-03-02 20:43:14,785 - INFO -   Y_1,cons = coef on nr_lag = phi_cons (retention scaling factor)
2026-03-02 20:43:14,786 - INFO -   Y_1,RF < 0  -> depositors sleepier when rates low
2026-03-02 20:43:14,787 - INFO -   Y_2,size > 0 -> larger institutions retain more deposits
2026-03-02 20:43:14,789 - INFO - Baseline retention coef on nr_lag (Spec 1): 1.0195
2026-03-02 20:43:14,795 - INFO - ================================================================================
2026-03-02 20:43:14,796 - INFO - CONTROL FUNCTION ESTIMATION (semi-parametric CF) [INSTITUTION]
2026-03-02 20:43:14,798 - INFO -   Stage 1: spread_jkt ~ cost_shifters + type_dummies  -->  v_hat
2026-03-02 20:43:14,799 - INFO -   Stage 2: deposit_balance = phi(S,X)*nr*D_{t-1} + b1*v + b2*v^2 + b3*v^3 + eps
2026-03-02 20:43:14,801 - INFO -   All deposit types treated as potentially endogenous.
2026-03-02 20:43:14,801 - INFO - ================================================================================
2026-03-02 20:43:14,807 - INFO - First-stage cost shifters: ['cosif_lag', 'log_assets_std', 'equity_ratio', 'lagged_cdi', 'lagged_selic', 'personnel_cost_ratio_lag', 'admin_cost_ratio_lag']
2026-03-02 20:43:14,971 - INFO - First-stage A -- N=61,765, R^2=0.5526
2026-03-02 20:43:14,973 - INFO -   cosif_lag: coef=0.090799, p=0.0000
2026-03-02 20:43:14,975 - INFO -   log_assets_std: coef=-0.439931, p=0.0000
2026-03-02 20:43:14,978 - INFO -   equity_ratio: coef=3.670187, p=0.0000
2026-03-02 20:43:14,981 - INFO -   lagged_cdi: coef=-4.291517, p=0.0000
2026-03-02 20:43:14,984 - INFO -   lagged_selic: coef=1.227965, p=0.0000
2026-03-02 20:43:14,986 - INFO -   personnel_cost_ratio_lag: coef=-31.083574, p=0.0007
2026-03-02 20:43:14,989 - INFO -   admin_cost_ratio_lag: coef=-0.229375, p=0.6765
2026-03-02 20:43:14,992 - INFO -   type2_d: coef=-1.498875, p=0.0000
2026-03-02 20:43:14,995 - INFO -   type3_d: coef=-1.887540, p=0.0000
2026-03-02 20:43:14,998 - INFO -   type4_d: coef=-20.129865, p=0.0000
2026-03-02 20:43:15,001 - INFO -   type5_d: coef=-1.257307, p=0.0000
2026-03-02 20:43:15,009 - INFO -   Joint F (cost vars): 342.13 (strong)
2026-03-02 20:43:15,070 - INFO - Computing Hausman IV (leave-one-out spread mean by type x quarter) ...
2026-03-02 20:43:15,243 - INFO - First-stage B -- N=61,765, R^2=0.6141
2026-03-02 20:43:15,245 - INFO -   hausman_iv_spread: coef=1.526359, p=0.0000
2026-03-02 20:43:15,246 - INFO -   cosif_lag: coef=-0.018378, p=0.0000
2026-03-02 20:43:15,248 - INFO -   log_assets_std: coef=0.182293, p=0.0100
2026-03-02 20:43:15,250 - INFO -   equity_ratio: coef=5.928644, p=0.0000
2026-03-02 20:43:15,251 - INFO -   lagged_cdi: coef=0.191438, p=0.3693
2026-03-02 20:43:15,251 - INFO -   lagged_selic: coef=-0.125114, p=0.0137
2026-03-02 20:43:15,253 - INFO -   personnel_cost_ratio_lag: coef=-16.786400, p=0.0310
2026-03-02 20:43:15,256 - INFO -   admin_cost_ratio_lag: coef=0.323975, p=0.4325
2026-03-02 20:43:15,262 - INFO -   F (Hausman IV): 5096.61 (strong)
2026-03-02 20:43:15,343 - INFO - CF residuals (Cost-only): N=61,765, mean=-0.000000, sd=8.986560
2026-03-02 20:43:15,346 - INFO - CF residuals (Hausman): N=61,765, mean=-0.000000, sd=8.345911
2026-03-02 20:43:15,469 - INFO -   CF-Cost(5) cf_resid: 662475.659542 (p=0.0024) ***
2026-03-02 20:43:15,471 - INFO -   CF-Cost(5) cf_resid_sq: 119777.529066 (p=0.0000) ***
2026-03-02 20:43:15,473 - INFO -   CF-Cost(5) cf_resid_cu: 638.260287 (p=0.3772) 
2026-03-02 20:43:15,481 - INFO -   CF-Cost(5) joint F on poly: 55.47 -> endogeneity
2026-03-02 20:43:15,629 - INFO -   CF-Cost(6) cf_resid: 489798.913121 (p=0.0013) ***
2026-03-02 20:43:15,631 - INFO -   CF-Cost(6) cf_resid_sq: 28519.195065 (p=0.1093) 
2026-03-02 20:43:15,632 - INFO -   CF-Cost(6) cf_resid_cu: -1032.610737 (p=0.0308) **
2026-03-02 20:43:15,637 - INFO -   CF-Cost(6) joint F on poly: 15.33 -> endogeneity
2026-03-02 20:43:23,923 - INFO -   CF-Cost+FE(7) cf_resid: -4906499.107142 (p=0.0000) ***
2026-03-02 20:43:23,923 - INFO -   CF-Cost+FE(7) cf_resid_sq: 21592.161362 (p=0.0151) **
2026-03-02 20:43:23,923 - INFO -   CF-Cost+FE(7) cf_resid_cu: 9181.972007 (p=0.0000) ***
2026-03-02 20:43:23,933 - INFO -   CF-Cost+FE(7) joint F on poly: 344.39 -> endogeneity
2026-03-02 20:43:24,106 - INFO -   CF-Hausman(9) cf_resid_h: -552793.076432 (p=0.2075) 
2026-03-02 20:43:24,106 - INFO -   CF-Hausman(9) cf_resid_h_sq: 98892.146608 (p=0.0000) ***
2026-03-02 20:43:24,122 - INFO -   CF-Hausman(9) cf_resid_h_cu: 1725.457131 (p=0.1262) 
2026-03-02 20:43:24,123 - INFO -   CF-Hausman(9) joint F on poly: 76.72 -> endogeneity
2026-03-02 20:43:24,253 - INFO -   CF-Hausman(10) cf_resid_h: -1405571.083593 (p=0.0033) ***
2026-03-02 20:43:24,254 - INFO -   CF-Hausman(10) cf_resid_h_sq: 40656.995809 (p=0.0003) ***
2026-03-02 20:43:24,255 - INFO -   CF-Hausman(10) cf_resid_h_cu: 2586.093434 (p=0.0236) **
2026-03-02 20:43:24,261 - INFO -   CF-Hausman(10) joint F on poly: 39.46 -> endogeneity
2026-03-02 20:43:24,263 - INFO - Dep var: Dep_jkt (levels, CF) 
2026-03-02 20:43:24,264 - INFO - ------------------------------------------------------------------------------------------------------------------------------
2026-03-02 20:43:24,265 - INFO -                                    (5) CF Natl     (6) CF+Bank       (7) CF+FE    (8) CF+Clust     (9) CF-Haus  (10) CF-H+Bank
2026-03-02 20:43:24,267 - INFO - ------------------------------------------------------------------------------------------------------------------------------
2026-03-02 20:43:24,270 - INFO -   Y_1,cons  (nr x D_{t-1})          1.1227***       1.2341***       1.2172***       1.2172***       1.1252***       1.2414*** 
2026-03-02 20:43:24,271 - INFO -                                 (   0.0255)   (   0.2678)   (   0.0119)   (   0.0584)   (   0.0257)   (   0.2639) 
2026-03-02 20:43:24,276 - INFO -   Y_1,RF   (selic x nr x D_{t-1})     -0.0040         -0.0024          0.0016          0.0016         -0.0041         -0.0023    
2026-03-02 20:43:24,277 - INFO -                                 (   0.0027)   (   0.0020)   (   0.0012)   (   0.0061)   (   0.0027)   (   0.0020) 
2026-03-02 20:43:24,281 - INFO -   Y_2,size (logA x nr x D_{t-1})                     -0.0744         -0.0883***      -0.0883***                      -0.0767    
2026-03-02 20:43:24,282 - INFO -                                                 (   0.0833)   (   0.0045)   (   0.0206)                   (   0.0820) 
2026-03-02 20:43:24,286 - INFO -   Y_2,eq   (E/A x nr x D_{t-1})                     -0.2132          0.5946***       0.5946*                        -0.2200    
2026-03-02 20:43:24,286 - INFO -                                                 (   0.4430)   (   0.0701)   (   0.3479)                   (   0.4423) 
2026-03-02 20:43:24,289 - INFO -   Y_2,S2  (seg_S2 x nr x D_{t-1})                      0.0050                                                          0.0029    
2026-03-02 20:43:24,290 - INFO -                                                 (   0.0807)                                                   (   0.0796) 
2026-03-02 20:43:24,290 - INFO -   Y_2,S3  (seg_S3 x nr x D_{t-1})                      0.0636                                                          0.0605    
2026-03-02 20:43:24,290 - INFO -                                                 (   0.1327)                                                   (   0.1312) 
2026-03-02 20:43:24,290 - INFO -   Y_2,S4  (seg_S4 x nr x D_{t-1})                      0.1028                                                          0.0999    
2026-03-02 20:43:24,290 - INFO -                                                 (   0.1331)                                                   (   0.1312) 
2026-03-02 20:43:24,290 - INFO -   Y_2,S5  (seg_S5 x nr x D_{t-1})                      0.0579                                                          0.0593    
2026-03-02 20:43:24,290 - INFO -                                                 (   0.1532)                                                   (   0.1517) 
2026-03-02 20:43:24,290 - INFO -   beta_1 v^  (CF-cost, 1st)     662475.6595***   489798.9131***   -4906499.1071***   -4906499.1071***                                 
2026-03-02 20:43:24,290 - INFO -                                 (217822.2883)   (152199.3062)   (414559.9395)   (1753384.6066)                                 
2026-03-02 20:43:24,290 - INFO -   beta_2 v^^2 (CF-cost, 2nd)    119777.5291***   28519.1951      21592.1614**    21592.1614                                    
2026-03-02 20:43:24,305 - INFO -                                 (13816.7212)   (17808.5454)   (8882.9542)   (36690.5514)                                 
2026-03-02 20:43:24,307 - INFO -   beta_3 v^^3 (CF-cost, 3rd)      638.2603      -1032.6107**     9181.9720***    9181.9720                                    
2026-03-02 20:43:24,307 - INFO -                                 ( 722.7079)   ( 478.0230)   (1387.4653)   (5831.2902)                                 
2026-03-02 20:43:24,309 - INFO -   beta_1 v^H (CF-Hausman, 1st)                                                                  -552793.0764      -1405571.0836*** 
2026-03-02 20:43:24,309 - INFO -                                                                                                 (438555.8924)   (478663.6301) 
2026-03-02 20:43:24,310 - INFO -   beta_2 v^H^2 (CF-Hausman, 2nd)                                                                  98892.1466***   40656.9958*** 
2026-03-02 20:43:24,311 - INFO -                                                                                                 (9933.0310)   (11305.5435) 
2026-03-02 20:43:24,315 - INFO -   beta_3 v^H^3 (CF-Hausman, 3rd)                                                                   1725.4571       2586.0934**  
2026-03-02 20:43:24,316 - INFO -                                                                                                 (1128.2501)   (1142.7676) 
2026-03-02 20:43:24,317 - INFO - ------------------------------------------------------------------------------------------------------------------------------
2026-03-02 20:43:24,318 - INFO -   N                                     61,765          61,670          61,765          61,765          61,765          61,670
2026-03-02 20:43:24,326 - INFO -   R^2                                   0.9607          0.9655          0.9910          0.9910          0.9606          0.9656
2026-03-02 20:43:24,327 - INFO -   InstxType FE                              No              No             Yes             Yes              No              No
2026-03-02 20:43:24,327 - INFO -   Time FE                                   No              No             Yes             Yes              No              No
2026-03-02 20:43:24,328 - INFO -   SE type                            HC-robust       HC-robust       HC-robust      Inst-clust       HC-robust       HC-robust
2026-03-02 20:43:24,330 - INFO - ------------------------------------------------------------------------------------------------------------------------------
2026-03-02 20:43:24,339 - INFO - Supply specs available: ['(1) Natl', '(2) +Bank', '(3) +FE', '(4) Clust', '(5) CF Natl', '(6) CF+Bank', '(7) CF+FE', '(8) CF+Clust', '(9) CF-Haus', '(10) CF-H+Bank']
2026-03-02 20:43:24,339 - INFO - 
>>> Step 2: Computing structural sleeping-deposit predictions ...
2026-03-02 20:43:24,398 - INFO -   Supply spec '(1) Natl': hat_Y computed for 86,115 obs (struct cols = ['nr_lag', 'selic_nr_lag'])
2026-03-02 20:43:24,408 - INFO -   Supply spec '(2) +Bank': hat_Y computed for 85,979 obs (struct cols = ['nr_lag', 'selic_nr_lag', 'logA_nr_lag', 'eq_nr_lag', 'seg_S2_nr_lag', 'seg_S3_nr_lag', 'seg_S4_nr_lag', 'seg_S5_nr_lag'])
2026-03-02 20:43:24,414 - INFO -   Supply spec '(3) +FE': hat_Y computed for 86,115 obs (struct cols = ['nr_lag', 'selic_nr_lag', 'logA_nr_lag', 'eq_nr_lag'])
2026-03-02 20:43:24,420 - INFO -   Supply spec '(4) Clust': hat_Y computed for 86,115 obs (struct cols = ['nr_lag', 'selic_nr_lag', 'logA_nr_lag', 'eq_nr_lag'])
2026-03-02 20:43:24,425 - INFO -   Supply spec '(5) CF Natl': hat_Y computed for 86,115 obs (struct cols = ['nr_lag', 'selic_nr_lag'])
2026-03-02 20:43:24,433 - INFO -   Supply spec '(6) CF+Bank': hat_Y computed for 85,979 obs (struct cols = ['nr_lag', 'selic_nr_lag', 'logA_nr_lag', 'eq_nr_lag', 'seg_S2_nr_lag', 'seg_S3_nr_lag', 'seg_S4_nr_lag', 'seg_S5_nr_lag'])
2026-03-02 20:43:24,439 - INFO -   Supply spec '(7) CF+FE': hat_Y computed for 86,115 obs (struct cols = ['nr_lag', 'selic_nr_lag', 'logA_nr_lag', 'eq_nr_lag'])
2026-03-02 20:43:24,447 - INFO -   Supply spec '(8) CF+Clust': hat_Y computed for 86,115 obs (struct cols = ['nr_lag', 'selic_nr_lag', 'logA_nr_lag', 'eq_nr_lag'])
2026-03-02 20:43:24,451 - INFO -   Supply spec '(9) CF-Haus': hat_Y computed for 86,115 obs (struct cols = ['nr_lag', 'selic_nr_lag'])
2026-03-02 20:43:24,462 - INFO -   Supply spec '(10) CF-H+Bank': hat_Y computed for 85,979 obs (struct cols = ['nr_lag', 'selic_nr_lag', 'logA_nr_lag', 'eq_nr_lag', 'seg_S2_nr_lag', 'seg_S3_nr_lag', 'seg_S4_nr_lag', 'seg_S5_nr_lag'])
2026-03-02 20:43:24,465 - INFO - 
>>> Step 3: Active deposit diagnostics by supply spec ...
2026-03-02 20:43:24,474 - INFO -   '(1) Natl': active>0=65.0%, active=0=35.0%, mean(active|active>0)=92065707.3
2026-03-02 20:43:24,475 - INFO -   '(2) +Bank': active>0=40.8%, active=0=59.0%, mean(active|active>0)=111701569.5
2026-03-02 20:43:24,492 - INFO -   '(3) +FE': active>0=34.8%, active=0=65.2%, mean(active|active>0)=124880993.2
2026-03-02 20:43:24,499 - INFO -   '(4) Clust': active>0=34.8%, active=0=65.2%, mean(active|active>0)=124880993.2
2026-03-02 20:43:24,509 - INFO -   '(5) CF Natl': active>0=54.1%, active=0=45.9%, mean(active|active>0)=89486762.5
2026-03-02 20:43:24,514 - INFO -   '(6) CF+Bank': active>0=33.4%, active=0=66.4%, mean(active|active>0)=120684685.9
2026-03-02 20:43:24,522 - INFO -   '(7) CF+FE': active>0=24.2%, active=0=75.8%, mean(active|active>0)=145014740.2
2026-03-02 20:43:24,531 - INFO -   '(8) CF+Clust': active>0=24.2%, active=0=75.8%, mean(active|active>0)=145014740.2
2026-03-02 20:43:24,541 - INFO -   '(9) CF-Haus': active>0=53.8%, active=0=46.2%, mean(active|active>0)=89432274.7
2026-03-02 20:43:24,549 - INFO -   '(10) CF-H+Bank': active>0=32.8%, active=0=67.0%, mean(active|active>0)=122339828.7
2026-03-02 20:43:24,550 - INFO - 
>>> Step 4: Estimating Berry (1994) demand equation ...
2026-03-02 20:43:24,568 - INFO - Demand -- type-interacted spread columns: ['spread_T1', 'spread_T2', 'spread_T3', 'spread_T4', 'spread_T5']
2026-03-02 20:43:24,661 - INFO - Endogenous types [4, 5]: 40,552 obs (47.1% of full sample)
2026-03-02 20:43:24,666 - INFO - Demand CF cost shifters (types 4-5): ['cosif_lag', 'log_assets_std', 'equity_ratio', 'lagged_cdi', 'lagged_selic', 'personnel_cost_ratio_lag', 'admin_cost_ratio_lag']
2026-03-02 20:43:24,761 - INFO - Demand CF-A (types 4-5): N=29,718, R^2=0.1168
2026-03-02 20:43:24,774 - INFO -   Joint F (cost vars): 255.54 (strong)
2026-03-02 20:43:24,936 - INFO - Demand CF-B (types 4-5, +Hausman IV): N=29,718, R^2=0.2231
2026-03-02 20:43:24,939 - INFO -   F (Hausman IV): 2745.70 (strong)
2026-03-02 20:43:25,114 - INFO - 
=== Demand: supply spec '(1) Natl' | N_valid=55,989, N_zero_active=30,126 / 86,115 ===
2026-03-02 20:43:25,117 - INFO -   log(s_active): mean=-9.5850, sd=2.4759
2026-03-02 20:43:25,267 - INFO -   D(1) Natl spread_T1: coef=-4.132135 (SE=0.010883, p=0.0000)***
2026-03-02 20:43:25,270 - INFO -   D(1) Natl spread_T2: coef=-10.417012 (SE=0.090745, p=0.0000)***
2026-03-02 20:43:25,273 - INFO -   D(1) Natl spread_T3: coef=-709.802931 (SE=25.598131, p=0.0000)***
2026-03-02 20:43:25,275 - INFO -   D(1) Natl spread_T4: coef=0.313655 (SE=0.000982, p=0.0000)***
2026-03-02 20:43:25,279 - INFO -   D(1) Natl spread_T5: coef=-2.982550 (SE=0.052827, p=0.0000)***
2026-03-02 20:43:25,389 - INFO - 
=== Demand: supply spec '(2) +Bank' | N_valid=35,157, N_zero_active=50,822 / 86,115 ===
2026-03-02 20:43:25,395 - INFO -   log(s_active): mean=-9.4750, sd=2.6969
2026-03-02 20:43:25,481 - INFO -   D(2) +Bank spread_T1: coef=-4.169665 (SE=0.017401, p=0.0000)***
2026-03-02 20:43:25,482 - INFO -   D(2) +Bank spread_T2: coef=-10.309729 (SE=0.120164, p=0.0000)***
2026-03-02 20:43:25,484 - INFO -   D(2) +Bank spread_T3: coef=-654.225160 (SE=28.520620, p=0.0000)***
2026-03-02 20:43:25,486 - INFO -   D(2) +Bank spread_T4: coef=0.314563 (SE=0.001194, p=0.0000)***
2026-03-02 20:43:25,487 - INFO -   D(2) +Bank spread_T5: coef=-2.993007 (SE=0.068821, p=0.0000)***
2026-03-02 20:43:25,561 - INFO - 
=== Demand: supply spec '(3) +FE' | N_valid=29,934, N_zero_active=56,181 / 86,115 ===
2026-03-02 20:43:25,565 - INFO -   log(s_active): mean=-9.1632, sd=2.6324
2026-03-02 20:43:31,220 - INFO -   D(3) +FE spread_T1: coef=-5.486592 (SE=0.020214, p=0.0000)***
2026-03-02 20:43:31,220 - INFO -   D(3) +FE spread_T2: coef=-13.509389 (SE=0.128426, p=0.0000)***
2026-03-02 20:43:31,235 - INFO -   D(3) +FE spread_T3: coef=-1908.231773 (SE=88.102728, p=0.0000)***
2026-03-02 20:43:31,237 - INFO -   D(3) +FE spread_T4: coef=0.508448 (SE=0.001177, p=0.0000)***
2026-03-02 20:43:31,237 - INFO -   D(3) +FE spread_T5: coef=-5.044449 (SE=0.239315, p=0.0000)***
2026-03-02 20:43:31,336 - INFO - 
=== Demand: supply spec '(4) Clust' | N_valid=29,934, N_zero_active=56,181 / 86,115 ===
2026-03-02 20:43:31,337 - INFO -   log(s_active): mean=-9.1632, sd=2.6324
2026-03-02 20:43:37,079 - INFO -   D(4) Clust spread_T1: coef=-5.486592 (SE=0.059884, p=0.0000)***
2026-03-02 20:43:37,079 - INFO -   D(4) Clust spread_T2: coef=-13.509389 (SE=0.280824, p=0.0000)***
2026-03-02 20:43:37,085 - INFO -   D(4) Clust spread_T3: coef=-1908.231773 (SE=148.413530, p=0.0000)***
2026-03-02 20:43:37,085 - INFO -   D(4) Clust spread_T4: coef=0.508448 (SE=0.005669, p=0.0000)***
2026-03-02 20:43:37,085 - INFO -   D(4) Clust spread_T5: coef=-5.044449 (SE=0.361755, p=0.0000)***
2026-03-02 20:43:37,198 - INFO - 
=== Demand: supply spec '(5) CF Natl' | N_valid=46,557, N_zero_active=39,558 / 86,115 ===
2026-03-02 20:43:37,200 - INFO -   log(s_active): mean=-9.3891, sd=2.4330
2026-03-02 20:43:37,340 - INFO -   D(5) CF Natl spread_T1: coef=-4.052119 (SE=0.012251, p=0.0000)***
2026-03-02 20:43:37,341 - INFO -   D(5) CF Natl spread_T2: coef=-10.451239 (SE=0.094774, p=0.0000)***
2026-03-02 20:43:37,343 - INFO -   D(5) CF Natl spread_T3: coef=-660.214195 (SE=26.698558, p=0.0000)***
2026-03-02 20:43:37,344 - INFO -   D(5) CF Natl spread_T4: coef=0.414003 (SE=0.002550, p=0.0000)***
2026-03-02 20:43:37,345 - INFO -   D(5) CF Natl spread_T5: coef=-2.955924 (SE=0.055439, p=0.0000)***
2026-03-02 20:43:37,441 - INFO - 
=== Demand: supply spec '(6) CF+Bank' | N_valid=28,804, N_zero_active=57,175 / 86,115 ===
2026-03-02 20:43:37,444 - INFO -   log(s_active): mean=-9.1180, sd=2.5799
2026-03-02 20:43:37,531 - INFO -   D(6) CF+Bank spread_T1: coef=-4.050085 (SE=0.020669, p=0.0000)***
2026-03-02 20:43:37,534 - INFO -   D(6) CF+Bank spread_T2: coef=-10.478236 (SE=0.122543, p=0.0000)***
2026-03-02 20:43:37,537 - INFO -   D(6) CF+Bank spread_T3: coef=-627.869135 (SE=31.608310, p=0.0000)***
2026-03-02 20:43:37,540 - INFO -   D(6) CF+Bank spread_T4: coef=0.415313 (SE=0.002905, p=0.0000)***
2026-03-02 20:43:37,545 - INFO -   D(6) CF+Bank spread_T5: coef=-2.923411 (SE=0.069849, p=0.0000)***
2026-03-02 20:43:37,603 - INFO - 
=== Demand: supply spec '(7) CF+FE' | N_valid=20,810, N_zero_active=65,305 / 86,115 ===
2026-03-02 20:43:37,604 - INFO -   log(s_active): mean=-8.6867, sd=2.5402
2026-03-02 20:43:41,975 - INFO -   D(7) CF+FE spread_T1: coef=-4.710228 (SE=0.022276, p=0.0000)***
2026-03-02 20:43:41,975 - INFO -   D(7) CF+FE spread_T2: coef=-13.880222 (SE=0.146740, p=0.0000)***
2026-03-02 20:43:41,992 - INFO -   D(7) CF+FE spread_T3: coef=-1591.895936 (SE=64.261682, p=0.0000)***
2026-03-02 20:43:41,992 - INFO -   D(7) CF+FE spread_T4: coef=0.517351 (SE=0.002130, p=0.0000)***
2026-03-02 20:43:41,992 - INFO -   D(7) CF+FE spread_T5: coef=-4.339760 (SE=0.230341, p=0.0000)***
2026-03-02 20:43:42,093 - INFO - 
=== Demand: supply spec '(8) CF+Clust' | N_valid=20,810, N_zero_active=65,305 / 86,115 ===
2026-03-02 20:43:42,095 - INFO -   log(s_active): mean=-8.6867, sd=2.5402
2026-03-02 20:43:47,403 - INFO -   D(8) CF+Clust spread_T1: coef=-4.710228 (SE=0.054346, p=0.0000)***
2026-03-02 20:43:47,420 - INFO -   D(8) CF+Clust spread_T2: coef=-13.880222 (SE=0.280434, p=0.0000)***
2026-03-02 20:43:47,420 - INFO -   D(8) CF+Clust spread_T3: coef=-1591.895936 (SE=103.144784, p=0.0000)***
2026-03-02 20:43:47,420 - INFO -   D(8) CF+Clust spread_T4: coef=0.517351 (SE=0.008842, p=0.0000)***
2026-03-02 20:43:47,420 - INFO -   D(8) CF+Clust spread_T5: coef=-4.339760 (SE=0.354401, p=0.0000)***
2026-03-02 20:43:47,569 - INFO - 
=== Demand: supply spec '(9) CF-Haus' | N_valid=46,344, N_zero_active=39,771 / 86,115 ===
2026-03-02 20:43:47,577 - INFO -   log(s_active): mean=-9.3855, sd=2.4329
2026-03-02 20:43:47,757 - INFO -   D(9) CF-Haus spread_T1: coef=-4.050253 (SE=0.012278, p=0.0000)***
2026-03-02 20:43:47,760 - INFO -   D(9) CF-Haus spread_T2: coef=-10.464437 (SE=0.095389, p=0.0000)***
2026-03-02 20:43:47,763 - INFO -   D(9) CF-Haus spread_T3: coef=-659.958306 (SE=26.910025, p=0.0000)***
2026-03-02 20:43:47,764 - INFO -   D(9) CF-Haus spread_T4: coef=0.408343 (SE=0.001731, p=0.0000)***
2026-03-02 20:43:47,766 - INFO -   D(9) CF-Haus spread_T5: coef=-2.958746 (SE=0.055534, p=0.0000)***
2026-03-02 20:43:47,878 - INFO - 
=== Demand: supply spec '(10) CF-H+Bank' | N_valid=28,280, N_zero_active=57,699 / 86,115 ===
2026-03-02 20:43:47,882 - INFO -   log(s_active): mean=-9.0997, sd=2.5755
2026-03-02 20:43:47,987 - INFO -   D(10) CF-H+Bank spread_T1: coef=-4.040676 (SE=0.020909, p=0.0000)***
2026-03-02 20:43:47,992 - INFO -   D(10) CF-H+Bank spread_T2: coef=-10.462621 (SE=0.122400, p=0.0000)***
2026-03-02 20:43:47,994 - INFO -   D(10) CF-H+Bank spread_T3: coef=-627.015226 (SE=31.564851, p=0.0000)***
2026-03-02 20:43:47,999 - INFO -   D(10) CF-H+Bank spread_T4: coef=0.415727 (SE=0.002936, p=0.0000)***
2026-03-02 20:43:48,003 - INFO -   D(10) CF-H+Bank spread_T5: coef=-2.924624 (SE=0.070330, p=0.0000)***
2026-03-02 20:43:48,024 - INFO - 
>>> Step 5: Exporting demand results ...
2026-03-02 20:43:48,056 - INFO - Demand results exported to C:\Users\pedro\OneDrive\Documentos\Yale\Year 3 (2024 - 2025)\Open Finance\Open-Finance\BCB\Egan_et_al_2025_Rep\processed\ESTIMATION_OUTPUT\demand_results_institution.csv
2026-03-02 20:43:48,122 - INFO - Demand LaTeX table exported to C:\Users\pedro\OneDrive\Documentos\Yale\Year 3 (2024 - 2025)\Open Finance\Open-Finance\BCB\Egan_et_al_2025_Rep\processed\ESTIMATION_OUTPUT\demand_table_institution.tex
2026-03-02 20:43:48,122 - INFO - Demand specs estimated: ['D(1) Natl', 'D(2) +Bank', 'D(3) +FE', 'D(4) Clust', 'D(5) CF Natl', 'D(6) CF+Bank', 'D(7) CF+FE', 'D(8) CF+Clust', 'D(9) CF-Haus', 'D(10) CF-H+Bank']
2026-03-02 20:43:48,123 - INFO - Done -- estimation_demand_2.py complete.
2026-03-03 09:40:00,916 - INFO - ================================================================================
2026-03-03 09:40:00,923 - INFO - DEMAND ESTIMATION -- INSTITUTION LEVEL
2026-03-03 09:40:00,929 - INFO - Berry (1994) active market shares | estimation_demand_2.py
2026-03-03 09:40:00,938 - INFO - ================================================================================
2026-03-03 09:40:00,944 - INFO - 
>>> Step 1: Loading panel and running supply estimation ...
2026-03-03 09:40:00,951 - INFO - Loading institution-level panel ...
2026-03-03 09:40:00,955 - INFO - Loading from Parquet: c:\Users\pedro\OneDrive\Documentos\Yale\Year 3 (2024 - 2025)\Open Finance\Open-Finance\BCB\Egan_et_al_2025_Rep\processed\PANEL_INTERMED\egan_panel_institution.parquet
2026-03-03 09:40:02,762 - INFO - Raw panel: 327,921 rows, 33 cols
2026-03-03 09:40:02,770 - INFO -   total_assets coverage: 327,921 / 327,921
2026-03-03 09:40:02,779 - INFO -   equity_ratio coverage: 325,670 / 327,921
2026-03-03 09:40:02,843 - INFO -   segment coverage: 305,121 / 327,921
2026-03-03 09:40:03,346 - INFO - log_total_assets: mean=19.57, sd=2.58 (standardized)
2026-03-03 09:40:03,897 - INFO - Winsorized deposit_balance at [p1,p99]=[22.2,27598806145.7]: dropped 1,758 outliers
2026-03-03 09:40:03,900 - INFO - Estimation sample: 86,115 rows
2026-03-03 09:40:03,919 - INFO -   Institutions: 1412
2026-03-03 09:40:03,924 - INFO -   Quarters:     45
2026-03-03 09:40:03,932 - INFO -   Types:        [np.int64(1), np.int64(2), np.int64(3), np.int64(4), np.int64(5)]
2026-03-03 09:40:03,957 - INFO - Dep var (deposit_balance, levels): mean=468536318.9, sd=1898412194.9, p5=563389.0, p95=1867473043.7
2026-03-03 09:40:03,970 - INFO - nr_lag (nr x D_{t-1}): mean=420942384.161615, sd=1796044812.444711
2026-03-03 09:40:03,990 - INFO - Lagged Selic: mean=9.98, sd=3.98, min=2.00, max=15.00
2026-03-03 09:40:04,025 - INFO - Segment distribution: {'S5': 48178, 'S4': 21516, 'S3': 6878, 'S2': 1707, 'S1': 1666}
2026-03-03 09:40:04,051 - INFO - ================================================================================
2026-03-03 09:40:04,054 - INFO - INSTITUTION-LEVEL STRUCTURAL ESTIMATION
2026-03-03 09:40:04,056 - INFO -   D_jkt = phi(S,X) * nr * D_jkt-1 + eps  (levels, no ratio)
2026-03-03 09:40:04,064 - INFO - ================================================================================
2026-03-03 09:40:28,699 - INFO - Dep var: Dep_jkt (levels)     
2026-03-03 09:40:28,701 - INFO - ----------------------------------------------------------------------------------------------
2026-03-03 09:40:28,704 - INFO -                                       (1) Natl       (2) +Bank         (3) +FE       (4) Clust
2026-03-03 09:40:28,708 - INFO - ----------------------------------------------------------------------------------------------
2026-03-03 09:40:28,729 - INFO -   Y_1,cons  (nr x D_{t-1})          1.0195***       1.1671***       1.2977***       1.2977*** 
2026-03-03 09:40:28,731 - INFO -                                 (   0.0259)   (   0.0613)   (   0.0276)   (   0.1084) 
2026-03-03 09:40:28,753 - INFO -   Y_1,RF   (selic x nr x D_{t-1})      0.0008         -0.0022          0.0016          0.0016    
2026-03-03 09:40:28,757 - INFO -                                 (   0.0026)   (   0.0020)   (   0.0024)   (   0.0080) 
2026-03-03 09:40:28,775 - INFO -   Y_2,size (logA x nr x D_{t-1})                     -0.0578**       -0.1036***      -0.1036*** 
2026-03-03 09:40:28,777 - INFO -                                                 (   0.0229)   (   0.0040)   (   0.0154) 
2026-03-03 09:40:28,792 - INFO -   Y_2,eq   (E/A x nr x D_{t-1})                     -0.5464**       -0.4328***      -0.4328*   
2026-03-03 09:40:28,798 - INFO -                                                 (   0.2716)   (   0.0832)   (   0.2577) 
2026-03-03 09:40:28,809 - INFO -   Y_2,S2  (seg_S2 x nr x D_{t-1})                      0.0324                                    
2026-03-03 09:40:28,814 - INFO -                                                 (   0.0227)                                 
2026-03-03 09:40:28,824 - INFO -   Y_2,S3  (seg_S3 x nr x D_{t-1})                      0.1511***                                 
2026-03-03 09:40:28,828 - INFO -                                                 (   0.0201)                                 
2026-03-03 09:40:28,840 - INFO -   Y_2,S4  (seg_S4 x nr x D_{t-1})                      0.1470***                                 
2026-03-03 09:40:28,843 - INFO -                                                 (   0.0258)                                 
2026-03-03 09:40:28,852 - INFO -   Y_2,S5  (seg_S5 x nr x D_{t-1})                      0.1669***                                 
2026-03-03 09:40:28,859 - INFO -                                                 (   0.0308)                                 
2026-03-03 09:40:28,864 - INFO - ----------------------------------------------------------------------------------------------
2026-03-03 09:40:28,868 - INFO -   N                                     86,115          85,979          86,115          86,115
2026-03-03 09:40:28,884 - INFO -   R^2                                   0.9392          0.9485          0.9862          0.9862
2026-03-03 09:40:28,890 - INFO -   InstxType FE                              No              No             Yes             Yes
2026-03-03 09:40:28,894 - INFO -   Time FE                                   No              No             Yes             Yes
2026-03-03 09:40:28,898 - INFO -   SE type                            HC-robust       HC-robust       HC-robust      Inst-clust
2026-03-03 09:40:28,901 - INFO - ----------------------------------------------------------------------------------------------
2026-03-03 09:40:28,906 - INFO - Interpretation guide:
2026-03-03 09:40:28,912 - INFO -   Y_1,cons = coef on nr_lag = phi_cons (retention scaling factor)
2026-03-03 09:40:28,916 - INFO -   Y_1,RF < 0  -> depositors sleepier when rates low
2026-03-03 09:40:28,920 - INFO -   Y_2,size > 0 -> larger institutions retain more deposits
2026-03-03 09:40:28,927 - INFO - Baseline retention coef on nr_lag (Spec 1): 1.0195
2026-03-03 09:40:28,947 - INFO - ================================================================================
2026-03-03 09:40:28,952 - INFO - CONTROL FUNCTION ESTIMATION (semi-parametric CF) [INSTITUTION]
2026-03-03 09:40:28,962 - INFO -   Stage 1: spread_jkt ~ cost_shifters + type_dummies  -->  v_hat
2026-03-03 09:40:28,966 - INFO -   Stage 2: deposit_balance = phi(S,X)*nr*D_{t-1} + b1*v + b2*v^2 + b3*v^3 + eps
2026-03-03 09:40:28,970 - INFO -   All deposit types treated as potentially endogenous.
2026-03-03 09:40:28,974 - INFO - ================================================================================
2026-03-03 09:40:28,996 - INFO - First-stage cost shifters: ['cosif_lag', 'log_assets_std', 'equity_ratio', 'lagged_cdi', 'lagged_selic', 'personnel_cost_ratio_lag', 'admin_cost_ratio_lag']
2026-03-03 09:40:29,311 - INFO - First-stage A -- N=61,765, R^2=0.5526
2026-03-03 09:40:29,316 - INFO -   cosif_lag: coef=0.090799, p=0.0000
2026-03-03 09:40:29,321 - INFO -   log_assets_std: coef=-0.439931, p=0.0000
2026-03-03 09:40:29,330 - INFO -   equity_ratio: coef=3.670187, p=0.0000
2026-03-03 09:40:29,339 - INFO -   lagged_cdi: coef=-4.291517, p=0.0000
2026-03-03 09:40:29,344 - INFO -   lagged_selic: coef=1.227965, p=0.0000
2026-03-03 09:40:29,351 - INFO -   personnel_cost_ratio_lag: coef=-31.083574, p=0.0007
2026-03-03 09:40:29,357 - INFO -   admin_cost_ratio_lag: coef=-0.229375, p=0.6765
2026-03-03 09:40:29,365 - INFO -   type2_d: coef=-1.498875, p=0.0000
2026-03-03 09:40:29,376 - INFO -   type3_d: coef=-1.887540, p=0.0000
2026-03-03 09:40:29,386 - INFO -   type4_d: coef=-20.129865, p=0.0000
2026-03-03 09:40:29,396 - INFO -   type5_d: coef=-1.257307, p=0.0000
2026-03-03 09:40:29,432 - INFO -   Joint F (cost vars): 342.13 (strong)
2026-03-03 09:40:29,607 - INFO - Computing Hausman IV (leave-one-out spread mean by type x quarter) ...
2026-03-03 09:40:29,963 - INFO - First-stage B -- N=61,765, R^2=0.6141
2026-03-03 09:40:29,969 - INFO -   hausman_iv_spread: coef=1.526359, p=0.0000
2026-03-03 09:40:29,974 - INFO -   cosif_lag: coef=-0.018378, p=0.0000
2026-03-03 09:40:29,982 - INFO -   log_assets_std: coef=0.182293, p=0.0100
2026-03-03 09:40:29,991 - INFO -   equity_ratio: coef=5.928644, p=0.0000
2026-03-03 09:40:29,996 - INFO -   lagged_cdi: coef=0.191438, p=0.3693
2026-03-03 09:40:30,003 - INFO -   lagged_selic: coef=-0.125114, p=0.0137
2026-03-03 09:40:30,008 - INFO -   personnel_cost_ratio_lag: coef=-16.786400, p=0.0310
2026-03-03 09:40:30,014 - INFO -   admin_cost_ratio_lag: coef=0.323975, p=0.4325
2026-03-03 09:40:30,026 - INFO -   F (Hausman IV): 5096.61 (strong)
2026-03-03 09:40:30,173 - INFO - CF residuals (Cost-only): N=61,765, mean=-0.000000, sd=8.986560
2026-03-03 09:40:30,181 - INFO - CF residuals (Hausman): N=61,765, mean=-0.000000, sd=8.345911
2026-03-03 09:40:30,354 - INFO -   CF-Cost(5) cf_resid: 662475.659542 (p=0.0024) ***
2026-03-03 09:40:30,356 - INFO -   CF-Cost(5) cf_resid_sq: 119777.529066 (p=0.0000) ***
2026-03-03 09:40:30,358 - INFO -   CF-Cost(5) cf_resid_cu: 638.260287 (p=0.3772) 
2026-03-03 09:40:30,364 - INFO -   CF-Cost(5) joint F on poly: 55.47 -> endogeneity
2026-03-03 09:40:30,664 - INFO -   CF-Cost(6) cf_resid: 489798.913121 (p=0.0013) ***
2026-03-03 09:40:30,670 - INFO -   CF-Cost(6) cf_resid_sq: 28519.195065 (p=0.1093) 
2026-03-03 09:40:30,677 - INFO -   CF-Cost(6) cf_resid_cu: -1032.610737 (p=0.0308) **
2026-03-03 09:40:30,692 - INFO -   CF-Cost(6) joint F on poly: 15.33 -> endogeneity
2026-03-03 09:40:53,168 - INFO -   CF-Cost+FE(7) cf_resid: -4906499.107142 (p=0.0000) ***
2026-03-03 09:40:53,172 - INFO -   CF-Cost+FE(7) cf_resid_sq: 21592.161362 (p=0.0151) **
2026-03-03 09:40:53,176 - INFO -   CF-Cost+FE(7) cf_resid_cu: 9181.972007 (p=0.0000) ***
2026-03-03 09:40:53,191 - INFO -   CF-Cost+FE(7) joint F on poly: 344.39 -> endogeneity
2026-03-03 09:40:53,691 - INFO -   CF-Hausman(9) cf_resid_h: -552793.076432 (p=0.2075) 
2026-03-03 09:40:53,697 - INFO -   CF-Hausman(9) cf_resid_h_sq: 98892.146608 (p=0.0000) ***
2026-03-03 09:40:53,703 - INFO -   CF-Hausman(9) cf_resid_h_cu: 1725.457131 (p=0.1262) 
2026-03-03 09:40:53,720 - INFO -   CF-Hausman(9) joint F on poly: 76.72 -> endogeneity
2026-03-03 09:40:54,072 - INFO -   CF-Hausman(10) cf_resid_h: -1405571.083593 (p=0.0033) ***
2026-03-03 09:40:54,077 - INFO -   CF-Hausman(10) cf_resid_h_sq: 40656.995809 (p=0.0003) ***
2026-03-03 09:40:54,083 - INFO -   CF-Hausman(10) cf_resid_h_cu: 2586.093434 (p=0.0236) **
2026-03-03 09:40:54,101 - INFO -   CF-Hausman(10) joint F on poly: 39.46 -> endogeneity
2026-03-03 09:40:54,108 - INFO - Dep var: Dep_jkt (levels, CF) 
2026-03-03 09:40:54,111 - INFO - ------------------------------------------------------------------------------------------------------------------------------
2026-03-03 09:40:54,116 - INFO -                                    (5) CF Natl     (6) CF+Bank       (7) CF+FE    (8) CF+Clust     (9) CF-Haus  (10) CF-H+Bank
2026-03-03 09:40:54,120 - INFO - ------------------------------------------------------------------------------------------------------------------------------
2026-03-03 09:40:54,149 - INFO -   Y_1,cons  (nr x D_{t-1})          1.1227***       1.2341***       1.2172***       1.2172***       1.1252***       1.2414*** 
2026-03-03 09:40:54,155 - INFO -                                 (   0.0255)   (   0.2678)   (   0.0119)   (   0.0584)   (   0.0257)   (   0.2639) 
2026-03-03 09:40:54,174 - INFO -   Y_1,RF   (selic x nr x D_{t-1})     -0.0040         -0.0024          0.0016          0.0016         -0.0041         -0.0023    
2026-03-03 09:40:54,177 - INFO -                                 (   0.0027)   (   0.0020)   (   0.0012)   (   0.0061)   (   0.0027)   (   0.0020) 
2026-03-03 09:40:54,195 - INFO -   Y_2,size (logA x nr x D_{t-1})                     -0.0744         -0.0883***      -0.0883***                      -0.0767    
2026-03-03 09:40:54,199 - INFO -                                                 (   0.0833)   (   0.0045)   (   0.0206)                   (   0.0820) 
2026-03-03 09:40:54,218 - INFO -   Y_2,eq   (E/A x nr x D_{t-1})                     -0.2132          0.5946***       0.5946*                        -0.2200    
2026-03-03 09:40:54,222 - INFO -                                                 (   0.4430)   (   0.0701)   (   0.3479)                   (   0.4423) 
2026-03-03 09:40:54,238 - INFO -   Y_2,S2  (seg_S2 x nr x D_{t-1})                      0.0050                                                          0.0029    
2026-03-03 09:40:54,243 - INFO -                                                 (   0.0807)                                                   (   0.0796) 
2026-03-03 09:40:54,258 - INFO -   Y_2,S3  (seg_S3 x nr x D_{t-1})                      0.0636                                                          0.0605    
2026-03-03 09:40:54,260 - INFO -                                                 (   0.1327)                                                   (   0.1312) 
2026-03-03 09:40:54,277 - INFO -   Y_2,S4  (seg_S4 x nr x D_{t-1})                      0.1028                                                          0.0999    
2026-03-03 09:40:54,279 - INFO -                                                 (   0.1331)                                                   (   0.1312) 
2026-03-03 09:40:54,294 - INFO -   Y_2,S5  (seg_S5 x nr x D_{t-1})                      0.0579                                                          0.0593    
2026-03-03 09:40:54,296 - INFO -                                                 (   0.1532)                                                   (   0.1517) 
2026-03-03 09:40:54,313 - INFO -   beta_1 v^  (CF-cost, 1st)     662475.6595***   489798.9131***   -4906499.1071***   -4906499.1071***                                 
2026-03-03 09:40:54,316 - INFO -                                 (217822.2883)   (152199.3062)   (414559.9395)   (1753384.6066)                                 
2026-03-03 09:40:54,344 - INFO -   beta_2 v^^2 (CF-cost, 2nd)    119777.5291***   28519.1951      21592.1614**    21592.1614                                    
2026-03-03 09:40:54,347 - INFO -                                 (13816.7212)   (17808.5454)   (8882.9542)   (36690.5514)                                 
2026-03-03 09:40:54,362 - INFO -   beta_3 v^^3 (CF-cost, 3rd)      638.2603      -1032.6107**     9181.9720***    9181.9720                                    
2026-03-03 09:40:54,364 - INFO -                                 ( 722.7079)   ( 478.0230)   (1387.4653)   (5831.2902)                                 
2026-03-03 09:40:54,375 - INFO -   beta_1 v^H (CF-Hausman, 1st)                                                                  -552793.0764      -1405571.0836*** 
2026-03-03 09:40:54,376 - INFO -                                                                                                 (438555.8924)   (478663.6301) 
2026-03-03 09:40:54,387 - INFO -   beta_2 v^H^2 (CF-Hausman, 2nd)                                                                  98892.1466***   40656.9958*** 
2026-03-03 09:40:54,389 - INFO -                                                                                                 (9933.0310)   (11305.5435) 
2026-03-03 09:40:54,400 - INFO -   beta_3 v^H^3 (CF-Hausman, 3rd)                                                                   1725.4571       2586.0934**  
2026-03-03 09:40:54,403 - INFO -                                                                                                 (1128.2501)   (1142.7676) 
2026-03-03 09:40:54,408 - INFO - ------------------------------------------------------------------------------------------------------------------------------
2026-03-03 09:40:54,411 - INFO -   N                                     61,765          61,670          61,765          61,765          61,765          61,670
2026-03-03 09:40:54,427 - INFO -   R^2                                   0.9607          0.9655          0.9910          0.9910          0.9606          0.9656
2026-03-03 09:40:54,429 - INFO -   InstxType FE                              No              No             Yes             Yes              No              No
2026-03-03 09:40:54,433 - INFO -   Time FE                                   No              No             Yes             Yes              No              No
2026-03-03 09:40:54,435 - INFO -   SE type                            HC-robust       HC-robust       HC-robust      Inst-clust       HC-robust       HC-robust
2026-03-03 09:40:54,440 - INFO - ------------------------------------------------------------------------------------------------------------------------------
2026-03-03 09:40:54,467 - INFO - Supply specs available: ['(1) Natl', '(2) +Bank', '(3) +FE', '(4) Clust', '(5) CF Natl', '(6) CF+Bank', '(7) CF+FE', '(8) CF+Clust', '(9) CF-Haus', '(10) CF-H+Bank']
2026-03-03 09:40:54,469 - INFO - 
>>> Step 2: Computing structural sleeping-deposit predictions ...
2026-03-03 09:40:54,569 - INFO -   Supply spec '(1) Natl': hat_Y computed for 86,115 obs (struct cols = ['nr_lag', 'selic_nr_lag'])
2026-03-03 09:40:54,595 - INFO -   Supply spec '(2) +Bank': hat_Y computed for 85,979 obs (struct cols = ['nr_lag', 'selic_nr_lag', 'logA_nr_lag', 'eq_nr_lag', 'seg_S2_nr_lag', 'seg_S3_nr_lag', 'seg_S4_nr_lag', 'seg_S5_nr_lag'])
2026-03-03 09:40:54,616 - INFO -   Supply spec '(3) +FE': hat_Y computed for 86,115 obs (struct cols = ['nr_lag', 'selic_nr_lag', 'logA_nr_lag', 'eq_nr_lag'])
2026-03-03 09:40:54,631 - INFO -   Supply spec '(4) Clust': hat_Y computed for 86,115 obs (struct cols = ['nr_lag', 'selic_nr_lag', 'logA_nr_lag', 'eq_nr_lag'])
2026-03-03 09:40:54,643 - INFO -   Supply spec '(5) CF Natl': hat_Y computed for 86,115 obs (struct cols = ['nr_lag', 'selic_nr_lag'])
2026-03-03 09:40:54,667 - INFO -   Supply spec '(6) CF+Bank': hat_Y computed for 85,979 obs (struct cols = ['nr_lag', 'selic_nr_lag', 'logA_nr_lag', 'eq_nr_lag', 'seg_S2_nr_lag', 'seg_S3_nr_lag', 'seg_S4_nr_lag', 'seg_S5_nr_lag'])
2026-03-03 09:40:54,691 - INFO -   Supply spec '(7) CF+FE': hat_Y computed for 86,115 obs (struct cols = ['nr_lag', 'selic_nr_lag', 'logA_nr_lag', 'eq_nr_lag'])
2026-03-03 09:40:54,708 - INFO -   Supply spec '(8) CF+Clust': hat_Y computed for 86,115 obs (struct cols = ['nr_lag', 'selic_nr_lag', 'logA_nr_lag', 'eq_nr_lag'])
2026-03-03 09:40:54,723 - INFO -   Supply spec '(9) CF-Haus': hat_Y computed for 86,115 obs (struct cols = ['nr_lag', 'selic_nr_lag'])
2026-03-03 09:40:54,753 - INFO -   Supply spec '(10) CF-H+Bank': hat_Y computed for 85,979 obs (struct cols = ['nr_lag', 'selic_nr_lag', 'logA_nr_lag', 'eq_nr_lag', 'seg_S2_nr_lag', 'seg_S3_nr_lag', 'seg_S4_nr_lag', 'seg_S5_nr_lag'])
2026-03-03 09:40:54,760 - INFO - 
>>> Step 3: Active deposit diagnostics by supply spec ...
2026-03-03 09:40:54,780 - INFO -   '(1) Natl': active>0=65.0%, active=0=35.0%, mean(active|active>0)=92065707.3
2026-03-03 09:40:54,798 - INFO -   '(2) +Bank': active>0=40.8%, active=0=59.0%, mean(active|active>0)=111701569.5
2026-03-03 09:40:54,821 - INFO -   '(3) +FE': active>0=34.8%, active=0=65.2%, mean(active|active>0)=124880993.2
2026-03-03 09:40:54,839 - INFO -   '(4) Clust': active>0=34.8%, active=0=65.2%, mean(active|active>0)=124880993.2
2026-03-03 09:40:54,860 - INFO -   '(5) CF Natl': active>0=54.1%, active=0=45.9%, mean(active|active>0)=89486762.5
2026-03-03 09:40:54,879 - INFO -   '(6) CF+Bank': active>0=33.4%, active=0=66.4%, mean(active|active>0)=120684685.9
2026-03-03 09:40:54,910 - INFO -   '(7) CF+FE': active>0=24.2%, active=0=75.8%, mean(active|active>0)=145014740.2
2026-03-03 09:40:54,927 - INFO -   '(8) CF+Clust': active>0=24.2%, active=0=75.8%, mean(active|active>0)=145014740.2
2026-03-03 09:40:54,948 - INFO -   '(9) CF-Haus': active>0=53.8%, active=0=46.2%, mean(active|active>0)=89432274.7
2026-03-03 09:40:54,965 - INFO -   '(10) CF-H+Bank': active>0=32.8%, active=0=67.0%, mean(active|active>0)=122339828.7
2026-03-03 09:40:54,968 - INFO - 
>>> Step 4: Estimating Berry (1994) demand equation ...
2026-03-03 09:40:54,998 - INFO - Demand -- type-interacted spread columns: ['spread_T1', 'spread_T2', 'spread_T3', 'spread_T4', 'spread_T5']
2026-03-03 09:40:55,116 - INFO - Endogenous types [4, 5]: 40,552 obs (47.1% of full sample)
2026-03-03 09:40:55,128 - INFO - Demand CF cost shifters (types 4-5): ['cosif_lag', 'log_assets_std', 'equity_ratio', 'lagged_cdi', 'lagged_selic', 'personnel_cost_ratio_lag', 'admin_cost_ratio_lag']
2026-03-03 09:40:55,289 - INFO - Demand CF-A (types 4-5): N=29,718, R^2=0.1168
2026-03-03 09:40:55,317 - INFO -   Joint F (cost vars): 255.54 (strong)
2026-03-03 09:40:55,622 - INFO - Demand CF-B (types 4-5, +Hausman IV): N=29,718, R^2=0.2231
2026-03-03 09:40:55,631 - INFO -   F (Hausman IV): 2745.70 (strong)
2026-03-03 09:40:55,977 - INFO - 
=== Demand: supply spec '(1) Natl' | N_valid=55,989, N_zero_active=30,126 / 86,115 ===
2026-03-03 09:40:55,984 - INFO -   log(s_active): mean=-9.5850, sd=2.4759
2026-03-03 09:40:56,279 - INFO -   D(1) Natl spread_T1: coef=-4.132135 (SE=0.010883, p=0.0000)***
2026-03-03 09:40:56,284 - INFO -   D(1) Natl spread_T2: coef=-10.417012 (SE=0.090745, p=0.0000)***
2026-03-03 09:40:56,292 - INFO -   D(1) Natl spread_T3: coef=-709.802931 (SE=25.598131, p=0.0000)***
2026-03-03 09:40:56,299 - INFO -   D(1) Natl spread_T4: coef=0.313655 (SE=0.000982, p=0.0000)***
2026-03-03 09:40:56,308 - INFO -   D(1) Natl spread_T5: coef=-2.982550 (SE=0.052827, p=0.0000)***
2026-03-03 09:40:56,498 - INFO - 
=== Demand: supply spec '(2) +Bank' | N_valid=35,157, N_zero_active=50,822 / 86,115 ===
2026-03-03 09:40:56,505 - INFO -   log(s_active): mean=-9.4750, sd=2.6969
2026-03-03 09:40:56,692 - INFO -   D(2) +Bank spread_T1: coef=-4.169665 (SE=0.017401, p=0.0000)***
2026-03-03 09:40:56,698 - INFO -   D(2) +Bank spread_T2: coef=-10.309729 (SE=0.120164, p=0.0000)***
2026-03-03 09:40:56,707 - INFO -   D(2) +Bank spread_T3: coef=-654.225160 (SE=28.520620, p=0.0000)***
2026-03-03 09:40:56,717 - INFO -   D(2) +Bank spread_T4: coef=0.314563 (SE=0.001194, p=0.0000)***
2026-03-03 09:40:56,726 - INFO -   D(2) +Bank spread_T5: coef=-2.993007 (SE=0.068821, p=0.0000)***
2026-03-03 09:40:56,889 - INFO - 
=== Demand: supply spec '(3) +FE' | N_valid=29,934, N_zero_active=56,181 / 86,115 ===
2026-03-03 09:40:56,894 - INFO -   log(s_active): mean=-9.1632, sd=2.6324
2026-03-03 09:41:09,533 - INFO -   D(3) +FE spread_T1: coef=-5.486592 (SE=0.020214, p=0.0000)***
2026-03-03 09:41:09,540 - INFO -   D(3) +FE spread_T2: coef=-13.509389 (SE=0.128426, p=0.0000)***
2026-03-03 09:41:09,551 - INFO -   D(3) +FE spread_T3: coef=-1908.231773 (SE=88.102728, p=0.0000)***
2026-03-03 09:41:09,561 - INFO -   D(3) +FE spread_T4: coef=0.508448 (SE=0.001177, p=0.0000)***
2026-03-03 09:41:09,572 - INFO -   D(3) +FE spread_T5: coef=-5.044449 (SE=0.239315, p=0.0000)***
2026-03-03 09:41:09,733 - INFO - 
=== Demand: supply spec '(4) Clust' | N_valid=29,934, N_zero_active=56,181 / 86,115 ===
2026-03-03 09:41:09,740 - INFO -   log(s_active): mean=-9.1632, sd=2.6324
2026-03-03 09:41:21,833 - INFO -   D(4) Clust spread_T1: coef=-5.486592 (SE=0.059884, p=0.0000)***
2026-03-03 09:41:21,840 - INFO -   D(4) Clust spread_T2: coef=-13.509389 (SE=0.280824, p=0.0000)***
2026-03-03 09:41:21,845 - INFO -   D(4) Clust spread_T3: coef=-1908.231773 (SE=148.413530, p=0.0000)***
2026-03-03 09:41:21,856 - INFO -   D(4) Clust spread_T4: coef=0.508448 (SE=0.005669, p=0.0000)***
2026-03-03 09:41:21,866 - INFO -   D(4) Clust spread_T5: coef=-5.044449 (SE=0.361755, p=0.0000)***
2026-03-03 09:41:22,063 - INFO - 
=== Demand: supply spec '(5) CF Natl' | N_valid=46,557, N_zero_active=39,558 / 86,115 ===
2026-03-03 09:41:22,073 - INFO -   log(s_active): mean=-9.3891, sd=2.4330
2026-03-03 09:41:22,360 - INFO -   D(5) CF Natl spread_T1: coef=-4.052119 (SE=0.012251, p=0.0000)***
2026-03-03 09:41:22,370 - INFO -   D(5) CF Natl spread_T2: coef=-10.451239 (SE=0.094774, p=0.0000)***
2026-03-03 09:41:22,379 - INFO -   D(5) CF Natl spread_T3: coef=-660.214195 (SE=26.698558, p=0.0000)***
2026-03-03 09:41:22,388 - INFO -   D(5) CF Natl spread_T4: coef=0.414003 (SE=0.002550, p=0.0000)***
2026-03-03 09:41:22,399 - INFO -   D(5) CF Natl spread_T5: coef=-2.955924 (SE=0.055439, p=0.0000)***
2026-03-03 09:41:22,574 - INFO - 
=== Demand: supply spec '(6) CF+Bank' | N_valid=28,804, N_zero_active=57,175 / 86,115 ===
2026-03-03 09:41:22,580 - INFO -   log(s_active): mean=-9.1180, sd=2.5799
2026-03-03 09:41:22,753 - INFO -   D(6) CF+Bank spread_T1: coef=-4.050085 (SE=0.020669, p=0.0000)***
2026-03-03 09:41:22,759 - INFO -   D(6) CF+Bank spread_T2: coef=-10.478236 (SE=0.122543, p=0.0000)***
2026-03-03 09:41:22,766 - INFO -   D(6) CF+Bank spread_T3: coef=-627.869135 (SE=31.608310, p=0.0000)***
2026-03-03 09:41:22,775 - INFO -   D(6) CF+Bank spread_T4: coef=0.415313 (SE=0.002905, p=0.0000)***
2026-03-03 09:41:22,783 - INFO -   D(6) CF+Bank spread_T5: coef=-2.923411 (SE=0.069849, p=0.0000)***
2026-03-03 09:41:22,886 - INFO - 
=== Demand: supply spec '(7) CF+FE' | N_valid=20,810, N_zero_active=65,305 / 86,115 ===
2026-03-03 09:41:22,891 - INFO -   log(s_active): mean=-8.6867, sd=2.5402
2026-03-03 09:41:34,162 - INFO -   D(7) CF+FE spread_T1: coef=-4.710228 (SE=0.022276, p=0.0000)***
2026-03-03 09:41:34,166 - INFO -   D(7) CF+FE spread_T2: coef=-13.880222 (SE=0.146740, p=0.0000)***
2026-03-03 09:41:34,171 - INFO -   D(7) CF+FE spread_T3: coef=-1591.895936 (SE=64.261682, p=0.0000)***
2026-03-03 09:41:34,177 - INFO -   D(7) CF+FE spread_T4: coef=0.517351 (SE=0.002130, p=0.0000)***
2026-03-03 09:41:34,186 - INFO -   D(7) CF+FE spread_T5: coef=-4.339760 (SE=0.230341, p=0.0000)***
2026-03-03 09:41:34,296 - INFO - 
=== Demand: supply spec '(8) CF+Clust' | N_valid=20,810, N_zero_active=65,305 / 86,115 ===
2026-03-03 09:41:34,299 - INFO -   log(s_active): mean=-8.6867, sd=2.5402
2026-03-03 09:41:45,873 - INFO -   D(8) CF+Clust spread_T1: coef=-4.710228 (SE=0.054346, p=0.0000)***
2026-03-03 09:41:45,881 - INFO -   D(8) CF+Clust spread_T2: coef=-13.880222 (SE=0.280434, p=0.0000)***
2026-03-03 09:41:45,894 - INFO -   D(8) CF+Clust spread_T3: coef=-1591.895936 (SE=103.144784, p=0.0000)***
2026-03-03 09:41:45,905 - INFO -   D(8) CF+Clust spread_T4: coef=0.517351 (SE=0.008842, p=0.0000)***
2026-03-03 09:41:45,917 - INFO -   D(8) CF+Clust spread_T5: coef=-4.339760 (SE=0.354401, p=0.0000)***
2026-03-03 09:41:46,159 - INFO - 
=== Demand: supply spec '(9) CF-Haus' | N_valid=46,344, N_zero_active=39,771 / 86,115 ===
2026-03-03 09:41:46,165 - INFO -   log(s_active): mean=-9.3855, sd=2.4329
2026-03-03 09:41:46,420 - INFO -   D(9) CF-Haus spread_T1: coef=-4.050253 (SE=0.012278, p=0.0000)***
2026-03-03 09:41:46,428 - INFO -   D(9) CF-Haus spread_T2: coef=-10.464437 (SE=0.095389, p=0.0000)***
2026-03-03 09:41:46,438 - INFO -   D(9) CF-Haus spread_T3: coef=-659.958306 (SE=26.910025, p=0.0000)***
2026-03-03 09:41:46,450 - INFO -   D(9) CF-Haus spread_T4: coef=0.408343 (SE=0.001731, p=0.0000)***
2026-03-03 09:41:46,462 - INFO -   D(9) CF-Haus spread_T5: coef=-2.958746 (SE=0.055534, p=0.0000)***
2026-03-03 09:41:46,637 - INFO - 
=== Demand: supply spec '(10) CF-H+Bank' | N_valid=28,280, N_zero_active=57,699 / 86,115 ===
2026-03-03 09:41:46,643 - INFO -   log(s_active): mean=-9.0997, sd=2.5755
2026-03-03 09:41:46,812 - INFO -   D(10) CF-H+Bank spread_T1: coef=-4.040676 (SE=0.020909, p=0.0000)***
2026-03-03 09:41:46,818 - INFO -   D(10) CF-H+Bank spread_T2: coef=-10.462621 (SE=0.122400, p=0.0000)***
2026-03-03 09:41:46,828 - INFO -   D(10) CF-H+Bank spread_T3: coef=-627.015226 (SE=31.564851, p=0.0000)***
2026-03-03 09:41:46,840 - INFO -   D(10) CF-H+Bank spread_T4: coef=0.415727 (SE=0.002936, p=0.0000)***
2026-03-03 09:41:46,853 - INFO -   D(10) CF-H+Bank spread_T5: coef=-2.924624 (SE=0.070330, p=0.0000)***
2026-03-03 09:41:46,892 - INFO - 
>>> Step 5: Exporting demand results ...
2026-03-03 09:41:46,986 - INFO - Demand results exported to c:\Users\pedro\OneDrive\Documentos\Yale\Year 3 (2024 - 2025)\Open Finance\Open-Finance\BCB\Egan_et_al_2025_Rep\processed\ESTIMATION_OUTPUT\demand_results_institution.csv
2026-03-03 09:41:47,149 - INFO - Demand LaTeX table exported to c:\Users\pedro\OneDrive\Documentos\Yale\Year 3 (2024 - 2025)\Open Finance\Open-Finance\BCB\Egan_et_al_2025_Rep\processed\ESTIMATION_OUTPUT\demand_table_institution.tex
2026-03-03 09:41:47,153 - INFO - Demand specs estimated: ['D(1) Natl', 'D(2) +Bank', 'D(3) +FE', 'D(4) Clust', 'D(5) CF Natl', 'D(6) CF+Bank', 'D(7) CF+FE', 'D(8) CF+Clust', 'D(9) CF-Haus', 'D(10) CF-H+Bank']
2026-03-03 09:41:47,155 - INFO - Done -- estimation_demand_2.py complete.
