2026-03-01 14:03:25,353 - INFO - ================================================================================
2026-03-01 14:03:25,355 - INFO - DEMAND ESTIMATION — CONGLOMERATE LEVEL
2026-03-01 14:03:25,359 - INFO - Berry (1994) active market shares | estimation_demand_1.py
2026-03-01 14:03:25,363 - INFO - ================================================================================
2026-03-01 14:03:25,367 - INFO - 
>>> Step 1: Loading panel and running supply estimation ...
2026-03-01 14:03:25,371 - INFO - Loading panel ...
2026-03-01 14:03:29,419 - INFO - Raw panel: 241,519 rows, 31 cols
2026-03-01 14:03:29,424 - INFO -   total_assets coverage: 241,519 / 241,519
2026-03-01 14:03:29,431 - INFO -   equity_ratio coverage: 239,294 / 241,519
2026-03-01 14:03:29,478 - INFO -   segment coverage: 230,256 / 241,519
2026-03-01 14:03:29,841 - INFO - log_total_assets: mean=19.79, sd=2.57 (standardized for estimation)
2026-03-01 14:03:30,201 - INFO - Winsorized deposit_balance at [p1,p99]=[297.8,34626022396.7]: dropped 1,366 outliers
2026-03-01 14:03:30,201 - INFO - Estimation sample: 66,903 rows
2026-03-01 14:03:30,219 - INFO -   Banks:    1236
2026-03-01 14:03:30,223 - INFO -   Quarters: 37
2026-03-01 14:03:30,233 - INFO -   Types:    [np.int64(1), np.int64(2), np.int64(3), np.int64(4), np.int64(5)]
2026-03-01 14:03:30,238 - INFO - Dep var (deposit_balance, levels) summary:
2026-03-01 14:03:30,257 - INFO -   mean=470784318.3, sd=2003063602.1, p5=841909.3, p95=1711527799.3
2026-03-01 14:03:30,257 - INFO - nr_lag (nr × D_{t-1}) summary:
2026-03-01 14:03:30,274 - INFO -   mean=429269688.034755, sd=1877534941.326732
2026-03-01 14:03:30,276 - INFO - Lagged Selic (p.a.) summary:
2026-03-01 14:03:30,294 - INFO -   mean=9.29, sd=4.10, min=2.00, max=15.00
2026-03-01 14:03:30,307 - INFO - Segment distribution: {'S5': 39798, 'S4': 18039, 'S3': 4787, 'S2': 986, 'S1': 392}
2026-03-01 14:03:30,327 - INFO - ================================================================================
2026-03-01 14:03:30,329 - INFO - STRUCTURAL ESTIMATION: deposit_balance = phi(S,X) × nr × D_{t-1}
2026-03-01 14:03:30,333 - INFO -   phi(S,X) = Υ'_1 S_t + Υ'_2 X_jt  (Egan et al. 2025, Table 3)
2026-03-01 14:03:30,340 - INFO - ================================================================================
2026-03-01 14:03:35,011 - INFO - Dep var: Dep_jkt (levels)     
2026-03-01 14:03:35,015 - INFO - ----------------------------------------------------------------------------------------------
2026-03-01 14:03:35,019 - INFO -                                       (1) Natl       (2) +Bank         (3) +FE       (4) Clust
2026-03-01 14:03:35,029 - INFO - ----------------------------------------------------------------------------------------------
2026-03-01 14:03:35,207 - INFO -   Υ_1,cons  (nr × D_{t-1})          1.0738***       0.9713***       1.4373***       1.4373*** 
2026-03-01 14:03:35,211 - INFO -                                 (   0.0216)   (   0.2216)   (   0.1491)   (   0.1588) 
2026-03-01 14:03:35,227 - INFO -   Υ_1,RF   (selic × nr × D_{t-1})     -0.0027         -0.0063*        -0.0015         -0.0015    
2026-03-01 14:03:35,234 - INFO -                                 (   0.0027)   (   0.0037)   (   0.0017)   (   0.0020) 
2026-03-01 14:03:35,247 - INFO -   Υ_2,size (logA × nr × D_{t-1})                      0.0293         -0.1242***      -0.1242**  
2026-03-01 14:03:35,253 - INFO -                                                 (   0.0782)   (   0.0461)   (   0.0520) 
2026-03-01 14:03:35,270 - INFO -   Υ_2,eq   (E/A × nr × D_{t-1})                     -0.2937*        -1.3216***      -1.3216*** 
2026-03-01 14:03:35,276 - INFO -                                                 (   0.1696)   (   0.4440)   (   0.4656) 
2026-03-01 14:03:35,286 - INFO -   Υ_2,S2  (seg_S2 × nr × D_{t-1})                      0.1144                                    
2026-03-01 14:03:35,291 - INFO -                                                 (   0.0919)                                 
2026-03-01 14:03:35,308 - INFO -   Υ_2,S3  (seg_S3 × nr × D_{t-1})                      0.2084                                    
2026-03-01 14:03:35,312 - INFO -                                                 (   0.1335)                                 
2026-03-01 14:03:35,325 - INFO -   Υ_2,S4  (seg_S4 × nr × D_{t-1})                      0.2089                                    
2026-03-01 14:03:35,331 - INFO -                                                 (   0.1679)                                 
2026-03-01 14:03:35,345 - INFO -   Υ_2,S5  (seg_S5 × nr × D_{t-1})                      0.2729                                    
2026-03-01 14:03:35,351 - INFO -                                                 (   0.2220)                                 
2026-03-01 14:03:35,358 - INFO - ----------------------------------------------------------------------------------------------
2026-03-01 14:03:35,362 - INFO -   N                                     66,903          66,901          66,903          66,903
2026-03-01 14:03:35,375 - INFO -   R²                                    0.9597          0.9637          0.8287          0.8287
2026-03-01 14:03:35,379 - INFO -   Bank×Type FE                              No              No             Yes             Yes
2026-03-01 14:03:35,388 - INFO -   Time FE                                   No              No             Yes             Yes
2026-03-01 14:03:35,395 - INFO -   SE type                            HC-robust       HC-robust       HC-robust      Bank-clust
2026-03-01 14:03:35,406 - INFO - ----------------------------------------------------------------------------------------------
2026-03-01 14:03:35,412 - INFO - Interpretation guide:
2026-03-01 14:03:35,418 - INFO -   Υ_1,cons = coef on nr_lag = phi_cons (retention scaling factor)
2026-03-01 14:03:35,425 - INFO -   Υ_1,RF < 0 means depositors sleepier when rates are low
2026-03-01 14:03:35,434 - INFO -   Υ_2,size > 0 means larger banks retain more deposits
2026-03-01 14:03:35,453 - INFO - Baseline retention coef on nr_lag (Spec 1): 1.0738
2026-03-01 14:03:35,477 - INFO - ================================================================================
2026-03-01 14:03:35,486 - INFO - CONTROL FUNCTION ESTIMATION (semi-parametric CF) [CONGLOMERATE]
2026-03-01 14:03:35,496 - INFO -   Stage 1: spread_jkt ~ cost_shifters + type_dummies  -->  v_hat
2026-03-01 14:03:35,505 - INFO -   Stage 2: deposit_balance = phi(S,X)*nr*D_{t-1} + b1*v + b2*v^2 + b3*v^3 + eps
2026-03-01 14:03:35,513 - INFO -   All deposit types treated as potentially endogenous.
2026-03-01 14:03:35,528 - INFO - ================================================================================
2026-03-01 14:03:35,554 - INFO - First-stage cost shifters: ['cosif_lag', 'log_assets_std', 'equity_ratio', 'lagged_cdi', 'lagged_selic', 'personnel_cost_ratio_lag', 'admin_cost_ratio_lag']
2026-03-01 14:03:35,809 - INFO - First-stage A — N=48,572, R²=0.4579
2026-03-01 14:03:35,816 - INFO -   cosif_lag: coef=-0.206575, p=0.0000
2026-03-01 14:03:35,820 - INFO -   log_assets_std: coef=-0.066765, p=0.2694
2026-03-01 14:03:35,836 - INFO -   equity_ratio: coef=-1.024838, p=0.0000
2026-03-01 14:03:35,842 - INFO -   lagged_cdi: coef=5.099827, p=0.0000
2026-03-01 14:03:35,853 - INFO -   lagged_selic: coef=-1.354892, p=0.0000
2026-03-01 14:03:35,861 - INFO -   personnel_cost_ratio_lag: coef=56.905618, p=0.0000
2026-03-01 14:03:35,869 - INFO -   admin_cost_ratio_lag: coef=-0.122374, p=0.7851
2026-03-01 14:03:35,884 - INFO -   type2_d: coef=1.776860, p=0.0000
2026-03-01 14:03:35,895 - INFO -   type3_d: coef=2.444032, p=0.0000
2026-03-01 14:03:35,908 - INFO -   type4_d: coef=13.776797, p=0.0000
2026-03-01 14:03:35,918 - INFO -   type5_d: coef=-1.035238, p=0.0000
2026-03-01 14:03:35,965 - INFO -   Joint F (cost vars): 1387.74 (strong)
2026-03-01 14:03:36,110 - INFO - Computing Hausman IV (leave-one-out spread mean by type x quarter) ...
2026-03-01 14:03:36,450 - INFO - First-stage B — N=48,572, R²=0.6229
2026-03-01 14:03:36,460 - INFO -   hausman_iv_spread: coef=1.284632, p=0.0000
2026-03-01 14:03:36,470 - INFO -   cosif_lag: coef=-0.025066, p=0.0000
2026-03-01 14:03:36,487 - INFO -   log_assets_std: coef=-0.356095, p=0.0000
2026-03-01 14:03:36,500 - INFO -   equity_ratio: coef=-3.202099, p=0.0000
2026-03-01 14:03:36,509 - INFO -   lagged_cdi: coef=-0.127088, p=0.4760
2026-03-01 14:03:36,520 - INFO -   lagged_selic: coef=0.049475, p=0.2416
2026-03-01 14:03:36,531 - INFO -   personnel_cost_ratio_lag: coef=10.710681, p=0.0277
2026-03-01 14:03:36,550 - INFO -   admin_cost_ratio_lag: coef=0.083304, p=0.7881
2026-03-01 14:03:36,570 - INFO -   F (Hausman IV): 12207.88 (strong)
2026-03-01 14:03:36,760 - INFO - CF residuals (Cost-only): N=48,572, mean=-0.000000, sd=7.850400
2026-03-01 14:03:36,775 - INFO - CF residuals (Hausman): N=48,572, mean=-0.000000, sd=6.547397
2026-03-01 14:03:36,993 - INFO -   CF-Cost(5) cf_resid: -3665263.310440 (p=0.0000) ***
2026-03-01 14:03:36,999 - INFO -   CF-Cost(5) cf_resid_sq: 188353.882056 (p=0.0000) ***
2026-03-01 14:03:37,012 - INFO -   CF-Cost(5) cf_resid_cu: -569.797630 (p=0.5299) 
2026-03-01 14:03:37,044 - INFO -   CF-Cost(5) joint F on poly: 81.79 -> endogeneity
2026-03-01 14:03:37,386 - INFO -   CF-Cost(6) cf_resid: -3292488.093307 (p=0.0000) ***
2026-03-01 14:03:37,392 - INFO -   CF-Cost(6) cf_resid_sq: 42900.063022 (p=0.2475) 
2026-03-01 14:03:37,404 - INFO -   CF-Cost(6) cf_resid_cu: 2739.240523 (p=0.0115) **
2026-03-01 14:03:37,434 - INFO -   CF-Cost(6) joint F on poly: 68.73 -> endogeneity
2026-03-01 14:03:40,138 - INFO -   CF+FE(7) cf_resid: -2721025.606056 (p=0.0000)
2026-03-01 14:03:40,144 - INFO -   CF+FE(7) cf_resid_sq: -268949.425455 (p=0.0000)
2026-03-01 14:03:40,150 - INFO -   CF+FE(7) cf_resid_cu: 9753.207416 (p=0.0000)
2026-03-01 14:03:42,571 - INFO -   CF-Hausman(9) cf_resid_h: 1544664.122667 (p=0.0006) ***
2026-03-01 14:03:42,575 - INFO -   CF-Hausman(9) cf_resid_h_sq: 304406.286598 (p=0.0000) ***
2026-03-01 14:03:42,578 - INFO -   CF-Hausman(9) cf_resid_h_cu: -12956.122476 (p=0.0000) ***
2026-03-01 14:03:42,585 - INFO -   CF-Hausman(9) joint F on poly: 39.66 -> endogeneity
2026-03-01 14:03:42,684 - INFO -   CF-Hausman(10) cf_resid_h: 1461760.737248 (p=0.0007) ***
2026-03-01 14:03:42,685 - INFO -   CF-Hausman(10) cf_resid_h_sq: 205177.279345 (p=0.0000) ***
2026-03-01 14:03:42,686 - INFO -   CF-Hausman(10) cf_resid_h_cu: -10721.263593 (p=0.0000) ***
2026-03-01 14:03:42,689 - INFO -   CF-Hausman(10) joint F on poly: 20.11 -> endogeneity
2026-03-01 14:03:42,691 - INFO - Dep var: Dep_jkt (levels, CF) 
2026-03-01 14:03:42,691 - INFO - ------------------------------------------------------------------------------------------------------------------------------
2026-03-01 14:03:42,693 - INFO -                                    (5) CF Natl     (6) CF+Bank       (7) CF+FE    (8) CF+Clust     (9) CF-Haus  (10) CF-H+Bank
2026-03-01 14:03:42,694 - INFO - ------------------------------------------------------------------------------------------------------------------------------
2026-03-01 14:03:42,729 - INFO -   Υ_1,cons  (nr × D_{t-1})          1.0614***       1.0837***       1.4291***       1.4291***       1.0614***       1.0775*** 
2026-03-01 14:03:42,731 - INFO -                                 (   0.0263)   (   0.1516)   (   0.1333)   (   0.1792)   (   0.0261)   (   0.1503) 
2026-03-01 14:03:42,735 - INFO -   Υ_1,RF   (selic × nr × D_{t-1})      0.0015         -0.0015         -0.0015         -0.0015          0.0014         -0.0016    
2026-03-01 14:03:42,737 - INFO -                                 (   0.0029)   (   0.0022)   (   0.0020)   (   0.0017)   (   0.0029)   (   0.0022) 
2026-03-01 14:03:42,741 - INFO -   Υ_2,size (logA × nr × D_{t-1})                     -0.0259         -0.1100***      -0.1100*                        -0.0237    
2026-03-01 14:03:42,741 - INFO -                                                 (   0.0391)   (   0.0359)   (   0.0590)                   (   0.0387) 
2026-03-01 14:03:42,745 - INFO -   Υ_2,eq   (E/A × nr × D_{t-1})                     -0.0367         -0.9592**       -0.9592*                        -0.0413    
2026-03-01 14:03:42,748 - INFO -                                                 (   0.2033)   (   0.4696)   (   0.5722)                   (   0.2027) 
2026-03-01 14:03:42,752 - INFO -   Υ_2,S2  (seg_S2 × nr × D_{t-1})                      0.0668                                                          0.0689    
2026-03-01 14:03:42,752 - INFO -                                                 (   0.0527)                                                   (   0.0523) 
2026-03-01 14:03:42,757 - INFO -   Υ_2,S3  (seg_S3 × nr × D_{t-1})                      0.1633***                                                       0.1654*** 
2026-03-01 14:03:42,758 - INFO -                                                 (   0.0561)                                                   (   0.0556) 
2026-03-01 14:03:42,760 - INFO -   Υ_2,S4  (seg_S4 × nr × D_{t-1})                      0.0439                                                          0.0476    
2026-03-01 14:03:42,760 - INFO -                                                 (   0.0895)                                                   (   0.0890) 
2026-03-01 14:03:42,766 - INFO -   Υ_2,S5  (seg_S5 × nr × D_{t-1})                      0.0724                                                          0.0830    
2026-03-01 14:03:42,766 - INFO -                                                 (   0.0793)                                                   (   0.0791) 
2026-03-01 14:03:42,769 - INFO -   β₁ v̂  (CF-cost, 1st)         -3665263.3104***   -3292488.0933***   -2721025.6061***   -2721025.6061***                                 
2026-03-01 14:03:42,770 - INFO -                                 (267627.2732)   (229587.0574)   (322706.3969)   (564621.6369)                                 
2026-03-01 14:03:42,774 - INFO -   β₂ v̂² (CF-cost, 2nd)         188353.8821***   42900.0630      -268949.4255***   -268949.4255***                                 
2026-03-01 14:03:42,774 - INFO -                                 (26703.4120)   (37094.9831)   (35050.4290)   (65321.3276)                                 
2026-03-01 14:03:42,779 - INFO -   β₃ v̂³ (CF-cost, 3rd)          -569.7976       2739.2405**     9753.2074***    9753.2074***                                 
2026-03-01 14:03:42,784 - INFO -                                 ( 907.1023)   (1083.5174)   (1056.5692)   (1763.9971)                                 
2026-03-01 14:03:42,787 - INFO -   β₁ v̂ᴴ (CF-Hausman, 1st)                                                                      1544664.1227***   1461760.7372*** 
2026-03-01 14:03:42,788 - INFO -                                                                                                 (451304.0892)   (431288.0028) 
2026-03-01 14:03:42,792 - INFO -   β₂ v̂ᴴ² (CF-Hausman, 2nd)                                                                     304406.2866***   205177.2793*** 
2026-03-01 14:03:42,795 - INFO -                                                                                                 (28551.9813)   (36597.6814) 
2026-03-01 14:03:42,806 - INFO -   β₃ v̂ᴴ³ (CF-Hausman, 3rd)                                                                     -12956.1225***   -10721.2636*** 
2026-03-01 14:03:42,807 - INFO -                                                                                                 (1457.9093)   (1582.1794) 
2026-03-01 14:03:42,809 - INFO - ------------------------------------------------------------------------------------------------------------------------------
2026-03-01 14:03:42,810 - INFO -   N                                     48,572          48,572          48,572          48,572          48,572          48,572
2026-03-01 14:03:42,814 - INFO -   R²                                    0.9662          0.9709          0.8747          0.8747          0.9663          0.9710
2026-03-01 14:03:42,814 - INFO -   Bank×Type FE                              No              No             Yes             Yes              No              No
2026-03-01 14:03:42,817 - INFO -   Time FE                                   No              No             Yes             Yes              No              No
2026-03-01 14:03:42,818 - INFO -   SE type                            HC-robust       HC-robust       HC-robust      Bank-clust       HC-robust       HC-robust
2026-03-01 14:03:42,819 - INFO - ------------------------------------------------------------------------------------------------------------------------------
2026-03-01 14:03:42,826 - INFO - Supply specs available: ['(1) Natl', '(2) +Bank', '(3) +FE', '(4) Clust', '(5) CF Natl', '(6) CF+Bank', '(7) CF+FE', '(8) CF+Clust', '(9) CF-Haus', '(10) CF-H+Bank']
2026-03-01 14:03:42,827 - INFO - 
>>> Step 2: Computing structural sleeping-deposit predictions ...
2026-03-01 14:03:42,862 - INFO -   Supply spec '(1) Natl': hat_Y computed for 66,903 obs (struct cols = ['nr_lag', 'selic_nr_lag'])
2026-03-01 14:03:42,866 - INFO -   Supply spec '(2) +Bank': hat_Y computed for 66,901 obs (struct cols = ['nr_lag', 'selic_nr_lag', 'logA_nr_lag', 'eq_nr_lag', 'seg_S2_nr_lag', 'seg_S3_nr_lag', 'seg_S4_nr_lag', 'seg_S5_nr_lag'])
2026-03-01 14:03:42,872 - INFO -   Supply spec '(3) +FE': hat_Y computed for 66,903 obs (struct cols = ['nr_lag', 'selic_nr_lag', 'logA_nr_lag', 'eq_nr_lag'])
2026-03-01 14:03:42,875 - INFO -   Supply spec '(4) Clust': hat_Y computed for 66,903 obs (struct cols = ['nr_lag', 'selic_nr_lag', 'logA_nr_lag', 'eq_nr_lag'])
2026-03-01 14:03:42,879 - INFO -   Supply spec '(5) CF Natl': hat_Y computed for 66,903 obs (struct cols = ['nr_lag', 'selic_nr_lag'])
2026-03-01 14:03:42,886 - INFO -   Supply spec '(6) CF+Bank': hat_Y computed for 66,901 obs (struct cols = ['nr_lag', 'selic_nr_lag', 'logA_nr_lag', 'eq_nr_lag', 'seg_S2_nr_lag', 'seg_S3_nr_lag', 'seg_S4_nr_lag', 'seg_S5_nr_lag'])
2026-03-01 14:03:42,890 - INFO -   Supply spec '(7) CF+FE': hat_Y computed for 66,903 obs (struct cols = ['nr_lag', 'selic_nr_lag', 'logA_nr_lag', 'eq_nr_lag'])
2026-03-01 14:03:42,896 - INFO -   Supply spec '(8) CF+Clust': hat_Y computed for 66,903 obs (struct cols = ['nr_lag', 'selic_nr_lag', 'logA_nr_lag', 'eq_nr_lag'])
2026-03-01 14:03:42,900 - INFO -   Supply spec '(9) CF-Haus': hat_Y computed for 66,903 obs (struct cols = ['nr_lag', 'selic_nr_lag'])
2026-03-01 14:03:42,906 - INFO -   Supply spec '(10) CF-H+Bank': hat_Y computed for 66,901 obs (struct cols = ['nr_lag', 'selic_nr_lag', 'logA_nr_lag', 'eq_nr_lag', 'seg_S2_nr_lag', 'seg_S3_nr_lag', 'seg_S4_nr_lag', 'seg_S5_nr_lag'])
2026-03-01 14:03:42,910 - INFO - 
>>> Step 3: Active deposit diagnostics by supply spec ...
2026-03-01 14:03:42,915 - INFO -   '(1) Natl': active>0=57.0%, active=0=43.0%, mean(active|active>0)=79354390.3
2026-03-01 14:03:42,921 - INFO -   '(2) +Bank': active>0=57.6%, active=0=42.4%, mean(active|active>0)=72100072.3
2026-03-01 14:03:42,925 - INFO -   '(3) +FE': active>0=69.7%, active=0=30.3%, mean(active|active>0)=119596317.5
2026-03-01 14:03:42,931 - INFO -   '(4) Clust': active>0=69.7%, active=0=30.3%, mean(active|active>0)=119596317.5
2026-03-01 14:03:42,936 - INFO -   '(5) CF Natl': active>0=50.1%, active=0=49.9%, mean(active|active>0)=78753270.9
2026-03-01 14:03:42,941 - INFO -   '(6) CF+Bank': active>0=40.9%, active=0=59.1%, mean(active|active>0)=82778006.9
2026-03-01 14:03:42,949 - INFO -   '(7) CF+FE': active>0=53.3%, active=0=46.7%, mean(active|active>0)=100480558.6
2026-03-01 14:03:42,956 - INFO -   '(8) CF+Clust': active>0=53.3%, active=0=46.7%, mean(active|active>0)=100480558.6
2026-03-01 14:03:42,962 - INFO -   '(9) CF-Haus': active>0=50.2%, active=0=49.8%, mean(active|active>0)=78764571.7
2026-03-01 14:03:42,966 - INFO -   '(10) CF-H+Bank': active>0=41.1%, active=0=58.9%, mean(active|active>0)=82766266.0
2026-03-01 14:03:42,968 - INFO - 
>>> Step 4: Estimating Berry (1994) demand equation ...
2026-03-01 14:03:42,975 - INFO - Demand — type-interacted rate columns: ['rate_T1', 'rate_T2', 'rate_T3', 'rate_T4', 'rate_T5']
2026-03-01 14:03:42,981 - INFO - Demand CF cost shifters available: ['cosif_lag', 'log_assets_std', 'equity_ratio', 'lagged_cdi', 'lagged_selic', 'personnel_cost_ratio_lag', 'admin_cost_ratio_lag']
2026-03-01 14:03:43,103 - INFO - Demand CF-A first stage: N=48,572, R²=0.4541
2026-03-01 14:03:43,273 - INFO - Demand CF-B first stage: N=48,572, R²=0.6201
2026-03-01 14:03:43,391 - INFO - 
=== Demand: supply spec '(1) Natl' | N_valid=38,113, N_zero_active=28,790 / 66,903 ===
2026-03-01 14:03:43,393 - INFO -   log(s_active): mean=-8.0204, sd=2.3530
2026-03-01 14:03:43,453 - INFO -   D(1) Natl rate_T1: coef=0.000000 (SE=0.000000, p=nan)
2026-03-01 14:03:43,454 - INFO -   D(1) Natl rate_T2: coef=-2.956340 (SE=0.033383, p=0.0000)***
2026-03-01 14:03:43,456 - INFO -   D(1) Natl rate_T3: coef=-2.298949 (SE=0.024348, p=0.0000)***
2026-03-01 14:03:43,457 - INFO -   D(1) Natl rate_T4: coef=-0.368553 (SE=0.002198, p=0.0000)***
2026-03-01 14:03:43,459 - INFO -   D(1) Natl rate_T5: coef=-2.335467 (SE=0.039367, p=0.0000)***
2026-03-01 14:03:43,522 - INFO - 
=== Demand: supply spec '(2) +Bank' | N_valid=38,553, N_zero_active=28,348 / 66,903 ===
2026-03-01 14:03:43,523 - INFO -   log(s_active): mean=-8.1912, sd=2.3539
2026-03-01 14:03:43,584 - INFO -   D(2) +Bank rate_T1: coef=0.000000 (SE=0.000000, p=nan)
2026-03-01 14:03:43,586 - INFO -   D(2) +Bank rate_T2: coef=-2.948230 (SE=0.035201, p=0.0000)***
2026-03-01 14:03:43,586 - INFO -   D(2) +Bank rate_T3: coef=-2.448930 (SE=0.025294, p=0.0000)***
2026-03-01 14:03:43,588 - INFO -   D(2) +Bank rate_T4: coef=-0.363258 (SE=0.002185, p=0.0000)***
2026-03-01 14:03:43,588 - INFO -   D(2) +Bank rate_T5: coef=-2.390923 (SE=0.039036, p=0.0000)***
2026-03-01 14:03:43,660 - INFO - 
=== Demand: supply spec '(3) +FE' | N_valid=46,663, N_zero_active=20,240 / 66,903 ===
2026-03-01 14:03:43,662 - INFO -   log(s_active): mean=-8.2359, sd=2.2514
2026-03-01 14:03:56,226 - INFO -   D(3) +FE rate_T1: coef=0.000000 (SE=0.000000, p=nan)
2026-03-01 14:03:56,233 - INFO -   D(3) +FE rate_T2: coef=-5.233630 (SE=0.057974, p=0.0000)***
2026-03-01 14:03:56,238 - INFO -   D(3) +FE rate_T3: coef=-4.449067 (SE=0.030962, p=0.0000)***
2026-03-01 14:03:56,245 - INFO -   D(3) +FE rate_T4: coef=-0.886071 (SE=0.001983, p=0.0000)***
2026-03-01 14:03:56,256 - INFO -   D(3) +FE rate_T5: coef=-4.116962 (SE=0.050274, p=0.0000)***
2026-03-01 14:03:56,488 - INFO - 
=== Demand: supply spec '(4) Clust' | N_valid=46,663, N_zero_active=20,240 / 66,903 ===
2026-03-01 14:03:56,496 - INFO -   log(s_active): mean=-8.2359, sd=2.2514
2026-03-01 14:04:06,521 - INFO -   D(4) Clust rate_T1: coef=0.000000 (SE=0.000000, p=nan)
2026-03-01 14:04:06,521 - INFO -   D(4) Clust rate_T2: coef=-5.233630 (SE=0.168496, p=0.0000)***
2026-03-01 14:04:06,521 - INFO -   D(4) Clust rate_T3: coef=-4.449067 (SE=0.101724, p=0.0000)***
2026-03-01 14:04:06,529 - INFO -   D(4) Clust rate_T4: coef=-0.886071 (SE=0.009363, p=0.0000)***
2026-03-01 14:04:06,529 - INFO -   D(4) Clust rate_T5: coef=-4.116962 (SE=0.124416, p=0.0000)***
2026-03-01 14:04:06,590 - INFO - 
=== Demand: supply spec '(5) CF Natl' | N_valid=33,532, N_zero_active=33,371 / 66,903 ===
2026-03-01 14:04:06,590 - INFO -   log(s_active): mean=-7.9231, sd=2.3526
2026-03-01 14:04:06,668 - INFO -   D(5) CF Natl rate_T1: coef=0.000000 (SE=0.000000, p=nan)
2026-03-01 14:04:06,673 - INFO -   D(5) CF Natl rate_T2: coef=-2.966042 (SE=0.049352, p=0.0000)***
2026-03-01 14:04:06,674 - INFO -   D(5) CF Natl rate_T3: coef=-2.473882 (SE=0.031415, p=0.0000)***
2026-03-01 14:04:06,678 - INFO -   D(5) CF Natl rate_T4: coef=-0.570648 (SE=0.004170, p=0.0000)***
2026-03-01 14:04:06,683 - INFO -   D(5) CF Natl rate_T5: coef=-2.688775 (SE=0.080626, p=0.0000)***
2026-03-01 14:04:06,772 - INFO - 
=== Demand: supply spec '(6) CF+Bank' | N_valid=27,384, N_zero_active=39,517 / 66,903 ===
2026-03-01 14:04:06,778 - INFO -   log(s_active): mean=-7.8135, sd=2.3993
2026-03-01 14:04:06,864 - INFO -   D(6) CF+Bank rate_T1: coef=0.000000 (SE=0.000000, p=nan)
2026-03-01 14:04:06,864 - INFO -   D(6) CF+Bank rate_T2: coef=-2.897337 (SE=0.053025, p=0.0000)***
2026-03-01 14:04:06,864 - INFO -   D(6) CF+Bank rate_T3: coef=-2.492388 (SE=0.032063, p=0.0000)***
2026-03-01 14:04:06,875 - INFO -   D(6) CF+Bank rate_T4: coef=-0.583149 (SE=0.005143, p=0.0000)***
2026-03-01 14:04:06,880 - INFO -   D(6) CF+Bank rate_T5: coef=-2.719488 (SE=0.082930, p=0.0000)***
2026-03-01 14:04:06,994 - INFO - 
=== Demand: supply spec '(7) CF+FE' | N_valid=35,649, N_zero_active=31,254 / 66,903 ===
2026-03-01 14:04:06,994 - INFO -   log(s_active): mean=-8.1339, sd=2.3733
2026-03-01 14:04:11,307 - INFO -   D(7) CF+FE rate_T1: coef=0.000000 (SE=0.000000, p=nan)
2026-03-01 14:04:11,307 - INFO -   D(7) CF+FE rate_T2: coef=-3.487767 (SE=0.048667, p=0.0000)***
2026-03-01 14:04:11,307 - INFO -   D(7) CF+FE rate_T3: coef=-3.594041 (SE=0.035504, p=0.0000)***
2026-03-01 14:04:11,315 - INFO -   D(7) CF+FE rate_T4: coef=-0.567598 (SE=0.009640, p=0.0000)***
2026-03-01 14:04:11,316 - INFO -   D(7) CF+FE rate_T5: coef=-2.556330 (SE=0.088238, p=0.0000)***
2026-03-01 14:04:11,406 - INFO - 
=== Demand: supply spec '(8) CF+Clust' | N_valid=35,649, N_zero_active=31,254 / 66,903 ===
2026-03-01 14:04:11,421 - INFO -   log(s_active): mean=-8.1339, sd=2.3733
2026-03-01 14:04:15,884 - INFO -   D(8) CF+Clust rate_T1: coef=0.000000 (SE=0.000000, p=nan)
2026-03-01 14:04:15,886 - INFO -   D(8) CF+Clust rate_T2: coef=-3.487767 (SE=0.106627, p=0.0000)***
2026-03-01 14:04:15,888 - INFO -   D(8) CF+Clust rate_T3: coef=-3.594041 (SE=0.095655, p=0.0000)***
2026-03-01 14:04:15,888 - INFO -   D(8) CF+Clust rate_T4: coef=-0.567598 (SE=0.031841, p=0.0000)***
2026-03-01 14:04:15,891 - INFO -   D(8) CF+Clust rate_T5: coef=-2.556330 (SE=0.214786, p=0.0000)***
2026-03-01 14:04:15,975 - INFO - 
=== Demand: supply spec '(9) CF-Haus' | N_valid=33,585, N_zero_active=33,318 / 66,903 ===
2026-03-01 14:04:15,977 - INFO -   log(s_active): mean=-7.9243, sd=2.3529
2026-03-01 14:04:16,043 - INFO -   D(9) CF-Haus rate_T1: coef=0.000000 (SE=0.000000, p=nan)
2026-03-01 14:04:16,043 - INFO -   D(9) CF-Haus rate_T2: coef=-2.923980 (SE=0.038779, p=0.0000)***
2026-03-01 14:04:16,047 - INFO -   D(9) CF-Haus rate_T3: coef=-2.389294 (SE=0.030275, p=0.0000)***
2026-03-01 14:04:16,048 - INFO -   D(9) CF-Haus rate_T4: coef=-0.613094 (SE=0.003864, p=0.0000)***
2026-03-01 14:04:16,051 - INFO -   D(9) CF-Haus rate_T5: coef=-2.865732 (SE=0.074743, p=0.0000)***
2026-03-01 14:04:16,104 - INFO - 
=== Demand: supply spec '(10) CF-H+Bank' | N_valid=27,497, N_zero_active=39,404 / 66,903 ===
2026-03-01 14:04:16,106 - INFO -   log(s_active): mean=-7.8270, sd=2.4065
2026-03-01 14:04:16,159 - INFO -   D(10) CF-H+Bank rate_T1: coef=0.000000 (SE=0.000000, p=nan)
2026-03-01 14:04:16,161 - INFO -   D(10) CF-H+Bank rate_T2: coef=-2.877031 (SE=0.052402, p=0.0000)***
2026-03-01 14:04:16,163 - INFO -   D(10) CF-H+Bank rate_T3: coef=-2.490817 (SE=0.031862, p=0.0000)***
2026-03-01 14:04:16,165 - INFO -   D(10) CF-H+Bank rate_T4: coef=-0.583177 (SE=0.005122, p=0.0000)***
2026-03-01 14:04:16,168 - INFO -   D(10) CF-H+Bank rate_T5: coef=-2.712446 (SE=0.082444, p=0.0000)***
2026-03-01 14:04:16,179 - INFO - 
>>> Step 5: Exporting demand results ...
2026-03-01 14:04:16,208 - INFO - Demand results exported to c:\Users\pedro\OneDrive\Documentos\Yale\Year 3 (2024 - 2025)\Open Finance\Open-Finance\BCB\Egan_et_al_2025_Rep\processed\ESTIMATION_OUTPUT\demand_results_conglomerate.csv
2026-03-01 14:04:16,247 - INFO - Demand LaTeX table exported to c:\Users\pedro\OneDrive\Documentos\Yale\Year 3 (2024 - 2025)\Open Finance\Open-Finance\BCB\Egan_et_al_2025_Rep\processed\ESTIMATION_OUTPUT\demand_table_conglomerate.tex
2026-03-01 14:04:16,247 - INFO - Demand specs estimated: ['D(1) Natl', 'D(2) +Bank', 'D(3) +FE', 'D(4) Clust', 'D(5) CF Natl', 'D(6) CF+Bank', 'D(7) CF+FE', 'D(8) CF+Clust', 'D(9) CF-Haus', 'D(10) CF-H+Bank']
2026-03-01 14:04:16,247 - INFO - Done — estimation_demand_1.py complete.
2026-03-01 14:27:52,315 - INFO - ================================================================================
2026-03-01 14:27:52,315 - INFO - DEMAND ESTIMATION — CONGLOMERATE LEVEL
2026-03-01 14:27:52,315 - INFO - Berry (1994) active market shares | estimation_demand_1.py
2026-03-01 14:27:52,330 - INFO - ================================================================================
2026-03-01 14:27:52,331 - INFO - 
>>> Step 1: Loading panel and running supply estimation ...
2026-03-01 14:27:52,332 - INFO - Loading panel ...
2026-03-01 14:27:55,475 - INFO - Raw panel: 241,519 rows, 31 cols
2026-03-01 14:27:55,481 - INFO -   total_assets coverage: 241,519 / 241,519
2026-03-01 14:27:55,489 - INFO -   equity_ratio coverage: 239,294 / 241,519
2026-03-01 14:27:55,528 - INFO -   segment coverage: 230,256 / 241,519
2026-03-01 14:27:55,844 - INFO - log_total_assets: mean=19.79, sd=2.57 (standardized for estimation)
2026-03-01 14:27:56,132 - INFO - Winsorized deposit_balance at [p1,p99]=[297.8,34626022396.7]: dropped 1,366 outliers
2026-03-01 14:27:56,134 - INFO - Estimation sample: 66,903 rows
2026-03-01 14:27:56,134 - INFO -   Banks:    1236
2026-03-01 14:27:56,152 - INFO -   Quarters: 37
2026-03-01 14:27:56,157 - INFO -   Types:    [np.int64(1), np.int64(2), np.int64(3), np.int64(4), np.int64(5)]
2026-03-01 14:27:56,159 - INFO - Dep var (deposit_balance, levels) summary:
2026-03-01 14:27:56,167 - INFO -   mean=470784318.3, sd=2003063602.1, p5=841909.3, p95=1711527799.3
2026-03-01 14:27:56,175 - INFO - nr_lag (nr × D_{t-1}) summary:
2026-03-01 14:27:56,180 - INFO -   mean=429269688.034755, sd=1877534941.326732
2026-03-01 14:27:56,182 - INFO - Lagged Selic (p.a.) summary:
2026-03-01 14:27:56,192 - INFO -   mean=9.29, sd=4.10, min=2.00, max=15.00
2026-03-01 14:27:56,209 - INFO - Segment distribution: {'S5': 39798, 'S4': 18039, 'S3': 4787, 'S2': 986, 'S1': 392}
2026-03-01 14:27:56,223 - INFO - ================================================================================
2026-03-01 14:27:56,226 - INFO - STRUCTURAL ESTIMATION: deposit_balance = phi(S,X) × nr × D_{t-1}
2026-03-01 14:27:56,228 - INFO -   phi(S,X) = Υ'_1 S_t + Υ'_2 X_jt  (Egan et al. 2025, Table 3)
2026-03-01 14:27:56,232 - INFO - ================================================================================
2026-03-01 14:27:59,617 - INFO - Dep var: Dep_jkt (levels)     
2026-03-01 14:27:59,617 - INFO - ----------------------------------------------------------------------------------------------
2026-03-01 14:27:59,622 - INFO -                                       (1) Natl       (2) +Bank         (3) +FE       (4) Clust
2026-03-01 14:27:59,625 - INFO - ----------------------------------------------------------------------------------------------
2026-03-01 14:27:59,742 - INFO -   Υ_1,cons  (nr × D_{t-1})          1.0738***       0.9713***       1.4373***       1.4373*** 
2026-03-01 14:27:59,744 - INFO -                                 (   0.0216)   (   0.2216)   (   0.1491)   (   0.1588) 
2026-03-01 14:27:59,753 - INFO -   Υ_1,RF   (selic × nr × D_{t-1})     -0.0027         -0.0063*        -0.0015         -0.0015    
2026-03-01 14:27:59,757 - INFO -                                 (   0.0027)   (   0.0037)   (   0.0017)   (   0.0020) 
2026-03-01 14:27:59,765 - INFO -   Υ_2,size (logA × nr × D_{t-1})                      0.0293         -0.1242***      -0.1242**  
2026-03-01 14:27:59,767 - INFO -                                                 (   0.0782)   (   0.0461)   (   0.0520) 
2026-03-01 14:27:59,780 - INFO -   Υ_2,eq   (E/A × nr × D_{t-1})                     -0.2937*        -1.3216***      -1.3216*** 
2026-03-01 14:27:59,782 - INFO -                                                 (   0.1696)   (   0.4440)   (   0.4656) 
2026-03-01 14:27:59,784 - INFO -   Υ_2,S2  (seg_S2 × nr × D_{t-1})                      0.1144                                    
2026-03-01 14:27:59,790 - INFO -                                                 (   0.0919)                                 
2026-03-01 14:27:59,800 - INFO -   Υ_2,S3  (seg_S3 × nr × D_{t-1})                      0.2084                                    
2026-03-01 14:27:59,800 - INFO -                                                 (   0.1335)                                 
2026-03-01 14:27:59,809 - INFO -   Υ_2,S4  (seg_S4 × nr × D_{t-1})                      0.2089                                    
2026-03-01 14:27:59,812 - INFO -                                                 (   0.1679)                                 
2026-03-01 14:27:59,815 - INFO -   Υ_2,S5  (seg_S5 × nr × D_{t-1})                      0.2729                                    
2026-03-01 14:27:59,818 - INFO -                                                 (   0.2220)                                 
2026-03-01 14:27:59,818 - INFO - ----------------------------------------------------------------------------------------------
2026-03-01 14:27:59,823 - INFO -   N                                     66,903          66,901          66,903          66,903
2026-03-01 14:27:59,825 - INFO -   R²                                    0.9597          0.9637          0.8287          0.8287
2026-03-01 14:27:59,825 - INFO -   Bank×Type FE                              No              No             Yes             Yes
2026-03-01 14:27:59,832 - INFO -   Time FE                                   No              No             Yes             Yes
2026-03-01 14:27:59,832 - INFO -   SE type                            HC-robust       HC-robust       HC-robust      Bank-clust
2026-03-01 14:27:59,832 - INFO - ----------------------------------------------------------------------------------------------
2026-03-01 14:27:59,832 - INFO - Interpretation guide:
2026-03-01 14:27:59,840 - INFO -   Υ_1,cons = coef on nr_lag = phi_cons (retention scaling factor)
2026-03-01 14:27:59,842 - INFO -   Υ_1,RF < 0 means depositors sleepier when rates are low
2026-03-01 14:27:59,844 - INFO -   Υ_2,size > 0 means larger banks retain more deposits
2026-03-01 14:27:59,846 - INFO - Baseline retention coef on nr_lag (Spec 1): 1.0738
2026-03-01 14:27:59,856 - INFO - ================================================================================
2026-03-01 14:27:59,856 - INFO - CONTROL FUNCTION ESTIMATION (semi-parametric CF) [CONGLOMERATE]
2026-03-01 14:27:59,856 - INFO -   Stage 1: spread_jkt ~ cost_shifters + type_dummies  -->  v_hat
2026-03-01 14:27:59,856 - INFO -   Stage 2: deposit_balance = phi(S,X)*nr*D_{t-1} + b1*v + b2*v^2 + b3*v^3 + eps
2026-03-01 14:27:59,865 - INFO -   All deposit types treated as potentially endogenous.
2026-03-01 14:27:59,866 - INFO - ================================================================================
2026-03-01 14:27:59,874 - INFO - First-stage cost shifters: ['cosif_lag', 'log_assets_std', 'equity_ratio', 'lagged_cdi', 'lagged_selic', 'personnel_cost_ratio_lag', 'admin_cost_ratio_lag']
2026-03-01 14:28:00,079 - INFO - First-stage A — N=48,572, R²=0.4579
2026-03-01 14:28:00,079 - INFO -   cosif_lag: coef=-0.206575, p=0.0000
2026-03-01 14:28:00,090 - INFO -   log_assets_std: coef=-0.066765, p=0.2694
2026-03-01 14:28:00,090 - INFO -   equity_ratio: coef=-1.024838, p=0.0000
2026-03-01 14:28:00,096 - INFO -   lagged_cdi: coef=5.099827, p=0.0000
2026-03-01 14:28:00,097 - INFO -   lagged_selic: coef=-1.354892, p=0.0000
2026-03-01 14:28:00,102 - INFO -   personnel_cost_ratio_lag: coef=56.905618, p=0.0000
2026-03-01 14:28:00,105 - INFO -   admin_cost_ratio_lag: coef=-0.122374, p=0.7851
2026-03-01 14:28:00,110 - INFO -   type2_d: coef=1.776860, p=0.0000
2026-03-01 14:28:00,114 - INFO -   type3_d: coef=2.444032, p=0.0000
2026-03-01 14:28:00,114 - INFO -   type4_d: coef=13.776797, p=0.0000
2026-03-01 14:28:00,121 - INFO -   type5_d: coef=-1.035238, p=0.0000
2026-03-01 14:28:00,146 - INFO -   Joint F (cost vars): 1387.74 (strong)
2026-03-01 14:28:00,252 - INFO - Computing Hausman IV (leave-one-out spread mean by type x quarter) ...
2026-03-01 14:28:00,528 - INFO - First-stage B — N=48,572, R²=0.6229
2026-03-01 14:28:00,541 - INFO -   hausman_iv_spread: coef=1.284632, p=0.0000
2026-03-01 14:28:00,545 - INFO -   cosif_lag: coef=-0.025066, p=0.0000
2026-03-01 14:28:00,548 - INFO -   log_assets_std: coef=-0.356095, p=0.0000
2026-03-01 14:28:00,551 - INFO -   equity_ratio: coef=-3.202099, p=0.0000
2026-03-01 14:28:00,557 - INFO -   lagged_cdi: coef=-0.127088, p=0.4760
2026-03-01 14:28:00,562 - INFO -   lagged_selic: coef=0.049475, p=0.2416
2026-03-01 14:28:00,562 - INFO -   personnel_cost_ratio_lag: coef=10.710681, p=0.0277
2026-03-01 14:28:00,569 - INFO -   admin_cost_ratio_lag: coef=0.083304, p=0.7881
2026-03-01 14:28:00,576 - INFO -   F (Hausman IV): 12207.88 (strong)
2026-03-01 14:28:00,678 - INFO - CF residuals (Cost-only): N=48,572, mean=-0.000000, sd=7.850400
2026-03-01 14:28:00,684 - INFO - CF residuals (Hausman): N=48,572, mean=-0.000000, sd=6.547397
2026-03-01 14:28:00,838 - INFO -   CF-Cost(5) cf_resid: -3665263.310440 (p=0.0000) ***
2026-03-01 14:28:00,840 - INFO -   CF-Cost(5) cf_resid_sq: 188353.882056 (p=0.0000) ***
2026-03-01 14:28:00,845 - INFO -   CF-Cost(5) cf_resid_cu: -569.797630 (p=0.5299) 
2026-03-01 14:28:00,858 - INFO -   CF-Cost(5) joint F on poly: 81.79 -> endogeneity
2026-03-01 14:28:01,057 - INFO -   CF-Cost(6) cf_resid: -3292488.093307 (p=0.0000) ***
2026-03-01 14:28:01,064 - INFO -   CF-Cost(6) cf_resid_sq: 42900.063022 (p=0.2475) 
2026-03-01 14:28:01,064 - INFO -   CF-Cost(6) cf_resid_cu: 2739.240523 (p=0.0115) **
2026-03-01 14:28:01,081 - INFO -   CF-Cost(6) joint F on poly: 68.73 -> endogeneity
2026-03-01 14:28:02,792 - INFO -   CF+FE(7) cf_resid: -2721025.606056 (p=0.0000)
2026-03-01 14:28:02,794 - INFO -   CF+FE(7) cf_resid_sq: -268949.425455 (p=0.0000)
2026-03-01 14:28:02,796 - INFO -   CF+FE(7) cf_resid_cu: 9753.207416 (p=0.0000)
2026-03-01 14:28:04,284 - INFO -   CF-Hausman(9) cf_resid_h: 1544664.122667 (p=0.0006) ***
2026-03-01 14:28:04,286 - INFO -   CF-Hausman(9) cf_resid_h_sq: 304406.286598 (p=0.0000) ***
2026-03-01 14:28:04,286 - INFO -   CF-Hausman(9) cf_resid_h_cu: -12956.122476 (p=0.0000) ***
2026-03-01 14:28:04,297 - INFO -   CF-Hausman(9) joint F on poly: 39.66 -> endogeneity
2026-03-01 14:28:04,496 - INFO -   CF-Hausman(10) cf_resid_h: 1461760.737248 (p=0.0007) ***
2026-03-01 14:28:04,499 - INFO -   CF-Hausman(10) cf_resid_h_sq: 205177.279345 (p=0.0000) ***
2026-03-01 14:28:04,501 - INFO -   CF-Hausman(10) cf_resid_h_cu: -10721.263593 (p=0.0000) ***
2026-03-01 14:28:04,514 - INFO -   CF-Hausman(10) joint F on poly: 20.11 -> endogeneity
2026-03-01 14:28:04,519 - INFO - Dep var: Dep_jkt (levels, CF) 
2026-03-01 14:28:04,521 - INFO - ------------------------------------------------------------------------------------------------------------------------------
2026-03-01 14:28:04,524 - INFO -                                    (5) CF Natl     (6) CF+Bank       (7) CF+FE    (8) CF+Clust     (9) CF-Haus  (10) CF-H+Bank
2026-03-01 14:28:04,524 - INFO - ------------------------------------------------------------------------------------------------------------------------------
2026-03-01 14:28:04,614 - INFO -   Υ_1,cons  (nr × D_{t-1})          1.0614***       1.0837***       1.4291***       1.4291***       1.0614***       1.0775*** 
2026-03-01 14:28:04,616 - INFO -                                 (   0.0263)   (   0.1516)   (   0.1333)   (   0.1792)   (   0.0261)   (   0.1503) 
2026-03-01 14:28:04,621 - INFO -   Υ_1,RF   (selic × nr × D_{t-1})      0.0015         -0.0015         -0.0015         -0.0015          0.0014         -0.0016    
2026-03-01 14:28:04,621 - INFO -                                 (   0.0029)   (   0.0022)   (   0.0020)   (   0.0017)   (   0.0029)   (   0.0022) 
2026-03-01 14:28:04,630 - INFO -   Υ_2,size (logA × nr × D_{t-1})                     -0.0259         -0.1100***      -0.1100*                        -0.0237    
2026-03-01 14:28:04,638 - INFO -                                                 (   0.0391)   (   0.0359)   (   0.0590)                   (   0.0387) 
2026-03-01 14:28:04,648 - INFO -   Υ_2,eq   (E/A × nr × D_{t-1})                     -0.0367         -0.9592**       -0.9592*                        -0.0413    
2026-03-01 14:28:04,648 - INFO -                                                 (   0.2033)   (   0.4696)   (   0.5722)                   (   0.2027) 
2026-03-01 14:28:04,668 - INFO -   Υ_2,S2  (seg_S2 × nr × D_{t-1})                      0.0668                                                          0.0689    
2026-03-01 14:28:04,668 - INFO -                                                 (   0.0527)                                                   (   0.0523) 
2026-03-01 14:28:04,671 - INFO -   Υ_2,S3  (seg_S3 × nr × D_{t-1})                      0.1633***                                                       0.1654*** 
2026-03-01 14:28:04,680 - INFO -                                                 (   0.0561)                                                   (   0.0556) 
2026-03-01 14:28:04,687 - INFO -   Υ_2,S4  (seg_S4 × nr × D_{t-1})                      0.0439                                                          0.0476    
2026-03-01 14:28:04,689 - INFO -                                                 (   0.0895)                                                   (   0.0890) 
2026-03-01 14:28:04,699 - INFO -   Υ_2,S5  (seg_S5 × nr × D_{t-1})                      0.0724                                                          0.0830    
2026-03-01 14:28:04,701 - INFO -                                                 (   0.0793)                                                   (   0.0791) 
2026-03-01 14:28:04,705 - INFO -   β₁ v̂  (CF-cost, 1st)         -3665263.3104***   -3292488.0933***   -2721025.6061***   -2721025.6061***                                 
2026-03-01 14:28:04,711 - INFO -                                 (267627.2732)   (229587.0574)   (322706.3969)   (564621.6369)                                 
2026-03-01 14:28:04,722 - INFO -   β₂ v̂² (CF-cost, 2nd)         188353.8821***   42900.0630      -268949.4255***   -268949.4255***                                 
2026-03-01 14:28:04,724 - INFO -                                 (26703.4120)   (37094.9831)   (35050.4290)   (65321.3276)                                 
2026-03-01 14:28:04,734 - INFO -   β₃ v̂³ (CF-cost, 3rd)          -569.7976       2739.2405**     9753.2074***    9753.2074***                                 
2026-03-01 14:28:04,736 - INFO -                                 ( 907.1023)   (1083.5174)   (1056.5692)   (1763.9971)                                 
2026-03-01 14:28:04,744 - INFO -   β₁ v̂ᴴ (CF-Hausman, 1st)                                                                      1544664.1227***   1461760.7372*** 
2026-03-01 14:28:04,746 - INFO -                                                                                                 (451304.0892)   (431288.0028) 
2026-03-01 14:28:04,757 - INFO -   β₂ v̂ᴴ² (CF-Hausman, 2nd)                                                                     304406.2866***   205177.2793*** 
2026-03-01 14:28:04,759 - INFO -                                                                                                 (28551.9813)   (36597.6814) 
2026-03-01 14:28:04,765 - INFO -   β₃ v̂ᴴ³ (CF-Hausman, 3rd)                                                                     -12956.1225***   -10721.2636*** 
2026-03-01 14:28:04,769 - INFO -                                                                                                 (1457.9093)   (1582.1794) 
2026-03-01 14:28:04,771 - INFO - ------------------------------------------------------------------------------------------------------------------------------
2026-03-01 14:28:04,771 - INFO -   N                                     48,572          48,572          48,572          48,572          48,572          48,572
2026-03-01 14:28:04,779 - INFO -   R²                                    0.9662          0.9709          0.8747          0.8747          0.9663          0.9710
2026-03-01 14:28:04,779 - INFO -   Bank×Type FE                              No              No             Yes             Yes              No              No
2026-03-01 14:28:04,786 - INFO -   Time FE                                   No              No             Yes             Yes              No              No
2026-03-01 14:28:04,787 - INFO -   SE type                            HC-robust       HC-robust       HC-robust      Bank-clust       HC-robust       HC-robust
2026-03-01 14:28:04,787 - INFO - ------------------------------------------------------------------------------------------------------------------------------
2026-03-01 14:28:04,804 - INFO - Supply specs available: ['(1) Natl', '(2) +Bank', '(3) +FE', '(4) Clust', '(5) CF Natl', '(6) CF+Bank', '(7) CF+FE', '(8) CF+Clust', '(9) CF-Haus', '(10) CF-H+Bank']
2026-03-01 14:28:04,810 - INFO - 
>>> Step 2: Computing structural sleeping-deposit predictions ...
2026-03-01 14:28:04,892 - INFO -   Supply spec '(1) Natl': hat_Y computed for 66,903 obs (struct cols = ['nr_lag', 'selic_nr_lag'])
2026-03-01 14:28:04,902 - INFO -   Supply spec '(2) +Bank': hat_Y computed for 66,901 obs (struct cols = ['nr_lag', 'selic_nr_lag', 'logA_nr_lag', 'eq_nr_lag', 'seg_S2_nr_lag', 'seg_S3_nr_lag', 'seg_S4_nr_lag', 'seg_S5_nr_lag'])
2026-03-01 14:28:04,913 - INFO -   Supply spec '(3) +FE': hat_Y computed for 66,903 obs (struct cols = ['nr_lag', 'selic_nr_lag', 'logA_nr_lag', 'eq_nr_lag'])
2026-03-01 14:28:04,926 - INFO -   Supply spec '(4) Clust': hat_Y computed for 66,903 obs (struct cols = ['nr_lag', 'selic_nr_lag', 'logA_nr_lag', 'eq_nr_lag'])
2026-03-01 14:28:04,936 - INFO -   Supply spec '(5) CF Natl': hat_Y computed for 66,903 obs (struct cols = ['nr_lag', 'selic_nr_lag'])
2026-03-01 14:28:04,950 - INFO -   Supply spec '(6) CF+Bank': hat_Y computed for 66,901 obs (struct cols = ['nr_lag', 'selic_nr_lag', 'logA_nr_lag', 'eq_nr_lag', 'seg_S2_nr_lag', 'seg_S3_nr_lag', 'seg_S4_nr_lag', 'seg_S5_nr_lag'])
2026-03-01 14:28:04,961 - INFO -   Supply spec '(7) CF+FE': hat_Y computed for 66,903 obs (struct cols = ['nr_lag', 'selic_nr_lag', 'logA_nr_lag', 'eq_nr_lag'])
2026-03-01 14:28:04,975 - INFO -   Supply spec '(8) CF+Clust': hat_Y computed for 66,903 obs (struct cols = ['nr_lag', 'selic_nr_lag', 'logA_nr_lag', 'eq_nr_lag'])
2026-03-01 14:28:04,984 - INFO -   Supply spec '(9) CF-Haus': hat_Y computed for 66,903 obs (struct cols = ['nr_lag', 'selic_nr_lag'])
2026-03-01 14:28:04,999 - INFO -   Supply spec '(10) CF-H+Bank': hat_Y computed for 66,901 obs (struct cols = ['nr_lag', 'selic_nr_lag', 'logA_nr_lag', 'eq_nr_lag', 'seg_S2_nr_lag', 'seg_S3_nr_lag', 'seg_S4_nr_lag', 'seg_S5_nr_lag'])
2026-03-01 14:28:05,003 - INFO - 
>>> Step 3: Active deposit diagnostics by supply spec ...
2026-03-01 14:28:05,018 - INFO -   '(1) Natl': active>0=57.0%, active=0=43.0%, mean(active|active>0)=79354390.3
2026-03-01 14:28:05,031 - INFO -   '(2) +Bank': active>0=57.6%, active=0=42.4%, mean(active|active>0)=72100072.3
2026-03-01 14:28:05,039 - INFO -   '(3) +FE': active>0=69.7%, active=0=30.3%, mean(active|active>0)=119596317.5
2026-03-01 14:28:05,056 - INFO -   '(4) Clust': active>0=69.7%, active=0=30.3%, mean(active|active>0)=119596317.5
2026-03-01 14:28:05,067 - INFO -   '(5) CF Natl': active>0=50.1%, active=0=49.9%, mean(active|active>0)=78753270.9
2026-03-01 14:28:05,081 - INFO -   '(6) CF+Bank': active>0=40.9%, active=0=59.1%, mean(active|active>0)=82778006.9
2026-03-01 14:28:05,091 - INFO -   '(7) CF+FE': active>0=53.3%, active=0=46.7%, mean(active|active>0)=100480558.6
2026-03-01 14:28:05,109 - INFO -   '(8) CF+Clust': active>0=53.3%, active=0=46.7%, mean(active|active>0)=100480558.6
2026-03-01 14:28:05,122 - INFO -   '(9) CF-Haus': active>0=50.2%, active=0=49.8%, mean(active|active>0)=78764571.7
2026-03-01 14:28:05,130 - INFO -   '(10) CF-H+Bank': active>0=41.1%, active=0=58.9%, mean(active|active>0)=82766266.0
2026-03-01 14:28:05,136 - INFO - 
>>> Step 4: Estimating Berry (1994) demand equation ...
2026-03-01 14:28:05,149 - INFO - Demand — type-interacted rate columns: ['rate_T1', 'rate_T2', 'rate_T3', 'rate_T4', 'rate_T5']
2026-03-01 14:28:05,161 - INFO - Demand CF cost shifters available: ['cosif_lag', 'log_assets_std', 'equity_ratio', 'lagged_cdi', 'lagged_selic', 'personnel_cost_ratio_lag', 'admin_cost_ratio_lag']
2026-03-01 14:28:05,386 - INFO - Demand CF-A first stage: N=48,572, R²=0.4541
2026-03-01 14:28:05,724 - INFO - Demand CF-B first stage: N=48,572, R²=0.6201
2026-03-01 14:28:05,945 - INFO - 
=== Demand: supply spec '(1) Natl' | N_valid=38,113, N_zero_active=28,790 / 66,903 ===
2026-03-01 14:28:05,945 - INFO -   log(s_active): mean=-8.0204, sd=2.3530
2026-03-01 14:28:06,097 - INFO -   D(1) Natl rate_T1: coef=0.000000 (SE=0.000000, p=nan)
2026-03-01 14:28:06,097 - INFO -   D(1) Natl rate_T2: coef=-2.956340 (SE=0.033383, p=0.0000)***
2026-03-01 14:28:06,113 - INFO -   D(1) Natl rate_T3: coef=-2.298949 (SE=0.024348, p=0.0000)***
2026-03-01 14:28:06,119 - INFO -   D(1) Natl rate_T4: coef=-0.368553 (SE=0.002198, p=0.0000)***
2026-03-01 14:28:06,123 - INFO -   D(1) Natl rate_T5: coef=-2.335467 (SE=0.039367, p=0.0000)***
2026-03-01 14:28:06,250 - INFO - 
=== Demand: supply spec '(2) +Bank' | N_valid=38,553, N_zero_active=28,348 / 66,903 ===
2026-03-01 14:28:06,250 - INFO -   log(s_active): mean=-8.1912, sd=2.3539
2026-03-01 14:28:06,404 - INFO -   D(2) +Bank rate_T1: coef=0.000000 (SE=0.000000, p=nan)
2026-03-01 14:28:06,408 - INFO -   D(2) +Bank rate_T2: coef=-2.948230 (SE=0.035201, p=0.0000)***
2026-03-01 14:28:06,413 - INFO -   D(2) +Bank rate_T3: coef=-2.448930 (SE=0.025294, p=0.0000)***
2026-03-01 14:28:06,418 - INFO -   D(2) +Bank rate_T4: coef=-0.363258 (SE=0.002185, p=0.0000)***
2026-03-01 14:28:06,424 - INFO -   D(2) +Bank rate_T5: coef=-2.390923 (SE=0.039036, p=0.0000)***
2026-03-01 14:28:06,602 - INFO - 
=== Demand: supply spec '(3) +FE' | N_valid=46,663, N_zero_active=20,240 / 66,903 ===
2026-03-01 14:28:06,604 - INFO -   log(s_active): mean=-8.2359, sd=2.2514
2026-03-01 14:28:16,955 - INFO -   D(3) +FE rate_T1: coef=0.000000 (SE=0.000000, p=nan)
2026-03-01 14:28:16,957 - INFO -   D(3) +FE rate_T2: coef=-5.233630 (SE=0.057974, p=0.0000)***
2026-03-01 14:28:16,959 - INFO -   D(3) +FE rate_T3: coef=-4.449067 (SE=0.030962, p=0.0000)***
2026-03-01 14:28:16,963 - INFO -   D(3) +FE rate_T4: coef=-0.886071 (SE=0.001983, p=0.0000)***
2026-03-01 14:28:16,966 - INFO -   D(3) +FE rate_T5: coef=-4.116962 (SE=0.050274, p=0.0000)***
2026-03-01 14:28:17,152 - INFO - 
=== Demand: supply spec '(4) Clust' | N_valid=46,663, N_zero_active=20,240 / 66,903 ===
2026-03-01 14:28:17,162 - INFO -   log(s_active): mean=-8.2359, sd=2.2514
2026-03-01 14:28:28,422 - INFO -   D(4) Clust rate_T1: coef=0.000000 (SE=0.000000, p=nan)
2026-03-01 14:28:28,426 - INFO -   D(4) Clust rate_T2: coef=-5.233630 (SE=0.168496, p=0.0000)***
2026-03-01 14:28:28,432 - INFO -   D(4) Clust rate_T3: coef=-4.449067 (SE=0.101724, p=0.0000)***
2026-03-01 14:28:28,434 - INFO -   D(4) Clust rate_T4: coef=-0.886071 (SE=0.009363, p=0.0000)***
2026-03-01 14:28:28,442 - INFO -   D(4) Clust rate_T5: coef=-4.116962 (SE=0.124416, p=0.0000)***
2026-03-01 14:28:28,619 - INFO - 
=== Demand: supply spec '(5) CF Natl' | N_valid=33,532, N_zero_active=33,371 / 66,903 ===
2026-03-01 14:28:28,619 - INFO -   log(s_active): mean=-7.9231, sd=2.3526
2026-03-01 14:28:28,765 - INFO -   D(5) CF Natl rate_T1: coef=0.000000 (SE=0.000000, p=nan)
2026-03-01 14:28:28,765 - INFO -   D(5) CF Natl rate_T2: coef=-2.966042 (SE=0.049352, p=0.0000)***
2026-03-01 14:28:28,773 - INFO -   D(5) CF Natl rate_T3: coef=-2.473882 (SE=0.031415, p=0.0000)***
2026-03-01 14:28:28,777 - INFO -   D(5) CF Natl rate_T4: coef=-0.570648 (SE=0.004170, p=0.0000)***
2026-03-01 14:28:28,780 - INFO -   D(5) CF Natl rate_T5: coef=-2.688775 (SE=0.080626, p=0.0000)***
2026-03-01 14:28:28,901 - INFO - 
=== Demand: supply spec '(6) CF+Bank' | N_valid=27,384, N_zero_active=39,517 / 66,903 ===
2026-03-01 14:28:28,905 - INFO -   log(s_active): mean=-7.8135, sd=2.3993
2026-03-01 14:28:28,999 - INFO -   D(6) CF+Bank rate_T1: coef=0.000000 (SE=0.000000, p=nan)
2026-03-01 14:28:29,004 - INFO -   D(6) CF+Bank rate_T2: coef=-2.897337 (SE=0.053025, p=0.0000)***
2026-03-01 14:28:29,007 - INFO -   D(6) CF+Bank rate_T3: coef=-2.492388 (SE=0.032063, p=0.0000)***
2026-03-01 14:28:29,009 - INFO -   D(6) CF+Bank rate_T4: coef=-0.583149 (SE=0.005143, p=0.0000)***
2026-03-01 14:28:29,013 - INFO -   D(6) CF+Bank rate_T5: coef=-2.719488 (SE=0.082930, p=0.0000)***
2026-03-01 14:28:29,140 - INFO - 
=== Demand: supply spec '(7) CF+FE' | N_valid=35,649, N_zero_active=31,254 / 66,903 ===
2026-03-01 14:28:29,149 - INFO -   log(s_active): mean=-8.1339, sd=2.3733
2026-03-01 14:28:37,765 - INFO -   D(7) CF+FE rate_T1: coef=0.000000 (SE=0.000000, p=nan)
2026-03-01 14:28:37,765 - INFO -   D(7) CF+FE rate_T2: coef=-3.487767 (SE=0.048667, p=0.0000)***
2026-03-01 14:28:37,774 - INFO -   D(7) CF+FE rate_T3: coef=-3.594041 (SE=0.035504, p=0.0000)***
2026-03-01 14:28:37,774 - INFO -   D(7) CF+FE rate_T4: coef=-0.567598 (SE=0.009640, p=0.0000)***
2026-03-01 14:28:37,781 - INFO -   D(7) CF+FE rate_T5: coef=-2.556330 (SE=0.088238, p=0.0000)***
2026-03-01 14:28:37,944 - INFO - 
=== Demand: supply spec '(8) CF+Clust' | N_valid=35,649, N_zero_active=31,254 / 66,903 ===
2026-03-01 14:28:37,951 - INFO -   log(s_active): mean=-8.1339, sd=2.3733
2026-03-01 14:28:46,163 - INFO -   D(8) CF+Clust rate_T1: coef=0.000000 (SE=0.000000, p=nan)
2026-03-01 14:28:46,163 - INFO -   D(8) CF+Clust rate_T2: coef=-3.487767 (SE=0.106627, p=0.0000)***
2026-03-01 14:28:46,180 - INFO -   D(8) CF+Clust rate_T3: coef=-3.594041 (SE=0.095655, p=0.0000)***
2026-03-01 14:28:46,187 - INFO -   D(8) CF+Clust rate_T4: coef=-0.567598 (SE=0.031841, p=0.0000)***
2026-03-01 14:28:46,193 - INFO -   D(8) CF+Clust rate_T5: coef=-2.556330 (SE=0.214786, p=0.0000)***
2026-03-01 14:28:46,358 - INFO - 
=== Demand: supply spec '(9) CF-Haus' | N_valid=33,585, N_zero_active=33,318 / 66,903 ===
2026-03-01 14:28:46,358 - INFO -   log(s_active): mean=-7.9243, sd=2.3529
2026-03-01 14:28:46,514 - INFO -   D(9) CF-Haus rate_T1: coef=0.000000 (SE=0.000000, p=nan)
2026-03-01 14:28:46,514 - INFO -   D(9) CF-Haus rate_T2: coef=-2.923980 (SE=0.038779, p=0.0000)***
2026-03-01 14:28:46,523 - INFO -   D(9) CF-Haus rate_T3: coef=-2.389294 (SE=0.030275, p=0.0000)***
2026-03-01 14:28:46,528 - INFO -   D(9) CF-Haus rate_T4: coef=-0.613094 (SE=0.003864, p=0.0000)***
2026-03-01 14:28:46,529 - INFO -   D(9) CF-Haus rate_T5: coef=-2.865732 (SE=0.074743, p=0.0000)***
2026-03-01 14:28:46,665 - INFO - 
=== Demand: supply spec '(10) CF-H+Bank' | N_valid=27,497, N_zero_active=39,404 / 66,903 ===
2026-03-01 14:28:46,669 - INFO -   log(s_active): mean=-7.8270, sd=2.4065
2026-03-01 14:28:46,776 - INFO -   D(10) CF-H+Bank rate_T1: coef=0.000000 (SE=0.000000, p=nan)
2026-03-01 14:28:46,784 - INFO -   D(10) CF-H+Bank rate_T2: coef=-2.877031 (SE=0.052402, p=0.0000)***
2026-03-01 14:28:46,784 - INFO -   D(10) CF-H+Bank rate_T3: coef=-2.490817 (SE=0.031862, p=0.0000)***
2026-03-01 14:28:46,793 - INFO -   D(10) CF-H+Bank rate_T4: coef=-0.583177 (SE=0.005122, p=0.0000)***
2026-03-01 14:28:46,793 - INFO -   D(10) CF-H+Bank rate_T5: coef=-2.712446 (SE=0.082444, p=0.0000)***
2026-03-01 14:28:46,818 - INFO - 
>>> Step 5: Exporting demand results ...
2026-03-01 14:28:46,867 - INFO - Demand results exported to c:\Users\pedro\OneDrive\Documentos\Yale\Year 3 (2024 - 2025)\Open Finance\Open-Finance\BCB\Egan_et_al_2025_Rep\processed\ESTIMATION_OUTPUT\demand_results_conglomerate.csv
2026-03-01 14:28:46,958 - INFO - Demand LaTeX table exported to c:\Users\pedro\OneDrive\Documentos\Yale\Year 3 (2024 - 2025)\Open Finance\Open-Finance\BCB\Egan_et_al_2025_Rep\processed\ESTIMATION_OUTPUT\demand_table_conglomerate.tex
2026-03-01 14:28:46,958 - INFO - Demand specs estimated: ['D(1) Natl', 'D(2) +Bank', 'D(3) +FE', 'D(4) Clust', 'D(5) CF Natl', 'D(6) CF+Bank', 'D(7) CF+FE', 'D(8) CF+Clust', 'D(9) CF-Haus', 'D(10) CF-H+Bank']
2026-03-01 14:28:46,958 - INFO - Done — estimation_demand_1.py complete.
2026-03-01 17:28:10,865 - INFO - ================================================================================
2026-03-01 17:28:10,867 - INFO - DEMAND ESTIMATION -- CONGLOMERATE LEVEL
2026-03-01 17:28:10,869 - INFO - Berry (1994) active market shares | estimation_demand_1.py
2026-03-01 17:28:10,872 - INFO - ================================================================================
2026-03-01 17:28:10,872 - INFO - 
>>> Step 1: Loading panel and running supply estimation ...
2026-03-01 17:28:10,873 - INFO - Loading panel ...
2026-03-01 17:28:14,242 - INFO - Raw panel: 241,519 rows, 31 cols
2026-03-01 17:28:14,245 - INFO -   total_assets coverage: 241,519 / 241,519
2026-03-01 17:28:14,249 - INFO -   equity_ratio coverage: 239,294 / 241,519
2026-03-01 17:28:14,283 - INFO -   segment coverage: 230,256 / 241,519
2026-03-01 17:28:14,586 - INFO - log_total_assets: mean=19.79, sd=2.57 (standardized for estimation)
2026-03-01 17:28:14,889 - INFO - Winsorized deposit_balance at [p1,p99]=[297.8,34626022396.7]: dropped 1,366 outliers
2026-03-01 17:28:14,891 - INFO - Estimation sample: 66,903 rows
2026-03-01 17:28:14,901 - INFO -   Banks:    1236
2026-03-01 17:28:14,902 - INFO -   Quarters: 37
2026-03-01 17:28:14,906 - INFO -   Types:    [np.int64(1), np.int64(2), np.int64(3), np.int64(4), np.int64(5)]
2026-03-01 17:28:14,907 - INFO - Dep var (deposit_balance, levels) summary:
2026-03-01 17:28:14,914 - INFO -   mean=470784318.3, sd=2003063602.1, p5=841909.3, p95=1711527799.3
2026-03-01 17:28:14,916 - INFO - nr_lag (nr x D_{t-1}) summary:
2026-03-01 17:28:14,918 - INFO -   mean=429269688.034755, sd=1877534941.326732
2026-03-01 17:28:14,919 - INFO - Lagged Selic (p.a.) summary:
2026-03-01 17:28:14,926 - INFO -   mean=9.29, sd=4.10, min=2.00, max=15.00
2026-03-01 17:28:14,938 - INFO - Segment distribution: {'S5': 39798, 'S4': 18039, 'S3': 4787, 'S2': 986, 'S1': 392}
2026-03-01 17:28:14,950 - INFO - ================================================================================
2026-03-01 17:28:14,952 - INFO - STRUCTURAL ESTIMATION: deposit_balance = phi(S,X) x nr x D_{t-1}
2026-03-01 17:28:14,954 - INFO -   phi(S,X) = Y'_1 S_t + Y'_2 X_jt  (Egan et al. 2025, Table 3)
2026-03-01 17:28:14,957 - INFO - ================================================================================
2026-03-01 17:28:18,635 - INFO - Dep var: Dep_jkt (levels)     
2026-03-01 17:28:18,642 - INFO - ----------------------------------------------------------------------------------------------
2026-03-01 17:28:18,650 - INFO -                                       (1) Natl       (2) +Bank         (3) +FE       (4) Clust
2026-03-01 17:28:18,658 - INFO - ----------------------------------------------------------------------------------------------
2026-03-01 17:28:18,760 - INFO -   Y_1,cons  (nr x D_{t-1})          1.0738***       0.9713***       1.4373***       1.4373*** 
2026-03-01 17:28:18,762 - INFO -                                 (   0.0216)   (   0.2216)   (   0.1491)   (   0.1588) 
2026-03-01 17:28:18,774 - INFO -   Y_1,RF   (selic x nr x D_{t-1})     -0.0027         -0.0063*        -0.0015         -0.0015    
2026-03-01 17:28:18,784 - INFO -                                 (   0.0027)   (   0.0037)   (   0.0017)   (   0.0020) 
2026-03-01 17:28:18,792 - INFO -   Y_2,size (logA x nr x D_{t-1})                      0.0293         -0.1242***      -0.1242**  
2026-03-01 17:28:18,792 - INFO -                                                 (   0.0782)   (   0.0461)   (   0.0520) 
2026-03-01 17:28:18,801 - INFO -   Y_2,eq   (E/A x nr x D_{t-1})                     -0.2937*        -1.3216***      -1.3216*** 
2026-03-01 17:28:18,805 - INFO -                                                 (   0.1696)   (   0.4440)   (   0.4656) 
2026-03-01 17:28:18,809 - INFO -   Y_2,S2  (seg_S2 x nr x D_{t-1})                      0.1144                                    
2026-03-01 17:28:18,812 - INFO -                                                 (   0.0919)                                 
2026-03-01 17:28:18,817 - INFO -   Y_2,S3  (seg_S3 x nr x D_{t-1})                      0.2084                                    
2026-03-01 17:28:18,819 - INFO -                                                 (   0.1335)                                 
2026-03-01 17:28:18,823 - INFO -   Y_2,S4  (seg_S4 x nr x D_{t-1})                      0.2089                                    
2026-03-01 17:28:18,833 - INFO -                                                 (   0.1679)                                 
2026-03-01 17:28:18,839 - INFO -   Y_2,S5  (seg_S5 x nr x D_{t-1})                      0.2729                                    
2026-03-01 17:28:18,841 - INFO -                                                 (   0.2220)                                 
2026-03-01 17:28:18,843 - INFO - ----------------------------------------------------------------------------------------------
2026-03-01 17:28:18,845 - INFO -   N                                     66,903          66,901          66,903          66,903
2026-03-01 17:28:18,849 - INFO -   R^2                                   0.9597          0.9637          0.8287          0.8287
2026-03-01 17:28:18,851 - INFO -   BankxType FE                              No              No             Yes             Yes
2026-03-01 17:28:18,853 - INFO -   Time FE                                   No              No             Yes             Yes
2026-03-01 17:28:18,854 - INFO -   SE type                            HC-robust       HC-robust       HC-robust      Bank-clust
2026-03-01 17:28:18,855 - INFO - ----------------------------------------------------------------------------------------------
2026-03-01 17:28:18,857 - INFO - Interpretation guide:
2026-03-01 17:28:18,859 - INFO -   Y_1,cons = coef on nr_lag = phi_cons (retention scaling factor)
2026-03-01 17:28:18,859 - INFO -   Y_1,RF < 0 means depositors sleepier when rates are low
2026-03-01 17:28:18,861 - INFO -   Y_2,size > 0 means larger banks retain more deposits
2026-03-01 17:28:18,863 - INFO - Baseline retention coef on nr_lag (Spec 1): 1.0738
2026-03-01 17:28:18,868 - INFO - ================================================================================
2026-03-01 17:28:18,868 - INFO - CONTROL FUNCTION ESTIMATION (semi-parametric CF) [CONGLOMERATE]
2026-03-01 17:28:18,872 - INFO -   Stage 1: spread_jkt ~ cost_shifters + type_dummies  -->  v_hat
2026-03-01 17:28:18,876 - INFO -   Stage 2: deposit_balance = phi(S,X)*nr*D_{t-1} + b1*v + b2*v^2 + b3*v^3 + eps
2026-03-01 17:28:18,877 - INFO -   All deposit types treated as potentially endogenous.
2026-03-01 17:28:18,878 - INFO - ================================================================================
2026-03-01 17:28:18,885 - INFO - First-stage cost shifters: ['cosif_lag', 'log_assets_std', 'equity_ratio', 'lagged_cdi', 'lagged_selic', 'personnel_cost_ratio_lag', 'admin_cost_ratio_lag']
2026-03-01 17:28:19,040 - INFO - First-stage A -- N=48,572, R^2=0.4579
2026-03-01 17:28:19,042 - INFO -   cosif_lag: coef=-0.206575, p=0.0000
2026-03-01 17:28:19,050 - INFO -   log_assets_std: coef=-0.066765, p=0.2694
2026-03-01 17:28:19,055 - INFO -   equity_ratio: coef=-1.024838, p=0.0000
2026-03-01 17:28:19,062 - INFO -   lagged_cdi: coef=5.099827, p=0.0000
2026-03-01 17:28:19,066 - INFO -   lagged_selic: coef=-1.354892, p=0.0000
2026-03-01 17:28:19,071 - INFO -   personnel_cost_ratio_lag: coef=56.905618, p=0.0000
2026-03-01 17:28:19,075 - INFO -   admin_cost_ratio_lag: coef=-0.122374, p=0.7851
2026-03-01 17:28:19,080 - INFO -   type2_d: coef=1.776860, p=0.0000
2026-03-01 17:28:19,084 - INFO -   type3_d: coef=2.444032, p=0.0000
2026-03-01 17:28:19,088 - INFO -   type4_d: coef=13.776797, p=0.0000
2026-03-01 17:28:19,092 - INFO -   type5_d: coef=-1.035238, p=0.0000
2026-03-01 17:28:19,115 - INFO -   Joint F (cost vars): 1387.74 (strong)
2026-03-01 17:28:19,223 - INFO - Computing Hausman IV (leave-one-out spread mean by type x quarter) ...
2026-03-01 17:28:19,464 - INFO - First-stage B -- N=48,572, R^2=0.6229
2026-03-01 17:28:19,471 - INFO -   hausman_iv_spread: coef=1.284632, p=0.0000
2026-03-01 17:28:19,471 - INFO -   cosif_lag: coef=-0.025066, p=0.0000
2026-03-01 17:28:19,481 - INFO -   log_assets_std: coef=-0.356095, p=0.0000
2026-03-01 17:28:19,485 - INFO -   equity_ratio: coef=-3.202099, p=0.0000
2026-03-01 17:28:19,489 - INFO -   lagged_cdi: coef=-0.127088, p=0.4760
2026-03-01 17:28:19,493 - INFO -   lagged_selic: coef=0.049475, p=0.2416
2026-03-01 17:28:19,497 - INFO -   personnel_cost_ratio_lag: coef=10.710681, p=0.0277
2026-03-01 17:28:19,500 - INFO -   admin_cost_ratio_lag: coef=0.083304, p=0.7881
2026-03-01 17:28:19,508 - INFO -   F (Hausman IV): 12207.88 (strong)
2026-03-01 17:28:19,643 - INFO - CF residuals (Cost-only): N=48,572, mean=-0.000000, sd=7.850400
2026-03-01 17:28:19,654 - INFO - CF residuals (Hausman): N=48,572, mean=-0.000000, sd=6.547397
2026-03-01 17:28:19,836 - INFO -   CF-Cost(5) cf_resid: -3665263.310440 (p=0.0000) ***
2026-03-01 17:28:19,838 - INFO -   CF-Cost(5) cf_resid_sq: 188353.882056 (p=0.0000) ***
2026-03-01 17:28:19,847 - INFO -   CF-Cost(5) cf_resid_cu: -569.797630 (p=0.5299) 
2026-03-01 17:28:19,861 - INFO -   CF-Cost(5) joint F on poly: 81.79 -> endogeneity
2026-03-01 17:28:20,036 - INFO -   CF-Cost(6) cf_resid: -3292488.093307 (p=0.0000) ***
2026-03-01 17:28:20,040 - INFO -   CF-Cost(6) cf_resid_sq: 42900.063022 (p=0.2475) 
2026-03-01 17:28:20,043 - INFO -   CF-Cost(6) cf_resid_cu: 2739.240523 (p=0.0115) **
2026-03-01 17:28:20,056 - INFO -   CF-Cost(6) joint F on poly: 68.73 -> endogeneity
2026-03-01 17:28:21,799 - INFO -   CF+FE(7) cf_resid: -2721025.606056 (p=0.0000)
2026-03-01 17:28:21,799 - INFO -   CF+FE(7) cf_resid_sq: -268949.425455 (p=0.0000)
2026-03-01 17:28:21,805 - INFO -   CF+FE(7) cf_resid_cu: 9753.207416 (p=0.0000)
2026-03-01 17:28:23,125 - INFO -   CF-Hausman(9) cf_resid_h: 1544664.122667 (p=0.0006) ***
2026-03-01 17:28:23,128 - INFO -   CF-Hausman(9) cf_resid_h_sq: 304406.286598 (p=0.0000) ***
2026-03-01 17:28:23,130 - INFO -   CF-Hausman(9) cf_resid_h_cu: -12956.122476 (p=0.0000) ***
2026-03-01 17:28:23,139 - INFO -   CF-Hausman(9) joint F on poly: 39.66 -> endogeneity
2026-03-01 17:28:23,294 - INFO -   CF-Hausman(10) cf_resid_h: 1461760.737248 (p=0.0007) ***
2026-03-01 17:28:23,296 - INFO -   CF-Hausman(10) cf_resid_h_sq: 205177.279345 (p=0.0000) ***
2026-03-01 17:28:23,298 - INFO -   CF-Hausman(10) cf_resid_h_cu: -10721.263593 (p=0.0000) ***
2026-03-01 17:28:23,306 - INFO -   CF-Hausman(10) joint F on poly: 20.11 -> endogeneity
2026-03-01 17:28:23,308 - INFO - Dep var: Dep_jkt (levels, CF) 
2026-03-01 17:28:23,310 - INFO - ------------------------------------------------------------------------------------------------------------------------------
2026-03-01 17:28:23,310 - INFO -                                    (5) CF Natl     (6) CF+Bank       (7) CF+FE    (8) CF+Clust     (9) CF-Haus  (10) CF-H+Bank
2026-03-01 17:28:23,312 - INFO - ------------------------------------------------------------------------------------------------------------------------------
2026-03-01 17:28:23,374 - INFO -   Y_1,cons  (nr x D_{t-1})          1.0614***       1.0837***       1.4291***       1.4291***       1.0614***       1.0775*** 
2026-03-01 17:28:23,374 - INFO -                                 (   0.0263)   (   0.1516)   (   0.1333)   (   0.1792)   (   0.0261)   (   0.1503) 
2026-03-01 17:28:23,382 - INFO -   Y_1,RF   (selic x nr x D_{t-1})      0.0015         -0.0015         -0.0015         -0.0015          0.0014         -0.0016    
2026-03-01 17:28:23,382 - INFO -                                 (   0.0029)   (   0.0022)   (   0.0020)   (   0.0017)   (   0.0029)   (   0.0022) 
2026-03-01 17:28:23,392 - INFO -   Y_2,size (logA x nr x D_{t-1})                     -0.0259         -0.1100***      -0.1100*                        -0.0237    
2026-03-01 17:28:23,392 - INFO -                                                 (   0.0391)   (   0.0359)   (   0.0590)                   (   0.0387) 
2026-03-01 17:28:23,400 - INFO -   Y_2,eq   (E/A x nr x D_{t-1})                     -0.0367         -0.9592**       -0.9592*                        -0.0413    
2026-03-01 17:28:23,400 - INFO -                                                 (   0.2033)   (   0.4696)   (   0.5722)                   (   0.2027) 
2026-03-01 17:28:23,405 - INFO -   Y_2,S2  (seg_S2 x nr x D_{t-1})                      0.0668                                                          0.0689    
2026-03-01 17:28:23,405 - INFO -                                                 (   0.0527)                                                   (   0.0523) 
2026-03-01 17:28:23,412 - INFO -   Y_2,S3  (seg_S3 x nr x D_{t-1})                      0.1633***                                                       0.1654*** 
2026-03-01 17:28:23,414 - INFO -                                                 (   0.0561)                                                   (   0.0556) 
2026-03-01 17:28:23,418 - INFO -   Y_2,S4  (seg_S4 x nr x D_{t-1})                      0.0439                                                          0.0476    
2026-03-01 17:28:23,419 - INFO -                                                 (   0.0895)                                                   (   0.0890) 
2026-03-01 17:28:23,424 - INFO -   Y_2,S5  (seg_S5 x nr x D_{t-1})                      0.0724                                                          0.0830    
2026-03-01 17:28:23,426 - INFO -                                                 (   0.0793)                                                   (   0.0791) 
2026-03-01 17:28:23,430 - INFO -   beta_1 v^  (CF-cost, 1st)     -3665263.3104***   -3292488.0933***   -2721025.6061***   -2721025.6061***                                 
2026-03-01 17:28:23,432 - INFO -                                 (267627.2732)   (229587.0574)   (322706.3969)   (564621.6369)                                 
2026-03-01 17:28:23,440 - INFO -   beta_2 v^^2 (CF-cost, 2nd)    188353.8821***   42900.0630      -268949.4255***   -268949.4255***                                 
2026-03-01 17:28:23,446 - INFO -                                 (26703.4120)   (37094.9831)   (35050.4290)   (65321.3276)                                 
2026-03-01 17:28:23,460 - INFO -   beta_3 v^^3 (CF-cost, 3rd)     -569.7976       2739.2405**     9753.2074***    9753.2074***                                 
2026-03-01 17:28:23,462 - INFO -                                 ( 907.1023)   (1083.5174)   (1056.5692)   (1763.9971)                                 
2026-03-01 17:28:23,466 - INFO -   beta_1 v^H (CF-Hausman, 1st)                                                                  1544664.1227***   1461760.7372*** 
2026-03-01 17:28:23,468 - INFO -                                                                                                 (451304.0892)   (431288.0028) 
2026-03-01 17:28:23,473 - INFO -   beta_2 v^H^2 (CF-Hausman, 2nd)                                                                  304406.2866***   205177.2793*** 
2026-03-01 17:28:23,475 - INFO -                                                                                                 (28551.9813)   (36597.6814) 
2026-03-01 17:28:23,479 - INFO -   beta_3 v^H^3 (CF-Hausman, 3rd)                                                                  -12956.1225***   -10721.2636*** 
2026-03-01 17:28:23,481 - INFO -                                                                                                 (1457.9093)   (1582.1794) 
2026-03-01 17:28:23,483 - INFO - ------------------------------------------------------------------------------------------------------------------------------
2026-03-01 17:28:23,485 - INFO -   N                                     48,572          48,572          48,572          48,572          48,572          48,572
2026-03-01 17:28:23,488 - INFO -   R^2                                   0.9662          0.9709          0.8747          0.8747          0.9663          0.9710
2026-03-01 17:28:23,491 - INFO -   BankxType FE                              No              No             Yes             Yes              No              No
2026-03-01 17:28:23,493 - INFO -   Time FE                                   No              No             Yes             Yes              No              No
2026-03-01 17:28:23,494 - INFO -   SE type                            HC-robust       HC-robust       HC-robust      Bank-clust       HC-robust       HC-robust
2026-03-01 17:28:23,496 - INFO - ------------------------------------------------------------------------------------------------------------------------------
2026-03-01 17:28:23,511 - INFO - Supply specs available: ['(1) Natl', '(2) +Bank', '(3) +FE', '(4) Clust', '(5) CF Natl', '(6) CF+Bank', '(7) CF+FE', '(8) CF+Clust', '(9) CF-Haus', '(10) CF-H+Bank']
2026-03-01 17:28:23,511 - INFO - 
>>> Step 2: Computing structural sleeping-deposit predictions ...
2026-03-01 17:28:23,577 - INFO -   Supply spec '(1) Natl': hat_Y computed for 66,903 obs (struct cols = ['nr_lag', 'selic_nr_lag'])
2026-03-01 17:28:23,592 - INFO -   Supply spec '(2) +Bank': hat_Y computed for 66,901 obs (struct cols = ['nr_lag', 'selic_nr_lag', 'logA_nr_lag', 'eq_nr_lag', 'seg_S2_nr_lag', 'seg_S3_nr_lag', 'seg_S4_nr_lag', 'seg_S5_nr_lag'])
2026-03-01 17:28:23,607 - INFO -   Supply spec '(3) +FE': hat_Y computed for 66,903 obs (struct cols = ['nr_lag', 'selic_nr_lag', 'logA_nr_lag', 'eq_nr_lag'])
2026-03-01 17:28:23,620 - INFO -   Supply spec '(4) Clust': hat_Y computed for 66,903 obs (struct cols = ['nr_lag', 'selic_nr_lag', 'logA_nr_lag', 'eq_nr_lag'])
2026-03-01 17:28:23,628 - INFO -   Supply spec '(5) CF Natl': hat_Y computed for 66,903 obs (struct cols = ['nr_lag', 'selic_nr_lag'])
2026-03-01 17:28:23,646 - INFO -   Supply spec '(6) CF+Bank': hat_Y computed for 66,901 obs (struct cols = ['nr_lag', 'selic_nr_lag', 'logA_nr_lag', 'eq_nr_lag', 'seg_S2_nr_lag', 'seg_S3_nr_lag', 'seg_S4_nr_lag', 'seg_S5_nr_lag'])
2026-03-01 17:28:23,656 - INFO -   Supply spec '(7) CF+FE': hat_Y computed for 66,903 obs (struct cols = ['nr_lag', 'selic_nr_lag', 'logA_nr_lag', 'eq_nr_lag'])
2026-03-01 17:28:23,667 - INFO -   Supply spec '(8) CF+Clust': hat_Y computed for 66,903 obs (struct cols = ['nr_lag', 'selic_nr_lag', 'logA_nr_lag', 'eq_nr_lag'])
2026-03-01 17:28:23,673 - INFO -   Supply spec '(9) CF-Haus': hat_Y computed for 66,903 obs (struct cols = ['nr_lag', 'selic_nr_lag'])
2026-03-01 17:28:23,683 - INFO -   Supply spec '(10) CF-H+Bank': hat_Y computed for 66,901 obs (struct cols = ['nr_lag', 'selic_nr_lag', 'logA_nr_lag', 'eq_nr_lag', 'seg_S2_nr_lag', 'seg_S3_nr_lag', 'seg_S4_nr_lag', 'seg_S5_nr_lag'])
2026-03-01 17:28:23,687 - INFO - 
>>> Step 3: Active deposit diagnostics by supply spec ...
2026-03-01 17:28:23,698 - INFO -   '(1) Natl': active>0=57.0%, active=0=43.0%, mean(active|active>0)=79354390.3
2026-03-01 17:28:23,722 - INFO -   '(2) +Bank': active>0=57.6%, active=0=42.4%, mean(active|active>0)=72100072.3
2026-03-01 17:28:23,735 - INFO -   '(3) +FE': active>0=69.7%, active=0=30.3%, mean(active|active>0)=119596317.5
2026-03-01 17:28:23,744 - INFO -   '(4) Clust': active>0=69.7%, active=0=30.3%, mean(active|active>0)=119596317.5
2026-03-01 17:28:23,759 - INFO -   '(5) CF Natl': active>0=50.1%, active=0=49.9%, mean(active|active>0)=78753270.9
2026-03-01 17:28:23,765 - INFO -   '(6) CF+Bank': active>0=40.9%, active=0=59.1%, mean(active|active>0)=82778006.9
2026-03-01 17:28:23,779 - INFO -   '(7) CF+FE': active>0=53.3%, active=0=46.7%, mean(active|active>0)=100480558.6
2026-03-01 17:28:23,792 - INFO -   '(8) CF+Clust': active>0=53.3%, active=0=46.7%, mean(active|active>0)=100480558.6
2026-03-01 17:28:23,808 - INFO -   '(9) CF-Haus': active>0=50.2%, active=0=49.8%, mean(active|active>0)=78764571.7
2026-03-01 17:28:23,821 - INFO -   '(10) CF-H+Bank': active>0=41.1%, active=0=58.9%, mean(active|active>0)=82766266.0
2026-03-01 17:28:23,823 - INFO - 
>>> Step 4: Estimating Berry (1994) demand equation ...
2026-03-01 17:28:23,838 - INFO - Demand -- type-interacted rate columns: ['rate_T1', 'rate_T2', 'rate_T3', 'rate_T4', 'rate_T5']
2026-03-01 17:28:23,942 - INFO - Endogenous types [4, 5]: 31,941 obs (47.7% of full sample)
2026-03-01 17:28:23,953 - INFO - Demand CF cost shifters (types 4-5): ['cosif_lag', 'log_assets_std', 'equity_ratio', 'lagged_cdi', 'lagged_selic', 'personnel_cost_ratio_lag', 'admin_cost_ratio_lag']
2026-03-01 17:28:24,085 - INFO - Demand CF-A (types 4-5): N=22,822, R^2=0.2579
2026-03-01 17:28:24,101 - INFO -   Joint F (cost vars): 1328.27 (strong)
2026-03-01 17:29:24,133 - INFO - ================================================================================
2026-03-01 17:29:24,149 - INFO - DEMAND ESTIMATION -- CONGLOMERATE LEVEL
2026-03-01 17:29:24,149 - INFO - Berry (1994) active market shares | estimation_demand_1.py
2026-03-01 17:29:24,149 - INFO - ================================================================================
2026-03-01 17:29:24,149 - INFO - 
>>> Step 1: Loading panel and running supply estimation ...
2026-03-01 17:29:24,149 - INFO - Loading panel ...
2026-03-01 17:29:26,881 - INFO - Raw panel: 241,519 rows, 31 cols
2026-03-01 17:29:26,887 - INFO -   total_assets coverage: 241,519 / 241,519
2026-03-01 17:29:26,891 - INFO -   equity_ratio coverage: 239,294 / 241,519
2026-03-01 17:29:26,924 - INFO -   segment coverage: 230,256 / 241,519
2026-03-01 17:29:27,172 - INFO - log_total_assets: mean=19.79, sd=2.57 (standardized for estimation)
2026-03-01 17:29:27,443 - INFO - Winsorized deposit_balance at [p1,p99]=[297.8,34626022396.7]: dropped 1,366 outliers
2026-03-01 17:29:27,443 - INFO - Estimation sample: 66,903 rows
2026-03-01 17:29:27,458 - INFO -   Banks:    1236
2026-03-01 17:29:27,460 - INFO -   Quarters: 37
2026-03-01 17:29:27,464 - INFO -   Types:    [np.int64(1), np.int64(2), np.int64(3), np.int64(4), np.int64(5)]
2026-03-01 17:29:27,467 - INFO - Dep var (deposit_balance, levels) summary:
2026-03-01 17:29:27,473 - INFO -   mean=470784318.3, sd=2003063602.1, p5=841909.3, p95=1711527799.3
2026-03-01 17:29:27,473 - INFO - nr_lag (nr x D_{t-1}) summary:
2026-03-01 17:29:27,485 - INFO -   mean=429269688.034755, sd=1877534941.326732
2026-03-01 17:29:27,487 - INFO - Lagged Selic (p.a.) summary:
2026-03-01 17:29:27,495 - INFO -   mean=9.29, sd=4.10, min=2.00, max=15.00
2026-03-01 17:29:27,499 - INFO - Segment distribution: {'S5': 39798, 'S4': 18039, 'S3': 4787, 'S2': 986, 'S1': 392}
2026-03-01 17:29:27,515 - INFO - ================================================================================
2026-03-01 17:29:27,515 - INFO - STRUCTURAL ESTIMATION: deposit_balance = phi(S,X) x nr x D_{t-1}
2026-03-01 17:29:27,515 - INFO -   phi(S,X) = Y'_1 S_t + Y'_2 X_jt  (Egan et al. 2025, Table 3)
2026-03-01 17:29:27,515 - INFO - ================================================================================
2026-03-01 17:29:31,190 - INFO - Dep var: Dep_jkt (levels)     
2026-03-01 17:29:31,190 - INFO - ----------------------------------------------------------------------------------------------
2026-03-01 17:29:31,190 - INFO -                                       (1) Natl       (2) +Bank         (3) +FE       (4) Clust
2026-03-01 17:29:31,190 - INFO - ----------------------------------------------------------------------------------------------
2026-03-01 17:29:31,255 - INFO -   Y_1,cons  (nr x D_{t-1})          1.0738***       0.9713***       1.4373***       1.4373*** 
2026-03-01 17:29:31,255 - INFO -                                 (   0.0216)   (   0.2216)   (   0.1491)   (   0.1588) 
2026-03-01 17:29:31,265 - INFO -   Y_1,RF   (selic x nr x D_{t-1})     -0.0027         -0.0063*        -0.0015         -0.0015    
2026-03-01 17:29:31,265 - INFO -                                 (   0.0027)   (   0.0037)   (   0.0017)   (   0.0020) 
2026-03-01 17:29:31,270 - INFO -   Y_2,size (logA x nr x D_{t-1})                      0.0293         -0.1242***      -0.1242**  
2026-03-01 17:29:31,274 - INFO -                                                 (   0.0782)   (   0.0461)   (   0.0520) 
2026-03-01 17:29:31,280 - INFO -   Y_2,eq   (E/A x nr x D_{t-1})                     -0.2937*        -1.3216***      -1.3216*** 
2026-03-01 17:29:31,282 - INFO -                                                 (   0.1696)   (   0.4440)   (   0.4656) 
2026-03-01 17:29:31,285 - INFO -   Y_2,S2  (seg_S2 x nr x D_{t-1})                      0.1144                                    
2026-03-01 17:29:31,285 - INFO -                                                 (   0.0919)                                 
2026-03-01 17:29:31,290 - INFO -   Y_2,S3  (seg_S3 x nr x D_{t-1})                      0.2084                                    
2026-03-01 17:29:31,292 - INFO -                                                 (   0.1335)                                 
2026-03-01 17:29:31,294 - INFO -   Y_2,S4  (seg_S4 x nr x D_{t-1})                      0.2089                                    
2026-03-01 17:29:31,294 - INFO -                                                 (   0.1679)                                 
2026-03-01 17:29:31,299 - INFO -   Y_2,S5  (seg_S5 x nr x D_{t-1})                      0.2729                                    
2026-03-01 17:29:31,299 - INFO -                                                 (   0.2220)                                 
2026-03-01 17:29:31,301 - INFO - ----------------------------------------------------------------------------------------------
2026-03-01 17:29:31,302 - INFO -   N                                     66,903          66,901          66,903          66,903
2026-03-01 17:29:31,304 - INFO -   R^2                                   0.9597          0.9637          0.8287          0.8287
2026-03-01 17:29:31,306 - INFO -   BankxType FE                              No              No             Yes             Yes
2026-03-01 17:29:31,306 - INFO -   Time FE                                   No              No             Yes             Yes
2026-03-01 17:29:31,308 - INFO -   SE type                            HC-robust       HC-robust       HC-robust      Bank-clust
2026-03-01 17:29:31,308 - INFO - ----------------------------------------------------------------------------------------------
2026-03-01 17:29:31,308 - INFO - Interpretation guide:
2026-03-01 17:29:31,308 - INFO -   Y_1,cons = coef on nr_lag = phi_cons (retention scaling factor)
2026-03-01 17:29:31,315 - INFO -   Y_1,RF < 0 means depositors sleepier when rates are low
2026-03-01 17:29:31,317 - INFO -   Y_2,size > 0 means larger banks retain more deposits
2026-03-01 17:29:31,320 - INFO - Baseline retention coef on nr_lag (Spec 1): 1.0738
2026-03-01 17:29:31,320 - INFO - ================================================================================
2026-03-01 17:29:31,320 - INFO - CONTROL FUNCTION ESTIMATION (semi-parametric CF) [CONGLOMERATE]
2026-03-01 17:29:31,320 - INFO -   Stage 1: spread_jkt ~ cost_shifters + type_dummies  -->  v_hat
2026-03-01 17:29:31,320 - INFO -   Stage 2: deposit_balance = phi(S,X)*nr*D_{t-1} + b1*v + b2*v^2 + b3*v^3 + eps
2026-03-01 17:29:31,320 - INFO -   All deposit types treated as potentially endogenous.
2026-03-01 17:29:31,320 - INFO - ================================================================================
2026-03-01 17:29:31,336 - INFO - First-stage cost shifters: ['cosif_lag', 'log_assets_std', 'equity_ratio', 'lagged_cdi', 'lagged_selic', 'personnel_cost_ratio_lag', 'admin_cost_ratio_lag']
2026-03-01 17:29:31,482 - INFO - First-stage A -- N=48,572, R^2=0.4579
2026-03-01 17:29:31,486 - INFO -   cosif_lag: coef=-0.206575, p=0.0000
2026-03-01 17:29:31,488 - INFO -   log_assets_std: coef=-0.066765, p=0.2694
2026-03-01 17:29:31,490 - INFO -   equity_ratio: coef=-1.024838, p=0.0000
2026-03-01 17:29:31,494 - INFO -   lagged_cdi: coef=5.099827, p=0.0000
2026-03-01 17:29:31,496 - INFO -   lagged_selic: coef=-1.354892, p=0.0000
2026-03-01 17:29:31,496 - INFO -   personnel_cost_ratio_lag: coef=56.905618, p=0.0000
2026-03-01 17:29:31,503 - INFO -   admin_cost_ratio_lag: coef=-0.122374, p=0.7851
2026-03-01 17:29:31,503 - INFO -   type2_d: coef=1.776860, p=0.0000
2026-03-01 17:29:31,508 - INFO -   type3_d: coef=2.444032, p=0.0000
2026-03-01 17:29:31,510 - INFO -   type4_d: coef=13.776797, p=0.0000
2026-03-01 17:29:31,513 - INFO -   type5_d: coef=-1.035238, p=0.0000
2026-03-01 17:29:31,524 - INFO -   Joint F (cost vars): 1387.74 (strong)
2026-03-01 17:29:31,620 - INFO - Computing Hausman IV (leave-one-out spread mean by type x quarter) ...
2026-03-01 17:29:31,840 - INFO - First-stage B -- N=48,572, R^2=0.6229
2026-03-01 17:29:31,844 - INFO -   hausman_iv_spread: coef=1.284632, p=0.0000
2026-03-01 17:29:31,848 - INFO -   cosif_lag: coef=-0.025066, p=0.0000
2026-03-01 17:29:31,848 - INFO -   log_assets_std: coef=-0.356095, p=0.0000
2026-03-01 17:29:31,852 - INFO -   equity_ratio: coef=-3.202099, p=0.0000
2026-03-01 17:29:31,854 - INFO -   lagged_cdi: coef=-0.127088, p=0.4760
2026-03-01 17:29:31,856 - INFO -   lagged_selic: coef=0.049475, p=0.2416
2026-03-01 17:29:31,860 - INFO -   personnel_cost_ratio_lag: coef=10.710681, p=0.0277
2026-03-01 17:29:31,864 - INFO -   admin_cost_ratio_lag: coef=0.083304, p=0.7881
2026-03-01 17:29:31,864 - INFO -   F (Hausman IV): 12207.88 (strong)
2026-03-01 17:29:31,951 - INFO - CF residuals (Cost-only): N=48,572, mean=-0.000000, sd=7.850400
2026-03-01 17:29:31,951 - INFO - CF residuals (Hausman): N=48,572, mean=-0.000000, sd=6.547397
2026-03-01 17:29:32,087 - INFO -   CF-Cost(5) cf_resid: -3665263.310440 (p=0.0000) ***
2026-03-01 17:29:32,091 - INFO -   CF-Cost(5) cf_resid_sq: 188353.882056 (p=0.0000) ***
2026-03-01 17:29:32,094 - INFO -   CF-Cost(5) cf_resid_cu: -569.797630 (p=0.5299) 
2026-03-01 17:29:32,105 - INFO -   CF-Cost(5) joint F on poly: 81.79 -> endogeneity
2026-03-01 17:29:32,300 - INFO -   CF-Cost(6) cf_resid: -3292488.093307 (p=0.0000) ***
2026-03-01 17:29:32,302 - INFO -   CF-Cost(6) cf_resid_sq: 42900.063022 (p=0.2475) 
2026-03-01 17:29:32,306 - INFO -   CF-Cost(6) cf_resid_cu: 2739.240523 (p=0.0115) **
2026-03-01 17:29:32,314 - INFO -   CF-Cost(6) joint F on poly: 68.73 -> endogeneity
2026-03-01 17:29:33,927 - INFO -   CF+FE(7) cf_resid: -2721025.606056 (p=0.0000)
2026-03-01 17:29:33,927 - INFO -   CF+FE(7) cf_resid_sq: -268949.425455 (p=0.0000)
2026-03-01 17:29:33,927 - INFO -   CF+FE(7) cf_resid_cu: 9753.207416 (p=0.0000)
2026-03-01 17:29:35,209 - INFO -   CF-Hausman(9) cf_resid_h: 1544664.122667 (p=0.0006) ***
2026-03-01 17:29:35,209 - INFO -   CF-Hausman(9) cf_resid_h_sq: 304406.286598 (p=0.0000) ***
2026-03-01 17:29:35,209 - INFO -   CF-Hausman(9) cf_resid_h_cu: -12956.122476 (p=0.0000) ***
2026-03-01 17:29:35,225 - INFO -   CF-Hausman(9) joint F on poly: 39.66 -> endogeneity
2026-03-01 17:29:35,415 - INFO -   CF-Hausman(10) cf_resid_h: 1461760.737248 (p=0.0007) ***
2026-03-01 17:29:35,417 - INFO -   CF-Hausman(10) cf_resid_h_sq: 205177.279345 (p=0.0000) ***
2026-03-01 17:29:35,419 - INFO -   CF-Hausman(10) cf_resid_h_cu: -10721.263593 (p=0.0000) ***
2026-03-01 17:29:35,429 - INFO -   CF-Hausman(10) joint F on poly: 20.11 -> endogeneity
2026-03-01 17:29:35,431 - INFO - Dep var: Dep_jkt (levels, CF) 
2026-03-01 17:29:35,431 - INFO - ------------------------------------------------------------------------------------------------------------------------------
2026-03-01 17:29:35,431 - INFO -                                    (5) CF Natl     (6) CF+Bank       (7) CF+FE    (8) CF+Clust     (9) CF-Haus  (10) CF-H+Bank
2026-03-01 17:29:35,431 - INFO - ------------------------------------------------------------------------------------------------------------------------------
2026-03-01 17:29:35,512 - INFO -   Y_1,cons  (nr x D_{t-1})          1.0614***       1.0837***       1.4291***       1.4291***       1.0614***       1.0775*** 
2026-03-01 17:29:35,512 - INFO -                                 (   0.0263)   (   0.1516)   (   0.1333)   (   0.1792)   (   0.0261)   (   0.1503) 
2026-03-01 17:29:35,524 - INFO -   Y_1,RF   (selic x nr x D_{t-1})      0.0015         -0.0015         -0.0015         -0.0015          0.0014         -0.0016    
2026-03-01 17:29:35,524 - INFO -                                 (   0.0029)   (   0.0022)   (   0.0020)   (   0.0017)   (   0.0029)   (   0.0022) 
2026-03-01 17:29:35,530 - INFO -   Y_2,size (logA x nr x D_{t-1})                     -0.0259         -0.1100***      -0.1100*                        -0.0237    
2026-03-01 17:29:35,532 - INFO -                                                 (   0.0391)   (   0.0359)   (   0.0590)                   (   0.0387) 
2026-03-01 17:29:35,534 - INFO -   Y_2,eq   (E/A x nr x D_{t-1})                     -0.0367         -0.9592**       -0.9592*                        -0.0413    
2026-03-01 17:29:35,534 - INFO -                                                 (   0.2033)   (   0.4696)   (   0.5722)                   (   0.2027) 
2026-03-01 17:29:35,541 - INFO -   Y_2,S2  (seg_S2 x nr x D_{t-1})                      0.0668                                                          0.0689    
2026-03-01 17:29:35,544 - INFO -                                                 (   0.0527)                                                   (   0.0523) 
2026-03-01 17:29:35,548 - INFO -   Y_2,S3  (seg_S3 x nr x D_{t-1})                      0.1633***                                                       0.1654*** 
2026-03-01 17:29:35,548 - INFO -                                                 (   0.0561)                                                   (   0.0556) 
2026-03-01 17:29:35,552 - INFO -   Y_2,S4  (seg_S4 x nr x D_{t-1})                      0.0439                                                          0.0476    
2026-03-01 17:29:35,554 - INFO -                                                 (   0.0895)                                                   (   0.0890) 
2026-03-01 17:29:35,558 - INFO -   Y_2,S5  (seg_S5 x nr x D_{t-1})                      0.0724                                                          0.0830    
2026-03-01 17:29:35,560 - INFO -                                                 (   0.0793)                                                   (   0.0791) 
2026-03-01 17:29:35,569 - INFO -   beta_1 v^  (CF-cost, 1st)     -3665263.3104***   -3292488.0933***   -2721025.6061***   -2721025.6061***                                 
2026-03-01 17:29:35,575 - INFO -                                 (267627.2732)   (229587.0574)   (322706.3969)   (564621.6369)                                 
2026-03-01 17:29:35,578 - INFO -   beta_2 v^^2 (CF-cost, 2nd)    188353.8821***   42900.0630      -268949.4255***   -268949.4255***                                 
2026-03-01 17:29:35,578 - INFO -                                 (26703.4120)   (37094.9831)   (35050.4290)   (65321.3276)                                 
2026-03-01 17:29:35,578 - INFO -   beta_3 v^^3 (CF-cost, 3rd)     -569.7976       2739.2405**     9753.2074***    9753.2074***                                 
2026-03-01 17:29:35,590 - INFO -                                 ( 907.1023)   (1083.5174)   (1056.5692)   (1763.9971)                                 
2026-03-01 17:29:35,590 - INFO -   beta_1 v^H (CF-Hausman, 1st)                                                                  1544664.1227***   1461760.7372*** 
2026-03-01 17:29:35,590 - INFO -                                                                                                 (451304.0892)   (431288.0028) 
2026-03-01 17:29:35,600 - INFO -   beta_2 v^H^2 (CF-Hausman, 2nd)                                                                  304406.2866***   205177.2793*** 
2026-03-01 17:29:35,600 - INFO -                                                                                                 (28551.9813)   (36597.6814) 
2026-03-01 17:29:35,611 - INFO -   beta_3 v^H^3 (CF-Hausman, 3rd)                                                                  -12956.1225***   -10721.2636*** 
2026-03-01 17:29:35,613 - INFO -                                                                                                 (1457.9093)   (1582.1794) 
2026-03-01 17:29:35,615 - INFO - ------------------------------------------------------------------------------------------------------------------------------
2026-03-01 17:29:35,617 - INFO -   N                                     48,572          48,572          48,572          48,572          48,572          48,572
2026-03-01 17:29:35,621 - INFO -   R^2                                   0.9662          0.9709          0.8747          0.8747          0.9663          0.9710
2026-03-01 17:29:35,621 - INFO -   BankxType FE                              No              No             Yes             Yes              No              No
2026-03-01 17:29:35,621 - INFO -   Time FE                                   No              No             Yes             Yes              No              No
2026-03-01 17:29:35,630 - INFO -   SE type                            HC-robust       HC-robust       HC-robust      Bank-clust       HC-robust       HC-robust
2026-03-01 17:29:35,630 - INFO - ------------------------------------------------------------------------------------------------------------------------------
2026-03-01 17:29:35,649 - INFO - Supply specs available: ['(1) Natl', '(2) +Bank', '(3) +FE', '(4) Clust', '(5) CF Natl', '(6) CF+Bank', '(7) CF+FE', '(8) CF+Clust', '(9) CF-Haus', '(10) CF-H+Bank']
2026-03-01 17:29:35,651 - INFO - 
>>> Step 2: Computing structural sleeping-deposit predictions ...
2026-03-01 17:29:35,718 - INFO -   Supply spec '(1) Natl': hat_Y computed for 66,903 obs (struct cols = ['nr_lag', 'selic_nr_lag'])
2026-03-01 17:29:35,728 - INFO -   Supply spec '(2) +Bank': hat_Y computed for 66,901 obs (struct cols = ['nr_lag', 'selic_nr_lag', 'logA_nr_lag', 'eq_nr_lag', 'seg_S2_nr_lag', 'seg_S3_nr_lag', 'seg_S4_nr_lag', 'seg_S5_nr_lag'])
2026-03-01 17:29:35,734 - INFO -   Supply spec '(3) +FE': hat_Y computed for 66,903 obs (struct cols = ['nr_lag', 'selic_nr_lag', 'logA_nr_lag', 'eq_nr_lag'])
2026-03-01 17:29:35,740 - INFO -   Supply spec '(4) Clust': hat_Y computed for 66,903 obs (struct cols = ['nr_lag', 'selic_nr_lag', 'logA_nr_lag', 'eq_nr_lag'])
2026-03-01 17:29:35,746 - INFO -   Supply spec '(5) CF Natl': hat_Y computed for 66,903 obs (struct cols = ['nr_lag', 'selic_nr_lag'])
2026-03-01 17:29:35,748 - INFO -   Supply spec '(6) CF+Bank': hat_Y computed for 66,901 obs (struct cols = ['nr_lag', 'selic_nr_lag', 'logA_nr_lag', 'eq_nr_lag', 'seg_S2_nr_lag', 'seg_S3_nr_lag', 'seg_S4_nr_lag', 'seg_S5_nr_lag'])
2026-03-01 17:29:35,748 - INFO -   Supply spec '(7) CF+FE': hat_Y computed for 66,903 obs (struct cols = ['nr_lag', 'selic_nr_lag', 'logA_nr_lag', 'eq_nr_lag'])
2026-03-01 17:29:35,764 - INFO -   Supply spec '(8) CF+Clust': hat_Y computed for 66,903 obs (struct cols = ['nr_lag', 'selic_nr_lag', 'logA_nr_lag', 'eq_nr_lag'])
2026-03-01 17:29:35,764 - INFO -   Supply spec '(9) CF-Haus': hat_Y computed for 66,903 obs (struct cols = ['nr_lag', 'selic_nr_lag'])
2026-03-01 17:29:35,788 - INFO -   Supply spec '(10) CF-H+Bank': hat_Y computed for 66,901 obs (struct cols = ['nr_lag', 'selic_nr_lag', 'logA_nr_lag', 'eq_nr_lag', 'seg_S2_nr_lag', 'seg_S3_nr_lag', 'seg_S4_nr_lag', 'seg_S5_nr_lag'])
2026-03-01 17:29:35,790 - INFO - 
>>> Step 3: Active deposit diagnostics by supply spec ...
2026-03-01 17:29:35,802 - INFO -   '(1) Natl': active>0=57.0%, active=0=43.0%, mean(active|active>0)=79354390.3
2026-03-01 17:29:35,811 - INFO -   '(2) +Bank': active>0=57.6%, active=0=42.4%, mean(active|active>0)=72100072.3
2026-03-01 17:29:35,814 - INFO -   '(3) +FE': active>0=69.7%, active=0=30.3%, mean(active|active>0)=119596317.5
2026-03-01 17:29:35,829 - INFO -   '(4) Clust': active>0=69.7%, active=0=30.3%, mean(active|active>0)=119596317.5
2026-03-01 17:29:35,829 - INFO -   '(5) CF Natl': active>0=50.1%, active=0=49.9%, mean(active|active>0)=78753270.9
2026-03-01 17:29:35,845 - INFO -   '(6) CF+Bank': active>0=40.9%, active=0=59.1%, mean(active|active>0)=82778006.9
2026-03-01 17:29:35,856 - INFO -   '(7) CF+FE': active>0=53.3%, active=0=46.7%, mean(active|active>0)=100480558.6
2026-03-01 17:29:35,868 - INFO -   '(8) CF+Clust': active>0=53.3%, active=0=46.7%, mean(active|active>0)=100480558.6
2026-03-01 17:29:35,879 - INFO -   '(9) CF-Haus': active>0=50.2%, active=0=49.8%, mean(active|active>0)=78764571.7
2026-03-01 17:29:35,883 - INFO -   '(10) CF-H+Bank': active>0=41.1%, active=0=58.9%, mean(active|active>0)=82766266.0
2026-03-01 17:29:35,883 - INFO - 
>>> Step 4: Estimating Berry (1994) demand equation ...
2026-03-01 17:29:35,891 - INFO - Demand -- type-interacted rate columns: ['rate_T1', 'rate_T2', 'rate_T3', 'rate_T4', 'rate_T5']
2026-03-01 17:29:35,970 - INFO - Endogenous types [4, 5]: 31,941 obs (47.7% of full sample)
2026-03-01 17:29:35,973 - INFO - Demand CF cost shifters (types 4-5): ['cosif_lag', 'log_assets_std', 'equity_ratio', 'lagged_cdi', 'lagged_selic', 'personnel_cost_ratio_lag', 'admin_cost_ratio_lag']
2026-03-01 17:29:36,083 - INFO - Demand CF-A (types 4-5): N=22,822, R^2=0.2579
2026-03-01 17:29:36,109 - INFO -   Joint F (cost vars): 1328.27 (strong)
2026-03-01 17:30:47,541 - INFO - ================================================================================
2026-03-01 17:30:47,541 - INFO - DEMAND ESTIMATION -- CONGLOMERATE LEVEL
2026-03-01 17:30:47,541 - INFO - Berry (1994) active market shares | estimation_demand_1.py
2026-03-01 17:30:47,551 - INFO - ================================================================================
2026-03-01 17:30:47,553 - INFO - 
>>> Step 1: Loading panel and running supply estimation ...
2026-03-01 17:30:47,555 - INFO - Loading panel ...
2026-03-01 17:30:50,978 - INFO - Raw panel: 241,519 rows, 31 cols
2026-03-01 17:30:50,991 - INFO -   total_assets coverage: 241,519 / 241,519
2026-03-01 17:30:51,004 - INFO -   equity_ratio coverage: 239,294 / 241,519
2026-03-01 17:30:51,035 - INFO -   segment coverage: 230,256 / 241,519
2026-03-01 17:30:51,309 - INFO - log_total_assets: mean=19.79, sd=2.57 (standardized for estimation)
2026-03-01 17:30:51,589 - INFO - Winsorized deposit_balance at [p1,p99]=[297.8,34626022396.7]: dropped 1,366 outliers
2026-03-01 17:30:51,589 - INFO - Estimation sample: 66,903 rows
2026-03-01 17:30:51,609 - INFO -   Banks:    1236
2026-03-01 17:30:51,613 - INFO -   Quarters: 37
2026-03-01 17:30:51,620 - INFO -   Types:    [np.int64(1), np.int64(2), np.int64(3), np.int64(4), np.int64(5)]
2026-03-01 17:30:51,622 - INFO - Dep var (deposit_balance, levels) summary:
2026-03-01 17:30:51,633 - INFO -   mean=470784318.3, sd=2003063602.1, p5=841909.3, p95=1711527799.3
2026-03-01 17:30:51,635 - INFO - nr_lag (nr x D_{t-1}) summary:
2026-03-01 17:30:51,640 - INFO -   mean=429269688.034755, sd=1877534941.326732
2026-03-01 17:30:51,642 - INFO - Lagged Selic (p.a.) summary:
2026-03-01 17:30:51,646 - INFO -   mean=9.29, sd=4.10, min=2.00, max=15.00
2026-03-01 17:30:51,656 - INFO - Segment distribution: {'S5': 39798, 'S4': 18039, 'S3': 4787, 'S2': 986, 'S1': 392}
2026-03-01 17:30:51,670 - INFO - ================================================================================
2026-03-01 17:30:51,672 - INFO - STRUCTURAL ESTIMATION: deposit_balance = phi(S,X) x nr x D_{t-1}
2026-03-01 17:30:51,674 - INFO -   phi(S,X) = Y'_1 S_t + Y'_2 X_jt  (Egan et al. 2025, Table 3)
2026-03-01 17:30:51,676 - INFO - ================================================================================
2026-03-01 17:30:55,193 - INFO - Dep var: Dep_jkt (levels)     
2026-03-01 17:30:55,195 - INFO - ----------------------------------------------------------------------------------------------
2026-03-01 17:30:55,197 - INFO -                                       (1) Natl       (2) +Bank         (3) +FE       (4) Clust
2026-03-01 17:30:55,197 - INFO - ----------------------------------------------------------------------------------------------
2026-03-01 17:30:55,291 - INFO -   Y_1,cons  (nr x D_{t-1})          1.0738***       0.9713***       1.4373***       1.4373*** 
2026-03-01 17:30:55,293 - INFO -                                 (   0.0216)   (   0.2216)   (   0.1491)   (   0.1588) 
2026-03-01 17:30:55,301 - INFO -   Y_1,RF   (selic x nr x D_{t-1})     -0.0027         -0.0063*        -0.0015         -0.0015    
2026-03-01 17:30:55,301 - INFO -                                 (   0.0027)   (   0.0037)   (   0.0017)   (   0.0020) 
2026-03-01 17:30:55,315 - INFO -   Y_2,size (logA x nr x D_{t-1})                      0.0293         -0.1242***      -0.1242**  
2026-03-01 17:30:55,318 - INFO -                                                 (   0.0782)   (   0.0461)   (   0.0520) 
2026-03-01 17:30:55,329 - INFO -   Y_2,eq   (E/A x nr x D_{t-1})                     -0.2937*        -1.3216***      -1.3216*** 
2026-03-01 17:30:55,333 - INFO -                                                 (   0.1696)   (   0.4440)   (   0.4656) 
2026-03-01 17:30:55,340 - INFO -   Y_2,S2  (seg_S2 x nr x D_{t-1})                      0.1144                                    
2026-03-01 17:30:55,342 - INFO -                                                 (   0.0919)                                 
2026-03-01 17:30:55,351 - INFO -   Y_2,S3  (seg_S3 x nr x D_{t-1})                      0.2084                                    
2026-03-01 17:30:55,356 - INFO -                                                 (   0.1335)                                 
2026-03-01 17:30:55,361 - INFO -   Y_2,S4  (seg_S4 x nr x D_{t-1})                      0.2089                                    
2026-03-01 17:30:55,361 - INFO -                                                 (   0.1679)                                 
2026-03-01 17:30:55,368 - INFO -   Y_2,S5  (seg_S5 x nr x D_{t-1})                      0.2729                                    
2026-03-01 17:30:55,368 - INFO -                                                 (   0.2220)                                 
2026-03-01 17:30:55,368 - INFO - ----------------------------------------------------------------------------------------------
2026-03-01 17:30:55,375 - INFO -   N                                     66,903          66,901          66,903          66,903
2026-03-01 17:30:55,380 - INFO -   R^2                                   0.9597          0.9637          0.8287          0.8287
2026-03-01 17:30:55,380 - INFO -   BankxType FE                              No              No             Yes             Yes
2026-03-01 17:30:55,386 - INFO -   Time FE                                   No              No             Yes             Yes
2026-03-01 17:30:55,389 - INFO -   SE type                            HC-robust       HC-robust       HC-robust      Bank-clust
2026-03-01 17:30:55,393 - INFO - ----------------------------------------------------------------------------------------------
2026-03-01 17:30:55,395 - INFO - Interpretation guide:
2026-03-01 17:30:55,395 - INFO -   Y_1,cons = coef on nr_lag = phi_cons (retention scaling factor)
2026-03-01 17:30:55,397 - INFO -   Y_1,RF < 0 means depositors sleepier when rates are low
2026-03-01 17:30:55,400 - INFO -   Y_2,size > 0 means larger banks retain more deposits
2026-03-01 17:30:55,400 - INFO - Baseline retention coef on nr_lag (Spec 1): 1.0738
2026-03-01 17:30:55,408 - INFO - ================================================================================
2026-03-01 17:30:55,414 - INFO - CONTROL FUNCTION ESTIMATION (semi-parametric CF) [CONGLOMERATE]
2026-03-01 17:30:55,414 - INFO -   Stage 1: spread_jkt ~ cost_shifters + type_dummies  -->  v_hat
2026-03-01 17:30:55,417 - INFO -   Stage 2: deposit_balance = phi(S,X)*nr*D_{t-1} + b1*v + b2*v^2 + b3*v^3 + eps
2026-03-01 17:30:55,417 - INFO -   All deposit types treated as potentially endogenous.
2026-03-01 17:30:55,417 - INFO - ================================================================================
2026-03-01 17:30:55,428 - INFO - First-stage cost shifters: ['cosif_lag', 'log_assets_std', 'equity_ratio', 'lagged_cdi', 'lagged_selic', 'personnel_cost_ratio_lag', 'admin_cost_ratio_lag']
2026-03-01 17:30:55,648 - INFO - First-stage A -- N=48,572, R^2=0.4579
2026-03-01 17:30:55,652 - INFO -   cosif_lag: coef=-0.206575, p=0.0000
2026-03-01 17:30:55,656 - INFO -   log_assets_std: coef=-0.066765, p=0.2694
2026-03-01 17:30:55,662 - INFO -   equity_ratio: coef=-1.024838, p=0.0000
2026-03-01 17:30:55,664 - INFO -   lagged_cdi: coef=5.099827, p=0.0000
2026-03-01 17:30:55,664 - INFO -   lagged_selic: coef=-1.354892, p=0.0000
2026-03-01 17:30:55,670 - INFO -   personnel_cost_ratio_lag: coef=56.905618, p=0.0000
2026-03-01 17:30:55,672 - INFO -   admin_cost_ratio_lag: coef=-0.122374, p=0.7851
2026-03-01 17:30:55,677 - INFO -   type2_d: coef=1.776860, p=0.0000
2026-03-01 17:30:55,680 - INFO -   type3_d: coef=2.444032, p=0.0000
2026-03-01 17:30:55,682 - INFO -   type4_d: coef=13.776797, p=0.0000
2026-03-01 17:30:55,687 - INFO -   type5_d: coef=-1.035238, p=0.0000
2026-03-01 17:30:55,703 - INFO -   Joint F (cost vars): 1387.74 (strong)
2026-03-01 17:30:55,806 - INFO - Computing Hausman IV (leave-one-out spread mean by type x quarter) ...
2026-03-01 17:30:56,032 - INFO - First-stage B -- N=48,572, R^2=0.6229
2026-03-01 17:30:56,037 - INFO -   hausman_iv_spread: coef=1.284632, p=0.0000
2026-03-01 17:30:56,040 - INFO -   cosif_lag: coef=-0.025066, p=0.0000
2026-03-01 17:30:56,042 - INFO -   log_assets_std: coef=-0.356095, p=0.0000
2026-03-01 17:30:56,048 - INFO -   equity_ratio: coef=-3.202099, p=0.0000
2026-03-01 17:30:56,049 - INFO -   lagged_cdi: coef=-0.127088, p=0.4760
2026-03-01 17:30:56,055 - INFO -   lagged_selic: coef=0.049475, p=0.2416
2026-03-01 17:30:56,057 - INFO -   personnel_cost_ratio_lag: coef=10.710681, p=0.0277
2026-03-01 17:30:56,061 - INFO -   admin_cost_ratio_lag: coef=0.083304, p=0.7881
2026-03-01 17:30:56,065 - INFO -   F (Hausman IV): 12207.88 (strong)
2026-03-01 17:30:56,165 - INFO - CF residuals (Cost-only): N=48,572, mean=-0.000000, sd=7.850400
2026-03-01 17:30:56,172 - INFO - CF residuals (Hausman): N=48,572, mean=-0.000000, sd=6.547397
2026-03-01 17:30:56,304 - INFO -   CF-Cost(5) cf_resid: -3665263.310440 (p=0.0000) ***
2026-03-01 17:30:56,308 - INFO -   CF-Cost(5) cf_resid_sq: 188353.882056 (p=0.0000) ***
2026-03-01 17:30:56,313 - INFO -   CF-Cost(5) cf_resid_cu: -569.797630 (p=0.5299) 
2026-03-01 17:30:56,321 - INFO -   CF-Cost(5) joint F on poly: 81.79 -> endogeneity
2026-03-01 17:30:56,546 - INFO -   CF-Cost(6) cf_resid: -3292488.093307 (p=0.0000) ***
2026-03-01 17:30:56,546 - INFO -   CF-Cost(6) cf_resid_sq: 42900.063022 (p=0.2475) 
2026-03-01 17:30:56,560 - INFO -   CF-Cost(6) cf_resid_cu: 2739.240523 (p=0.0115) **
2026-03-01 17:30:56,569 - INFO -   CF-Cost(6) joint F on poly: 68.73 -> endogeneity
2026-03-01 17:30:58,120 - INFO -   CF+FE(7) cf_resid: -2721025.606056 (p=0.0000)
2026-03-01 17:30:58,120 - INFO -   CF+FE(7) cf_resid_sq: -268949.425455 (p=0.0000)
2026-03-01 17:30:58,120 - INFO -   CF+FE(7) cf_resid_cu: 9753.207416 (p=0.0000)
2026-03-01 17:30:59,454 - INFO -   CF-Hausman(9) cf_resid_h: 1544664.122667 (p=0.0006) ***
2026-03-01 17:30:59,458 - INFO -   CF-Hausman(9) cf_resid_h_sq: 304406.286598 (p=0.0000) ***
2026-03-01 17:30:59,462 - INFO -   CF-Hausman(9) cf_resid_h_cu: -12956.122476 (p=0.0000) ***
2026-03-01 17:30:59,472 - INFO -   CF-Hausman(9) joint F on poly: 39.66 -> endogeneity
2026-03-01 17:30:59,676 - INFO -   CF-Hausman(10) cf_resid_h: 1461760.737248 (p=0.0007) ***
2026-03-01 17:30:59,684 - INFO -   CF-Hausman(10) cf_resid_h_sq: 205177.279345 (p=0.0000) ***
2026-03-01 17:30:59,684 - INFO -   CF-Hausman(10) cf_resid_h_cu: -10721.263593 (p=0.0000) ***
2026-03-01 17:30:59,693 - INFO -   CF-Hausman(10) joint F on poly: 20.11 -> endogeneity
2026-03-01 17:30:59,702 - INFO - Dep var: Dep_jkt (levels, CF) 
2026-03-01 17:30:59,704 - INFO - ------------------------------------------------------------------------------------------------------------------------------
2026-03-01 17:30:59,706 - INFO -                                    (5) CF Natl     (6) CF+Bank       (7) CF+FE    (8) CF+Clust     (9) CF-Haus  (10) CF-H+Bank
2026-03-01 17:30:59,706 - INFO - ------------------------------------------------------------------------------------------------------------------------------
2026-03-01 17:30:59,785 - INFO -   Y_1,cons  (nr x D_{t-1})          1.0614***       1.0837***       1.4291***       1.4291***       1.0614***       1.0775*** 
2026-03-01 17:30:59,785 - INFO -                                 (   0.0263)   (   0.1516)   (   0.1333)   (   0.1792)   (   0.0261)   (   0.1503) 
2026-03-01 17:30:59,798 - INFO -   Y_1,RF   (selic x nr x D_{t-1})      0.0015         -0.0015         -0.0015         -0.0015          0.0014         -0.0016    
2026-03-01 17:30:59,801 - INFO -                                 (   0.0029)   (   0.0022)   (   0.0020)   (   0.0017)   (   0.0029)   (   0.0022) 
2026-03-01 17:30:59,805 - INFO -   Y_2,size (logA x nr x D_{t-1})                     -0.0259         -0.1100***      -0.1100*                        -0.0237    
2026-03-01 17:30:59,805 - INFO -                                                 (   0.0391)   (   0.0359)   (   0.0590)                   (   0.0387) 
2026-03-01 17:30:59,812 - INFO -   Y_2,eq   (E/A x nr x D_{t-1})                     -0.0367         -0.9592**       -0.9592*                        -0.0413    
2026-03-01 17:30:59,812 - INFO -                                                 (   0.2033)   (   0.4696)   (   0.5722)                   (   0.2027) 
2026-03-01 17:30:59,814 - INFO -   Y_2,S2  (seg_S2 x nr x D_{t-1})                      0.0668                                                          0.0689    
2026-03-01 17:30:59,814 - INFO -                                                 (   0.0527)                                                   (   0.0523) 
2026-03-01 17:30:59,824 - INFO -   Y_2,S3  (seg_S3 x nr x D_{t-1})                      0.1633***                                                       0.1654*** 
2026-03-01 17:30:59,824 - INFO -                                                 (   0.0561)                                                   (   0.0556) 
2026-03-01 17:30:59,824 - INFO -   Y_2,S4  (seg_S4 x nr x D_{t-1})                      0.0439                                                          0.0476    
2026-03-01 17:30:59,831 - INFO -                                                 (   0.0895)                                                   (   0.0890) 
2026-03-01 17:30:59,834 - INFO -   Y_2,S5  (seg_S5 x nr x D_{t-1})                      0.0724                                                          0.0830    
2026-03-01 17:30:59,836 - INFO -                                                 (   0.0793)                                                   (   0.0791) 
2026-03-01 17:30:59,841 - INFO -   beta_1 v^  (CF-cost, 1st)     -3665263.3104***   -3292488.0933***   -2721025.6061***   -2721025.6061***                                 
2026-03-01 17:30:59,841 - INFO -                                 (267627.2732)   (229587.0574)   (322706.3969)   (564621.6369)                                 
2026-03-01 17:30:59,849 - INFO -   beta_2 v^^2 (CF-cost, 2nd)    188353.8821***   42900.0630      -268949.4255***   -268949.4255***                                 
2026-03-01 17:30:59,853 - INFO -                                 (26703.4120)   (37094.9831)   (35050.4290)   (65321.3276)                                 
2026-03-01 17:30:59,858 - INFO -   beta_3 v^^3 (CF-cost, 3rd)     -569.7976       2739.2405**     9753.2074***    9753.2074***                                 
2026-03-01 17:30:59,860 - INFO -                                 ( 907.1023)   (1083.5174)   (1056.5692)   (1763.9971)                                 
2026-03-01 17:30:59,864 - INFO -   beta_1 v^H (CF-Hausman, 1st)                                                                  1544664.1227***   1461760.7372*** 
2026-03-01 17:30:59,866 - INFO -                                                                                                 (451304.0892)   (431288.0028) 
2026-03-01 17:30:59,868 - INFO -   beta_2 v^H^2 (CF-Hausman, 2nd)                                                                  304406.2866***   205177.2793*** 
2026-03-01 17:30:59,870 - INFO -                                                                                                 (28551.9813)   (36597.6814) 
2026-03-01 17:30:59,877 - INFO -   beta_3 v^H^3 (CF-Hausman, 3rd)                                                                  -12956.1225***   -10721.2636*** 
2026-03-01 17:30:59,877 - INFO -                                                                                                 (1457.9093)   (1582.1794) 
2026-03-01 17:30:59,880 - INFO - ------------------------------------------------------------------------------------------------------------------------------
2026-03-01 17:30:59,880 - INFO -   N                                     48,572          48,572          48,572          48,572          48,572          48,572
2026-03-01 17:30:59,889 - INFO -   R^2                                   0.9662          0.9709          0.8747          0.8747          0.9663          0.9710
2026-03-01 17:30:59,891 - INFO -   BankxType FE                              No              No             Yes             Yes              No              No
2026-03-01 17:30:59,895 - INFO -   Time FE                                   No              No             Yes             Yes              No              No
2026-03-01 17:30:59,897 - INFO -   SE type                            HC-robust       HC-robust       HC-robust      Bank-clust       HC-robust       HC-robust
2026-03-01 17:30:59,899 - INFO - ------------------------------------------------------------------------------------------------------------------------------
2026-03-01 17:30:59,905 - INFO - Supply specs available: ['(1) Natl', '(2) +Bank', '(3) +FE', '(4) Clust', '(5) CF Natl', '(6) CF+Bank', '(7) CF+FE', '(8) CF+Clust', '(9) CF-Haus', '(10) CF-H+Bank']
2026-03-01 17:30:59,913 - INFO - 
>>> Step 2: Computing structural sleeping-deposit predictions ...
2026-03-01 17:30:59,984 - INFO -   Supply spec '(1) Natl': hat_Y computed for 66,903 obs (struct cols = ['nr_lag', 'selic_nr_lag'])
2026-03-01 17:30:59,994 - INFO -   Supply spec '(2) +Bank': hat_Y computed for 66,901 obs (struct cols = ['nr_lag', 'selic_nr_lag', 'logA_nr_lag', 'eq_nr_lag', 'seg_S2_nr_lag', 'seg_S3_nr_lag', 'seg_S4_nr_lag', 'seg_S5_nr_lag'])
2026-03-01 17:31:00,002 - INFO -   Supply spec '(3) +FE': hat_Y computed for 66,903 obs (struct cols = ['nr_lag', 'selic_nr_lag', 'logA_nr_lag', 'eq_nr_lag'])
2026-03-01 17:31:00,011 - INFO -   Supply spec '(4) Clust': hat_Y computed for 66,903 obs (struct cols = ['nr_lag', 'selic_nr_lag', 'logA_nr_lag', 'eq_nr_lag'])
2026-03-01 17:31:00,017 - INFO -   Supply spec '(5) CF Natl': hat_Y computed for 66,903 obs (struct cols = ['nr_lag', 'selic_nr_lag'])
2026-03-01 17:31:00,031 - INFO -   Supply spec '(6) CF+Bank': hat_Y computed for 66,901 obs (struct cols = ['nr_lag', 'selic_nr_lag', 'logA_nr_lag', 'eq_nr_lag', 'seg_S2_nr_lag', 'seg_S3_nr_lag', 'seg_S4_nr_lag', 'seg_S5_nr_lag'])
2026-03-01 17:31:00,037 - INFO -   Supply spec '(7) CF+FE': hat_Y computed for 66,903 obs (struct cols = ['nr_lag', 'selic_nr_lag', 'logA_nr_lag', 'eq_nr_lag'])
2026-03-01 17:31:00,056 - INFO -   Supply spec '(8) CF+Clust': hat_Y computed for 66,903 obs (struct cols = ['nr_lag', 'selic_nr_lag', 'logA_nr_lag', 'eq_nr_lag'])
2026-03-01 17:31:00,067 - INFO -   Supply spec '(9) CF-Haus': hat_Y computed for 66,903 obs (struct cols = ['nr_lag', 'selic_nr_lag'])
2026-03-01 17:31:00,082 - INFO -   Supply spec '(10) CF-H+Bank': hat_Y computed for 66,901 obs (struct cols = ['nr_lag', 'selic_nr_lag', 'logA_nr_lag', 'eq_nr_lag', 'seg_S2_nr_lag', 'seg_S3_nr_lag', 'seg_S4_nr_lag', 'seg_S5_nr_lag'])
2026-03-01 17:31:00,085 - INFO - 
>>> Step 3: Active deposit diagnostics by supply spec ...
2026-03-01 17:31:00,096 - INFO -   '(1) Natl': active>0=57.0%, active=0=43.0%, mean(active|active>0)=79354390.3
2026-03-01 17:31:00,112 - INFO -   '(2) +Bank': active>0=57.6%, active=0=42.4%, mean(active|active>0)=72100072.3
2026-03-01 17:31:00,121 - INFO -   '(3) +FE': active>0=69.7%, active=0=30.3%, mean(active|active>0)=119596317.5
2026-03-01 17:31:00,129 - INFO -   '(4) Clust': active>0=69.7%, active=0=30.3%, mean(active|active>0)=119596317.5
2026-03-01 17:31:00,140 - INFO -   '(5) CF Natl': active>0=50.1%, active=0=49.9%, mean(active|active>0)=78753270.9
2026-03-01 17:31:00,151 - INFO -   '(6) CF+Bank': active>0=40.9%, active=0=59.1%, mean(active|active>0)=82778006.9
2026-03-01 17:31:00,159 - INFO -   '(7) CF+FE': active>0=53.3%, active=0=46.7%, mean(active|active>0)=100480558.6
2026-03-01 17:31:00,172 - INFO -   '(8) CF+Clust': active>0=53.3%, active=0=46.7%, mean(active|active>0)=100480558.6
2026-03-01 17:31:00,184 - INFO -   '(9) CF-Haus': active>0=50.2%, active=0=49.8%, mean(active|active>0)=78764571.7
2026-03-01 17:31:00,194 - INFO -   '(10) CF-H+Bank': active>0=41.1%, active=0=58.9%, mean(active|active>0)=82766266.0
2026-03-01 17:31:00,194 - INFO - 
>>> Step 4: Estimating Berry (1994) demand equation ...
2026-03-01 17:31:00,209 - INFO - Demand -- type-interacted rate columns: ['rate_T1', 'rate_T2', 'rate_T3', 'rate_T4', 'rate_T5']
2026-03-01 17:31:00,286 - INFO - Endogenous types [4, 5]: 31,941 obs (47.7% of full sample)
2026-03-01 17:31:00,292 - INFO - Demand CF cost shifters (types 4-5): ['cosif_lag', 'log_assets_std', 'equity_ratio', 'lagged_cdi', 'lagged_selic', 'personnel_cost_ratio_lag', 'admin_cost_ratio_lag']
2026-03-01 17:31:00,372 - INFO - Demand CF-A (types 4-5): N=22,822, R^2=0.2579
2026-03-01 17:31:00,393 - INFO -   Joint F (cost vars): 1328.27 (strong)
2026-03-01 17:31:00,560 - INFO - Demand CF-B (types 4-5, +Hausman IV): N=22,822, R^2=0.4140
2026-03-01 17:31:00,566 - INFO -   F (Hausman IV): 5421.46 (strong)
2026-03-01 17:31:00,743 - INFO - 
=== Demand: supply spec '(1) Natl' | N_valid=38,113, N_zero_active=28,790 / 66,903 ===
2026-03-01 17:31:00,747 - INFO -   log(s_active): mean=-9.3722, sd=2.3770
2026-03-01 17:31:00,868 - INFO -   D(1) Natl rate_T1: coef=0.000000 (SE=0.000000, p=nan)
2026-03-01 17:31:00,874 - INFO -   D(1) Natl rate_T2: coef=-6.273475 (SE=0.037936, p=0.0000)***
2026-03-01 17:31:00,878 - INFO -   D(1) Natl rate_T3: coef=-3.151845 (SE=0.026535, p=0.0000)***
2026-03-01 17:31:00,880 - INFO -   D(1) Natl rate_T4: coef=-0.379593 (SE=0.002245, p=0.0000)***
2026-03-01 17:31:00,880 - INFO -   D(1) Natl rate_T5: coef=-3.352214 (SE=0.043438, p=0.0000)***
2026-03-01 17:31:01,003 - INFO - 
=== Demand: supply spec '(2) +Bank' | N_valid=38,553, N_zero_active=28,348 / 66,903 ===
2026-03-01 17:31:01,007 - INFO -   log(s_active): mean=-9.4691, sd=2.3974
2026-03-01 17:31:01,140 - INFO -   D(2) +Bank rate_T1: coef=0.000000 (SE=0.000000, p=nan)
2026-03-01 17:31:01,143 - INFO -   D(2) +Bank rate_T2: coef=-6.233926 (SE=0.041390, p=0.0000)***
2026-03-01 17:31:01,148 - INFO -   D(2) +Bank rate_T3: coef=-3.222514 (SE=0.027866, p=0.0000)***
2026-03-01 17:31:01,149 - INFO -   D(2) +Bank rate_T4: coef=-0.376614 (SE=0.002240, p=0.0000)***
2026-03-01 17:31:01,153 - INFO -   D(2) +Bank rate_T5: coef=-3.428259 (SE=0.042903, p=0.0000)***
2026-03-01 17:31:01,310 - INFO - 
=== Demand: supply spec '(3) +FE' | N_valid=46,663, N_zero_active=20,240 / 66,903 ===
2026-03-01 17:31:01,313 - INFO -   log(s_active): mean=-9.4904, sd=2.3103
2026-03-01 17:31:12,574 - INFO -   D(3) +FE rate_T1: coef=0.000000 (SE=0.000000, p=nan)
2026-03-01 17:31:12,578 - INFO -   D(3) +FE rate_T2: coef=-8.169082 (SE=0.065099, p=0.0000)***
2026-03-01 17:31:12,582 - INFO -   D(3) +FE rate_T3: coef=-5.718629 (SE=0.035679, p=0.0000)***
2026-03-01 17:31:12,588 - INFO -   D(3) +FE rate_T4: coef=-0.971972 (SE=0.002260, p=0.0000)***
2026-03-01 17:31:12,591 - INFO -   D(3) +FE rate_T5: coef=-5.528987 (SE=0.058960, p=0.0000)***
2026-03-01 17:31:12,761 - INFO - 
=== Demand: supply spec '(4) Clust' | N_valid=46,663, N_zero_active=20,240 / 66,903 ===
2026-03-01 17:31:12,763 - INFO -   log(s_active): mean=-9.4904, sd=2.3103
2026-03-01 17:31:23,360 - INFO -   D(4) Clust rate_T1: coef=0.000000 (SE=0.000000, p=nan)
2026-03-01 17:31:23,362 - INFO -   D(4) Clust rate_T2: coef=-8.169082 (SE=0.179176, p=0.0000)***
2026-03-01 17:31:23,364 - INFO -   D(4) Clust rate_T3: coef=-5.718629 (SE=0.115875, p=0.0000)***
2026-03-01 17:31:23,367 - INFO -   D(4) Clust rate_T4: coef=-0.971972 (SE=0.010693, p=0.0000)***
2026-03-01 17:31:23,372 - INFO -   D(4) Clust rate_T5: coef=-5.528987 (SE=0.145417, p=0.0000)***
2026-03-01 17:31:23,471 - INFO - 
=== Demand: supply spec '(5) CF Natl' | N_valid=33,532, N_zero_active=33,371 / 66,903 ===
2026-03-01 17:31:23,473 - INFO -   log(s_active): mean=-9.2621, sd=2.3724
2026-03-01 17:31:23,613 - INFO -   D(5) CF Natl rate_T1: coef=0.000000 (SE=0.000000, p=nan)
2026-03-01 17:31:23,616 - INFO -   D(5) CF Natl rate_T2: coef=-6.306380 (SE=0.040930, p=0.0000)***
2026-03-01 17:31:23,620 - INFO -   D(5) CF Natl rate_T3: coef=-3.047711 (SE=0.028771, p=0.0000)***
2026-03-01 17:31:23,623 - INFO -   D(5) CF Natl rate_T4: coef=-0.540265 (SE=0.005456, p=0.0000)***
2026-03-01 17:31:23,630 - INFO -   D(5) CF Natl rate_T5: coef=-3.375880 (SE=0.056705, p=0.0000)***
2026-03-01 17:31:23,707 - INFO - 
=== Demand: supply spec '(6) CF+Bank' | N_valid=27,384, N_zero_active=39,517 / 66,903 ===
2026-03-01 17:31:23,707 - INFO -   log(s_active): mean=-9.0935, sd=2.4235
2026-03-01 17:31:23,795 - INFO -   D(6) CF+Bank rate_T1: coef=0.000000 (SE=0.000000, p=nan)
2026-03-01 17:31:23,795 - INFO -   D(6) CF+Bank rate_T2: coef=-6.251547 (SE=0.044131, p=0.0000)***
2026-03-01 17:31:23,800 - INFO -   D(6) CF+Bank rate_T3: coef=-2.947612 (SE=0.028620, p=0.0000)***
2026-03-01 17:31:23,803 - INFO -   D(6) CF+Bank rate_T4: coef=-0.562531 (SE=0.007514, p=0.0000)***
2026-03-01 17:31:23,805 - INFO -   D(6) CF+Bank rate_T5: coef=-3.354572 (SE=0.057759, p=0.0000)***
2026-03-01 17:31:23,923 - INFO - 
=== Demand: supply spec '(7) CF+FE' | N_valid=35,649, N_zero_active=31,254 / 66,903 ===
2026-03-01 17:31:23,927 - INFO -   log(s_active): mean=-9.3757, sd=2.4152
2026-03-01 17:31:35,148 - INFO -   D(7) CF+FE rate_T1: coef=0.000000 (SE=0.000000, p=nan)
2026-03-01 17:31:35,148 - INFO -   D(7) CF+FE rate_T2: coef=-7.321400 (SE=0.055594, p=0.0000)***
2026-03-01 17:31:35,156 - INFO -   D(7) CF+FE rate_T3: coef=-4.865153 (SE=0.032623, p=0.0000)***
2026-03-01 17:31:35,159 - INFO -   D(7) CF+FE rate_T4: coef=-1.029706 (SE=0.005816, p=0.0000)***
2026-03-01 17:31:35,164 - INFO -   D(7) CF+FE rate_T5: coef=-5.072408 (SE=0.061742, p=0.0000)***
2026-03-01 17:31:35,271 - INFO - 
=== Demand: supply spec '(8) CF+Clust' | N_valid=35,649, N_zero_active=31,254 / 66,903 ===
2026-03-01 17:31:35,279 - INFO -   log(s_active): mean=-9.3757, sd=2.4152
2026-03-01 17:31:45,296 - INFO -   D(8) CF+Clust rate_T1: coef=0.000000 (SE=0.000000, p=nan)
2026-03-01 17:31:45,298 - INFO -   D(8) CF+Clust rate_T2: coef=-7.321400 (SE=0.133384, p=0.0000)***
2026-03-01 17:31:45,300 - INFO -   D(8) CF+Clust rate_T3: coef=-4.865153 (SE=0.101822, p=0.0000)***
2026-03-01 17:31:45,304 - INFO -   D(8) CF+Clust rate_T4: coef=-1.029706 (SE=0.021559, p=0.0000)***
2026-03-01 17:31:45,310 - INFO -   D(8) CF+Clust rate_T5: coef=-5.072408 (SE=0.149114, p=0.0000)***
2026-03-01 17:31:45,407 - INFO - 
=== Demand: supply spec '(9) CF-Haus' | N_valid=33,585, N_zero_active=33,318 / 66,903 ===
2026-03-01 17:31:45,409 - INFO -   log(s_active): mean=-9.2631, sd=2.3723
2026-03-01 17:31:45,527 - INFO -   D(9) CF-Haus rate_T1: coef=0.000000 (SE=0.000000, p=nan)
2026-03-01 17:31:45,531 - INFO -   D(9) CF-Haus rate_T2: coef=-6.301627 (SE=0.040750, p=0.0000)***
2026-03-01 17:31:45,531 - INFO -   D(9) CF-Haus rate_T3: coef=-3.050600 (SE=0.028808, p=0.0000)***
2026-03-01 17:31:45,537 - INFO -   D(9) CF-Haus rate_T4: coef=-0.553249 (SE=0.004567, p=0.0000)***
2026-03-01 17:31:45,539 - INFO -   D(9) CF-Haus rate_T5: coef=-3.448037 (SE=0.052760, p=0.0000)***
2026-03-01 17:31:45,606 - INFO - 
=== Demand: supply spec '(10) CF-H+Bank' | N_valid=27,497, N_zero_active=39,404 / 66,903 ===
2026-03-01 17:31:45,655 - INFO -   log(s_active): mean=-9.1054, sd=2.4280
2026-03-01 17:31:45,751 - INFO -   D(10) CF-H+Bank rate_T1: coef=0.000000 (SE=0.000000, p=nan)
2026-03-01 17:31:45,751 - INFO -   D(10) CF-H+Bank rate_T2: coef=-6.244695 (SE=0.044185, p=0.0000)***
2026-03-01 17:31:45,751 - INFO -   D(10) CF-H+Bank rate_T3: coef=-2.947541 (SE=0.028425, p=0.0000)***
2026-03-01 17:31:45,751 - INFO -   D(10) CF-H+Bank rate_T4: coef=-0.563251 (SE=0.007427, p=0.0000)***
2026-03-01 17:31:45,751 - INFO -   D(10) CF-H+Bank rate_T5: coef=-3.353506 (SE=0.057539, p=0.0000)***
2026-03-01 17:31:45,781 - INFO - 
>>> Step 5: Exporting demand results ...
2026-03-01 17:31:45,926 - INFO - Demand results exported to C:\Users\pedro\OneDrive\Documentos\Yale\Year 3 (2024 - 2025)\Open Finance\Open-Finance\BCB\Egan_et_al_2025_Rep\processed\ESTIMATION_OUTPUT\demand_results_conglomerate.csv
2026-03-01 17:31:46,068 - INFO - Demand LaTeX table exported to C:\Users\pedro\OneDrive\Documentos\Yale\Year 3 (2024 - 2025)\Open Finance\Open-Finance\BCB\Egan_et_al_2025_Rep\processed\ESTIMATION_OUTPUT\demand_table_conglomerate.tex
2026-03-01 17:31:46,068 - INFO - Demand specs estimated: ['D(1) Natl', 'D(2) +Bank', 'D(3) +FE', 'D(4) Clust', 'D(5) CF Natl', 'D(6) CF+Bank', 'D(7) CF+FE', 'D(8) CF+Clust', 'D(9) CF-Haus', 'D(10) CF-H+Bank']
2026-03-01 17:31:46,068 - INFO - Done -- estimation_demand_1.py complete.
2026-03-01 17:48:36,627 - INFO - ================================================================================
2026-03-01 17:48:36,627 - INFO - DEMAND ESTIMATION -- CONGLOMERATE LEVEL
2026-03-01 17:48:36,627 - INFO - Berry (1994) active market shares | estimation_demand_1.py
2026-03-01 17:48:36,627 - INFO - ================================================================================
2026-03-01 17:48:36,627 - INFO - 
>>> Step 1: Loading panel and running supply estimation ...
2026-03-01 17:48:36,634 - INFO - Loading panel ...
2026-03-01 17:48:38,781 - INFO - Raw panel: 241,519 rows, 31 cols
2026-03-01 17:48:38,790 - INFO -   total_assets coverage: 241,519 / 241,519
2026-03-01 17:48:38,797 - INFO -   equity_ratio coverage: 239,294 / 241,519
2026-03-01 17:48:38,817 - INFO -   segment coverage: 230,256 / 241,519
2026-03-01 17:48:39,106 - INFO - log_total_assets: mean=19.79, sd=2.57 (standardized for estimation)
2026-03-01 17:48:39,403 - INFO - Winsorized deposit_balance at [p1,p99]=[297.8,34626022396.7]: dropped 1,366 outliers
2026-03-01 17:48:39,405 - INFO - Estimation sample: 66,903 rows
2026-03-01 17:48:39,417 - INFO -   Banks:    1236
2026-03-01 17:48:39,427 - INFO -   Quarters: 37
2026-03-01 17:48:39,431 - INFO -   Types:    [np.int64(1), np.int64(2), np.int64(3), np.int64(4), np.int64(5)]
2026-03-01 17:48:39,431 - INFO - Dep var (deposit_balance, levels) summary:
2026-03-01 17:48:39,476 - INFO -   mean=470784318.3, sd=2003063602.1, p5=841909.3, p95=1711527799.3
2026-03-01 17:48:39,478 - INFO - nr_lag (nr x D_{t-1}) summary:
2026-03-01 17:48:39,492 - INFO -   mean=429269688.034755, sd=1877534941.326732
2026-03-01 17:48:39,494 - INFO - Lagged Selic (p.a.) summary:
2026-03-01 17:48:39,512 - INFO -   mean=9.29, sd=4.10, min=2.00, max=15.00
2026-03-01 17:48:39,527 - INFO - Segment distribution: {'S5': 39798, 'S4': 18039, 'S3': 4787, 'S2': 986, 'S1': 392}
2026-03-01 17:48:39,555 - INFO - ================================================================================
2026-03-01 17:48:39,563 - INFO - STRUCTURAL ESTIMATION: deposit_balance = phi(S,X) x nr x D_{t-1}
2026-03-01 17:48:39,565 - INFO -   phi(S,X) = Y'_1 S_t + Y'_2 X_jt  (Egan et al. 2025, Table 3)
2026-03-01 17:48:39,567 - INFO - ================================================================================
2026-03-01 17:48:42,891 - INFO - Dep var: Dep_jkt (levels)     
2026-03-01 17:48:42,894 - INFO - ----------------------------------------------------------------------------------------------
2026-03-01 17:48:42,897 - INFO -                                       (1) Natl       (2) +Bank         (3) +FE       (4) Clust
2026-03-01 17:48:42,897 - INFO - ----------------------------------------------------------------------------------------------
2026-03-01 17:48:42,947 - INFO -   Y_1,cons  (nr x D_{t-1})          1.0738***       0.9713***       1.4373***       1.4373*** 
2026-03-01 17:48:42,947 - INFO -                                 (   0.0216)   (   0.2216)   (   0.1491)   (   0.1588) 
2026-03-01 17:48:42,954 - INFO -   Y_1,RF   (selic x nr x D_{t-1})     -0.0027         -0.0063*        -0.0015         -0.0015    
2026-03-01 17:48:42,955 - INFO -                                 (   0.0027)   (   0.0037)   (   0.0017)   (   0.0020) 
2026-03-01 17:48:42,961 - INFO -   Y_2,size (logA x nr x D_{t-1})                      0.0293         -0.1242***      -0.1242**  
2026-03-01 17:48:42,963 - INFO -                                                 (   0.0782)   (   0.0461)   (   0.0520) 
2026-03-01 17:48:42,967 - INFO -   Y_2,eq   (E/A x nr x D_{t-1})                     -0.2937*        -1.3216***      -1.3216*** 
2026-03-01 17:48:42,971 - INFO -                                                 (   0.1696)   (   0.4440)   (   0.4656) 
2026-03-01 17:48:42,973 - INFO -   Y_2,S2  (seg_S2 x nr x D_{t-1})                      0.1144                                    
2026-03-01 17:48:42,978 - INFO -                                                 (   0.0919)                                 
2026-03-01 17:48:42,981 - INFO -   Y_2,S3  (seg_S3 x nr x D_{t-1})                      0.2084                                    
2026-03-01 17:48:42,981 - INFO -                                                 (   0.1335)                                 
2026-03-01 17:48:42,988 - INFO -   Y_2,S4  (seg_S4 x nr x D_{t-1})                      0.2089                                    
2026-03-01 17:48:42,988 - INFO -                                                 (   0.1679)                                 
2026-03-01 17:48:42,992 - INFO -   Y_2,S5  (seg_S5 x nr x D_{t-1})                      0.2729                                    
2026-03-01 17:48:42,992 - INFO -                                                 (   0.2220)                                 
2026-03-01 17:48:42,996 - INFO - ----------------------------------------------------------------------------------------------
2026-03-01 17:48:42,996 - INFO -   N                                     66,903          66,901          66,903          66,903
2026-03-01 17:48:42,998 - INFO -   R^2                                   0.9597          0.9637          0.8287          0.8287
2026-03-01 17:48:42,998 - INFO -   BankxType FE                              No              No             Yes             Yes
2026-03-01 17:48:43,005 - INFO -   Time FE                                   No              No             Yes             Yes
2026-03-01 17:48:43,005 - INFO -   SE type                            HC-robust       HC-robust       HC-robust      Bank-clust
2026-03-01 17:48:43,005 - INFO - ----------------------------------------------------------------------------------------------
2026-03-01 17:48:43,005 - INFO - Interpretation guide:
2026-03-01 17:48:43,013 - INFO -   Y_1,cons = coef on nr_lag = phi_cons (retention scaling factor)
2026-03-01 17:48:43,013 - INFO -   Y_1,RF < 0 means depositors sleepier when rates are low
2026-03-01 17:48:43,015 - INFO -   Y_2,size > 0 means larger banks retain more deposits
2026-03-01 17:48:43,017 - INFO - Baseline retention coef on nr_lag (Spec 1): 1.0738
2026-03-01 17:48:43,024 - INFO - ================================================================================
2026-03-01 17:48:43,024 - INFO - CONTROL FUNCTION ESTIMATION (semi-parametric CF) [CONGLOMERATE]
2026-03-01 17:48:43,028 - INFO -   Stage 1: spread_jkt ~ cost_shifters + type_dummies  -->  v_hat
2026-03-01 17:48:43,029 - INFO -   Stage 2: deposit_balance = phi(S,X)*nr*D_{t-1} + b1*v + b2*v^2 + b3*v^3 + eps
2026-03-01 17:48:43,029 - INFO -   All deposit types treated as potentially endogenous.
2026-03-01 17:48:43,029 - INFO - ================================================================================
2026-03-01 17:48:43,038 - INFO - First-stage cost shifters: ['cosif_lag', 'log_assets_std', 'equity_ratio', 'lagged_cdi', 'lagged_selic', 'personnel_cost_ratio_lag', 'admin_cost_ratio_lag']
2026-03-01 17:48:43,185 - INFO - First-stage A -- N=48,572, R^2=0.4579
2026-03-01 17:48:43,185 - INFO -   cosif_lag: coef=-0.206575, p=0.0000
2026-03-01 17:48:43,193 - INFO -   log_assets_std: coef=-0.066765, p=0.2694
2026-03-01 17:48:43,195 - INFO -   equity_ratio: coef=-1.024838, p=0.0000
2026-03-01 17:48:43,199 - INFO -   lagged_cdi: coef=5.099827, p=0.0000
2026-03-01 17:48:43,201 - INFO -   lagged_selic: coef=-1.354892, p=0.0000
2026-03-01 17:48:43,202 - INFO -   personnel_cost_ratio_lag: coef=56.905618, p=0.0000
2026-03-01 17:48:43,206 - INFO -   admin_cost_ratio_lag: coef=-0.122374, p=0.7851
2026-03-01 17:48:43,208 - INFO -   type2_d: coef=1.776860, p=0.0000
2026-03-01 17:48:43,210 - INFO -   type3_d: coef=2.444032, p=0.0000
2026-03-01 17:48:43,210 - INFO -   type4_d: coef=13.776797, p=0.0000
2026-03-01 17:48:43,210 - INFO -   type5_d: coef=-1.035238, p=0.0000
2026-03-01 17:48:43,235 - INFO -   Joint F (cost vars): 1387.74 (strong)
2026-03-01 17:48:43,292 - INFO - Computing Hausman IV (leave-one-out spread mean by type x quarter) ...
2026-03-01 17:48:43,456 - INFO - First-stage B -- N=48,572, R^2=0.6229
2026-03-01 17:48:43,456 - INFO -   hausman_iv_spread: coef=1.284632, p=0.0000
2026-03-01 17:48:43,456 - INFO -   cosif_lag: coef=-0.025066, p=0.0000
2026-03-01 17:48:43,456 - INFO -   log_assets_std: coef=-0.356095, p=0.0000
2026-03-01 17:48:43,465 - INFO -   equity_ratio: coef=-3.202099, p=0.0000
2026-03-01 17:48:43,465 - INFO -   lagged_cdi: coef=-0.127088, p=0.4760
2026-03-01 17:48:43,465 - INFO -   lagged_selic: coef=0.049475, p=0.2416
2026-03-01 17:48:43,465 - INFO -   personnel_cost_ratio_lag: coef=10.710681, p=0.0277
2026-03-01 17:48:43,475 - INFO -   admin_cost_ratio_lag: coef=0.083304, p=0.7881
2026-03-01 17:48:43,482 - INFO -   F (Hausman IV): 12207.88 (strong)
2026-03-01 17:48:43,588 - INFO - CF residuals (Cost-only): N=48,572, mean=-0.000000, sd=7.850400
2026-03-01 17:48:43,588 - INFO - CF residuals (Hausman): N=48,572, mean=-0.000000, sd=6.547397
2026-03-01 17:48:43,685 - INFO -   CF-Cost(5) cf_resid: -3665263.310440 (p=0.0000) ***
2026-03-01 17:48:43,685 - INFO -   CF-Cost(5) cf_resid_sq: 188353.882056 (p=0.0000) ***
2026-03-01 17:48:43,685 - INFO -   CF-Cost(5) cf_resid_cu: -569.797630 (p=0.5299) 
2026-03-01 17:48:43,694 - INFO -   CF-Cost(5) joint F on poly: 81.79 -> endogeneity
2026-03-01 17:48:43,834 - INFO -   CF-Cost(6) cf_resid: -3292488.093307 (p=0.0000) ***
2026-03-01 17:48:43,842 - INFO -   CF-Cost(6) cf_resid_sq: 42900.063022 (p=0.2475) 
2026-03-01 17:48:43,842 - INFO -   CF-Cost(6) cf_resid_cu: 2739.240523 (p=0.0115) **
2026-03-01 17:48:43,851 - INFO -   CF-Cost(6) joint F on poly: 68.73 -> endogeneity
2026-03-01 17:48:45,075 - INFO -   CF+FE(7) cf_resid: -2721025.606056 (p=0.0000)
2026-03-01 17:48:45,077 - INFO -   CF+FE(7) cf_resid_sq: -268949.425455 (p=0.0000)
2026-03-01 17:48:45,082 - INFO -   CF+FE(7) cf_resid_cu: 9753.207416 (p=0.0000)
2026-03-01 17:48:46,595 - INFO -   CF-Hausman(9) cf_resid_h: 1544664.122667 (p=0.0006) ***
2026-03-01 17:48:46,597 - INFO -   CF-Hausman(9) cf_resid_h_sq: 304406.286598 (p=0.0000) ***
2026-03-01 17:48:46,600 - INFO -   CF-Hausman(9) cf_resid_h_cu: -12956.122476 (p=0.0000) ***
2026-03-01 17:48:46,613 - INFO -   CF-Hausman(9) joint F on poly: 39.66 -> endogeneity
2026-03-01 17:48:46,756 - INFO -   CF-Hausman(10) cf_resid_h: 1461760.737248 (p=0.0007) ***
2026-03-01 17:48:46,758 - INFO -   CF-Hausman(10) cf_resid_h_sq: 205177.279345 (p=0.0000) ***
2026-03-01 17:48:46,761 - INFO -   CF-Hausman(10) cf_resid_h_cu: -10721.263593 (p=0.0000) ***
2026-03-01 17:48:46,771 - INFO -   CF-Hausman(10) joint F on poly: 20.11 -> endogeneity
2026-03-01 17:48:46,775 - INFO - Dep var: Dep_jkt (levels, CF) 
2026-03-01 17:48:46,777 - INFO - ------------------------------------------------------------------------------------------------------------------------------
2026-03-01 17:48:46,782 - INFO -                                    (5) CF Natl     (6) CF+Bank       (7) CF+FE    (8) CF+Clust     (9) CF-Haus  (10) CF-H+Bank
2026-03-01 17:48:46,785 - INFO - ------------------------------------------------------------------------------------------------------------------------------
2026-03-01 17:48:46,849 - INFO -   Y_1,cons  (nr x D_{t-1})          1.0614***       1.0837***       1.4291***       1.4291***       1.0614***       1.0775*** 
2026-03-01 17:48:46,849 - INFO -                                 (   0.0263)   (   0.1516)   (   0.1333)   (   0.1792)   (   0.0261)   (   0.1503) 
2026-03-01 17:48:46,862 - INFO -   Y_1,RF   (selic x nr x D_{t-1})      0.0015         -0.0015         -0.0015         -0.0015          0.0014         -0.0016    
2026-03-01 17:48:46,864 - INFO -                                 (   0.0029)   (   0.0022)   (   0.0020)   (   0.0017)   (   0.0029)   (   0.0022) 
2026-03-01 17:48:46,865 - INFO -   Y_2,size (logA x nr x D_{t-1})                     -0.0259         -0.1100***      -0.1100*                        -0.0237    
2026-03-01 17:48:46,865 - INFO -                                                 (   0.0391)   (   0.0359)   (   0.0590)                   (   0.0387) 
2026-03-01 17:48:46,877 - INFO -   Y_2,eq   (E/A x nr x D_{t-1})                     -0.0367         -0.9592**       -0.9592*                        -0.0413    
2026-03-01 17:48:46,877 - INFO -                                                 (   0.2033)   (   0.4696)   (   0.5722)                   (   0.2027) 
2026-03-01 17:48:46,882 - INFO -   Y_2,S2  (seg_S2 x nr x D_{t-1})                      0.0668                                                          0.0689    
2026-03-01 17:48:46,882 - INFO -                                                 (   0.0527)                                                   (   0.0523) 
2026-03-01 17:48:46,891 - INFO -   Y_2,S3  (seg_S3 x nr x D_{t-1})                      0.1633***                                                       0.1654*** 
2026-03-01 17:48:46,891 - INFO -                                                 (   0.0561)                                                   (   0.0556) 
2026-03-01 17:48:46,893 - INFO -   Y_2,S4  (seg_S4 x nr x D_{t-1})                      0.0439                                                          0.0476    
2026-03-01 17:48:46,893 - INFO -                                                 (   0.0895)                                                   (   0.0890) 
2026-03-01 17:48:46,899 - INFO -   Y_2,S5  (seg_S5 x nr x D_{t-1})                      0.0724                                                          0.0830    
2026-03-01 17:48:46,907 - INFO -                                                 (   0.0793)                                                   (   0.0791) 
2026-03-01 17:48:46,915 - INFO -   beta_1 v^  (CF-cost, 1st)     -3665263.3104***   -3292488.0933***   -2721025.6061***   -2721025.6061***                                 
2026-03-01 17:48:46,915 - INFO -                                 (267627.2732)   (229587.0574)   (322706.3969)   (564621.6369)                                 
2026-03-01 17:48:46,925 - INFO -   beta_2 v^^2 (CF-cost, 2nd)    188353.8821***   42900.0630      -268949.4255***   -268949.4255***                                 
2026-03-01 17:48:46,925 - INFO -                                 (26703.4120)   (37094.9831)   (35050.4290)   (65321.3276)                                 
2026-03-01 17:48:46,933 - INFO -   beta_3 v^^3 (CF-cost, 3rd)     -569.7976       2739.2405**     9753.2074***    9753.2074***                                 
2026-03-01 17:48:46,935 - INFO -                                 ( 907.1023)   (1083.5174)   (1056.5692)   (1763.9971)                                 
2026-03-01 17:48:46,939 - INFO -   beta_1 v^H (CF-Hausman, 1st)                                                                  1544664.1227***   1461760.7372*** 
2026-03-01 17:48:46,939 - INFO -                                                                                                 (451304.0892)   (431288.0028) 
2026-03-01 17:48:46,947 - INFO -   beta_2 v^H^2 (CF-Hausman, 2nd)                                                                  304406.2866***   205177.2793*** 
2026-03-01 17:48:46,947 - INFO -                                                                                                 (28551.9813)   (36597.6814) 
2026-03-01 17:48:46,953 - INFO -   beta_3 v^H^3 (CF-Hausman, 3rd)                                                                  -12956.1225***   -10721.2636*** 
2026-03-01 17:48:46,955 - INFO -                                                                                                 (1457.9093)   (1582.1794) 
2026-03-01 17:48:46,957 - INFO - ------------------------------------------------------------------------------------------------------------------------------
2026-03-01 17:48:46,959 - INFO -   N                                     48,572          48,572          48,572          48,572          48,572          48,572
2026-03-01 17:48:46,964 - INFO -   R^2                                   0.9662          0.9709          0.8747          0.8747          0.9663          0.9710
2026-03-01 17:48:46,964 - INFO -   BankxType FE                              No              No             Yes             Yes              No              No
2026-03-01 17:48:46,972 - INFO -   Time FE                                   No              No             Yes             Yes              No              No
2026-03-01 17:48:46,973 - INFO -   SE type                            HC-robust       HC-robust       HC-robust      Bank-clust       HC-robust       HC-robust
2026-03-01 17:48:46,976 - INFO - ------------------------------------------------------------------------------------------------------------------------------
2026-03-01 17:48:46,991 - INFO - Supply specs available: ['(1) Natl', '(2) +Bank', '(3) +FE', '(4) Clust', '(5) CF Natl', '(6) CF+Bank', '(7) CF+FE', '(8) CF+Clust', '(9) CF-Haus', '(10) CF-H+Bank']
2026-03-01 17:48:46,993 - INFO - 
>>> Step 2: Computing structural sleeping-deposit predictions ...
2026-03-01 17:48:47,049 - INFO -   Supply spec '(1) Natl': hat_Y computed for 66,903 obs (struct cols = ['nr_lag', 'selic_nr_lag'])
2026-03-01 17:48:47,054 - INFO -   Supply spec '(2) +Bank': hat_Y computed for 66,901 obs (struct cols = ['nr_lag', 'selic_nr_lag', 'logA_nr_lag', 'eq_nr_lag', 'seg_S2_nr_lag', 'seg_S3_nr_lag', 'seg_S4_nr_lag', 'seg_S5_nr_lag'])
2026-03-01 17:48:47,067 - INFO -   Supply spec '(3) +FE': hat_Y computed for 66,903 obs (struct cols = ['nr_lag', 'selic_nr_lag', 'logA_nr_lag', 'eq_nr_lag'])
2026-03-01 17:48:47,080 - INFO -   Supply spec '(4) Clust': hat_Y computed for 66,903 obs (struct cols = ['nr_lag', 'selic_nr_lag', 'logA_nr_lag', 'eq_nr_lag'])
2026-03-01 17:48:47,090 - INFO -   Supply spec '(5) CF Natl': hat_Y computed for 66,903 obs (struct cols = ['nr_lag', 'selic_nr_lag'])
2026-03-01 17:48:47,106 - INFO -   Supply spec '(6) CF+Bank': hat_Y computed for 66,901 obs (struct cols = ['nr_lag', 'selic_nr_lag', 'logA_nr_lag', 'eq_nr_lag', 'seg_S2_nr_lag', 'seg_S3_nr_lag', 'seg_S4_nr_lag', 'seg_S5_nr_lag'])
2026-03-01 17:48:47,118 - INFO -   Supply spec '(7) CF+FE': hat_Y computed for 66,903 obs (struct cols = ['nr_lag', 'selic_nr_lag', 'logA_nr_lag', 'eq_nr_lag'])
2026-03-01 17:48:47,122 - INFO -   Supply spec '(8) CF+Clust': hat_Y computed for 66,903 obs (struct cols = ['nr_lag', 'selic_nr_lag', 'logA_nr_lag', 'eq_nr_lag'])
2026-03-01 17:48:47,135 - INFO -   Supply spec '(9) CF-Haus': hat_Y computed for 66,903 obs (struct cols = ['nr_lag', 'selic_nr_lag'])
2026-03-01 17:48:47,148 - INFO -   Supply spec '(10) CF-H+Bank': hat_Y computed for 66,901 obs (struct cols = ['nr_lag', 'selic_nr_lag', 'logA_nr_lag', 'eq_nr_lag', 'seg_S2_nr_lag', 'seg_S3_nr_lag', 'seg_S4_nr_lag', 'seg_S5_nr_lag'])
2026-03-01 17:48:47,153 - INFO - 
>>> Step 3: Active deposit diagnostics by supply spec ...
2026-03-01 17:48:47,169 - INFO -   '(1) Natl': active>0=57.0%, active=0=43.0%, mean(active|active>0)=79354390.3
2026-03-01 17:48:47,177 - INFO -   '(2) +Bank': active>0=57.6%, active=0=42.4%, mean(active|active>0)=72100072.3
2026-03-01 17:48:47,189 - INFO -   '(3) +FE': active>0=69.7%, active=0=30.3%, mean(active|active>0)=119596317.5
2026-03-01 17:48:47,201 - INFO -   '(4) Clust': active>0=69.7%, active=0=30.3%, mean(active|active>0)=119596317.5
2026-03-01 17:48:47,211 - INFO -   '(5) CF Natl': active>0=50.1%, active=0=49.9%, mean(active|active>0)=78753270.9
2026-03-01 17:48:47,222 - INFO -   '(6) CF+Bank': active>0=40.9%, active=0=59.1%, mean(active|active>0)=82778006.9
2026-03-01 17:48:47,226 - INFO -   '(7) CF+FE': active>0=53.3%, active=0=46.7%, mean(active|active>0)=100480558.6
2026-03-01 17:48:47,238 - INFO -   '(8) CF+Clust': active>0=53.3%, active=0=46.7%, mean(active|active>0)=100480558.6
2026-03-01 17:48:47,252 - INFO -   '(9) CF-Haus': active>0=50.2%, active=0=49.8%, mean(active|active>0)=78764571.7
2026-03-01 17:48:47,267 - INFO -   '(10) CF-H+Bank': active>0=41.1%, active=0=58.9%, mean(active|active>0)=82766266.0
2026-03-01 17:48:47,269 - INFO - 
>>> Step 4: Estimating Berry (1994) demand equation ...
2026-03-01 17:48:47,286 - INFO - Demand -- type-interacted rate columns: ['rate_T1', 'rate_T2', 'rate_T3', 'rate_T4', 'rate_T5']
2026-03-01 17:48:47,340 - INFO - Endogenous types [4, 5]: 31,941 obs (47.7% of full sample)
2026-03-01 17:48:47,348 - INFO - Demand CF cost shifters (types 4-5): ['cosif_lag', 'log_assets_std', 'equity_ratio', 'lagged_cdi', 'lagged_selic', 'personnel_cost_ratio_lag', 'admin_cost_ratio_lag']
2026-03-01 17:48:47,438 - INFO - Demand CF-A (types 4-5): N=22,822, R^2=0.2579
2026-03-01 17:48:47,450 - INFO -   Joint F (cost vars): 1328.27 (strong)
2026-03-01 17:48:47,572 - INFO - Demand CF-B (types 4-5, +Hausman IV): N=22,822, R^2=0.4140
2026-03-01 17:48:47,579 - INFO -   F (Hausman IV): 5421.46 (strong)
2026-03-01 17:48:47,716 - INFO - 
=== Demand: supply spec '(1) Natl' | N_valid=38,113, N_zero_active=28,790 / 66,903 ===
2026-03-01 17:48:47,716 - INFO -   log(s_active): mean=-9.3722, sd=2.3770
2026-03-01 17:48:47,822 - INFO -   D(1) Natl rate_T1: coef=0.000000 (SE=0.000000, p=nan)
2026-03-01 17:48:47,822 - INFO -   D(1) Natl rate_T2: coef=-6.273475 (SE=0.037936, p=0.0000)***
2026-03-01 17:48:47,822 - INFO -   D(1) Natl rate_T3: coef=-3.151845 (SE=0.026535, p=0.0000)***
2026-03-01 17:48:47,830 - INFO -   D(1) Natl rate_T4: coef=-0.379593 (SE=0.002245, p=0.0000)***
2026-03-01 17:48:47,830 - INFO -   D(1) Natl rate_T5: coef=-3.352214 (SE=0.043438, p=0.0000)***
2026-03-01 17:48:47,912 - INFO - 
=== Demand: supply spec '(2) +Bank' | N_valid=38,553, N_zero_active=28,348 / 66,903 ===
2026-03-01 17:48:47,912 - INFO -   log(s_active): mean=-9.4691, sd=2.3974
2026-03-01 17:48:48,017 - INFO -   D(2) +Bank rate_T1: coef=0.000000 (SE=0.000000, p=nan)
2026-03-01 17:48:48,018 - INFO -   D(2) +Bank rate_T2: coef=-6.233926 (SE=0.041390, p=0.0000)***
2026-03-01 17:48:48,024 - INFO -   D(2) +Bank rate_T3: coef=-3.222514 (SE=0.027866, p=0.0000)***
2026-03-01 17:48:48,026 - INFO -   D(2) +Bank rate_T4: coef=-0.376614 (SE=0.002240, p=0.0000)***
2026-03-01 17:48:48,026 - INFO -   D(2) +Bank rate_T5: coef=-3.428259 (SE=0.042903, p=0.0000)***
2026-03-01 17:48:48,136 - INFO - 
=== Demand: supply spec '(3) +FE' | N_valid=46,663, N_zero_active=20,240 / 66,903 ===
2026-03-01 17:48:48,138 - INFO -   log(s_active): mean=-9.4904, sd=2.3103
2026-03-01 17:48:59,314 - INFO -   D(3) +FE rate_T1: coef=0.000000 (SE=0.000000, p=nan)
2026-03-01 17:48:59,314 - INFO -   D(3) +FE rate_T2: coef=-8.169082 (SE=0.065099, p=0.0000)***
2026-03-01 17:48:59,314 - INFO -   D(3) +FE rate_T3: coef=-5.718629 (SE=0.035679, p=0.0000)***
2026-03-01 17:48:59,321 - INFO -   D(3) +FE rate_T4: coef=-0.971972 (SE=0.002260, p=0.0000)***
2026-03-01 17:48:59,326 - INFO -   D(3) +FE rate_T5: coef=-5.528987 (SE=0.058960, p=0.0000)***
2026-03-01 17:48:59,434 - INFO - 
=== Demand: supply spec '(4) Clust' | N_valid=46,663, N_zero_active=20,240 / 66,903 ===
2026-03-01 17:48:59,438 - INFO -   log(s_active): mean=-9.4904, sd=2.3103
2026-03-01 17:49:11,764 - INFO -   D(4) Clust rate_T1: coef=0.000000 (SE=0.000000, p=nan)
2026-03-01 17:49:11,767 - INFO -   D(4) Clust rate_T2: coef=-8.169082 (SE=0.179176, p=0.0000)***
2026-03-01 17:49:11,767 - INFO -   D(4) Clust rate_T3: coef=-5.718629 (SE=0.115875, p=0.0000)***
2026-03-01 17:49:11,774 - INFO -   D(4) Clust rate_T4: coef=-0.971972 (SE=0.010693, p=0.0000)***
2026-03-01 17:49:11,777 - INFO -   D(4) Clust rate_T5: coef=-5.528987 (SE=0.145417, p=0.0000)***
2026-03-01 17:49:11,880 - INFO - 
=== Demand: supply spec '(5) CF Natl' | N_valid=33,532, N_zero_active=33,371 / 66,903 ===
2026-03-01 17:49:11,892 - INFO -   log(s_active): mean=-9.2621, sd=2.3724
2026-03-01 17:49:11,997 - INFO -   D(5) CF Natl rate_T1: coef=0.000000 (SE=0.000000, p=nan)
2026-03-01 17:49:11,997 - INFO -   D(5) CF Natl rate_T2: coef=-6.306380 (SE=0.040930, p=0.0000)***
2026-03-01 17:49:12,004 - INFO -   D(5) CF Natl rate_T3: coef=-3.047711 (SE=0.028771, p=0.0000)***
2026-03-01 17:49:12,007 - INFO -   D(5) CF Natl rate_T4: coef=-0.540265 (SE=0.005456, p=0.0000)***
2026-03-01 17:49:12,010 - INFO -   D(5) CF Natl rate_T5: coef=-3.375880 (SE=0.056705, p=0.0000)***
2026-03-01 17:49:12,097 - INFO - 
=== Demand: supply spec '(6) CF+Bank' | N_valid=27,384, N_zero_active=39,517 / 66,903 ===
2026-03-01 17:49:12,097 - INFO -   log(s_active): mean=-9.0935, sd=2.4235
2026-03-01 17:49:12,203 - INFO -   D(6) CF+Bank rate_T1: coef=0.000000 (SE=0.000000, p=nan)
2026-03-01 17:49:12,205 - INFO -   D(6) CF+Bank rate_T2: coef=-6.251547 (SE=0.044131, p=0.0000)***
2026-03-01 17:49:12,211 - INFO -   D(6) CF+Bank rate_T3: coef=-2.947612 (SE=0.028620, p=0.0000)***
2026-03-01 17:49:12,216 - INFO -   D(6) CF+Bank rate_T4: coef=-0.562531 (SE=0.007514, p=0.0000)***
2026-03-01 17:49:12,219 - INFO -   D(6) CF+Bank rate_T5: coef=-3.354572 (SE=0.057759, p=0.0000)***
2026-03-01 17:49:12,318 - INFO - 
=== Demand: supply spec '(7) CF+FE' | N_valid=35,649, N_zero_active=31,254 / 66,903 ===
2026-03-01 17:49:12,318 - INFO -   log(s_active): mean=-9.3757, sd=2.4152
2026-03-01 17:49:21,872 - INFO -   D(7) CF+FE rate_T1: coef=0.000000 (SE=0.000000, p=nan)
2026-03-01 17:49:21,879 - INFO -   D(7) CF+FE rate_T2: coef=-7.321400 (SE=0.055594, p=0.0000)***
2026-03-01 17:49:21,893 - INFO -   D(7) CF+FE rate_T3: coef=-4.865153 (SE=0.032623, p=0.0000)***
2026-03-01 17:49:21,900 - INFO -   D(7) CF+FE rate_T4: coef=-1.029706 (SE=0.005816, p=0.0000)***
2026-03-01 17:49:21,906 - INFO -   D(7) CF+FE rate_T5: coef=-5.072408 (SE=0.061742, p=0.0000)***
2026-03-01 17:49:22,187 - INFO - 
=== Demand: supply spec '(8) CF+Clust' | N_valid=35,649, N_zero_active=31,254 / 66,903 ===
2026-03-01 17:49:22,192 - INFO -   log(s_active): mean=-9.3757, sd=2.4152
2026-03-01 17:49:32,379 - INFO -   D(8) CF+Clust rate_T1: coef=0.000000 (SE=0.000000, p=nan)
2026-03-01 17:49:32,382 - INFO -   D(8) CF+Clust rate_T2: coef=-7.321400 (SE=0.133384, p=0.0000)***
2026-03-01 17:49:32,388 - INFO -   D(8) CF+Clust rate_T3: coef=-4.865153 (SE=0.101822, p=0.0000)***
2026-03-01 17:49:32,388 - INFO -   D(8) CF+Clust rate_T4: coef=-1.029706 (SE=0.021559, p=0.0000)***
2026-03-01 17:49:32,388 - INFO -   D(8) CF+Clust rate_T5: coef=-5.072408 (SE=0.149114, p=0.0000)***
2026-03-01 17:49:32,472 - INFO - 
=== Demand: supply spec '(9) CF-Haus' | N_valid=33,585, N_zero_active=33,318 / 66,903 ===
2026-03-01 17:49:32,473 - INFO -   log(s_active): mean=-9.2631, sd=2.3723
2026-03-01 17:49:32,566 - INFO -   D(9) CF-Haus rate_T1: coef=0.000000 (SE=0.000000, p=nan)
2026-03-01 17:49:32,568 - INFO -   D(9) CF-Haus rate_T2: coef=-6.301627 (SE=0.040750, p=0.0000)***
2026-03-01 17:49:32,573 - INFO -   D(9) CF-Haus rate_T3: coef=-3.050600 (SE=0.028808, p=0.0000)***
2026-03-01 17:49:32,576 - INFO -   D(9) CF-Haus rate_T4: coef=-0.553249 (SE=0.004567, p=0.0000)***
2026-03-01 17:49:32,578 - INFO -   D(9) CF-Haus rate_T5: coef=-3.448037 (SE=0.052760, p=0.0000)***
2026-03-01 17:49:32,650 - INFO - 
=== Demand: supply spec '(10) CF-H+Bank' | N_valid=27,497, N_zero_active=39,404 / 66,903 ===
2026-03-01 17:49:32,654 - INFO -   log(s_active): mean=-9.1054, sd=2.4280
2026-03-01 17:49:32,720 - INFO -   D(10) CF-H+Bank rate_T1: coef=0.000000 (SE=0.000000, p=nan)
2026-03-01 17:49:32,722 - INFO -   D(10) CF-H+Bank rate_T2: coef=-6.244695 (SE=0.044185, p=0.0000)***
2026-03-01 17:49:32,727 - INFO -   D(10) CF-H+Bank rate_T3: coef=-2.947541 (SE=0.028425, p=0.0000)***
2026-03-01 17:49:32,730 - INFO -   D(10) CF-H+Bank rate_T4: coef=-0.563251 (SE=0.007427, p=0.0000)***
2026-03-01 17:49:32,730 - INFO -   D(10) CF-H+Bank rate_T5: coef=-3.353506 (SE=0.057539, p=0.0000)***
2026-03-01 17:49:32,755 - INFO - 
>>> Step 5: Exporting demand results ...
2026-03-01 17:49:32,805 - INFO - Demand results exported to c:\Users\pedro\OneDrive\Documentos\Yale\Year 3 (2024 - 2025)\Open Finance\Open-Finance\BCB\Egan_et_al_2025_Rep\processed\ESTIMATION_OUTPUT\demand_results_conglomerate.csv
2026-03-01 17:49:32,870 - INFO - Demand LaTeX table exported to c:\Users\pedro\OneDrive\Documentos\Yale\Year 3 (2024 - 2025)\Open Finance\Open-Finance\BCB\Egan_et_al_2025_Rep\processed\ESTIMATION_OUTPUT\demand_table_conglomerate.tex
2026-03-01 17:49:32,872 - INFO - Demand specs estimated: ['D(1) Natl', 'D(2) +Bank', 'D(3) +FE', 'D(4) Clust', 'D(5) CF Natl', 'D(6) CF+Bank', 'D(7) CF+FE', 'D(8) CF+Clust', 'D(9) CF-Haus', 'D(10) CF-H+Bank']
2026-03-01 17:49:32,872 - INFO - Done -- estimation_demand_1.py complete.
2026-03-02 13:55:34,463 - INFO - ================================================================================
2026-03-02 13:55:34,468 - INFO - DEMAND ESTIMATION -- CONGLOMERATE LEVEL
2026-03-02 13:55:34,471 - INFO - Berry (1994) active market shares | estimation_demand_1.py
2026-03-02 13:55:34,474 - INFO - ================================================================================
2026-03-02 13:55:34,478 - INFO - 
>>> Step 1: Loading panel and running supply estimation ...
2026-03-02 13:55:34,481 - INFO - Loading panel ...
2026-03-02 13:55:36,192 - INFO - Raw panel: 241,519 rows, 31 cols
2026-03-02 13:55:36,197 - INFO -   total_assets coverage: 241,519 / 241,519
2026-03-02 13:55:36,203 - INFO -   equity_ratio coverage: 239,294 / 241,519
2026-03-02 13:55:36,220 - INFO -   segment coverage: 230,256 / 241,519
2026-03-02 13:55:36,446 - INFO - log_total_assets: mean=19.79, sd=2.57 (standardized for estimation)
2026-03-02 13:55:36,671 - INFO - Winsorized deposit_balance at [p1,p99]=[297.8,34626022396.7]: dropped 1,366 outliers
2026-03-02 13:55:36,671 - INFO - Estimation sample: 66,903 rows
2026-03-02 13:55:36,683 - INFO -   Banks:    1236
2026-03-02 13:55:36,685 - INFO -   Quarters: 37
2026-03-02 13:55:36,689 - INFO -   Types:    [np.int64(1), np.int64(2), np.int64(3), np.int64(4), np.int64(5)]
2026-03-02 13:55:36,692 - INFO - Dep var (deposit_balance, levels) summary:
2026-03-02 13:55:36,700 - INFO -   mean=470784318.3, sd=2003063602.1, p5=841909.3, p95=1711527799.3
2026-03-02 13:55:36,704 - INFO - nr_lag (nr x D_{t-1}) summary:
2026-03-02 13:55:36,709 - INFO -   mean=429269688.034755, sd=1877534941.326732
2026-03-02 13:55:36,711 - INFO - Lagged Selic (p.a.) summary:
2026-03-02 13:55:36,717 - INFO -   mean=9.29, sd=4.10, min=2.00, max=15.00
2026-03-02 13:55:36,730 - INFO - Segment distribution: {'S5': 39798, 'S4': 18039, 'S3': 4787, 'S2': 986, 'S1': 392}
2026-03-02 13:55:36,739 - INFO - ================================================================================
2026-03-02 13:55:36,739 - INFO - STRUCTURAL ESTIMATION: deposit_balance = phi(S,X) x nr x D_{t-1}
2026-03-02 13:55:36,739 - INFO -   phi(S,X) = Y'_1 S_t + Y'_2 X_jt  (Egan et al. 2025, Table 3)
2026-03-02 13:55:36,745 - INFO - ================================================================================
2026-03-02 13:55:38,979 - INFO - Dep var: Dep_jkt (levels)     
2026-03-02 13:55:38,979 - INFO - ----------------------------------------------------------------------------------------------
2026-03-02 13:55:38,979 - INFO -                                       (1) Natl       (2) +Bank         (3) +FE       (4) Clust
2026-03-02 13:55:38,979 - INFO - ----------------------------------------------------------------------------------------------
2026-03-02 13:55:39,035 - INFO -   Y_1,cons  (nr x D_{t-1})          1.0738***       0.9713***       1.4373***       1.4373*** 
2026-03-02 13:55:39,035 - INFO -                                 (   0.0216)   (   0.2216)   (   0.1491)   (   0.1588) 
2026-03-02 13:55:39,042 - INFO -   Y_1,RF   (selic x nr x D_{t-1})     -0.0027         -0.0063*        -0.0015         -0.0015    
2026-03-02 13:55:39,046 - INFO -                                 (   0.0027)   (   0.0037)   (   0.0017)   (   0.0020) 
2026-03-02 13:55:39,051 - INFO -   Y_2,size (logA x nr x D_{t-1})                      0.0293         -0.1242***      -0.1242**  
2026-03-02 13:55:39,053 - INFO -                                                 (   0.0782)   (   0.0461)   (   0.0520) 
2026-03-02 13:55:39,059 - INFO -   Y_2,eq   (E/A x nr x D_{t-1})                     -0.2937*        -1.3216***      -1.3216*** 
2026-03-02 13:55:39,060 - INFO -                                                 (   0.1696)   (   0.4440)   (   0.4656) 
2026-03-02 13:55:39,063 - INFO -   Y_2,S2  (seg_S2 x nr x D_{t-1})                      0.1144                                    
2026-03-02 13:55:39,064 - INFO -                                                 (   0.0919)                                 
2026-03-02 13:55:39,068 - INFO -   Y_2,S3  (seg_S3 x nr x D_{t-1})                      0.2084                                    
2026-03-02 13:55:39,068 - INFO -                                                 (   0.1335)                                 
2026-03-02 13:55:39,073 - INFO -   Y_2,S4  (seg_S4 x nr x D_{t-1})                      0.2089                                    
2026-03-02 13:55:39,074 - INFO -                                                 (   0.1679)                                 
2026-03-02 13:55:39,077 - INFO -   Y_2,S5  (seg_S5 x nr x D_{t-1})                      0.2729                                    
2026-03-02 13:55:39,078 - INFO -                                                 (   0.2220)                                 
2026-03-02 13:55:39,079 - INFO - ----------------------------------------------------------------------------------------------
2026-03-02 13:55:39,081 - INFO -   N                                     66,903          66,901          66,903          66,903
2026-03-02 13:55:39,084 - INFO -   R^2                                   0.9597          0.9637          0.8287          0.8287
2026-03-02 13:55:39,085 - INFO -   BankxType FE                              No              No             Yes             Yes
2026-03-02 13:55:39,086 - INFO -   Time FE                                   No              No             Yes             Yes
2026-03-02 13:55:39,089 - INFO -   SE type                            HC-robust       HC-robust       HC-robust      Bank-clust
2026-03-02 13:55:39,090 - INFO - ----------------------------------------------------------------------------------------------
2026-03-02 13:55:39,092 - INFO - Interpretation guide:
2026-03-02 13:55:39,093 - INFO -   Y_1,cons = coef on nr_lag = phi_cons (retention scaling factor)
2026-03-02 13:55:39,093 - INFO -   Y_1,RF < 0 means depositors sleepier when rates are low
2026-03-02 13:55:39,095 - INFO -   Y_2,size > 0 means larger banks retain more deposits
2026-03-02 13:55:39,096 - INFO - Baseline retention coef on nr_lag (Spec 1): 1.0738
2026-03-02 13:55:39,102 - INFO - ================================================================================
2026-03-02 13:55:39,104 - INFO - CONTROL FUNCTION ESTIMATION (semi-parametric CF) [CONGLOMERATE]
2026-03-02 13:55:39,105 - INFO -   Stage 1: spread_jkt ~ cost_shifters + type_dummies  -->  v_hat
2026-03-02 13:55:39,108 - INFO -   Stage 2: deposit_balance = phi(S,X)*nr*D_{t-1} + b1*v + b2*v^2 + b3*v^3 + eps
2026-03-02 13:55:39,109 - INFO -   All deposit types treated as potentially endogenous.
2026-03-02 13:55:39,111 - INFO - ================================================================================
2026-03-02 13:55:39,116 - INFO - First-stage cost shifters: ['cosif_lag', 'log_assets_std', 'equity_ratio', 'lagged_cdi', 'lagged_selic', 'personnel_cost_ratio_lag', 'admin_cost_ratio_lag']
2026-03-02 13:55:39,246 - INFO - First-stage A -- N=48,572, R^2=0.4579
2026-03-02 13:55:39,246 - INFO -   cosif_lag: coef=-0.206575, p=0.0000
2026-03-02 13:55:39,250 - INFO -   log_assets_std: coef=-0.066765, p=0.2694
2026-03-02 13:55:39,250 - INFO -   equity_ratio: coef=-1.024838, p=0.0000
2026-03-02 13:55:39,250 - INFO -   lagged_cdi: coef=5.099827, p=0.0000
2026-03-02 13:55:39,255 - INFO -   lagged_selic: coef=-1.354892, p=0.0000
2026-03-02 13:55:39,257 - INFO -   personnel_cost_ratio_lag: coef=56.905618, p=0.0000
2026-03-02 13:55:39,260 - INFO -   admin_cost_ratio_lag: coef=-0.122374, p=0.7851
2026-03-02 13:55:39,263 - INFO -   type2_d: coef=1.776860, p=0.0000
2026-03-02 13:55:39,264 - INFO -   type3_d: coef=2.444032, p=0.0000
2026-03-02 13:55:39,267 - INFO -   type4_d: coef=13.776797, p=0.0000
2026-03-02 13:55:39,270 - INFO -   type5_d: coef=-1.035238, p=0.0000
2026-03-02 13:55:39,281 - INFO -   Joint F (cost vars): 1387.74 (strong)
2026-03-02 13:55:39,333 - INFO - Computing Hausman IV (leave-one-out spread mean by type x quarter) ...
2026-03-02 13:55:39,470 - INFO - First-stage B -- N=48,572, R^2=0.6229
2026-03-02 13:55:39,470 - INFO -   hausman_iv_spread: coef=1.284632, p=0.0000
2026-03-02 13:55:39,470 - INFO -   cosif_lag: coef=-0.025066, p=0.0000
2026-03-02 13:55:39,470 - INFO -   log_assets_std: coef=-0.356095, p=0.0000
2026-03-02 13:55:39,479 - INFO -   equity_ratio: coef=-3.202099, p=0.0000
2026-03-02 13:55:39,482 - INFO -   lagged_cdi: coef=-0.127088, p=0.4760
2026-03-02 13:55:39,483 - INFO -   lagged_selic: coef=0.049475, p=0.2416
2026-03-02 13:55:39,485 - INFO -   personnel_cost_ratio_lag: coef=10.710681, p=0.0277
2026-03-02 13:55:39,486 - INFO -   admin_cost_ratio_lag: coef=0.083304, p=0.7881
2026-03-02 13:55:39,492 - INFO -   F (Hausman IV): 12207.88 (strong)
2026-03-02 13:55:39,559 - INFO - CF residuals (Cost-only): N=48,572, mean=-0.000000, sd=7.850400
2026-03-02 13:55:39,561 - INFO - CF residuals (Hausman): N=48,572, mean=-0.000000, sd=6.547397
2026-03-02 13:55:39,635 - INFO -   CF-Cost(5) cf_resid: -3665263.310440 (p=0.0000) ***
2026-03-02 13:55:39,639 - INFO -   CF-Cost(5) cf_resid_sq: 188353.882056 (p=0.0000) ***
2026-03-02 13:55:39,642 - INFO -   CF-Cost(5) cf_resid_cu: -569.797630 (p=0.5299) 
2026-03-02 13:55:39,651 - INFO -   CF-Cost(5) joint F on poly: 81.79 -> endogeneity
2026-03-02 13:55:39,762 - INFO -   CF-Cost(6) cf_resid: -3292488.093307 (p=0.0000) ***
2026-03-02 13:55:39,763 - INFO -   CF-Cost(6) cf_resid_sq: 42900.063022 (p=0.2475) 
2026-03-02 13:55:39,765 - INFO -   CF-Cost(6) cf_resid_cu: 2739.240523 (p=0.0115) **
2026-03-02 13:55:39,771 - INFO -   CF-Cost(6) joint F on poly: 68.73 -> endogeneity
2026-03-02 13:55:40,628 - INFO -   CF+FE(7) cf_resid: -2721025.606056 (p=0.0000)
2026-03-02 13:55:40,644 - INFO -   CF+FE(7) cf_resid_sq: -268949.425455 (p=0.0000)
2026-03-02 13:55:40,644 - INFO -   CF+FE(7) cf_resid_cu: 9753.207416 (p=0.0000)
2026-03-02 13:55:41,408 - INFO -   CF-Hausman(9) cf_resid_h: 1544664.122667 (p=0.0006) ***
2026-03-02 13:55:41,408 - INFO -   CF-Hausman(9) cf_resid_h_sq: 304406.286598 (p=0.0000) ***
2026-03-02 13:55:41,408 - INFO -   CF-Hausman(9) cf_resid_h_cu: -12956.122476 (p=0.0000) ***
2026-03-02 13:55:41,408 - INFO -   CF-Hausman(9) joint F on poly: 39.66 -> endogeneity
2026-03-02 13:55:41,528 - INFO -   CF-Hausman(10) cf_resid_h: 1461760.737248 (p=0.0007) ***
2026-03-02 13:55:41,528 - INFO -   CF-Hausman(10) cf_resid_h_sq: 205177.279345 (p=0.0000) ***
2026-03-02 13:55:41,528 - INFO -   CF-Hausman(10) cf_resid_h_cu: -10721.263593 (p=0.0000) ***
2026-03-02 13:55:41,542 - INFO -   CF-Hausman(10) joint F on poly: 20.11 -> endogeneity
2026-03-02 13:55:41,545 - INFO - Dep var: Dep_jkt (levels, CF) 
2026-03-02 13:55:41,546 - INFO - ------------------------------------------------------------------------------------------------------------------------------
2026-03-02 13:55:41,548 - INFO -                                    (5) CF Natl     (6) CF+Bank       (7) CF+FE    (8) CF+Clust     (9) CF-Haus  (10) CF-H+Bank
2026-03-02 13:55:41,551 - INFO - ------------------------------------------------------------------------------------------------------------------------------
2026-03-02 13:55:41,585 - INFO -   Y_1,cons  (nr x D_{t-1})          1.0614***       1.0837***       1.4291***       1.4291***       1.0614***       1.0775*** 
2026-03-02 13:55:41,587 - INFO -                                 (   0.0263)   (   0.1516)   (   0.1333)   (   0.1792)   (   0.0261)   (   0.1503) 
2026-03-02 13:55:41,590 - INFO -   Y_1,RF   (selic x nr x D_{t-1})      0.0015         -0.0015         -0.0015         -0.0015          0.0014         -0.0016    
2026-03-02 13:55:41,590 - INFO -                                 (   0.0029)   (   0.0022)   (   0.0020)   (   0.0017)   (   0.0029)   (   0.0022) 
2026-03-02 13:55:41,599 - INFO -   Y_2,size (logA x nr x D_{t-1})                     -0.0259         -0.1100***      -0.1100*                        -0.0237    
2026-03-02 13:55:41,600 - INFO -                                                 (   0.0391)   (   0.0359)   (   0.0590)                   (   0.0387) 
2026-03-02 13:55:41,606 - INFO -   Y_2,eq   (E/A x nr x D_{t-1})                     -0.0367         -0.9592**       -0.9592*                        -0.0413    
2026-03-02 13:55:41,607 - INFO -                                                 (   0.2033)   (   0.4696)   (   0.5722)                   (   0.2027) 
2026-03-02 13:55:41,611 - INFO -   Y_2,S2  (seg_S2 x nr x D_{t-1})                      0.0668                                                          0.0689    
2026-03-02 13:55:41,612 - INFO -                                                 (   0.0527)                                                   (   0.0523) 
2026-03-02 13:55:41,618 - INFO -   Y_2,S3  (seg_S3 x nr x D_{t-1})                      0.1633***                                                       0.1654*** 
2026-03-02 13:55:41,619 - INFO -                                                 (   0.0561)                                                   (   0.0556) 
2026-03-02 13:55:41,621 - INFO -   Y_2,S4  (seg_S4 x nr x D_{t-1})                      0.0439                                                          0.0476    
2026-03-02 13:55:41,621 - INFO -                                                 (   0.0895)                                                   (   0.0890) 
2026-03-02 13:55:41,621 - INFO -   Y_2,S5  (seg_S5 x nr x D_{t-1})                      0.0724                                                          0.0830    
2026-03-02 13:55:41,621 - INFO -                                                 (   0.0793)                                                   (   0.0791) 
2026-03-02 13:55:41,635 - INFO -   beta_1 v^  (CF-cost, 1st)     -3665263.3104***   -3292488.0933***   -2721025.6061***   -2721025.6061***                                 
2026-03-02 13:55:41,637 - INFO -                                 (267627.2732)   (229587.0574)   (322706.3969)   (564621.6369)                                 
2026-03-02 13:55:41,641 - INFO -   beta_2 v^^2 (CF-cost, 2nd)    188353.8821***   42900.0630      -268949.4255***   -268949.4255***                                 
2026-03-02 13:55:41,642 - INFO -                                 (26703.4120)   (37094.9831)   (35050.4290)   (65321.3276)                                 
2026-03-02 13:55:41,646 - INFO -   beta_3 v^^3 (CF-cost, 3rd)     -569.7976       2739.2405**     9753.2074***    9753.2074***                                 
2026-03-02 13:55:41,647 - INFO -                                 ( 907.1023)   (1083.5174)   (1056.5692)   (1763.9971)                                 
2026-03-02 13:55:41,653 - INFO -   beta_1 v^H (CF-Hausman, 1st)                                                                  1544664.1227***   1461760.7372*** 
2026-03-02 13:55:41,654 - INFO -                                                                                                 (451304.0892)   (431288.0028) 
2026-03-02 13:55:41,664 - INFO -   beta_2 v^H^2 (CF-Hausman, 2nd)                                                                  304406.2866***   205177.2793*** 
2026-03-02 13:55:41,664 - INFO -                                                                                                 (28551.9813)   (36597.6814) 
2026-03-02 13:55:41,670 - INFO -   beta_3 v^H^3 (CF-Hausman, 3rd)                                                                  -12956.1225***   -10721.2636*** 
2026-03-02 13:55:41,671 - INFO -                                                                                                 (1457.9093)   (1582.1794) 
2026-03-02 13:55:41,672 - INFO - ------------------------------------------------------------------------------------------------------------------------------
2026-03-02 13:55:41,674 - INFO -   N                                     48,572          48,572          48,572          48,572          48,572          48,572
2026-03-02 13:55:41,680 - INFO -   R^2                                   0.9662          0.9709          0.8747          0.8747          0.9663          0.9710
2026-03-02 13:55:41,681 - INFO -   BankxType FE                              No              No             Yes             Yes              No              No
2026-03-02 13:55:41,683 - INFO -   Time FE                                   No              No             Yes             Yes              No              No
2026-03-02 13:55:41,684 - INFO -   SE type                            HC-robust       HC-robust       HC-robust      Bank-clust       HC-robust       HC-robust
2026-03-02 13:55:41,686 - INFO - ------------------------------------------------------------------------------------------------------------------------------
2026-03-02 13:55:41,694 - INFO - Supply specs available: ['(1) Natl', '(2) +Bank', '(3) +FE', '(4) Clust', '(5) CF Natl', '(6) CF+Bank', '(7) CF+FE', '(8) CF+Clust', '(9) CF-Haus', '(10) CF-H+Bank']
2026-03-02 13:55:41,696 - INFO - 
>>> Step 2: Computing structural sleeping-deposit predictions ...
2026-03-02 13:55:41,745 - INFO -   Supply spec '(1) Natl': hat_Y computed for 66,903 obs (struct cols = ['nr_lag', 'selic_nr_lag'])
2026-03-02 13:55:41,748 - INFO -   Supply spec '(2) +Bank': hat_Y computed for 66,901 obs (struct cols = ['nr_lag', 'selic_nr_lag', 'logA_nr_lag', 'eq_nr_lag', 'seg_S2_nr_lag', 'seg_S3_nr_lag', 'seg_S4_nr_lag', 'seg_S5_nr_lag'])
2026-03-02 13:55:41,759 - INFO -   Supply spec '(3) +FE': hat_Y computed for 66,903 obs (struct cols = ['nr_lag', 'selic_nr_lag', 'logA_nr_lag', 'eq_nr_lag'])
2026-03-02 13:55:41,766 - INFO -   Supply spec '(4) Clust': hat_Y computed for 66,903 obs (struct cols = ['nr_lag', 'selic_nr_lag', 'logA_nr_lag', 'eq_nr_lag'])
2026-03-02 13:55:41,767 - INFO -   Supply spec '(5) CF Natl': hat_Y computed for 66,903 obs (struct cols = ['nr_lag', 'selic_nr_lag'])
2026-03-02 13:55:41,780 - INFO -   Supply spec '(6) CF+Bank': hat_Y computed for 66,901 obs (struct cols = ['nr_lag', 'selic_nr_lag', 'logA_nr_lag', 'eq_nr_lag', 'seg_S2_nr_lag', 'seg_S3_nr_lag', 'seg_S4_nr_lag', 'seg_S5_nr_lag'])
2026-03-02 13:55:41,787 - INFO -   Supply spec '(7) CF+FE': hat_Y computed for 66,903 obs (struct cols = ['nr_lag', 'selic_nr_lag', 'logA_nr_lag', 'eq_nr_lag'])
2026-03-02 13:55:41,793 - INFO -   Supply spec '(8) CF+Clust': hat_Y computed for 66,903 obs (struct cols = ['nr_lag', 'selic_nr_lag', 'logA_nr_lag', 'eq_nr_lag'])
2026-03-02 13:55:41,797 - INFO -   Supply spec '(9) CF-Haus': hat_Y computed for 66,903 obs (struct cols = ['nr_lag', 'selic_nr_lag'])
2026-03-02 13:55:41,804 - INFO -   Supply spec '(10) CF-H+Bank': hat_Y computed for 66,901 obs (struct cols = ['nr_lag', 'selic_nr_lag', 'logA_nr_lag', 'eq_nr_lag', 'seg_S2_nr_lag', 'seg_S3_nr_lag', 'seg_S4_nr_lag', 'seg_S5_nr_lag'])
2026-03-02 13:55:41,806 - INFO - 
>>> Step 3: Active deposit diagnostics by supply spec ...
2026-03-02 13:55:41,816 - INFO -   '(1) Natl': active>0=57.0%, active=0=43.0%, mean(active|active>0)=79354390.3
2026-03-02 13:55:41,825 - INFO -   '(2) +Bank': active>0=57.6%, active=0=42.4%, mean(active|active>0)=72100072.3
2026-03-02 13:55:41,831 - INFO -   '(3) +FE': active>0=69.7%, active=0=30.3%, mean(active|active>0)=119596317.5
2026-03-02 13:55:41,837 - INFO -   '(4) Clust': active>0=69.7%, active=0=30.3%, mean(active|active>0)=119596317.5
2026-03-02 13:55:41,845 - INFO -   '(5) CF Natl': active>0=50.1%, active=0=49.9%, mean(active|active>0)=78753270.9
2026-03-02 13:55:41,853 - INFO -   '(6) CF+Bank': active>0=40.9%, active=0=59.1%, mean(active|active>0)=82778006.9
2026-03-02 13:55:41,862 - INFO -   '(7) CF+FE': active>0=53.3%, active=0=46.7%, mean(active|active>0)=100480558.6
2026-03-02 13:55:41,868 - INFO -   '(8) CF+Clust': active>0=53.3%, active=0=46.7%, mean(active|active>0)=100480558.6
2026-03-02 13:55:41,883 - INFO -   '(9) CF-Haus': active>0=50.2%, active=0=49.8%, mean(active|active>0)=78764571.7
2026-03-02 13:55:41,896 - INFO -   '(10) CF-H+Bank': active>0=41.1%, active=0=58.9%, mean(active|active>0)=82766266.0
2026-03-02 13:55:41,921 - INFO - 
>>> Step 4: Estimating Berry (1994) demand equation ...
2026-03-02 13:55:41,931 - INFO - Demand -- type-interacted spread columns: ['spread_T1', 'spread_T2', 'spread_T3', 'spread_T4', 'spread_T5']
2026-03-02 13:55:42,039 - INFO - Endogenous types [4, 5]: 31,941 obs (47.7% of full sample)
2026-03-02 13:55:42,043 - INFO - Demand CF cost shifters (types 4-5): ['cosif_lag', 'log_assets_std', 'equity_ratio', 'lagged_cdi', 'lagged_selic', 'personnel_cost_ratio_lag', 'admin_cost_ratio_lag']
2026-03-02 13:55:42,118 - INFO - Demand CF-A (types 4-5): N=22,822, R^2=0.2634
2026-03-02 13:55:42,130 - INFO -   Joint F (cost vars): 1352.63 (strong)
2026-03-02 13:55:42,243 - INFO - Demand CF-B (types 4-5, +Hausman IV): N=22,822, R^2=0.4188
2026-03-02 13:55:42,245 - INFO -   F (Hausman IV): 5451.51 (strong)
2026-03-02 13:55:42,378 - INFO - 
=== Demand: supply spec '(1) Natl' | N_valid=38,113, N_zero_active=28,790 / 66,903 ===
2026-03-02 13:55:42,378 - INFO -   log(s_active): mean=-9.3722, sd=2.3770
2026-03-02 13:55:42,478 - INFO -   D(1) Natl spread_T1: coef=4.159770 (SE=0.015197, p=0.0000)***
2026-03-02 13:55:42,478 - INFO -   D(1) Natl spread_T2: coef=10.000062 (SE=0.094967, p=0.0000)***
2026-03-02 13:55:42,478 - INFO -   D(1) Natl spread_T3: coef=2005.608426 (SE=55.209031, p=0.0000)***
2026-03-02 13:55:42,493 - INFO -   D(1) Natl spread_T4: coef=-0.369046 (SE=0.002166, p=0.0000)***
2026-03-02 13:55:42,501 - INFO -   D(1) Natl spread_T5: coef=3.187408 (SE=0.053282, p=0.0000)***
2026-03-02 13:55:42,599 - INFO - 
=== Demand: supply spec '(2) +Bank' | N_valid=38,553, N_zero_active=28,348 / 66,903 ===
2026-03-02 13:55:42,601 - INFO -   log(s_active): mean=-9.4691, sd=2.3974
2026-03-02 13:55:42,680 - INFO -   D(2) +Bank spread_T1: coef=4.176348 (SE=0.014876, p=0.0000)***
2026-03-02 13:55:42,682 - INFO -   D(2) +Bank spread_T2: coef=9.965714 (SE=0.098868, p=0.0000)***
2026-03-02 13:55:42,684 - INFO -   D(2) +Bank spread_T3: coef=2123.515410 (SE=53.866431, p=0.0000)***
2026-03-02 13:55:42,685 - INFO -   D(2) +Bank spread_T4: coef=-0.364748 (SE=0.002142, p=0.0000)***
2026-03-02 13:55:42,688 - INFO -   D(2) +Bank spread_T5: coef=3.178282 (SE=0.052136, p=0.0000)***
2026-03-02 13:55:42,787 - INFO - 
=== Demand: supply spec '(3) +FE' | N_valid=46,663, N_zero_active=20,240 / 66,903 ===
2026-03-02 13:55:42,790 - INFO -   log(s_active): mean=-9.4904, sd=2.3103
2026-03-02 13:55:47,411 - INFO -   D(3) +FE spread_T1: coef=5.514428 (SE=0.012050, p=0.0000)***
2026-03-02 13:55:47,411 - INFO -   D(3) +FE spread_T2: coef=13.033008 (SE=0.107276, p=0.0000)***
2026-03-02 13:55:47,411 - INFO -   D(3) +FE spread_T3: coef=6650.836471 (SE=173.646597, p=0.0000)***
2026-03-02 13:55:47,411 - INFO -   D(3) +FE spread_T4: coef=-0.803395 (SE=0.002032, p=0.0000)***
2026-03-02 13:55:47,428 - INFO -   D(3) +FE spread_T5: coef=4.819139 (SE=0.095070, p=0.0000)***
2026-03-02 13:55:47,492 - INFO - 
=== Demand: supply spec '(4) Clust' | N_valid=46,663, N_zero_active=20,240 / 66,903 ===
2026-03-02 13:55:47,492 - INFO -   log(s_active): mean=-9.4904, sd=2.3103
2026-03-02 13:55:52,372 - INFO -   D(4) Clust spread_T1: coef=5.514428 (SE=0.036810, p=0.0000)***
2026-03-02 13:55:52,388 - INFO -   D(4) Clust spread_T2: coef=13.033008 (SE=0.274928, p=0.0000)***
2026-03-02 13:55:52,388 - INFO -   D(4) Clust spread_T3: coef=6650.836471 (SE=401.111738, p=0.0000)***
2026-03-02 13:55:52,388 - INFO -   D(4) Clust spread_T4: coef=-0.803395 (SE=0.008050, p=0.0000)***
2026-03-02 13:55:52,398 - INFO -   D(4) Clust spread_T5: coef=4.819139 (SE=0.248803, p=0.0000)***
2026-03-02 13:55:52,465 - INFO - 
=== Demand: supply spec '(5) CF Natl' | N_valid=33,532, N_zero_active=33,371 / 66,903 ===
2026-03-02 13:55:52,470 - INFO -   log(s_active): mean=-9.2621, sd=2.3724
2026-03-02 13:55:52,537 - INFO -   D(5) CF Natl spread_T1: coef=4.293494 (SE=0.018553, p=0.0000)***
2026-03-02 13:55:52,537 - INFO -   D(5) CF Natl spread_T2: coef=10.167217 (SE=0.099919, p=0.0000)***
2026-03-02 13:55:52,537 - INFO -   D(5) CF Natl spread_T3: coef=1959.534180 (SE=55.557623, p=0.0000)***
2026-03-02 13:55:52,537 - INFO -   D(5) CF Natl spread_T4: coef=-0.530043 (SE=0.006329, p=0.0000)***
2026-03-02 13:55:52,554 - INFO -   D(5) CF Natl spread_T5: coef=2.579677 (SE=0.076987, p=0.0000)***
2026-03-02 13:55:52,604 - INFO - 
=== Demand: supply spec '(6) CF+Bank' | N_valid=27,384, N_zero_active=39,517 / 66,903 ===
2026-03-02 13:55:52,604 - INFO -   log(s_active): mean=-9.0935, sd=2.4235
2026-03-02 13:55:52,669 - INFO -   D(6) CF+Bank spread_T1: coef=4.184943 (SE=0.020892, p=0.0000)***
2026-03-02 13:55:52,672 - INFO -   D(6) CF+Bank spread_T2: coef=10.051240 (SE=0.104565, p=0.0000)***
2026-03-02 13:55:52,674 - INFO -   D(6) CF+Bank spread_T3: coef=1901.773491 (SE=55.681810, p=0.0000)***
2026-03-02 13:55:52,676 - INFO -   D(6) CF+Bank spread_T4: coef=-0.537499 (SE=0.008784, p=0.0000)***
2026-03-02 13:55:52,679 - INFO -   D(6) CF+Bank spread_T5: coef=2.538102 (SE=0.086764, p=0.0000)***
2026-03-02 13:55:52,739 - INFO - 
=== Demand: supply spec '(7) CF+FE' | N_valid=35,649, N_zero_active=31,254 / 66,903 ===
2026-03-02 13:55:52,739 - INFO -   log(s_active): mean=-9.3757, sd=2.4152
2026-03-02 13:55:58,195 - INFO -   D(7) CF+FE spread_T1: coef=5.345967 (SE=0.013991, p=0.0000)***
2026-03-02 13:55:58,197 - INFO -   D(7) CF+FE spread_T2: coef=13.295671 (SE=0.119084, p=0.0000)***
2026-03-02 13:55:58,200 - INFO -   D(7) CF+FE spread_T3: coef=5043.038751 (SE=190.541122, p=0.0000)***
2026-03-02 13:55:58,200 - INFO -   D(7) CF+FE spread_T4: coef=-0.944768 (SE=0.006583, p=0.0000)***
2026-03-02 13:55:58,200 - INFO -   D(7) CF+FE spread_T5: coef=3.811243 (SE=0.117173, p=0.0000)***
2026-03-02 13:55:58,279 - INFO - 
=== Demand: supply spec '(8) CF+Clust' | N_valid=35,649, N_zero_active=31,254 / 66,903 ===
2026-03-02 13:55:58,280 - INFO -   log(s_active): mean=-9.3757, sd=2.4152
2026-03-02 13:56:04,561 - INFO -   D(8) CF+Clust spread_T1: coef=5.345967 (SE=0.040388, p=0.0000)***
2026-03-02 13:56:04,561 - INFO -   D(8) CF+Clust spread_T2: coef=13.295671 (SE=0.305097, p=0.0000)***
2026-03-02 13:56:04,561 - INFO -   D(8) CF+Clust spread_T3: coef=5043.038751 (SE=437.497658, p=0.0000)***
2026-03-02 13:56:04,571 - INFO -   D(8) CF+Clust spread_T4: coef=-0.944768 (SE=0.019525, p=0.0000)***
2026-03-02 13:56:04,574 - INFO -   D(8) CF+Clust spread_T5: coef=3.811243 (SE=0.282976, p=0.0000)***
2026-03-02 13:56:04,642 - INFO - 
=== Demand: supply spec '(9) CF-Haus' | N_valid=33,585, N_zero_active=33,318 / 66,903 ===
2026-03-02 13:56:04,648 - INFO -   log(s_active): mean=-9.2631, sd=2.3723
2026-03-02 13:56:04,735 - INFO -   D(9) CF-Haus spread_T1: coef=4.291538 (SE=0.018511, p=0.0000)***
2026-03-02 13:56:04,738 - INFO -   D(9) CF-Haus spread_T2: coef=10.158134 (SE=0.099774, p=0.0000)***
2026-03-02 13:56:04,739 - INFO -   D(9) CF-Haus spread_T3: coef=1958.331829 (SE=55.468741, p=0.0000)***
2026-03-02 13:56:04,742 - INFO -   D(9) CF-Haus spread_T4: coef=-0.540225 (SE=0.004811, p=0.0000)***
2026-03-02 13:56:04,744 - INFO -   D(9) CF-Haus spread_T5: coef=2.881730 (SE=0.063797, p=0.0000)***
2026-03-02 13:56:04,794 - INFO - 
=== Demand: supply spec '(10) CF-H+Bank' | N_valid=27,497, N_zero_active=39,404 / 66,903 ===
2026-03-02 13:56:04,794 - INFO -   log(s_active): mean=-9.1054, sd=2.4280
2026-03-02 13:56:04,867 - INFO -   D(10) CF-H+Bank spread_T1: coef=4.188678 (SE=0.020778, p=0.0000)***
2026-03-02 13:56:04,870 - INFO -   D(10) CF-H+Bank spread_T2: coef=10.040701 (SE=0.104550, p=0.0000)***
2026-03-02 13:56:04,870 - INFO -   D(10) CF-H+Bank spread_T3: coef=1895.230643 (SE=55.071812, p=0.0000)***
2026-03-02 13:56:04,870 - INFO -   D(10) CF-H+Bank spread_T4: coef=-0.539232 (SE=0.008691, p=0.0000)***
2026-03-02 13:56:04,877 - INFO -   D(10) CF-H+Bank spread_T5: coef=2.528622 (SE=0.086905, p=0.0000)***
2026-03-02 13:56:04,881 - INFO - 
>>> Step 5: Exporting demand results ...
2026-03-02 13:56:04,918 - INFO - Demand results exported to c:\Users\pedro\OneDrive\Documentos\Yale\Year 3 (2024 - 2025)\Open Finance\Open-Finance\BCB\Egan_et_al_2025_Rep\processed\ESTIMATION_OUTPUT\demand_results_conglomerate.csv
2026-03-02 13:56:04,962 - INFO - Demand LaTeX table exported to c:\Users\pedro\OneDrive\Documentos\Yale\Year 3 (2024 - 2025)\Open Finance\Open-Finance\BCB\Egan_et_al_2025_Rep\processed\ESTIMATION_OUTPUT\demand_table_conglomerate.tex
2026-03-02 13:56:04,973 - INFO - Demand specs estimated: ['D(1) Natl', 'D(2) +Bank', 'D(3) +FE', 'D(4) Clust', 'D(5) CF Natl', 'D(6) CF+Bank', 'D(7) CF+FE', 'D(8) CF+Clust', 'D(9) CF-Haus', 'D(10) CF-H+Bank']
2026-03-02 13:56:04,976 - INFO - Done -- estimation_demand_1.py complete.
2026-03-02 15:11:10,006 - INFO - ================================================================================
2026-03-02 15:11:10,012 - INFO - DEMAND ESTIMATION -- CONGLOMERATE LEVEL
2026-03-02 15:11:10,017 - INFO - Berry (1994) active market shares | estimation_demand_1.py
2026-03-02 15:11:10,019 - INFO - ================================================================================
2026-03-02 15:11:10,021 - INFO - 
>>> Step 1: Loading panel and running supply estimation ...
2026-03-02 15:11:10,030 - INFO - Loading panel ...
2026-03-02 15:11:15,058 - INFO - Raw panel: 241,519 rows, 31 cols
2026-03-02 15:11:15,065 - INFO -   total_assets coverage: 241,519 / 241,519
2026-03-02 15:11:15,070 - INFO -   equity_ratio coverage: 239,294 / 241,519
2026-03-02 15:11:15,109 - INFO -   segment coverage: 230,256 / 241,519
2026-03-02 15:11:15,423 - INFO - log_total_assets: mean=19.79, sd=2.57 (standardized for estimation)
2026-03-02 15:11:15,744 - INFO - Winsorized deposit_balance at [p1,p99]=[297.8,34626022396.7]: dropped 1,366 outliers
2026-03-02 15:11:15,746 - INFO - Estimation sample: 66,903 rows
2026-03-02 15:11:15,758 - INFO -   Banks:    1236
2026-03-02 15:11:15,762 - INFO -   Quarters: 37
2026-03-02 15:11:15,769 - INFO -   Types:    [np.int64(1), np.int64(2), np.int64(3), np.int64(4), np.int64(5)]
2026-03-02 15:11:15,772 - INFO - Dep var (deposit_balance, levels) summary:
2026-03-02 15:11:15,784 - INFO -   mean=470784318.3, sd=2003063602.1, p5=841909.3, p95=1711527799.3
2026-03-02 15:11:15,788 - INFO - nr_lag (nr x D_{t-1}) summary:
2026-03-02 15:11:15,794 - INFO -   mean=429269688.034755, sd=1877534941.326732
2026-03-02 15:11:15,797 - INFO - Lagged Selic (p.a.) summary:
2026-03-02 15:11:15,808 - INFO -   mean=9.29, sd=4.10, min=2.00, max=15.00
2026-03-02 15:11:15,823 - INFO - Segment distribution: {'S5': 39798, 'S4': 18039, 'S3': 4787, 'S2': 986, 'S1': 392}
2026-03-02 15:11:15,838 - INFO - ================================================================================
2026-03-02 15:11:15,840 - INFO - STRUCTURAL ESTIMATION: deposit_balance = phi(S,X) x nr x D_{t-1}
2026-03-02 15:11:15,843 - INFO -   phi(S,X) = Y'_1 S_t + Y'_2 X_jt  (Egan et al. 2025, Table 3)
2026-03-02 15:11:15,847 - INFO - ================================================================================
2026-03-02 15:11:19,214 - INFO - Dep var: Dep_jkt (levels)     
2026-03-02 15:11:19,216 - INFO - ----------------------------------------------------------------------------------------------
2026-03-02 15:11:19,218 - INFO -                                       (1) Natl       (2) +Bank         (3) +FE       (4) Clust
2026-03-02 15:11:19,221 - INFO - ----------------------------------------------------------------------------------------------
2026-03-02 15:11:19,293 - INFO -   Y_1,cons  (nr x D_{t-1})          1.0738***       0.9713***       1.4373***       1.4373*** 
2026-03-02 15:11:19,294 - INFO -                                 (   0.0216)   (   0.2216)   (   0.1491)   (   0.1588) 
2026-03-02 15:11:19,301 - INFO -   Y_1,RF   (selic x nr x D_{t-1})     -0.0027         -0.0063*        -0.0015         -0.0015    
2026-03-02 15:11:19,302 - INFO -                                 (   0.0027)   (   0.0037)   (   0.0017)   (   0.0020) 
2026-03-02 15:11:19,308 - INFO -   Y_2,size (logA x nr x D_{t-1})                      0.0293         -0.1242***      -0.1242**  
2026-03-02 15:11:19,309 - INFO -                                                 (   0.0782)   (   0.0461)   (   0.0520) 
2026-03-02 15:11:19,315 - INFO -   Y_2,eq   (E/A x nr x D_{t-1})                     -0.2937*        -1.3216***      -1.3216*** 
2026-03-02 15:11:19,316 - INFO -                                                 (   0.1696)   (   0.4440)   (   0.4656) 
2026-03-02 15:11:19,321 - INFO -   Y_2,S2  (seg_S2 x nr x D_{t-1})                      0.1144                                    
2026-03-02 15:11:19,322 - INFO -                                                 (   0.0919)                                 
2026-03-02 15:11:19,326 - INFO -   Y_2,S3  (seg_S3 x nr x D_{t-1})                      0.2084                                    
2026-03-02 15:11:19,327 - INFO -                                                 (   0.1335)                                 
2026-03-02 15:11:19,332 - INFO -   Y_2,S4  (seg_S4 x nr x D_{t-1})                      0.2089                                    
2026-03-02 15:11:19,334 - INFO -                                                 (   0.1679)                                 
2026-03-02 15:11:19,339 - INFO -   Y_2,S5  (seg_S5 x nr x D_{t-1})                      0.2729                                    
2026-03-02 15:11:19,340 - INFO -                                                 (   0.2220)                                 
2026-03-02 15:11:19,341 - INFO - ----------------------------------------------------------------------------------------------
2026-03-02 15:11:19,343 - INFO -   N                                     66,903          66,901          66,903          66,903
2026-03-02 15:11:19,346 - INFO -   R^2                                   0.9597          0.9637          0.8287          0.8287
2026-03-02 15:11:19,347 - INFO -   BankxType FE                              No              No             Yes             Yes
2026-03-02 15:11:19,350 - INFO -   Time FE                                   No              No             Yes             Yes
2026-03-02 15:11:19,352 - INFO -   SE type                            HC-robust       HC-robust       HC-robust      Bank-clust
2026-03-02 15:11:19,353 - INFO - ----------------------------------------------------------------------------------------------
2026-03-02 15:11:19,354 - INFO - Interpretation guide:
2026-03-02 15:11:19,355 - INFO -   Y_1,cons = coef on nr_lag = phi_cons (retention scaling factor)
2026-03-02 15:11:19,358 - INFO -   Y_1,RF < 0 means depositors sleepier when rates are low
2026-03-02 15:11:19,360 - INFO -   Y_2,size > 0 means larger banks retain more deposits
2026-03-02 15:11:19,362 - INFO - Baseline retention coef on nr_lag (Spec 1): 1.0738
2026-03-02 15:11:19,371 - INFO - ================================================================================
2026-03-02 15:11:19,374 - INFO - CONTROL FUNCTION ESTIMATION (semi-parametric CF) [CONGLOMERATE]
2026-03-02 15:11:19,375 - INFO -   Stage 1: spread_jkt ~ cost_shifters + type_dummies  -->  v_hat
2026-03-02 15:11:19,376 - INFO -   Stage 2: deposit_balance = phi(S,X)*nr*D_{t-1} + b1*v + b2*v^2 + b3*v^3 + eps
2026-03-02 15:11:19,378 - INFO -   All deposit types treated as potentially endogenous.
2026-03-02 15:11:19,380 - INFO - ================================================================================
2026-03-02 15:11:19,390 - INFO - First-stage cost shifters: ['cosif_lag', 'log_assets_std', 'equity_ratio', 'lagged_cdi', 'lagged_selic', 'personnel_cost_ratio_lag', 'admin_cost_ratio_lag']
2026-03-02 15:11:19,585 - INFO - First-stage A -- N=48,572, R^2=0.4579
2026-03-02 15:11:19,590 - INFO -   cosif_lag: coef=-0.206575, p=0.0000
2026-03-02 15:11:19,595 - INFO -   log_assets_std: coef=-0.066765, p=0.2694
2026-03-02 15:11:19,600 - INFO -   equity_ratio: coef=-1.024838, p=0.0000
2026-03-02 15:11:19,604 - INFO -   lagged_cdi: coef=5.099827, p=0.0000
2026-03-02 15:11:19,608 - INFO -   lagged_selic: coef=-1.354892, p=0.0000
2026-03-02 15:11:19,612 - INFO -   personnel_cost_ratio_lag: coef=56.905618, p=0.0000
2026-03-02 15:11:19,618 - INFO -   admin_cost_ratio_lag: coef=-0.122374, p=0.7851
2026-03-02 15:11:19,626 - INFO -   type2_d: coef=1.776860, p=0.0000
2026-03-02 15:11:19,631 - INFO -   type3_d: coef=2.444032, p=0.0000
2026-03-02 15:11:19,637 - INFO -   type4_d: coef=13.776797, p=0.0000
2026-03-02 15:11:19,644 - INFO -   type5_d: coef=-1.035238, p=0.0000
2026-03-02 15:11:19,678 - INFO -   Joint F (cost vars): 1387.74 (strong)
2026-03-02 15:11:19,803 - INFO - Computing Hausman IV (leave-one-out spread mean by type x quarter) ...
2026-03-02 15:11:19,994 - INFO - First-stage B -- N=48,572, R^2=0.6229
2026-03-02 15:11:19,996 - INFO -   hausman_iv_spread: coef=1.284632, p=0.0000
2026-03-02 15:11:19,998 - INFO -   cosif_lag: coef=-0.025066, p=0.0000
2026-03-02 15:11:20,001 - INFO -   log_assets_std: coef=-0.356095, p=0.0000
2026-03-02 15:11:20,004 - INFO -   equity_ratio: coef=-3.202099, p=0.0000
2026-03-02 15:11:20,007 - INFO -   lagged_cdi: coef=-0.127088, p=0.4760
2026-03-02 15:11:20,013 - INFO -   lagged_selic: coef=0.049475, p=0.2416
2026-03-02 15:11:20,018 - INFO -   personnel_cost_ratio_lag: coef=10.710681, p=0.0277
2026-03-02 15:11:20,024 - INFO -   admin_cost_ratio_lag: coef=0.083304, p=0.7881
2026-03-02 15:11:20,033 - INFO -   F (Hausman IV): 12207.88 (strong)
2026-03-02 15:11:20,138 - INFO - CF residuals (Cost-only): N=48,572, mean=-0.000000, sd=7.850400
2026-03-02 15:11:20,141 - INFO - CF residuals (Hausman): N=48,572, mean=-0.000000, sd=6.547397
2026-03-02 15:11:20,257 - INFO -   CF-Cost(5) cf_resid: -3665263.310440 (p=0.0000) ***
2026-03-02 15:11:20,259 - INFO -   CF-Cost(5) cf_resid_sq: 188353.882056 (p=0.0000) ***
2026-03-02 15:11:20,263 - INFO -   CF-Cost(5) cf_resid_cu: -569.797630 (p=0.5299) 
2026-03-02 15:11:20,277 - INFO -   CF-Cost(5) joint F on poly: 81.79 -> endogeneity
2026-03-02 15:11:20,459 - INFO -   CF-Cost(6) cf_resid: -3292488.093307 (p=0.0000) ***
2026-03-02 15:11:20,461 - INFO -   CF-Cost(6) cf_resid_sq: 42900.063022 (p=0.2475) 
2026-03-02 15:11:20,464 - INFO -   CF-Cost(6) cf_resid_cu: 2739.240523 (p=0.0115) **
2026-03-02 15:11:20,474 - INFO -   CF-Cost(6) joint F on poly: 68.73 -> endogeneity
2026-03-02 15:11:21,696 - INFO -   CF+FE(7) cf_resid: -2721025.606056 (p=0.0000)
2026-03-02 15:11:21,697 - INFO -   CF+FE(7) cf_resid_sq: -268949.425455 (p=0.0000)
2026-03-02 15:11:21,697 - INFO -   CF+FE(7) cf_resid_cu: 9753.207416 (p=0.0000)
2026-03-02 15:11:22,553 - INFO -   CF-Hausman(9) cf_resid_h: 1544664.122667 (p=0.0006) ***
2026-03-02 15:11:22,555 - INFO -   CF-Hausman(9) cf_resid_h_sq: 304406.286598 (p=0.0000) ***
2026-03-02 15:11:22,557 - INFO -   CF-Hausman(9) cf_resid_h_cu: -12956.122476 (p=0.0000) ***
2026-03-02 15:11:22,565 - INFO -   CF-Hausman(9) joint F on poly: 39.66 -> endogeneity
2026-03-02 15:11:22,715 - INFO -   CF-Hausman(10) cf_resid_h: 1461760.737248 (p=0.0007) ***
2026-03-02 15:11:22,715 - INFO -   CF-Hausman(10) cf_resid_h_sq: 205177.279345 (p=0.0000) ***
2026-03-02 15:11:22,715 - INFO -   CF-Hausman(10) cf_resid_h_cu: -10721.263593 (p=0.0000) ***
2026-03-02 15:11:22,737 - INFO -   CF-Hausman(10) joint F on poly: 20.11 -> endogeneity
2026-03-02 15:11:22,739 - INFO - Dep var: Dep_jkt (levels, CF) 
2026-03-02 15:11:22,739 - INFO - ------------------------------------------------------------------------------------------------------------------------------
2026-03-02 15:11:22,740 - INFO -                                    (5) CF Natl     (6) CF+Bank       (7) CF+FE    (8) CF+Clust     (9) CF-Haus  (10) CF-H+Bank
2026-03-02 15:11:22,742 - INFO - ------------------------------------------------------------------------------------------------------------------------------
2026-03-02 15:11:22,803 - INFO -   Y_1,cons  (nr x D_{t-1})          1.0614***       1.0837***       1.4291***       1.4291***       1.0614***       1.0775*** 
2026-03-02 15:11:22,804 - INFO -                                 (   0.0263)   (   0.1516)   (   0.1333)   (   0.1792)   (   0.0261)   (   0.1503) 
2026-03-02 15:11:22,811 - INFO -   Y_1,RF   (selic x nr x D_{t-1})      0.0015         -0.0015         -0.0015         -0.0015          0.0014         -0.0016    
2026-03-02 15:11:22,812 - INFO -                                 (   0.0029)   (   0.0022)   (   0.0020)   (   0.0017)   (   0.0029)   (   0.0022) 
2026-03-02 15:11:22,816 - INFO -   Y_2,size (logA x nr x D_{t-1})                     -0.0259         -0.1100***      -0.1100*                        -0.0237    
2026-03-02 15:11:22,823 - INFO -                                                 (   0.0391)   (   0.0359)   (   0.0590)                   (   0.0387) 
2026-03-02 15:11:22,833 - INFO -   Y_2,eq   (E/A x nr x D_{t-1})                     -0.0367         -0.9592**       -0.9592*                        -0.0413    
2026-03-02 15:11:22,835 - INFO -                                                 (   0.2033)   (   0.4696)   (   0.5722)                   (   0.2027) 
2026-03-02 15:11:22,842 - INFO -   Y_2,S2  (seg_S2 x nr x D_{t-1})                      0.0668                                                          0.0689    
2026-03-02 15:11:22,843 - INFO -                                                 (   0.0527)                                                   (   0.0523) 
2026-03-02 15:11:22,848 - INFO -   Y_2,S3  (seg_S3 x nr x D_{t-1})                      0.1633***                                                       0.1654*** 
2026-03-02 15:11:22,849 - INFO -                                                 (   0.0561)                                                   (   0.0556) 
2026-03-02 15:11:22,856 - INFO -   Y_2,S4  (seg_S4 x nr x D_{t-1})                      0.0439                                                          0.0476    
2026-03-02 15:11:22,857 - INFO -                                                 (   0.0895)                                                   (   0.0890) 
2026-03-02 15:11:22,862 - INFO -   Y_2,S5  (seg_S5 x nr x D_{t-1})                      0.0724                                                          0.0830    
2026-03-02 15:11:22,862 - INFO -                                                 (   0.0793)                                                   (   0.0791) 
2026-03-02 15:11:22,871 - INFO -   beta_1 v^  (CF-cost, 1st)     -3665263.3104***   -3292488.0933***   -2721025.6061***   -2721025.6061***                                 
2026-03-02 15:11:22,871 - INFO -                                 (267627.2732)   (229587.0574)   (322706.3969)   (564621.6369)                                 
2026-03-02 15:11:22,880 - INFO -   beta_2 v^^2 (CF-cost, 2nd)    188353.8821***   42900.0630      -268949.4255***   -268949.4255***                                 
2026-03-02 15:11:22,881 - INFO -                                 (26703.4120)   (37094.9831)   (35050.4290)   (65321.3276)                                 
2026-03-02 15:11:22,887 - INFO -   beta_3 v^^3 (CF-cost, 3rd)     -569.7976       2739.2405**     9753.2074***    9753.2074***                                 
2026-03-02 15:11:22,888 - INFO -                                 ( 907.1023)   (1083.5174)   (1056.5692)   (1763.9971)                                 
2026-03-02 15:11:22,892 - INFO -   beta_1 v^H (CF-Hausman, 1st)                                                                  1544664.1227***   1461760.7372*** 
2026-03-02 15:11:22,893 - INFO -                                                                                                 (451304.0892)   (431288.0028) 
2026-03-02 15:11:22,899 - INFO -   beta_2 v^H^2 (CF-Hausman, 2nd)                                                                  304406.2866***   205177.2793*** 
2026-03-02 15:11:22,900 - INFO -                                                                                                 (28551.9813)   (36597.6814) 
2026-03-02 15:11:22,905 - INFO -   beta_3 v^H^3 (CF-Hausman, 3rd)                                                                  -12956.1225***   -10721.2636*** 
2026-03-02 15:11:22,906 - INFO -                                                                                                 (1457.9093)   (1582.1794) 
2026-03-02 15:11:22,906 - INFO - ------------------------------------------------------------------------------------------------------------------------------
2026-03-02 15:11:22,908 - INFO -   N                                     48,572          48,572          48,572          48,572          48,572          48,572
2026-03-02 15:11:22,915 - INFO -   R^2                                   0.9662          0.9709          0.8747          0.8747          0.9663          0.9710
2026-03-02 15:11:22,918 - INFO -   BankxType FE                              No              No             Yes             Yes              No              No
2026-03-02 15:11:22,918 - INFO -   Time FE                                   No              No             Yes             Yes              No              No
2026-03-02 15:11:22,918 - INFO -   SE type                            HC-robust       HC-robust       HC-robust      Bank-clust       HC-robust       HC-robust
2026-03-02 15:11:22,918 - INFO - ------------------------------------------------------------------------------------------------------------------------------
2026-03-02 15:11:22,935 - INFO - Supply specs available: ['(1) Natl', '(2) +Bank', '(3) +FE', '(4) Clust', '(5) CF Natl', '(6) CF+Bank', '(7) CF+FE', '(8) CF+Clust', '(9) CF-Haus', '(10) CF-H+Bank']
2026-03-02 15:11:22,936 - INFO - 
>>> Step 2: Computing structural sleeping-deposit predictions ...
2026-03-02 15:11:22,982 - INFO -   Supply spec '(1) Natl': hat_Y computed for 66,903 obs (struct cols = ['nr_lag', 'selic_nr_lag'])
2026-03-02 15:11:22,987 - INFO -   Supply spec '(2) +Bank': hat_Y computed for 66,901 obs (struct cols = ['nr_lag', 'selic_nr_lag', 'logA_nr_lag', 'eq_nr_lag', 'seg_S2_nr_lag', 'seg_S3_nr_lag', 'seg_S4_nr_lag', 'seg_S5_nr_lag'])
2026-03-02 15:11:22,990 - INFO -   Supply spec '(3) +FE': hat_Y computed for 66,903 obs (struct cols = ['nr_lag', 'selic_nr_lag', 'logA_nr_lag', 'eq_nr_lag'])
2026-03-02 15:11:22,993 - INFO -   Supply spec '(4) Clust': hat_Y computed for 66,903 obs (struct cols = ['nr_lag', 'selic_nr_lag', 'logA_nr_lag', 'eq_nr_lag'])
2026-03-02 15:11:22,996 - INFO -   Supply spec '(5) CF Natl': hat_Y computed for 66,903 obs (struct cols = ['nr_lag', 'selic_nr_lag'])
2026-03-02 15:11:23,002 - INFO -   Supply spec '(6) CF+Bank': hat_Y computed for 66,901 obs (struct cols = ['nr_lag', 'selic_nr_lag', 'logA_nr_lag', 'eq_nr_lag', 'seg_S2_nr_lag', 'seg_S3_nr_lag', 'seg_S4_nr_lag', 'seg_S5_nr_lag'])
2026-03-02 15:11:23,006 - INFO -   Supply spec '(7) CF+FE': hat_Y computed for 66,903 obs (struct cols = ['nr_lag', 'selic_nr_lag', 'logA_nr_lag', 'eq_nr_lag'])
2026-03-02 15:11:23,009 - INFO -   Supply spec '(8) CF+Clust': hat_Y computed for 66,903 obs (struct cols = ['nr_lag', 'selic_nr_lag', 'logA_nr_lag', 'eq_nr_lag'])
2026-03-02 15:11:23,013 - INFO -   Supply spec '(9) CF-Haus': hat_Y computed for 66,903 obs (struct cols = ['nr_lag', 'selic_nr_lag'])
2026-03-02 15:11:23,020 - INFO -   Supply spec '(10) CF-H+Bank': hat_Y computed for 66,901 obs (struct cols = ['nr_lag', 'selic_nr_lag', 'logA_nr_lag', 'eq_nr_lag', 'seg_S2_nr_lag', 'seg_S3_nr_lag', 'seg_S4_nr_lag', 'seg_S5_nr_lag'])
2026-03-02 15:11:23,021 - INFO - 
>>> Step 3: Active deposit diagnostics by supply spec ...
2026-03-02 15:11:23,027 - INFO -   '(1) Natl': active>0=57.0%, active=0=43.0%, mean(active|active>0)=79354390.3
2026-03-02 15:11:23,033 - INFO -   '(2) +Bank': active>0=57.6%, active=0=42.4%, mean(active|active>0)=72100072.3
2026-03-02 15:11:23,033 - INFO -   '(3) +FE': active>0=69.7%, active=0=30.3%, mean(active|active>0)=119596317.5
2026-03-02 15:11:23,033 - INFO -   '(4) Clust': active>0=69.7%, active=0=30.3%, mean(active|active>0)=119596317.5
2026-03-02 15:11:23,046 - INFO -   '(5) CF Natl': active>0=50.1%, active=0=49.9%, mean(active|active>0)=78753270.9
2026-03-02 15:11:23,052 - INFO -   '(6) CF+Bank': active>0=40.9%, active=0=59.1%, mean(active|active>0)=82778006.9
2026-03-02 15:11:23,056 - INFO -   '(7) CF+FE': active>0=53.3%, active=0=46.7%, mean(active|active>0)=100480558.6
2026-03-02 15:11:23,061 - INFO -   '(8) CF+Clust': active>0=53.3%, active=0=46.7%, mean(active|active>0)=100480558.6
2026-03-02 15:11:23,066 - INFO -   '(9) CF-Haus': active>0=50.2%, active=0=49.8%, mean(active|active>0)=78764571.7
2026-03-02 15:11:23,071 - INFO -   '(10) CF-H+Bank': active>0=41.1%, active=0=58.9%, mean(active|active>0)=82766266.0
2026-03-02 15:11:23,071 - INFO - 
>>> Step 4: Estimating Berry (1994) demand equation ...
2026-03-02 15:11:23,076 - INFO - Demand -- type-interacted spread columns: ['spread_T1', 'spread_T2', 'spread_T3', 'spread_T4', 'spread_T5']
2026-03-02 15:11:23,144 - INFO - Endogenous types [4, 5]: 31,941 obs (47.7% of full sample)
2026-03-02 15:11:23,153 - INFO - Demand CF cost shifters (types 4-5): ['cosif_lag', 'log_assets_std', 'equity_ratio', 'lagged_cdi', 'lagged_selic', 'personnel_cost_ratio_lag', 'admin_cost_ratio_lag']
2026-03-02 15:11:23,245 - INFO - Demand CF-A (types 4-5): N=22,822, R^2=0.2634
2026-03-02 15:11:23,262 - INFO -   Joint F (cost vars): 1352.63 (strong)
2026-03-02 15:11:23,404 - INFO - Demand CF-B (types 4-5, +Hausman IV): N=22,822, R^2=0.4188
2026-03-02 15:11:23,407 - INFO -   F (Hausman IV): 5451.51 (strong)
2026-03-02 15:11:23,486 - INFO - 
=== Demand: supply spec '(1) Natl' | N_valid=38,113, N_zero_active=28,790 / 66,903 ===
2026-03-02 15:11:23,487 - INFO -   log(s_active): mean=-9.3722, sd=2.3770
2026-03-02 15:11:23,542 - INFO -   D(1) Natl spread_T1: coef=4.159770 (SE=0.015197, p=0.0000)***
2026-03-02 15:11:23,543 - INFO -   D(1) Natl spread_T2: coef=10.000062 (SE=0.094967, p=0.0000)***
2026-03-02 15:11:23,545 - INFO -   D(1) Natl spread_T3: coef=2005.608426 (SE=55.209031, p=0.0000)***
2026-03-02 15:11:23,547 - INFO -   D(1) Natl spread_T4: coef=-0.369046 (SE=0.002166, p=0.0000)***
2026-03-02 15:11:23,549 - INFO -   D(1) Natl spread_T5: coef=3.187408 (SE=0.053282, p=0.0000)***
2026-03-02 15:11:23,606 - INFO - 
=== Demand: supply spec '(2) +Bank' | N_valid=38,553, N_zero_active=28,348 / 66,903 ===
2026-03-02 15:11:23,608 - INFO -   log(s_active): mean=-9.4691, sd=2.3974
2026-03-02 15:11:23,701 - INFO -   D(2) +Bank spread_T1: coef=4.176348 (SE=0.014876, p=0.0000)***
2026-03-02 15:11:23,705 - INFO -   D(2) +Bank spread_T2: coef=9.965714 (SE=0.098868, p=0.0000)***
2026-03-02 15:11:23,710 - INFO -   D(2) +Bank spread_T3: coef=2123.515410 (SE=53.866431, p=0.0000)***
2026-03-02 15:11:23,716 - INFO -   D(2) +Bank spread_T4: coef=-0.364748 (SE=0.002142, p=0.0000)***
2026-03-02 15:11:23,721 - INFO -   D(2) +Bank spread_T5: coef=3.178282 (SE=0.052136, p=0.0000)***
2026-03-02 15:11:23,867 - INFO - 
=== Demand: supply spec '(3) +FE' | N_valid=46,663, N_zero_active=20,240 / 66,903 ===
2026-03-02 15:11:23,867 - INFO -   log(s_active): mean=-9.4904, sd=2.3103
2026-03-02 15:11:31,156 - INFO -   D(3) +FE spread_T1: coef=5.514428 (SE=0.012050, p=0.0000)***
2026-03-02 15:11:31,157 - INFO -   D(3) +FE spread_T2: coef=13.033008 (SE=0.107276, p=0.0000)***
2026-03-02 15:11:31,159 - INFO -   D(3) +FE spread_T3: coef=6650.836471 (SE=173.646597, p=0.0000)***
2026-03-02 15:11:31,161 - INFO -   D(3) +FE spread_T4: coef=-0.803395 (SE=0.002032, p=0.0000)***
2026-03-02 15:11:31,162 - INFO -   D(3) +FE spread_T5: coef=4.819139 (SE=0.095070, p=0.0000)***
2026-03-02 15:11:31,250 - INFO - 
=== Demand: supply spec '(4) Clust' | N_valid=46,663, N_zero_active=20,240 / 66,903 ===
2026-03-02 15:11:31,252 - INFO -   log(s_active): mean=-9.4904, sd=2.3103
2026-03-02 15:11:39,736 - INFO -   D(4) Clust spread_T1: coef=5.514428 (SE=0.036810, p=0.0000)***
2026-03-02 15:11:39,740 - INFO -   D(4) Clust spread_T2: coef=13.033008 (SE=0.274928, p=0.0000)***
2026-03-02 15:11:39,744 - INFO -   D(4) Clust spread_T3: coef=6650.836471 (SE=401.111738, p=0.0000)***
2026-03-02 15:11:39,751 - INFO -   D(4) Clust spread_T4: coef=-0.803395 (SE=0.008050, p=0.0000)***
2026-03-02 15:11:39,756 - INFO -   D(4) Clust spread_T5: coef=4.819139 (SE=0.248803, p=0.0000)***
2026-03-02 15:11:39,911 - INFO - 
=== Demand: supply spec '(5) CF Natl' | N_valid=33,532, N_zero_active=33,371 / 66,903 ===
2026-03-02 15:11:39,914 - INFO -   log(s_active): mean=-9.2621, sd=2.3724
2026-03-02 15:11:40,053 - INFO -   D(5) CF Natl spread_T1: coef=4.293494 (SE=0.018553, p=0.0000)***
2026-03-02 15:11:40,056 - INFO -   D(5) CF Natl spread_T2: coef=10.167217 (SE=0.099919, p=0.0000)***
2026-03-02 15:11:40,060 - INFO -   D(5) CF Natl spread_T3: coef=1959.534180 (SE=55.557623, p=0.0000)***
2026-03-02 15:11:40,066 - INFO -   D(5) CF Natl spread_T4: coef=-0.530043 (SE=0.006329, p=0.0000)***
2026-03-02 15:11:40,072 - INFO -   D(5) CF Natl spread_T5: coef=2.579677 (SE=0.076987, p=0.0000)***
2026-03-02 15:11:40,161 - INFO - 
=== Demand: supply spec '(6) CF+Bank' | N_valid=27,384, N_zero_active=39,517 / 66,903 ===
2026-03-02 15:11:40,165 - INFO -   log(s_active): mean=-9.0935, sd=2.4235
2026-03-02 15:11:40,264 - INFO -   D(6) CF+Bank spread_T1: coef=4.184943 (SE=0.020892, p=0.0000)***
2026-03-02 15:11:40,266 - INFO -   D(6) CF+Bank spread_T2: coef=10.051240 (SE=0.104565, p=0.0000)***
2026-03-02 15:11:40,266 - INFO -   D(6) CF+Bank spread_T3: coef=1901.773491 (SE=55.681810, p=0.0000)***
2026-03-02 15:11:40,275 - INFO -   D(6) CF+Bank spread_T4: coef=-0.537499 (SE=0.008784, p=0.0000)***
2026-03-02 15:11:40,282 - INFO -   D(6) CF+Bank spread_T5: coef=2.538102 (SE=0.086764, p=0.0000)***
2026-03-02 15:11:40,387 - INFO - 
=== Demand: supply spec '(7) CF+FE' | N_valid=35,649, N_zero_active=31,254 / 66,903 ===
2026-03-02 15:11:40,390 - INFO -   log(s_active): mean=-9.3757, sd=2.4152
2026-03-02 15:11:49,656 - INFO -   D(7) CF+FE spread_T1: coef=5.345967 (SE=0.013991, p=0.0000)***
2026-03-02 15:11:49,660 - INFO -   D(7) CF+FE spread_T2: coef=13.295671 (SE=0.119084, p=0.0000)***
2026-03-02 15:11:49,666 - INFO -   D(7) CF+FE spread_T3: coef=5043.038751 (SE=190.541122, p=0.0000)***
2026-03-02 15:11:49,673 - INFO -   D(7) CF+FE spread_T4: coef=-0.944768 (SE=0.006583, p=0.0000)***
2026-03-02 15:11:49,679 - INFO -   D(7) CF+FE spread_T5: coef=3.811243 (SE=0.117173, p=0.0000)***
2026-03-02 15:11:49,838 - INFO - 
=== Demand: supply spec '(8) CF+Clust' | N_valid=35,649, N_zero_active=31,254 / 66,903 ===
2026-03-02 15:11:49,844 - INFO -   log(s_active): mean=-9.3757, sd=2.4152
2026-03-02 15:11:57,432 - INFO -   D(8) CF+Clust spread_T1: coef=5.345967 (SE=0.040388, p=0.0000)***
2026-03-02 15:11:57,450 - INFO -   D(8) CF+Clust spread_T2: coef=13.295671 (SE=0.305097, p=0.0000)***
2026-03-02 15:11:57,453 - INFO -   D(8) CF+Clust spread_T3: coef=5043.038751 (SE=437.497658, p=0.0000)***
2026-03-02 15:11:57,455 - INFO -   D(8) CF+Clust spread_T4: coef=-0.944768 (SE=0.019525, p=0.0000)***
2026-03-02 15:11:57,459 - INFO -   D(8) CF+Clust spread_T5: coef=3.811243 (SE=0.282976, p=0.0000)***
2026-03-02 15:11:57,570 - INFO - 
=== Demand: supply spec '(9) CF-Haus' | N_valid=33,585, N_zero_active=33,318 / 66,903 ===
2026-03-02 15:11:57,573 - INFO -   log(s_active): mean=-9.2631, sd=2.3723
2026-03-02 15:11:57,698 - INFO -   D(9) CF-Haus spread_T1: coef=4.291538 (SE=0.018511, p=0.0000)***
2026-03-02 15:11:57,699 - INFO -   D(9) CF-Haus spread_T2: coef=10.158134 (SE=0.099774, p=0.0000)***
2026-03-02 15:11:57,705 - INFO -   D(9) CF-Haus spread_T3: coef=1958.331829 (SE=55.468741, p=0.0000)***
2026-03-02 15:11:57,707 - INFO -   D(9) CF-Haus spread_T4: coef=-0.540225 (SE=0.004811, p=0.0000)***
2026-03-02 15:11:57,707 - INFO -   D(9) CF-Haus spread_T5: coef=2.881730 (SE=0.063797, p=0.0000)***
2026-03-02 15:11:57,816 - INFO - 
=== Demand: supply spec '(10) CF-H+Bank' | N_valid=27,497, N_zero_active=39,404 / 66,903 ===
2026-03-02 15:11:57,818 - INFO -   log(s_active): mean=-9.1054, sd=2.4280
2026-03-02 15:11:57,925 - INFO -   D(10) CF-H+Bank spread_T1: coef=4.188678 (SE=0.020778, p=0.0000)***
2026-03-02 15:11:57,928 - INFO -   D(10) CF-H+Bank spread_T2: coef=10.040701 (SE=0.104550, p=0.0000)***
2026-03-02 15:11:57,933 - INFO -   D(10) CF-H+Bank spread_T3: coef=1895.230643 (SE=55.071812, p=0.0000)***
2026-03-02 15:11:57,937 - INFO -   D(10) CF-H+Bank spread_T4: coef=-0.539232 (SE=0.008691, p=0.0000)***
2026-03-02 15:11:57,940 - INFO -   D(10) CF-H+Bank spread_T5: coef=2.528622 (SE=0.086905, p=0.0000)***
2026-03-02 15:11:57,961 - INFO - 
>>> Step 5: Exporting demand results ...
2026-03-02 15:11:58,013 - INFO - Demand results exported to c:\Users\pedro\OneDrive\Documentos\Yale\Year 3 (2024 - 2025)\Open Finance\Open-Finance\BCB\Egan_et_al_2025_Rep\processed\ESTIMATION_OUTPUT\demand_results_conglomerate.csv
2026-03-02 15:11:58,066 - INFO - Demand LaTeX table exported to c:\Users\pedro\OneDrive\Documentos\Yale\Year 3 (2024 - 2025)\Open Finance\Open-Finance\BCB\Egan_et_al_2025_Rep\processed\ESTIMATION_OUTPUT\demand_table_conglomerate.tex
2026-03-02 15:11:58,082 - INFO - Demand specs estimated: ['D(1) Natl', 'D(2) +Bank', 'D(3) +FE', 'D(4) Clust', 'D(5) CF Natl', 'D(6) CF+Bank', 'D(7) CF+FE', 'D(8) CF+Clust', 'D(9) CF-Haus', 'D(10) CF-H+Bank']
2026-03-02 15:11:58,083 - INFO - Done -- estimation_demand_1.py complete.
2026-03-02 15:26:18,559 - INFO - ================================================================================
2026-03-02 15:26:18,559 - INFO - DEMAND ESTIMATION -- CONGLOMERATE LEVEL
2026-03-02 15:26:18,559 - INFO - Berry (1994) active market shares | estimation_demand_1.py
2026-03-02 15:26:18,559 - INFO - ================================================================================
2026-03-02 15:26:18,559 - INFO - 
>>> Step 1: Loading panel and running supply estimation ...
2026-03-02 15:26:18,573 - INFO - Loading panel ...
2026-03-02 15:26:19,880 - INFO - Raw panel: 241,519 rows, 31 cols
2026-03-02 15:26:19,883 - INFO -   total_assets coverage: 241,519 / 241,519
2026-03-02 15:26:19,885 - INFO -   equity_ratio coverage: 239,294 / 241,519
2026-03-02 15:26:19,900 - INFO -   segment coverage: 230,256 / 241,519
2026-03-02 15:26:20,169 - INFO - log_total_assets: mean=19.79, sd=2.57 (standardized for estimation)
2026-03-02 15:26:20,348 - INFO - Winsorized deposit_balance at [p1,p99]=[297.8,34626022396.7]: dropped 1,366 outliers
2026-03-02 15:26:20,350 - INFO - Estimation sample: 66,903 rows
2026-03-02 15:26:20,356 - INFO -   Banks:    1236
2026-03-02 15:26:20,358 - INFO -   Quarters: 37
2026-03-02 15:26:20,362 - INFO -   Types:    [np.int64(1), np.int64(2), np.int64(3), np.int64(4), np.int64(5)]
2026-03-02 15:26:20,363 - INFO - Dep var (deposit_balance, levels) summary:
2026-03-02 15:26:20,372 - INFO -   mean=470784318.3, sd=2003063602.1, p5=841909.3, p95=1711527799.3
2026-03-02 15:26:20,373 - INFO - nr_lag (nr x D_{t-1}) summary:
2026-03-02 15:26:20,378 - INFO -   mean=429269688.034755, sd=1877534941.326732
2026-03-02 15:26:20,380 - INFO - Lagged Selic (p.a.) summary:
2026-03-02 15:26:20,385 - INFO -   mean=9.29, sd=4.10, min=2.00, max=15.00
2026-03-02 15:26:20,389 - INFO - Segment distribution: {'S5': 39798, 'S4': 18039, 'S3': 4787, 'S2': 986, 'S1': 392}
2026-03-02 15:26:20,400 - INFO - ================================================================================
2026-03-02 15:26:20,401 - INFO - STRUCTURAL ESTIMATION: deposit_balance = phi(S,X) x nr x D_{t-1}
2026-03-02 15:26:20,404 - INFO -   phi(S,X) = Y'_1 S_t + Y'_2 X_jt  (Egan et al. 2025, Table 3)
2026-03-02 15:26:20,406 - INFO - ================================================================================
2026-03-02 15:26:22,028 - INFO - Dep var: Dep_jkt (levels)     
2026-03-02 15:26:22,029 - INFO - ----------------------------------------------------------------------------------------------
2026-03-02 15:26:22,031 - INFO -                                       (1) Natl       (2) +Bank         (3) +FE       (4) Clust
2026-03-02 15:26:22,031 - INFO - ----------------------------------------------------------------------------------------------
2026-03-02 15:26:22,061 - INFO -   Y_1,cons  (nr x D_{t-1})          1.0738***       0.9713***       1.4373***       1.4373*** 
2026-03-02 15:26:22,061 - INFO -                                 (   0.0216)   (   0.2216)   (   0.1491)   (   0.1588) 
2026-03-02 15:26:22,067 - INFO -   Y_1,RF   (selic x nr x D_{t-1})     -0.0027         -0.0063*        -0.0015         -0.0015    
2026-03-02 15:26:22,068 - INFO -                                 (   0.0027)   (   0.0037)   (   0.0017)   (   0.0020) 
2026-03-02 15:26:22,073 - INFO -   Y_2,size (logA x nr x D_{t-1})                      0.0293         -0.1242***      -0.1242**  
2026-03-02 15:26:22,074 - INFO -                                                 (   0.0782)   (   0.0461)   (   0.0520) 
2026-03-02 15:26:22,075 - INFO -   Y_2,eq   (E/A x nr x D_{t-1})                     -0.2937*        -1.3216***      -1.3216*** 
2026-03-02 15:26:22,078 - INFO -                                                 (   0.1696)   (   0.4440)   (   0.4656) 
2026-03-02 15:26:22,080 - INFO -   Y_2,S2  (seg_S2 x nr x D_{t-1})                      0.1144                                    
2026-03-02 15:26:22,081 - INFO -                                                 (   0.0919)                                 
2026-03-02 15:26:22,085 - INFO -   Y_2,S3  (seg_S3 x nr x D_{t-1})                      0.2084                                    
2026-03-02 15:26:22,086 - INFO -                                                 (   0.1335)                                 
2026-03-02 15:26:22,089 - INFO -   Y_2,S4  (seg_S4 x nr x D_{t-1})                      0.2089                                    
2026-03-02 15:26:22,090 - INFO -                                                 (   0.1679)                                 
2026-03-02 15:26:22,095 - INFO -   Y_2,S5  (seg_S5 x nr x D_{t-1})                      0.2729                                    
2026-03-02 15:26:22,097 - INFO -                                                 (   0.2220)                                 
2026-03-02 15:26:22,099 - INFO - ----------------------------------------------------------------------------------------------
2026-03-02 15:26:22,099 - INFO -   N                                     66,903          66,901          66,903          66,903
2026-03-02 15:26:22,106 - INFO -   R^2                                   0.9597          0.9637          0.8287          0.8287
2026-03-02 15:26:22,108 - INFO -   BankxType FE                              No              No             Yes             Yes
2026-03-02 15:26:22,111 - INFO -   Time FE                                   No              No             Yes             Yes
2026-03-02 15:26:22,114 - INFO -   SE type                            HC-robust       HC-robust       HC-robust      Bank-clust
2026-03-02 15:26:22,116 - INFO - ----------------------------------------------------------------------------------------------
2026-03-02 15:26:22,120 - INFO - Interpretation guide:
2026-03-02 15:26:22,122 - INFO -   Y_1,cons = coef on nr_lag = phi_cons (retention scaling factor)
2026-03-02 15:26:22,124 - INFO -   Y_1,RF < 0 means depositors sleepier when rates are low
2026-03-02 15:26:22,125 - INFO -   Y_2,size > 0 means larger banks retain more deposits
2026-03-02 15:26:22,129 - INFO - Baseline retention coef on nr_lag (Spec 1): 1.0738
2026-03-02 15:26:22,138 - INFO - ================================================================================
2026-03-02 15:26:22,141 - INFO - CONTROL FUNCTION ESTIMATION (semi-parametric CF) [CONGLOMERATE]
2026-03-02 15:26:22,141 - INFO -   Stage 1: spread_jkt ~ cost_shifters + type_dummies  -->  v_hat
2026-03-02 15:26:22,144 - INFO -   Stage 2: deposit_balance = phi(S,X)*nr*D_{t-1} + b1*v + b2*v^2 + b3*v^3 + eps
2026-03-02 15:26:22,146 - INFO -   All deposit types treated as potentially endogenous.
2026-03-02 15:26:22,148 - INFO - ================================================================================
2026-03-02 15:26:22,155 - INFO - First-stage cost shifters: ['cosif_lag', 'log_assets_std', 'equity_ratio', 'lagged_cdi', 'lagged_selic', 'personnel_cost_ratio_lag', 'admin_cost_ratio_lag']
2026-03-02 15:26:22,262 - INFO - First-stage A -- N=48,572, R^2=0.4579
2026-03-02 15:26:22,262 - INFO -   cosif_lag: coef=-0.206575, p=0.0000
2026-03-02 15:26:22,269 - INFO -   log_assets_std: coef=-0.066765, p=0.2694
2026-03-02 15:26:22,271 - INFO -   equity_ratio: coef=-1.024838, p=0.0000
2026-03-02 15:26:22,275 - INFO -   lagged_cdi: coef=5.099827, p=0.0000
2026-03-02 15:26:22,278 - INFO -   lagged_selic: coef=-1.354892, p=0.0000
2026-03-02 15:26:22,283 - INFO -   personnel_cost_ratio_lag: coef=56.905618, p=0.0000
2026-03-02 15:26:22,286 - INFO -   admin_cost_ratio_lag: coef=-0.122374, p=0.7851
2026-03-02 15:26:22,288 - INFO -   type2_d: coef=1.776860, p=0.0000
2026-03-02 15:26:22,293 - INFO -   type3_d: coef=2.444032, p=0.0000
2026-03-02 15:26:22,295 - INFO -   type4_d: coef=13.776797, p=0.0000
2026-03-02 15:26:22,302 - INFO -   type5_d: coef=-1.035238, p=0.0000
2026-03-02 15:26:22,319 - INFO -   Joint F (cost vars): 1387.74 (strong)
2026-03-02 15:26:22,378 - INFO - Computing Hausman IV (leave-one-out spread mean by type x quarter) ...
2026-03-02 15:26:22,476 - INFO - First-stage B -- N=48,572, R^2=0.6229
2026-03-02 15:26:22,478 - INFO -   hausman_iv_spread: coef=1.284632, p=0.0000
2026-03-02 15:26:22,479 - INFO -   cosif_lag: coef=-0.025066, p=0.0000
2026-03-02 15:26:22,480 - INFO -   log_assets_std: coef=-0.356095, p=0.0000
2026-03-02 15:26:22,483 - INFO -   equity_ratio: coef=-3.202099, p=0.0000
2026-03-02 15:26:22,485 - INFO -   lagged_cdi: coef=-0.127088, p=0.4760
2026-03-02 15:26:22,488 - INFO -   lagged_selic: coef=0.049475, p=0.2416
2026-03-02 15:26:22,490 - INFO -   personnel_cost_ratio_lag: coef=10.710681, p=0.0277
2026-03-02 15:26:22,495 - INFO -   admin_cost_ratio_lag: coef=0.083304, p=0.7881
2026-03-02 15:26:22,501 - INFO -   F (Hausman IV): 12207.88 (strong)
2026-03-02 15:26:22,545 - INFO - CF residuals (Cost-only): N=48,572, mean=-0.000000, sd=7.850400
2026-03-02 15:26:22,550 - INFO - CF residuals (Hausman): N=48,572, mean=-0.000000, sd=6.547397
2026-03-02 15:26:22,613 - INFO -   CF-Cost(5) cf_resid: -3665263.310440 (p=0.0000) ***
2026-03-02 15:26:22,613 - INFO -   CF-Cost(5) cf_resid_sq: 188353.882056 (p=0.0000) ***
2026-03-02 15:26:22,613 - INFO -   CF-Cost(5) cf_resid_cu: -569.797630 (p=0.5299) 
2026-03-02 15:26:22,625 - INFO -   CF-Cost(5) joint F on poly: 81.79 -> endogeneity
2026-03-02 15:26:22,706 - INFO -   CF-Cost(6) cf_resid: -3292488.093307 (p=0.0000) ***
2026-03-02 15:26:22,707 - INFO -   CF-Cost(6) cf_resid_sq: 42900.063022 (p=0.2475) 
2026-03-02 15:26:22,708 - INFO -   CF-Cost(6) cf_resid_cu: 2739.240523 (p=0.0115) **
2026-03-02 15:26:22,713 - INFO -   CF-Cost(6) joint F on poly: 68.73 -> endogeneity
2026-03-02 15:26:23,254 - INFO -   CF+FE(7) cf_resid: -2721025.606056 (p=0.0000)
2026-03-02 15:26:23,254 - INFO -   CF+FE(7) cf_resid_sq: -268949.425455 (p=0.0000)
2026-03-02 15:26:23,254 - INFO -   CF+FE(7) cf_resid_cu: 9753.207416 (p=0.0000)
2026-03-02 15:26:23,784 - INFO -   CF-Hausman(9) cf_resid_h: 1544664.122667 (p=0.0006) ***
2026-03-02 15:26:23,784 - INFO -   CF-Hausman(9) cf_resid_h_sq: 304406.286598 (p=0.0000) ***
2026-03-02 15:26:23,787 - INFO -   CF-Hausman(9) cf_resid_h_cu: -12956.122476 (p=0.0000) ***
2026-03-02 15:26:23,787 - INFO -   CF-Hausman(9) joint F on poly: 39.66 -> endogeneity
2026-03-02 15:26:23,894 - INFO -   CF-Hausman(10) cf_resid_h: 1461760.737248 (p=0.0007) ***
2026-03-02 15:26:23,894 - INFO -   CF-Hausman(10) cf_resid_h_sq: 205177.279345 (p=0.0000) ***
2026-03-02 15:26:23,894 - INFO -   CF-Hausman(10) cf_resid_h_cu: -10721.263593 (p=0.0000) ***
2026-03-02 15:26:23,894 - INFO -   CF-Hausman(10) joint F on poly: 20.11 -> endogeneity
2026-03-02 15:26:23,894 - INFO - Dep var: Dep_jkt (levels, CF) 
2026-03-02 15:26:23,905 - INFO - ------------------------------------------------------------------------------------------------------------------------------
2026-03-02 15:26:23,907 - INFO -                                    (5) CF Natl     (6) CF+Bank       (7) CF+FE    (8) CF+Clust     (9) CF-Haus  (10) CF-H+Bank
2026-03-02 15:26:23,908 - INFO - ------------------------------------------------------------------------------------------------------------------------------
2026-03-02 15:26:23,942 - INFO -   Y_1,cons  (nr x D_{t-1})          1.0614***       1.0837***       1.4291***       1.4291***       1.0614***       1.0775*** 
2026-03-02 15:26:23,942 - INFO -                                 (   0.0263)   (   0.1516)   (   0.1333)   (   0.1792)   (   0.0261)   (   0.1503) 
2026-03-02 15:26:23,951 - INFO -   Y_1,RF   (selic x nr x D_{t-1})      0.0015         -0.0015         -0.0015         -0.0015          0.0014         -0.0016    
2026-03-02 15:26:23,952 - INFO -                                 (   0.0029)   (   0.0022)   (   0.0020)   (   0.0017)   (   0.0029)   (   0.0022) 
2026-03-02 15:26:23,957 - INFO -   Y_2,size (logA x nr x D_{t-1})                     -0.0259         -0.1100***      -0.1100*                        -0.0237    
2026-03-02 15:26:23,957 - INFO -                                                 (   0.0391)   (   0.0359)   (   0.0590)                   (   0.0387) 
2026-03-02 15:26:23,965 - INFO -   Y_2,eq   (E/A x nr x D_{t-1})                     -0.0367         -0.9592**       -0.9592*                        -0.0413    
2026-03-02 15:26:23,967 - INFO -                                                 (   0.2033)   (   0.4696)   (   0.5722)                   (   0.2027) 
2026-03-02 15:26:23,968 - INFO -   Y_2,S2  (seg_S2 x nr x D_{t-1})                      0.0668                                                          0.0689    
2026-03-02 15:26:23,968 - INFO -                                                 (   0.0527)                                                   (   0.0523) 
2026-03-02 15:26:23,977 - INFO -   Y_2,S3  (seg_S3 x nr x D_{t-1})                      0.1633***                                                       0.1654*** 
2026-03-02 15:26:23,979 - INFO -                                                 (   0.0561)                                                   (   0.0556) 
2026-03-02 15:26:23,985 - INFO -   Y_2,S4  (seg_S4 x nr x D_{t-1})                      0.0439                                                          0.0476    
2026-03-02 15:26:23,986 - INFO -                                                 (   0.0895)                                                   (   0.0890) 
2026-03-02 15:26:23,987 - INFO -   Y_2,S5  (seg_S5 x nr x D_{t-1})                      0.0724                                                          0.0830    
2026-03-02 15:26:23,987 - INFO -                                                 (   0.0793)                                                   (   0.0791) 
2026-03-02 15:26:24,000 - INFO -   beta_1 v^  (CF-cost, 1st)     -3665263.3104***   -3292488.0933***   -2721025.6061***   -2721025.6061***                                 
2026-03-02 15:26:24,001 - INFO -                                 (267627.2732)   (229587.0574)   (322706.3969)   (564621.6369)                                 
2026-03-02 15:26:24,001 - INFO -   beta_2 v^^2 (CF-cost, 2nd)    188353.8821***   42900.0630      -268949.4255***   -268949.4255***                                 
2026-03-02 15:26:24,001 - INFO -                                 (26703.4120)   (37094.9831)   (35050.4290)   (65321.3276)                                 
2026-03-02 15:26:24,012 - INFO -   beta_3 v^^3 (CF-cost, 3rd)     -569.7976       2739.2405**     9753.2074***    9753.2074***                                 
2026-03-02 15:26:24,014 - INFO -                                 ( 907.1023)   (1083.5174)   (1056.5692)   (1763.9971)                                 
2026-03-02 15:26:24,019 - INFO -   beta_1 v^H (CF-Hausman, 1st)                                                                  1544664.1227***   1461760.7372*** 
2026-03-02 15:26:24,019 - INFO -                                                                                                 (451304.0892)   (431288.0028) 
2026-03-02 15:26:24,026 - INFO -   beta_2 v^H^2 (CF-Hausman, 2nd)                                                                  304406.2866***   205177.2793*** 
2026-03-02 15:26:24,027 - INFO -                                                                                                 (28551.9813)   (36597.6814) 
2026-03-02 15:26:24,034 - INFO -   beta_3 v^H^3 (CF-Hausman, 3rd)                                                                  -12956.1225***   -10721.2636*** 
2026-03-02 15:26:24,037 - INFO -                                                                                                 (1457.9093)   (1582.1794) 
2026-03-02 15:26:24,040 - INFO - ------------------------------------------------------------------------------------------------------------------------------
2026-03-02 15:26:24,042 - INFO -   N                                     48,572          48,572          48,572          48,572          48,572          48,572
2026-03-02 15:26:24,049 - INFO -   R^2                                   0.9662          0.9709          0.8747          0.8747          0.9663          0.9710
2026-03-02 15:26:24,052 - INFO -   BankxType FE                              No              No             Yes             Yes              No              No
2026-03-02 15:26:24,053 - INFO -   Time FE                                   No              No             Yes             Yes              No              No
2026-03-02 15:26:24,054 - INFO -   SE type                            HC-robust       HC-robust       HC-robust      Bank-clust       HC-robust       HC-robust
2026-03-02 15:26:24,056 - INFO - ------------------------------------------------------------------------------------------------------------------------------
2026-03-02 15:26:24,068 - INFO - Supply specs available: ['(1) Natl', '(2) +Bank', '(3) +FE', '(4) Clust', '(5) CF Natl', '(6) CF+Bank', '(7) CF+FE', '(8) CF+Clust', '(9) CF-Haus', '(10) CF-H+Bank']
2026-03-02 15:26:24,071 - INFO - 
>>> Step 2: Computing structural sleeping-deposit predictions ...
2026-03-02 15:26:24,126 - INFO -   Supply spec '(1) Natl': hat_Y computed for 66,903 obs (struct cols = ['nr_lag', 'selic_nr_lag'])
2026-03-02 15:26:24,127 - INFO -   Supply spec '(2) +Bank': hat_Y computed for 66,901 obs (struct cols = ['nr_lag', 'selic_nr_lag', 'logA_nr_lag', 'eq_nr_lag', 'seg_S2_nr_lag', 'seg_S3_nr_lag', 'seg_S4_nr_lag', 'seg_S5_nr_lag'])
2026-03-02 15:26:24,139 - INFO -   Supply spec '(3) +FE': hat_Y computed for 66,903 obs (struct cols = ['nr_lag', 'selic_nr_lag', 'logA_nr_lag', 'eq_nr_lag'])
2026-03-02 15:26:24,141 - INFO -   Supply spec '(4) Clust': hat_Y computed for 66,903 obs (struct cols = ['nr_lag', 'selic_nr_lag', 'logA_nr_lag', 'eq_nr_lag'])
2026-03-02 15:26:24,147 - INFO -   Supply spec '(5) CF Natl': hat_Y computed for 66,903 obs (struct cols = ['nr_lag', 'selic_nr_lag'])
2026-03-02 15:26:24,154 - INFO -   Supply spec '(6) CF+Bank': hat_Y computed for 66,901 obs (struct cols = ['nr_lag', 'selic_nr_lag', 'logA_nr_lag', 'eq_nr_lag', 'seg_S2_nr_lag', 'seg_S3_nr_lag', 'seg_S4_nr_lag', 'seg_S5_nr_lag'])
2026-03-02 15:26:24,157 - INFO -   Supply spec '(7) CF+FE': hat_Y computed for 66,903 obs (struct cols = ['nr_lag', 'selic_nr_lag', 'logA_nr_lag', 'eq_nr_lag'])
2026-03-02 15:26:24,164 - INFO -   Supply spec '(8) CF+Clust': hat_Y computed for 66,903 obs (struct cols = ['nr_lag', 'selic_nr_lag', 'logA_nr_lag', 'eq_nr_lag'])
2026-03-02 15:26:24,173 - INFO -   Supply spec '(9) CF-Haus': hat_Y computed for 66,903 obs (struct cols = ['nr_lag', 'selic_nr_lag'])
2026-03-02 15:26:24,183 - INFO -   Supply spec '(10) CF-H+Bank': hat_Y computed for 66,901 obs (struct cols = ['nr_lag', 'selic_nr_lag', 'logA_nr_lag', 'eq_nr_lag', 'seg_S2_nr_lag', 'seg_S3_nr_lag', 'seg_S4_nr_lag', 'seg_S5_nr_lag'])
2026-03-02 15:26:24,189 - INFO - 
>>> Step 3: Active deposit diagnostics by supply spec ...
2026-03-02 15:26:24,195 - INFO -   '(1) Natl': active>0=57.0%, active=0=43.0%, mean(active|active>0)=79354390.3
2026-03-02 15:26:24,203 - INFO -   '(2) +Bank': active>0=57.6%, active=0=42.4%, mean(active|active>0)=72100072.3
2026-03-02 15:26:24,209 - INFO -   '(3) +FE': active>0=69.7%, active=0=30.3%, mean(active|active>0)=119596317.5
2026-03-02 15:26:24,214 - INFO -   '(4) Clust': active>0=69.7%, active=0=30.3%, mean(active|active>0)=119596317.5
2026-03-02 15:26:24,221 - INFO -   '(5) CF Natl': active>0=50.1%, active=0=49.9%, mean(active|active>0)=78753270.9
2026-03-02 15:26:24,226 - INFO -   '(6) CF+Bank': active>0=40.9%, active=0=59.1%, mean(active|active>0)=82778006.9
2026-03-02 15:26:24,235 - INFO -   '(7) CF+FE': active>0=53.3%, active=0=46.7%, mean(active|active>0)=100480558.6
2026-03-02 15:26:24,239 - INFO -   '(8) CF+Clust': active>0=53.3%, active=0=46.7%, mean(active|active>0)=100480558.6
2026-03-02 15:26:24,245 - INFO -   '(9) CF-Haus': active>0=50.2%, active=0=49.8%, mean(active|active>0)=78764571.7
2026-03-02 15:26:24,251 - INFO -   '(10) CF-H+Bank': active>0=41.1%, active=0=58.9%, mean(active|active>0)=82766266.0
2026-03-02 15:26:24,252 - INFO - 
>>> Step 4: Estimating Berry (1994) demand equation ...
2026-03-02 15:26:24,257 - INFO - Demand -- type-interacted spread columns: ['spread_T1', 'spread_T2', 'spread_T3', 'spread_T4', 'spread_T5']
2026-03-02 15:26:24,288 - INFO - Endogenous types [4, 5]: 31,941 obs (47.7% of full sample)
2026-03-02 15:26:24,295 - INFO - Demand CF cost shifters (types 4-5): ['cosif_lag', 'log_assets_std', 'equity_ratio', 'lagged_cdi', 'lagged_selic', 'personnel_cost_ratio_lag', 'admin_cost_ratio_lag']
2026-03-02 15:26:24,334 - INFO - Demand CF-A (types 4-5): N=22,822, R^2=0.2634
2026-03-02 15:26:24,347 - INFO -   Joint F (cost vars): 1352.63 (strong)
2026-03-02 15:26:24,411 - INFO - Demand CF-B (types 4-5, +Hausman IV): N=22,822, R^2=0.4188
2026-03-02 15:26:24,411 - INFO -   F (Hausman IV): 5451.51 (strong)
2026-03-02 15:26:24,478 - INFO - 
=== Demand: supply spec '(1) Natl' | N_valid=38,113, N_zero_active=28,790 / 66,903 ===
2026-03-02 15:26:24,478 - INFO -   log(s_active): mean=-9.3722, sd=2.3770
2026-03-02 15:26:24,528 - INFO -   D(1) Natl spread_T1: coef=4.159770 (SE=0.015197, p=0.0000)***
2026-03-02 15:26:24,528 - INFO -   D(1) Natl spread_T2: coef=10.000062 (SE=0.094967, p=0.0000)***
2026-03-02 15:26:24,528 - INFO -   D(1) Natl spread_T3: coef=2005.608426 (SE=55.209031, p=0.0000)***
2026-03-02 15:26:24,538 - INFO -   D(1) Natl spread_T4: coef=-0.369046 (SE=0.002166, p=0.0000)***
2026-03-02 15:26:24,538 - INFO -   D(1) Natl spread_T5: coef=3.187408 (SE=0.053282, p=0.0000)***
2026-03-02 15:26:24,594 - INFO - 
=== Demand: supply spec '(2) +Bank' | N_valid=38,553, N_zero_active=28,348 / 66,903 ===
2026-03-02 15:26:24,594 - INFO -   log(s_active): mean=-9.4691, sd=2.3974
2026-03-02 15:26:24,645 - INFO -   D(2) +Bank spread_T1: coef=4.176348 (SE=0.014876, p=0.0000)***
2026-03-02 15:26:24,645 - INFO -   D(2) +Bank spread_T2: coef=9.965714 (SE=0.098868, p=0.0000)***
2026-03-02 15:26:24,645 - INFO -   D(2) +Bank spread_T3: coef=2123.515410 (SE=53.866431, p=0.0000)***
2026-03-02 15:26:24,659 - INFO -   D(2) +Bank spread_T4: coef=-0.364748 (SE=0.002142, p=0.0000)***
2026-03-02 15:26:24,661 - INFO -   D(2) +Bank spread_T5: coef=3.178282 (SE=0.052136, p=0.0000)***
2026-03-02 15:26:24,712 - INFO - 
=== Demand: supply spec '(3) +FE' | N_valid=46,663, N_zero_active=20,240 / 66,903 ===
2026-03-02 15:26:24,712 - INFO -   log(s_active): mean=-9.4904, sd=2.3103
2026-03-02 15:26:29,831 - INFO -   D(3) +FE spread_T1: coef=5.514428 (SE=0.012050, p=0.0000)***
2026-03-02 15:26:29,835 - INFO -   D(3) +FE spread_T2: coef=13.033008 (SE=0.107276, p=0.0000)***
2026-03-02 15:26:29,841 - INFO -   D(3) +FE spread_T3: coef=6650.836471 (SE=173.646597, p=0.0000)***
2026-03-02 15:26:29,845 - INFO -   D(3) +FE spread_T4: coef=-0.803395 (SE=0.002032, p=0.0000)***
2026-03-02 15:26:29,850 - INFO -   D(3) +FE spread_T5: coef=4.819139 (SE=0.095070, p=0.0000)***
2026-03-02 15:26:29,958 - INFO - 
=== Demand: supply spec '(4) Clust' | N_valid=46,663, N_zero_active=20,240 / 66,903 ===
2026-03-02 15:26:29,960 - INFO -   log(s_active): mean=-9.4904, sd=2.3103
2026-03-02 15:26:34,736 - INFO -   D(4) Clust spread_T1: coef=5.514428 (SE=0.036810, p=0.0000)***
2026-03-02 15:26:34,738 - INFO -   D(4) Clust spread_T2: coef=13.033008 (SE=0.274928, p=0.0000)***
2026-03-02 15:26:34,740 - INFO -   D(4) Clust spread_T3: coef=6650.836471 (SE=401.111738, p=0.0000)***
2026-03-02 15:26:34,742 - INFO -   D(4) Clust spread_T4: coef=-0.803395 (SE=0.008050, p=0.0000)***
2026-03-02 15:26:34,743 - INFO -   D(4) Clust spread_T5: coef=4.819139 (SE=0.248803, p=0.0000)***
2026-03-02 15:26:34,786 - INFO - 
=== Demand: supply spec '(5) CF Natl' | N_valid=33,532, N_zero_active=33,371 / 66,903 ===
2026-03-02 15:26:34,802 - INFO -   log(s_active): mean=-9.2621, sd=2.3724
2026-03-02 15:26:34,861 - INFO -   D(5) CF Natl spread_T1: coef=4.293494 (SE=0.018553, p=0.0000)***
2026-03-02 15:26:34,861 - INFO -   D(5) CF Natl spread_T2: coef=10.167217 (SE=0.099919, p=0.0000)***
2026-03-02 15:26:34,861 - INFO -   D(5) CF Natl spread_T3: coef=1959.534180 (SE=55.557623, p=0.0000)***
2026-03-02 15:26:34,866 - INFO -   D(5) CF Natl spread_T4: coef=-0.530043 (SE=0.006329, p=0.0000)***
2026-03-02 15:26:34,869 - INFO -   D(5) CF Natl spread_T5: coef=2.579677 (SE=0.076987, p=0.0000)***
2026-03-02 15:26:34,908 - INFO - 
=== Demand: supply spec '(6) CF+Bank' | N_valid=27,384, N_zero_active=39,517 / 66,903 ===
2026-03-02 15:26:34,908 - INFO -   log(s_active): mean=-9.0935, sd=2.4235
2026-03-02 15:26:34,959 - INFO -   D(6) CF+Bank spread_T1: coef=4.184943 (SE=0.020892, p=0.0000)***
2026-03-02 15:26:34,959 - INFO -   D(6) CF+Bank spread_T2: coef=10.051240 (SE=0.104565, p=0.0000)***
2026-03-02 15:26:34,961 - INFO -   D(6) CF+Bank spread_T3: coef=1901.773491 (SE=55.681810, p=0.0000)***
2026-03-02 15:26:34,961 - INFO -   D(6) CF+Bank spread_T4: coef=-0.537499 (SE=0.008784, p=0.0000)***
2026-03-02 15:26:34,961 - INFO -   D(6) CF+Bank spread_T5: coef=2.538102 (SE=0.086764, p=0.0000)***
2026-03-02 15:26:35,015 - INFO - 
=== Demand: supply spec '(7) CF+FE' | N_valid=35,649, N_zero_active=31,254 / 66,903 ===
2026-03-02 15:26:35,017 - INFO -   log(s_active): mean=-9.3757, sd=2.4152
2026-03-02 15:26:39,406 - INFO -   D(7) CF+FE spread_T1: coef=5.345967 (SE=0.013991, p=0.0000)***
2026-03-02 15:26:39,406 - INFO -   D(7) CF+FE spread_T2: coef=13.295671 (SE=0.119084, p=0.0000)***
2026-03-02 15:26:39,406 - INFO -   D(7) CF+FE spread_T3: coef=5043.038751 (SE=190.541122, p=0.0000)***
2026-03-02 15:26:39,416 - INFO -   D(7) CF+FE spread_T4: coef=-0.944768 (SE=0.006583, p=0.0000)***
2026-03-02 15:26:39,418 - INFO -   D(7) CF+FE spread_T5: coef=3.811243 (SE=0.117173, p=0.0000)***
2026-03-02 15:26:39,469 - INFO - 
=== Demand: supply spec '(8) CF+Clust' | N_valid=35,649, N_zero_active=31,254 / 66,903 ===
2026-03-02 15:26:39,480 - INFO -   log(s_active): mean=-9.3757, sd=2.4152
2026-03-02 15:26:43,461 - INFO -   D(8) CF+Clust spread_T1: coef=5.345967 (SE=0.040388, p=0.0000)***
2026-03-02 15:26:43,465 - INFO -   D(8) CF+Clust spread_T2: coef=13.295671 (SE=0.305097, p=0.0000)***
2026-03-02 15:26:43,465 - INFO -   D(8) CF+Clust spread_T3: coef=5043.038751 (SE=437.497658, p=0.0000)***
2026-03-02 15:26:43,468 - INFO -   D(8) CF+Clust spread_T4: coef=-0.944768 (SE=0.019525, p=0.0000)***
2026-03-02 15:26:43,472 - INFO -   D(8) CF+Clust spread_T5: coef=3.811243 (SE=0.282976, p=0.0000)***
2026-03-02 15:26:43,537 - INFO - 
=== Demand: supply spec '(9) CF-Haus' | N_valid=33,585, N_zero_active=33,318 / 66,903 ===
2026-03-02 15:26:43,538 - INFO -   log(s_active): mean=-9.2631, sd=2.3723
2026-03-02 15:26:43,609 - INFO -   D(9) CF-Haus spread_T1: coef=4.291538 (SE=0.018511, p=0.0000)***
2026-03-02 15:26:43,611 - INFO -   D(9) CF-Haus spread_T2: coef=10.158134 (SE=0.099774, p=0.0000)***
2026-03-02 15:26:43,614 - INFO -   D(9) CF-Haus spread_T3: coef=1958.331829 (SE=55.468741, p=0.0000)***
2026-03-02 15:26:43,616 - INFO -   D(9) CF-Haus spread_T4: coef=-0.540225 (SE=0.004811, p=0.0000)***
2026-03-02 15:26:43,618 - INFO -   D(9) CF-Haus spread_T5: coef=2.881730 (SE=0.063797, p=0.0000)***
2026-03-02 15:26:43,670 - INFO - 
=== Demand: supply spec '(10) CF-H+Bank' | N_valid=27,497, N_zero_active=39,404 / 66,903 ===
2026-03-02 15:26:43,672 - INFO -   log(s_active): mean=-9.1054, sd=2.4280
2026-03-02 15:26:43,738 - INFO -   D(10) CF-H+Bank spread_T1: coef=4.188678 (SE=0.020778, p=0.0000)***
2026-03-02 15:26:43,742 - INFO -   D(10) CF-H+Bank spread_T2: coef=10.040701 (SE=0.104550, p=0.0000)***
2026-03-02 15:26:43,745 - INFO -   D(10) CF-H+Bank spread_T3: coef=1895.230643 (SE=55.071812, p=0.0000)***
2026-03-02 15:26:43,748 - INFO -   D(10) CF-H+Bank spread_T4: coef=-0.539232 (SE=0.008691, p=0.0000)***
2026-03-02 15:26:43,750 - INFO -   D(10) CF-H+Bank spread_T5: coef=2.528622 (SE=0.086905, p=0.0000)***
2026-03-02 15:26:43,762 - INFO - 
>>> Step 5: Exporting demand results ...
2026-03-02 15:26:43,795 - INFO - Demand results exported to c:\Users\pedro\OneDrive\Documentos\Yale\Year 3 (2024 - 2025)\Open Finance\Open-Finance\BCB\Egan_et_al_2025_Rep\processed\ESTIMATION_OUTPUT\demand_results_conglomerate.csv
2026-03-02 15:26:43,829 - INFO - Demand LaTeX table exported to c:\Users\pedro\OneDrive\Documentos\Yale\Year 3 (2024 - 2025)\Open Finance\Open-Finance\BCB\Egan_et_al_2025_Rep\processed\ESTIMATION_OUTPUT\demand_table_conglomerate.tex
2026-03-02 15:26:43,829 - INFO - Demand specs estimated: ['D(1) Natl', 'D(2) +Bank', 'D(3) +FE', 'D(4) Clust', 'D(5) CF Natl', 'D(6) CF+Bank', 'D(7) CF+FE', 'D(8) CF+Clust', 'D(9) CF-Haus', 'D(10) CF-H+Bank']
2026-03-02 15:26:43,829 - INFO - Done -- estimation_demand_1.py complete.
2026-03-02 18:29:31,761 - INFO - ================================================================================
2026-03-02 18:29:31,769 - INFO - DEMAND ESTIMATION -- CONGLOMERATE LEVEL
2026-03-02 18:29:31,774 - INFO - Berry (1994) active market shares | estimation_demand_1.py
2026-03-02 18:29:31,778 - INFO - ================================================================================
2026-03-02 18:29:31,787 - INFO - 
>>> Step 1: Loading panel and running supply estimation ...
2026-03-02 18:29:31,806 - INFO - Loading panel ...
2026-03-02 18:29:35,377 - INFO - Raw panel: 241,519 rows, 31 cols
2026-03-02 18:29:35,389 - INFO -   total_assets coverage: 241,519 / 241,519
2026-03-02 18:29:35,394 - INFO -   equity_ratio coverage: 239,294 / 241,519
2026-03-02 18:29:35,420 - INFO -   segment coverage: 230,256 / 241,519
2026-03-02 18:29:35,713 - INFO - log_total_assets: mean=19.79, sd=2.57 (standardized for estimation)
2026-03-02 18:29:36,028 - INFO - Winsorized deposit_balance at [p1,p99]=[297.8,34626022396.7]: dropped 1,366 outliers
2026-03-02 18:29:36,031 - INFO - Estimation sample: 66,903 rows
2026-03-02 18:29:36,038 - INFO -   Banks:    1236
2026-03-02 18:29:36,040 - INFO -   Quarters: 37
2026-03-02 18:29:36,045 - INFO -   Types:    [np.int64(1), np.int64(2), np.int64(3), np.int64(4), np.int64(5)]
2026-03-02 18:29:36,051 - INFO - Dep var (deposit_balance, levels) summary:
2026-03-02 18:29:36,060 - INFO -   mean=470784318.3, sd=2003063602.1, p5=841909.3, p95=1711527799.3
2026-03-02 18:29:36,065 - INFO - nr_lag (nr x D_{t-1}) summary:
2026-03-02 18:29:36,071 - INFO -   mean=429269688.034755, sd=1877534941.326732
2026-03-02 18:29:36,086 - INFO - Lagged Selic (p.a.) summary:
2026-03-02 18:29:36,092 - INFO -   mean=9.29, sd=4.10, min=2.00, max=15.00
2026-03-02 18:29:36,103 - INFO - Segment distribution: {'S5': 39798, 'S4': 18039, 'S3': 4787, 'S2': 986, 'S1': 392}
2026-03-02 18:29:36,112 - INFO - ================================================================================
2026-03-02 18:29:36,120 - INFO - STRUCTURAL ESTIMATION: deposit_balance = phi(S,X) x nr x D_{t-1}
2026-03-02 18:29:36,124 - INFO -   phi(S,X) = Y'_1 S_t + Y'_2 X_jt  (Egan et al. 2025, Table 3)
2026-03-02 18:29:36,129 - INFO - ================================================================================
2026-03-02 18:29:40,567 - INFO - Dep var: Dep_jkt (levels)     
2026-03-02 18:29:40,569 - INFO - ----------------------------------------------------------------------------------------------
2026-03-02 18:29:40,571 - INFO -                                       (1) Natl       (2) +Bank         (3) +FE       (4) Clust
2026-03-02 18:29:40,572 - INFO - ----------------------------------------------------------------------------------------------
2026-03-02 18:29:40,704 - INFO -   Y_1,cons  (nr x D_{t-1})          1.0738***       0.9713***       1.4373***       1.4373*** 
2026-03-02 18:29:40,764 - INFO -                                 (   0.0216)   (   0.2216)   (   0.1491)   (   0.1588) 
2026-03-02 18:29:40,789 - INFO -   Y_1,RF   (selic x nr x D_{t-1})     -0.0027         -0.0063*        -0.0015         -0.0015    
2026-03-02 18:29:40,814 - INFO -                                 (   0.0027)   (   0.0037)   (   0.0017)   (   0.0020) 
2026-03-02 18:29:40,820 - INFO -   Y_2,size (logA x nr x D_{t-1})                      0.0293         -0.1242***      -0.1242**  
2026-03-02 18:29:40,822 - INFO -                                                 (   0.0782)   (   0.0461)   (   0.0520) 
2026-03-02 18:29:40,830 - INFO -   Y_2,eq   (E/A x nr x D_{t-1})                     -0.2937*        -1.3216***      -1.3216*** 
2026-03-02 18:29:40,833 - INFO -                                                 (   0.1696)   (   0.4440)   (   0.4656) 
2026-03-02 18:29:40,835 - INFO -   Y_2,S2  (seg_S2 x nr x D_{t-1})                      0.1144                                    
2026-03-02 18:29:40,837 - INFO -                                                 (   0.0919)                                 
2026-03-02 18:29:40,842 - INFO -   Y_2,S3  (seg_S3 x nr x D_{t-1})                      0.2084                                    
2026-03-02 18:29:40,845 - INFO -                                                 (   0.1335)                                 
2026-03-02 18:29:40,849 - INFO -   Y_2,S4  (seg_S4 x nr x D_{t-1})                      0.2089                                    
2026-03-02 18:29:40,851 - INFO -                                                 (   0.1679)                                 
2026-03-02 18:29:40,861 - INFO -   Y_2,S5  (seg_S5 x nr x D_{t-1})                      0.2729                                    
2026-03-02 18:29:40,864 - INFO -                                                 (   0.2220)                                 
2026-03-02 18:29:40,867 - INFO - ----------------------------------------------------------------------------------------------
2026-03-02 18:29:40,878 - INFO -   N                                     66,903          66,901          66,903          66,903
2026-03-02 18:29:40,883 - INFO -   R^2                                   0.9597          0.9637          0.8287          0.8287
2026-03-02 18:29:40,884 - INFO -   BankxType FE                              No              No             Yes             Yes
2026-03-02 18:29:40,885 - INFO -   Time FE                                   No              No             Yes             Yes
2026-03-02 18:29:40,886 - INFO -   SE type                            HC-robust       HC-robust       HC-robust      Bank-clust
2026-03-02 18:29:40,888 - INFO - ----------------------------------------------------------------------------------------------
2026-03-02 18:29:40,889 - INFO - Interpretation guide:
2026-03-02 18:29:40,890 - INFO -   Y_1,cons = coef on nr_lag = phi_cons (retention scaling factor)
2026-03-02 18:29:40,896 - INFO -   Y_1,RF < 0 means depositors sleepier when rates are low
2026-03-02 18:29:40,897 - INFO -   Y_2,size > 0 means larger banks retain more deposits
2026-03-02 18:29:40,899 - INFO - Baseline retention coef on nr_lag (Spec 1): 1.0738
2026-03-02 18:29:40,905 - INFO - ================================================================================
2026-03-02 18:29:40,906 - INFO - CONTROL FUNCTION ESTIMATION (semi-parametric CF) [CONGLOMERATE]
2026-03-02 18:29:40,909 - INFO -   Stage 1: spread_jkt ~ cost_shifters + type_dummies  -->  v_hat
2026-03-02 18:29:40,910 - INFO -   Stage 2: deposit_balance = phi(S,X)*nr*D_{t-1} + b1*v + b2*v^2 + b3*v^3 + eps
2026-03-02 18:29:40,912 - INFO -   All deposit types treated as potentially endogenous.
2026-03-02 18:29:40,921 - INFO - ================================================================================
2026-03-02 18:29:40,934 - INFO - First-stage cost shifters: ['cosif_lag', 'log_assets_std', 'equity_ratio', 'lagged_cdi', 'lagged_selic', 'personnel_cost_ratio_lag', 'admin_cost_ratio_lag']
2026-03-02 18:29:41,089 - INFO - First-stage A -- N=48,572, R^2=0.4579
2026-03-02 18:29:41,093 - INFO -   cosif_lag: coef=0.206575, p=0.0000
2026-03-02 18:29:41,095 - INFO -   log_assets_std: coef=0.066765, p=0.2694
2026-03-02 18:29:41,097 - INFO -   equity_ratio: coef=1.024838, p=0.0000
2026-03-02 18:29:41,100 - INFO -   lagged_cdi: coef=-5.099827, p=0.0000
2026-03-02 18:29:41,107 - INFO -   lagged_selic: coef=1.354892, p=0.0000
2026-03-02 18:29:41,118 - INFO -   personnel_cost_ratio_lag: coef=-56.905618, p=0.0000
2026-03-02 18:29:41,120 - INFO -   admin_cost_ratio_lag: coef=0.122374, p=0.7851
2026-03-02 18:29:41,123 - INFO -   type2_d: coef=-1.776860, p=0.0000
2026-03-02 18:29:41,126 - INFO -   type3_d: coef=-2.444032, p=0.0000
2026-03-02 18:29:41,129 - INFO -   type4_d: coef=-13.776797, p=0.0000
2026-03-02 18:29:41,131 - INFO -   type5_d: coef=1.035238, p=0.0000
2026-03-02 18:29:41,177 - INFO -   Joint F (cost vars): 1387.74 (strong)
2026-03-02 18:29:41,317 - INFO - Computing Hausman IV (leave-one-out spread mean by type x quarter) ...
2026-03-02 18:29:41,540 - INFO - First-stage B -- N=48,572, R^2=0.6229
2026-03-02 18:29:41,545 - INFO -   hausman_iv_spread: coef=1.284632, p=0.0000
2026-03-02 18:29:41,548 - INFO -   cosif_lag: coef=0.025066, p=0.0000
2026-03-02 18:29:41,551 - INFO -   log_assets_std: coef=0.356095, p=0.0000
2026-03-02 18:29:41,553 - INFO -   equity_ratio: coef=3.202099, p=0.0000
2026-03-02 18:29:41,561 - INFO -   lagged_cdi: coef=0.127088, p=0.4760
2026-03-02 18:29:41,564 - INFO -   lagged_selic: coef=-0.049475, p=0.2416
2026-03-02 18:29:41,567 - INFO -   personnel_cost_ratio_lag: coef=-10.710681, p=0.0277
2026-03-02 18:29:41,568 - INFO -   admin_cost_ratio_lag: coef=-0.083304, p=0.7881
2026-03-02 18:29:41,578 - INFO -   F (Hausman IV): 12207.88 (strong)
2026-03-02 18:29:41,688 - INFO - CF residuals (Cost-only): N=48,572, mean=0.000000, sd=7.850400
2026-03-02 18:29:41,695 - INFO - CF residuals (Hausman): N=48,572, mean=0.000000, sd=6.547397
2026-03-02 18:29:41,839 - INFO -   CF-Cost(5) cf_resid: 3665263.310440 (p=0.0000) ***
2026-03-02 18:29:41,845 - INFO -   CF-Cost(5) cf_resid_sq: 188353.882056 (p=0.0000) ***
2026-03-02 18:29:41,848 - INFO -   CF-Cost(5) cf_resid_cu: 569.797630 (p=0.5299) 
2026-03-02 18:29:41,858 - INFO -   CF-Cost(5) joint F on poly: 81.79 -> endogeneity
2026-03-02 18:29:42,087 - INFO -   CF-Cost(6) cf_resid: 3292488.093307 (p=0.0000) ***
2026-03-02 18:29:42,092 - INFO -   CF-Cost(6) cf_resid_sq: 42900.063022 (p=0.2475) 
2026-03-02 18:29:42,100 - INFO -   CF-Cost(6) cf_resid_cu: -2739.240523 (p=0.0115) **
2026-03-02 18:29:42,114 - INFO -   CF-Cost(6) joint F on poly: 68.73 -> endogeneity
2026-03-02 18:29:43,817 - INFO -   CF+FE(7) cf_resid: 2721025.606056 (p=0.0000)
2026-03-02 18:29:43,819 - INFO -   CF+FE(7) cf_resid_sq: -268949.425455 (p=0.0000)
2026-03-02 18:29:43,820 - INFO -   CF+FE(7) cf_resid_cu: -9753.207416 (p=0.0000)
2026-03-02 18:29:45,838 - INFO -   CF-Hausman(9) cf_resid_h: -1544664.122667 (p=0.0006) ***
2026-03-02 18:29:45,844 - INFO -   CF-Hausman(9) cf_resid_h_sq: 304406.286598 (p=0.0000) ***
2026-03-02 18:29:45,846 - INFO -   CF-Hausman(9) cf_resid_h_cu: 12956.122476 (p=0.0000) ***
2026-03-02 18:29:45,854 - INFO -   CF-Hausman(9) joint F on poly: 39.66 -> endogeneity
2026-03-02 18:29:46,074 - INFO -   CF-Hausman(10) cf_resid_h: -1461760.737248 (p=0.0007) ***
2026-03-02 18:29:46,076 - INFO -   CF-Hausman(10) cf_resid_h_sq: 205177.279345 (p=0.0000) ***
2026-03-02 18:29:46,079 - INFO -   CF-Hausman(10) cf_resid_h_cu: 10721.263593 (p=0.0000) ***
2026-03-02 18:29:46,087 - INFO -   CF-Hausman(10) joint F on poly: 20.11 -> endogeneity
2026-03-02 18:29:46,090 - INFO - Dep var: Dep_jkt (levels, CF) 
2026-03-02 18:29:46,093 - INFO - ------------------------------------------------------------------------------------------------------------------------------
2026-03-02 18:29:46,096 - INFO -                                    (5) CF Natl     (6) CF+Bank       (7) CF+FE    (8) CF+Clust     (9) CF-Haus  (10) CF-H+Bank
2026-03-02 18:29:46,097 - INFO - ------------------------------------------------------------------------------------------------------------------------------
2026-03-02 18:29:46,209 - INFO -   Y_1,cons  (nr x D_{t-1})          1.0614***       1.0837***       1.4291***       1.4291***       1.0614***       1.0775*** 
2026-03-02 18:29:46,210 - INFO -                                 (   0.0263)   (   0.1516)   (   0.1333)   (   0.1792)   (   0.0261)   (   0.1503) 
2026-03-02 18:29:46,224 - INFO -   Y_1,RF   (selic x nr x D_{t-1})      0.0015         -0.0015         -0.0015         -0.0015          0.0014         -0.0016    
2026-03-02 18:29:46,226 - INFO -                                 (   0.0029)   (   0.0022)   (   0.0020)   (   0.0017)   (   0.0029)   (   0.0022) 
2026-03-02 18:29:46,240 - INFO -   Y_2,size (logA x nr x D_{t-1})                     -0.0259         -0.1100***      -0.1100*                        -0.0237    
2026-03-02 18:29:46,242 - INFO -                                                 (   0.0391)   (   0.0359)   (   0.0590)                   (   0.0387) 
2026-03-02 18:29:46,249 - INFO -   Y_2,eq   (E/A x nr x D_{t-1})                     -0.0367         -0.9592**       -0.9592*                        -0.0413    
2026-03-02 18:29:46,251 - INFO -                                                 (   0.2033)   (   0.4696)   (   0.5722)                   (   0.2027) 
2026-03-02 18:29:46,257 - INFO -   Y_2,S2  (seg_S2 x nr x D_{t-1})                      0.0668                                                          0.0689    
2026-03-02 18:29:46,261 - INFO -                                                 (   0.0527)                                                   (   0.0523) 
2026-03-02 18:29:46,264 - INFO -   Y_2,S3  (seg_S3 x nr x D_{t-1})                      0.1633***                                                       0.1654*** 
2026-03-02 18:29:46,267 - INFO -                                                 (   0.0561)                                                   (   0.0556) 
2026-03-02 18:29:46,283 - INFO -   Y_2,S4  (seg_S4 x nr x D_{t-1})                      0.0439                                                          0.0476    
2026-03-02 18:29:46,286 - INFO -                                                 (   0.0895)                                                   (   0.0890) 
2026-03-02 18:29:46,291 - INFO -   Y_2,S5  (seg_S5 x nr x D_{t-1})                      0.0724                                                          0.0830    
2026-03-02 18:29:46,294 - INFO -                                                 (   0.0793)                                                   (   0.0791) 
2026-03-02 18:29:46,298 - INFO -   beta_1 v^  (CF-cost, 1st)     3665263.3104***   3292488.0933***   2721025.6061***   2721025.6061***                                 
2026-03-02 18:29:46,299 - INFO -                                 (267627.2732)   (229587.0574)   (322706.3969)   (564621.6369)                                 
2026-03-02 18:29:46,308 - INFO -   beta_2 v^^2 (CF-cost, 2nd)    188353.8821***   42900.0630      -268949.4255***   -268949.4255***                                 
2026-03-02 18:29:46,314 - INFO -                                 (26703.4120)   (37094.9831)   (35050.4290)   (65321.3276)                                 
2026-03-02 18:29:46,319 - INFO -   beta_3 v^^3 (CF-cost, 3rd)      569.7976      -2739.2405**    -9753.2074***   -9753.2074***                                 
2026-03-02 18:29:46,321 - INFO -                                 ( 907.1023)   (1083.5174)   (1056.5692)   (1763.9971)                                 
2026-03-02 18:29:46,325 - INFO -   beta_1 v^H (CF-Hausman, 1st)                                                                  -1544664.1227***   -1461760.7372*** 
2026-03-02 18:29:46,326 - INFO -                                                                                                 (451304.0892)   (431288.0028) 
2026-03-02 18:29:46,334 - INFO -   beta_2 v^H^2 (CF-Hausman, 2nd)                                                                  304406.2866***   205177.2793*** 
2026-03-02 18:29:46,336 - INFO -                                                                                                 (28551.9813)   (36597.6814) 
2026-03-02 18:29:46,349 - INFO -   beta_3 v^H^3 (CF-Hausman, 3rd)                                                                  12956.1225***   10721.2636*** 
2026-03-02 18:29:46,351 - INFO -                                                                                                 (1457.9093)   (1582.1794) 
2026-03-02 18:29:46,352 - INFO - ------------------------------------------------------------------------------------------------------------------------------
2026-03-02 18:29:46,354 - INFO -   N                                     48,572          48,572          48,572          48,572          48,572          48,572
2026-03-02 18:29:46,362 - INFO -   R^2                                   0.9662          0.9709          0.8747          0.8747          0.9663          0.9710
2026-03-02 18:29:46,363 - INFO -   BankxType FE                              No              No             Yes             Yes              No              No
2026-03-02 18:29:46,366 - INFO -   Time FE                                   No              No             Yes             Yes              No              No
2026-03-02 18:29:46,372 - INFO -   SE type                            HC-robust       HC-robust       HC-robust      Bank-clust       HC-robust       HC-robust
2026-03-02 18:29:46,375 - INFO - ------------------------------------------------------------------------------------------------------------------------------
2026-03-02 18:29:46,387 - INFO - Supply specs available: ['(1) Natl', '(2) +Bank', '(3) +FE', '(4) Clust', '(5) CF Natl', '(6) CF+Bank', '(7) CF+FE', '(8) CF+Clust', '(9) CF-Haus', '(10) CF-H+Bank']
2026-03-02 18:29:46,391 - INFO - 
>>> Step 2: Computing structural sleeping-deposit predictions ...
2026-03-02 18:29:46,471 - INFO -   Supply spec '(1) Natl': hat_Y computed for 66,903 obs (struct cols = ['nr_lag', 'selic_nr_lag'])
2026-03-02 18:29:46,491 - INFO -   Supply spec '(2) +Bank': hat_Y computed for 66,901 obs (struct cols = ['nr_lag', 'selic_nr_lag', 'logA_nr_lag', 'eq_nr_lag', 'seg_S2_nr_lag', 'seg_S3_nr_lag', 'seg_S4_nr_lag', 'seg_S5_nr_lag'])
2026-03-02 18:29:46,497 - INFO -   Supply spec '(3) +FE': hat_Y computed for 66,903 obs (struct cols = ['nr_lag', 'selic_nr_lag', 'logA_nr_lag', 'eq_nr_lag'])
2026-03-02 18:29:46,502 - INFO -   Supply spec '(4) Clust': hat_Y computed for 66,903 obs (struct cols = ['nr_lag', 'selic_nr_lag', 'logA_nr_lag', 'eq_nr_lag'])
2026-03-02 18:29:46,507 - INFO -   Supply spec '(5) CF Natl': hat_Y computed for 66,903 obs (struct cols = ['nr_lag', 'selic_nr_lag'])
2026-03-02 18:29:46,514 - INFO -   Supply spec '(6) CF+Bank': hat_Y computed for 66,901 obs (struct cols = ['nr_lag', 'selic_nr_lag', 'logA_nr_lag', 'eq_nr_lag', 'seg_S2_nr_lag', 'seg_S3_nr_lag', 'seg_S4_nr_lag', 'seg_S5_nr_lag'])
2026-03-02 18:29:46,529 - INFO -   Supply spec '(7) CF+FE': hat_Y computed for 66,903 obs (struct cols = ['nr_lag', 'selic_nr_lag', 'logA_nr_lag', 'eq_nr_lag'])
2026-03-02 18:29:46,534 - INFO -   Supply spec '(8) CF+Clust': hat_Y computed for 66,903 obs (struct cols = ['nr_lag', 'selic_nr_lag', 'logA_nr_lag', 'eq_nr_lag'])
2026-03-02 18:29:46,539 - INFO -   Supply spec '(9) CF-Haus': hat_Y computed for 66,903 obs (struct cols = ['nr_lag', 'selic_nr_lag'])
2026-03-02 18:29:46,547 - INFO -   Supply spec '(10) CF-H+Bank': hat_Y computed for 66,901 obs (struct cols = ['nr_lag', 'selic_nr_lag', 'logA_nr_lag', 'eq_nr_lag', 'seg_S2_nr_lag', 'seg_S3_nr_lag', 'seg_S4_nr_lag', 'seg_S5_nr_lag'])
2026-03-02 18:29:46,551 - INFO - 
>>> Step 3: Active deposit diagnostics by supply spec ...
2026-03-02 18:29:46,561 - INFO -   '(1) Natl': active>0=57.0%, active=0=43.0%, mean(active|active>0)=79354390.3
2026-03-02 18:29:46,577 - INFO -   '(2) +Bank': active>0=57.6%, active=0=42.4%, mean(active|active>0)=72100072.3
2026-03-02 18:29:46,589 - INFO -   '(3) +FE': active>0=69.7%, active=0=30.3%, mean(active|active>0)=119596317.5
2026-03-02 18:29:46,598 - INFO -   '(4) Clust': active>0=69.7%, active=0=30.3%, mean(active|active>0)=119596317.5
2026-03-02 18:29:46,615 - INFO -   '(5) CF Natl': active>0=50.1%, active=0=49.9%, mean(active|active>0)=78753270.9
2026-03-02 18:29:46,629 - INFO -   '(6) CF+Bank': active>0=40.9%, active=0=59.1%, mean(active|active>0)=82778006.9
2026-03-02 18:29:46,644 - INFO -   '(7) CF+FE': active>0=53.3%, active=0=46.7%, mean(active|active>0)=100480558.6
2026-03-02 18:29:46,654 - INFO -   '(8) CF+Clust': active>0=53.3%, active=0=46.7%, mean(active|active>0)=100480558.6
2026-03-02 18:29:46,663 - INFO -   '(9) CF-Haus': active>0=50.2%, active=0=49.8%, mean(active|active>0)=78764571.7
2026-03-02 18:29:46,676 - INFO -   '(10) CF-H+Bank': active>0=41.1%, active=0=58.9%, mean(active|active>0)=82766266.0
2026-03-02 18:29:46,678 - INFO - 
>>> Step 4: Estimating Berry (1994) demand equation ...
2026-03-02 18:29:46,686 - INFO - Demand -- type-interacted spread columns: ['spread_T1', 'spread_T2', 'spread_T3', 'spread_T4', 'spread_T5']
2026-03-02 18:29:46,772 - INFO - Endogenous types [4, 5]: 31,941 obs (47.7% of full sample)
2026-03-02 18:29:46,780 - INFO - Demand CF cost shifters (types 4-5): ['cosif_lag', 'log_assets_std', 'equity_ratio', 'lagged_cdi', 'lagged_selic', 'personnel_cost_ratio_lag', 'admin_cost_ratio_lag']
2026-03-02 18:29:46,864 - INFO - Demand CF-A (types 4-5): N=22,822, R^2=0.2634
2026-03-02 18:29:46,880 - INFO -   Joint F (cost vars): 1352.63 (strong)
2026-03-02 18:29:47,037 - INFO - Demand CF-B (types 4-5, +Hausman IV): N=22,822, R^2=0.4188
2026-03-02 18:29:47,042 - INFO -   F (Hausman IV): 5451.51 (strong)
2026-03-02 18:29:47,217 - INFO - 
=== Demand: supply spec '(1) Natl' | N_valid=38,113, N_zero_active=28,790 / 66,903 ===
2026-03-02 18:29:47,219 - INFO -   log(s_active): mean=-9.3722, sd=2.3770
2026-03-02 18:29:47,341 - INFO -   D(1) Natl spread_T1: coef=-4.159770 (SE=0.015197, p=0.0000)***
2026-03-02 18:29:47,343 - INFO -   D(1) Natl spread_T2: coef=-10.000062 (SE=0.094967, p=0.0000)***
2026-03-02 18:29:47,345 - INFO -   D(1) Natl spread_T3: coef=-2005.608426 (SE=55.209031, p=0.0000)***
2026-03-02 18:29:47,347 - INFO -   D(1) Natl spread_T4: coef=0.369046 (SE=0.002166, p=0.0000)***
2026-03-02 18:29:47,350 - INFO -   D(1) Natl spread_T5: coef=-3.187408 (SE=0.053282, p=0.0000)***
2026-03-02 18:29:47,467 - INFO - 
=== Demand: supply spec '(2) +Bank' | N_valid=38,553, N_zero_active=28,348 / 66,903 ===
2026-03-02 18:29:47,470 - INFO -   log(s_active): mean=-9.4691, sd=2.3974
2026-03-02 18:29:47,586 - INFO -   D(2) +Bank spread_T1: coef=-4.176348 (SE=0.014876, p=0.0000)***
2026-03-02 18:29:47,591 - INFO -   D(2) +Bank spread_T2: coef=-9.965714 (SE=0.098868, p=0.0000)***
2026-03-02 18:29:47,597 - INFO -   D(2) +Bank spread_T3: coef=-2123.515410 (SE=53.866431, p=0.0000)***
2026-03-02 18:29:47,600 - INFO -   D(2) +Bank spread_T4: coef=0.364748 (SE=0.002142, p=0.0000)***
2026-03-02 18:29:47,604 - INFO -   D(2) +Bank spread_T5: coef=-3.178282 (SE=0.052136, p=0.0000)***
2026-03-02 18:29:47,738 - INFO - 
=== Demand: supply spec '(3) +FE' | N_valid=46,663, N_zero_active=20,240 / 66,903 ===
2026-03-02 18:29:47,741 - INFO -   log(s_active): mean=-9.4904, sd=2.3103
2026-03-02 18:29:56,753 - INFO -   D(3) +FE spread_T1: coef=-5.514428 (SE=0.012050, p=0.0000)***
2026-03-02 18:29:56,756 - INFO -   D(3) +FE spread_T2: coef=-13.033008 (SE=0.107276, p=0.0000)***
2026-03-02 18:29:56,758 - INFO -   D(3) +FE spread_T3: coef=-6650.836471 (SE=173.646597, p=0.0000)***
2026-03-02 18:29:56,760 - INFO -   D(3) +FE spread_T4: coef=0.803395 (SE=0.002032, p=0.0000)***
2026-03-02 18:29:56,765 - INFO -   D(3) +FE spread_T5: coef=-4.819139 (SE=0.095070, p=0.0000)***
2026-03-02 18:29:56,888 - INFO - 
=== Demand: supply spec '(4) Clust' | N_valid=46,663, N_zero_active=20,240 / 66,903 ===
2026-03-02 18:29:56,891 - INFO -   log(s_active): mean=-9.4904, sd=2.3103
2026-03-02 18:30:03,318 - INFO -   D(4) Clust spread_T1: coef=-5.514428 (SE=0.036810, p=0.0000)***
2026-03-02 18:30:03,321 - INFO -   D(4) Clust spread_T2: coef=-13.033008 (SE=0.274928, p=0.0000)***
2026-03-02 18:30:03,321 - INFO -   D(4) Clust spread_T3: coef=-6650.836471 (SE=401.111738, p=0.0000)***
2026-03-02 18:30:03,321 - INFO -   D(4) Clust spread_T4: coef=0.803395 (SE=0.008050, p=0.0000)***
2026-03-02 18:30:03,329 - INFO -   D(4) Clust spread_T5: coef=-4.819139 (SE=0.248803, p=0.0000)***
2026-03-02 18:30:03,418 - INFO - 
=== Demand: supply spec '(5) CF Natl' | N_valid=33,532, N_zero_active=33,371 / 66,903 ===
2026-03-02 18:30:03,422 - INFO -   log(s_active): mean=-9.2621, sd=2.3724
2026-03-02 18:30:03,507 - INFO -   D(5) CF Natl spread_T1: coef=-4.293494 (SE=0.018553, p=0.0000)***
2026-03-02 18:30:03,510 - INFO -   D(5) CF Natl spread_T2: coef=-10.167217 (SE=0.099919, p=0.0000)***
2026-03-02 18:30:03,513 - INFO -   D(5) CF Natl spread_T3: coef=-1959.534180 (SE=55.557623, p=0.0000)***
2026-03-02 18:30:03,516 - INFO -   D(5) CF Natl spread_T4: coef=0.530043 (SE=0.006329, p=0.0000)***
2026-03-02 18:30:03,519 - INFO -   D(5) CF Natl spread_T5: coef=-2.579677 (SE=0.076987, p=0.0000)***
2026-03-02 18:30:03,593 - INFO - 
=== Demand: supply spec '(6) CF+Bank' | N_valid=27,384, N_zero_active=39,517 / 66,903 ===
2026-03-02 18:30:03,596 - INFO -   log(s_active): mean=-9.0935, sd=2.4235
2026-03-02 18:30:03,753 - INFO -   D(6) CF+Bank spread_T1: coef=-4.184943 (SE=0.020892, p=0.0000)***
2026-03-02 18:30:03,754 - INFO -   D(6) CF+Bank spread_T2: coef=-10.051240 (SE=0.104565, p=0.0000)***
2026-03-02 18:30:03,758 - INFO -   D(6) CF+Bank spread_T3: coef=-1901.773491 (SE=55.681810, p=0.0000)***
2026-03-02 18:30:03,761 - INFO -   D(6) CF+Bank spread_T4: coef=0.537499 (SE=0.008784, p=0.0000)***
2026-03-02 18:30:03,794 - INFO -   D(6) CF+Bank spread_T5: coef=-2.538102 (SE=0.086764, p=0.0000)***
2026-03-02 18:30:03,876 - INFO - 
=== Demand: supply spec '(7) CF+FE' | N_valid=35,649, N_zero_active=31,254 / 66,903 ===
2026-03-02 18:30:03,879 - INFO -   log(s_active): mean=-9.3757, sd=2.4152
2026-03-02 18:30:10,834 - INFO -   D(7) CF+FE spread_T1: coef=-5.345967 (SE=0.013991, p=0.0000)***
2026-03-02 18:30:10,837 - INFO -   D(7) CF+FE spread_T2: coef=-13.295671 (SE=0.119084, p=0.0000)***
2026-03-02 18:30:10,840 - INFO -   D(7) CF+FE spread_T3: coef=-5043.038751 (SE=190.541122, p=0.0000)***
2026-03-02 18:30:10,844 - INFO -   D(7) CF+FE spread_T4: coef=0.944768 (SE=0.006583, p=0.0000)***
2026-03-02 18:30:10,847 - INFO -   D(7) CF+FE spread_T5: coef=-3.811243 (SE=0.117173, p=0.0000)***
2026-03-02 18:30:10,971 - INFO - 
=== Demand: supply spec '(8) CF+Clust' | N_valid=35,649, N_zero_active=31,254 / 66,903 ===
2026-03-02 18:30:10,974 - INFO -   log(s_active): mean=-9.3757, sd=2.4152
2026-03-02 18:30:18,840 - INFO -   D(8) CF+Clust spread_T1: coef=-5.345967 (SE=0.040388, p=0.0000)***
2026-03-02 18:30:18,845 - INFO -   D(8) CF+Clust spread_T2: coef=-13.295671 (SE=0.305097, p=0.0000)***
2026-03-02 18:30:18,849 - INFO -   D(8) CF+Clust spread_T3: coef=-5043.038751 (SE=437.497658, p=0.0000)***
2026-03-02 18:30:18,852 - INFO -   D(8) CF+Clust spread_T4: coef=0.944768 (SE=0.019525, p=0.0000)***
2026-03-02 18:30:18,855 - INFO -   D(8) CF+Clust spread_T5: coef=-3.811243 (SE=0.282976, p=0.0000)***
2026-03-02 18:30:18,948 - INFO - 
=== Demand: supply spec '(9) CF-Haus' | N_valid=33,585, N_zero_active=33,318 / 66,903 ===
2026-03-02 18:30:18,951 - INFO -   log(s_active): mean=-9.2631, sd=2.3723
2026-03-02 18:30:19,051 - INFO -   D(9) CF-Haus spread_T1: coef=-4.291538 (SE=0.018511, p=0.0000)***
2026-03-02 18:30:19,054 - INFO -   D(9) CF-Haus spread_T2: coef=-10.158134 (SE=0.099774, p=0.0000)***
2026-03-02 18:30:19,059 - INFO -   D(9) CF-Haus spread_T3: coef=-1958.331829 (SE=55.468741, p=0.0000)***
2026-03-02 18:30:19,063 - INFO -   D(9) CF-Haus spread_T4: coef=0.540225 (SE=0.004811, p=0.0000)***
2026-03-02 18:30:19,066 - INFO -   D(9) CF-Haus spread_T5: coef=-2.881730 (SE=0.063797, p=0.0000)***
2026-03-02 18:30:19,144 - INFO - 
=== Demand: supply spec '(10) CF-H+Bank' | N_valid=27,497, N_zero_active=39,404 / 66,903 ===
2026-03-02 18:30:19,146 - INFO -   log(s_active): mean=-9.1054, sd=2.4280
2026-03-02 18:30:19,231 - INFO -   D(10) CF-H+Bank spread_T1: coef=-4.188678 (SE=0.020778, p=0.0000)***
2026-03-02 18:30:19,234 - INFO -   D(10) CF-H+Bank spread_T2: coef=-10.040701 (SE=0.104550, p=0.0000)***
2026-03-02 18:30:19,236 - INFO -   D(10) CF-H+Bank spread_T3: coef=-1895.230643 (SE=55.071812, p=0.0000)***
2026-03-02 18:30:19,239 - INFO -   D(10) CF-H+Bank spread_T4: coef=0.539232 (SE=0.008691, p=0.0000)***
2026-03-02 18:30:19,240 - INFO -   D(10) CF-H+Bank spread_T5: coef=-2.528622 (SE=0.086905, p=0.0000)***
2026-03-02 18:30:19,254 - INFO - 
>>> Step 5: Exporting demand results ...
2026-03-02 18:30:19,283 - INFO - Demand results exported to c:\Users\pedro\OneDrive\Documentos\Yale\Year 3 (2024 - 2025)\Open Finance\Open-Finance\BCB\Egan_et_al_2025_Rep\processed\ESTIMATION_OUTPUT\demand_results_conglomerate.csv
2026-03-02 18:30:19,342 - INFO - Demand LaTeX table exported to c:\Users\pedro\OneDrive\Documentos\Yale\Year 3 (2024 - 2025)\Open Finance\Open-Finance\BCB\Egan_et_al_2025_Rep\processed\ESTIMATION_OUTPUT\demand_table_conglomerate.tex
2026-03-02 18:30:19,342 - INFO - Demand specs estimated: ['D(1) Natl', 'D(2) +Bank', 'D(3) +FE', 'D(4) Clust', 'D(5) CF Natl', 'D(6) CF+Bank', 'D(7) CF+FE', 'D(8) CF+Clust', 'D(9) CF-Haus', 'D(10) CF-H+Bank']
2026-03-02 18:30:19,344 - INFO - Done -- estimation_demand_1.py complete.
2026-03-02 19:35:14,942 - INFO - ================================================================================
2026-03-02 19:35:14,946 - INFO - DEMAND ESTIMATION -- CONGLOMERATE LEVEL
2026-03-02 19:35:14,950 - INFO - Berry (1994) active market shares | estimation_demand_1.py
2026-03-02 19:35:14,953 - INFO - ================================================================================
2026-03-02 19:35:14,957 - INFO - 
>>> Step 1: Loading panel and running supply estimation ...
2026-03-02 19:35:15,032 - INFO - Loading panel ...
2026-03-02 19:35:17,296 - INFO - Raw panel: 241,519 rows, 33 cols
2026-03-02 19:35:17,298 - INFO -   total_assets coverage: 241,519 / 241,519
2026-03-02 19:35:17,300 - INFO -   equity_ratio coverage: 239,294 / 241,519
2026-03-02 19:35:17,308 - INFO -   segment coverage: 230,256 / 241,519
2026-03-02 19:35:17,426 - INFO - log_total_assets: mean=19.79, sd=2.57 (standardized for estimation)
2026-03-02 19:35:17,533 - INFO - Winsorized deposit_balance at [p1,p99]=[297.8,34626022396.7]: dropped 1,366 outliers
2026-03-02 19:35:17,533 - INFO - Estimation sample: 66,903 rows
2026-03-02 19:35:17,538 - INFO -   Banks:    1236
2026-03-02 19:35:17,539 - INFO -   Quarters: 37
2026-03-02 19:35:17,541 - INFO -   Types:    [np.int64(1), np.int64(2), np.int64(3), np.int64(4), np.int64(5)]
2026-03-02 19:35:17,542 - INFO - Dep var (deposit_balance, levels) summary:
2026-03-02 19:35:17,546 - INFO -   mean=470784318.3, sd=2003063602.1, p5=841909.3, p95=1711527799.3
2026-03-02 19:35:17,546 - INFO - nr_lag (nr x D_{t-1}) summary:
2026-03-02 19:35:17,548 - INFO -   mean=416390695.086520, sd=1847104374.609097
2026-03-02 19:35:17,548 - INFO - Lagged Selic (p.a.) summary:
2026-03-02 19:35:17,550 - INFO -   mean=9.29, sd=4.10, min=2.00, max=15.00
2026-03-02 19:35:17,553 - INFO - Segment distribution: {'S5': 39798, 'S4': 18039, 'S3': 4787, 'S2': 986, 'S1': 392}
2026-03-02 19:35:17,557 - INFO - ================================================================================
2026-03-02 19:35:17,558 - INFO - STRUCTURAL ESTIMATION: deposit_balance = phi(S,X) x nr x D_{t-1}
2026-03-02 19:35:17,558 - INFO -   phi(S,X) = Y'_1 S_t + Y'_2 X_jt  (Egan et al. 2025, Table 3)
2026-03-02 19:35:17,558 - INFO - ================================================================================
2026-03-02 19:35:20,133 - INFO - Dep var: Dep_jkt (levels)     
2026-03-02 19:35:20,135 - INFO - ----------------------------------------------------------------------------------------------
2026-03-02 19:35:20,139 - INFO -                                       (1) Natl       (2) +Bank         (3) +FE       (4) Clust
2026-03-02 19:35:20,142 - INFO - ----------------------------------------------------------------------------------------------
2026-03-02 19:35:20,201 - INFO -   Y_1,cons  (nr x D_{t-1})          1.0824***       1.0512***       1.4971***       1.4971*** 
2026-03-02 19:35:20,202 - INFO -                                 (   0.0230)   (   0.2351)   (   0.1448)   (   0.1566) 
2026-03-02 19:35:20,207 - INFO -   Y_1,RF   (selic x nr x D_{t-1})     -0.0021         -0.0062         -0.0014         -0.0014    
2026-03-02 19:35:20,208 - INFO -                                 (   0.0029)   (   0.0039)   (   0.0018)   (   0.0020) 
2026-03-02 19:35:20,210 - INFO -   Y_2,size (logA x nr x D_{t-1})                      0.0047         -0.1403***      -0.1403*** 
2026-03-02 19:35:20,212 - INFO -                                                 (   0.0830)   (   0.0447)   (   0.0511) 
2026-03-02 19:35:20,219 - INFO -   Y_2,eq   (E/A x nr x D_{t-1})                     -0.3255*        -1.4166***      -1.4166*** 
2026-03-02 19:35:20,221 - INFO -                                                 (   0.1816)   (   0.4486)   (   0.4746) 
2026-03-02 19:35:20,225 - INFO -   Y_2,S2  (seg_S2 x nr x D_{t-1})                      0.0960                                    
2026-03-02 19:35:20,226 - INFO -                                                 (   0.0962)                                 
2026-03-02 19:35:20,229 - INFO -   Y_2,S3  (seg_S3 x nr x D_{t-1})                      0.2165                                    
2026-03-02 19:35:20,231 - INFO -                                                 (   0.1405)                                 
2026-03-02 19:35:20,232 - INFO -   Y_2,S4  (seg_S4 x nr x D_{t-1})                      0.1936                                    
2026-03-02 19:35:20,233 - INFO -                                                 (   0.1763)                                 
2026-03-02 19:35:20,236 - INFO -   Y_2,S5  (seg_S5 x nr x D_{t-1})                      0.2624                                    
2026-03-02 19:35:20,236 - INFO -                                                 (   0.2346)                                 
2026-03-02 19:35:20,238 - INFO - ----------------------------------------------------------------------------------------------
2026-03-02 19:35:20,239 - INFO -   N                                     66,903          66,901          66,903          66,903
2026-03-02 19:35:20,243 - INFO -   R^2                                   0.9531          0.9588          0.8180          0.8180
2026-03-02 19:35:20,244 - INFO -   BankxType FE                              No              No             Yes             Yes
2026-03-02 19:35:20,247 - INFO -   Time FE                                   No              No             Yes             Yes
2026-03-02 19:35:20,248 - INFO -   SE type                            HC-robust       HC-robust       HC-robust      Bank-clust
2026-03-02 19:35:20,250 - INFO - ----------------------------------------------------------------------------------------------
2026-03-02 19:35:20,251 - INFO - Interpretation guide:
2026-03-02 19:35:20,251 - INFO -   Y_1,cons = coef on nr_lag = phi_cons (retention scaling factor)
2026-03-02 19:35:20,252 - INFO -   Y_1,RF < 0 means depositors sleepier when rates are low
2026-03-02 19:35:20,254 - INFO -   Y_2,size > 0 means larger banks retain more deposits
2026-03-02 19:35:20,256 - INFO - Baseline retention coef on nr_lag (Spec 1): 1.0824
2026-03-02 19:35:20,261 - INFO - ================================================================================
2026-03-02 19:35:20,261 - INFO - CONTROL FUNCTION ESTIMATION (semi-parametric CF) [CONGLOMERATE]
2026-03-02 19:35:20,262 - INFO -   Stage 1: spread_jkt ~ cost_shifters + type_dummies  -->  v_hat
2026-03-02 19:35:20,262 - INFO -   Stage 2: deposit_balance = phi(S,X)*nr*D_{t-1} + b1*v + b2*v^2 + b3*v^3 + eps
2026-03-02 19:35:20,262 - INFO -   All deposit types treated as potentially endogenous.
2026-03-02 19:35:20,263 - INFO - ================================================================================
2026-03-02 19:35:20,265 - INFO - First-stage cost shifters: ['cosif_lag', 'log_assets_std', 'equity_ratio', 'lagged_cdi', 'lagged_selic', 'personnel_cost_ratio_lag', 'admin_cost_ratio_lag']
2026-03-02 19:35:20,374 - INFO - First-stage A -- N=48,572, R^2=0.5660
2026-03-02 19:35:20,375 - INFO -   cosif_lag: coef=0.112836, p=0.0000
2026-03-02 19:35:20,377 - INFO -   log_assets_std: coef=0.046831, p=0.4902
2026-03-02 19:35:20,377 - INFO -   equity_ratio: coef=3.016783, p=0.0000
2026-03-02 19:35:20,378 - INFO -   lagged_cdi: coef=-3.103593, p=0.0000
2026-03-02 19:35:20,379 - INFO -   lagged_selic: coef=0.904159, p=0.0000
2026-03-02 19:35:20,381 - INFO -   personnel_cost_ratio_lag: coef=-59.453711, p=0.0000
2026-03-02 19:35:20,382 - INFO -   admin_cost_ratio_lag: coef=1.101676, p=0.1150
2026-03-02 19:35:20,383 - INFO -   type2_d: coef=-1.396259, p=0.0000
2026-03-02 19:35:20,383 - INFO -   type3_d: coef=-2.142413, p=0.0000
2026-03-02 19:35:20,384 - INFO -   type4_d: coef=-20.541621, p=0.0000
2026-03-02 19:35:20,385 - INFO -   type5_d: coef=-1.159271, p=0.0000
2026-03-02 19:35:20,391 - INFO -   Joint F (cost vars): 317.81 (strong)
2026-03-02 19:35:20,428 - INFO - Computing Hausman IV (leave-one-out spread mean by type x quarter) ...
2026-03-02 19:35:20,547 - INFO - First-stage B -- N=48,572, R^2=0.6215
2026-03-02 19:35:20,550 - INFO -   hausman_iv_spread: coef=1.495158, p=0.0000
2026-03-02 19:35:20,552 - INFO -   cosif_lag: coef=-0.012449, p=0.0003
2026-03-02 19:35:20,553 - INFO -   log_assets_std: coef=0.382303, p=0.0000
2026-03-02 19:35:20,555 - INFO -   equity_ratio: coef=4.446583, p=0.0000
2026-03-02 19:35:20,555 - INFO -   lagged_cdi: coef=-0.168771, p=0.4677
2026-03-02 19:35:20,557 - INFO -   lagged_selic: coef=0.002775, p=0.9605
2026-03-02 19:35:20,566 - INFO -   personnel_cost_ratio_lag: coef=-28.122371, p=0.0000
2026-03-02 19:35:20,568 - INFO -   admin_cost_ratio_lag: coef=1.220726, p=0.1023
2026-03-02 19:35:20,588 - INFO -   F (Hausman IV): 3802.07 (strong)
2026-03-02 19:35:20,637 - INFO - CF residuals (Cost-only): N=48,572, mean=0.000000, sd=8.885243
2026-03-02 19:35:20,639 - INFO - CF residuals (Hausman): N=48,572, mean=0.000000, sd=8.298001
2026-03-02 19:35:20,725 - INFO -   CF-Cost(5) cf_resid: 1205653.061573 (p=0.0024) ***
2026-03-02 19:35:20,726 - INFO -   CF-Cost(5) cf_resid_sq: 291795.432798 (p=0.0000) ***
2026-03-02 19:35:20,726 - INFO -   CF-Cost(5) cf_resid_cu: 4012.034535 (p=0.0021) ***
2026-03-02 19:35:20,731 - INFO -   CF-Cost(5) joint F on poly: 107.58 -> endogeneity
2026-03-02 19:35:20,854 - INFO -   CF-Cost(6) cf_resid: 1366731.715739 (p=0.0000) ***
2026-03-02 19:35:20,856 - INFO -   CF-Cost(6) cf_resid_sq: 156960.973712 (p=0.0000) ***
2026-03-02 19:35:20,857 - INFO -   CF-Cost(6) cf_resid_cu: 840.494644 (p=0.4357) 
2026-03-02 19:35:20,859 - INFO -   CF-Cost(6) joint F on poly: 21.85 -> endogeneity
2026-03-02 19:35:22,045 - INFO -   CF+FE(7) cf_resid: 3303874.939207 (p=0.0000)
2026-03-02 19:35:22,046 - INFO -   CF+FE(7) cf_resid_sq: -194492.937115 (p=0.0000)
2026-03-02 19:35:22,050 - INFO -   CF+FE(7) cf_resid_cu: -9581.574873 (p=0.0000)
2026-03-02 19:35:23,047 - INFO -   CF-Hausman(9) cf_resid_h: -3163326.777533 (p=0.0000) ***
2026-03-02 19:35:23,048 - INFO -   CF-Hausman(9) cf_resid_h_sq: 305599.220671 (p=0.0000) ***
2026-03-02 19:35:23,050 - INFO -   CF-Hausman(9) cf_resid_h_cu: 12351.810570 (p=0.0000) ***
2026-03-02 19:35:23,056 - INFO -   CF-Hausman(9) joint F on poly: 99.64 -> endogeneity
2026-03-02 19:35:23,217 - INFO -   CF-Hausman(10) cf_resid_h: -3235963.412975 (p=0.0000) ***
2026-03-02 19:35:23,218 - INFO -   CF-Hausman(10) cf_resid_h_sq: 199469.385064 (p=0.0000) ***
2026-03-02 19:35:23,221 - INFO -   CF-Hausman(10) cf_resid_h_cu: 11010.548739 (p=0.0000) ***
2026-03-02 19:35:23,229 - INFO -   CF-Hausman(10) joint F on poly: 27.44 -> endogeneity
2026-03-02 19:35:23,231 - INFO - Dep var: Dep_jkt (levels, CF) 
2026-03-02 19:35:23,232 - INFO - ------------------------------------------------------------------------------------------------------------------------------
2026-03-02 19:35:23,233 - INFO -                                    (5) CF Natl     (6) CF+Bank       (7) CF+FE    (8) CF+Clust     (9) CF-Haus  (10) CF-H+Bank
2026-03-02 19:35:23,233 - INFO - ------------------------------------------------------------------------------------------------------------------------------
2026-03-02 19:35:23,265 - INFO -   Y_1,cons  (nr x D_{t-1})          1.0636***       1.1643***       1.5592***       1.5592***       1.0637***       1.1690*** 
2026-03-02 19:35:23,266 - INFO -                                 (   0.0302)   (   0.1647)   (   0.1461)   (   0.1970)   (   0.0300)   (   0.1634) 
2026-03-02 19:35:23,271 - INFO -   Y_1,RF   (selic x nr x D_{t-1})      0.0036         -0.0004         -0.0010         -0.0010          0.0035         -0.0004    
2026-03-02 19:35:23,271 - INFO -                                 (   0.0035)   (   0.0024)   (   0.0021)   (   0.0019)   (   0.0035)   (   0.0024) 
2026-03-02 19:35:23,279 - INFO -   Y_2,size (logA x nr x D_{t-1})                     -0.0556         -0.1490***      -0.1490**                       -0.0568    
2026-03-02 19:35:23,279 - INFO -                                                 (   0.0421)   (   0.0382)   (   0.0628)                   (   0.0417) 
2026-03-02 19:35:23,283 - INFO -   Y_2,eq   (E/A x nr x D_{t-1})                     -0.0052         -1.0543**       -1.0543                         -0.0130    
2026-03-02 19:35:23,284 - INFO -                                                 (   0.2320)   (   0.5376)   (   0.6579)                   (   0.2310) 
2026-03-02 19:35:23,287 - INFO -   Y_2,S2  (seg_S2 x nr x D_{t-1})                      0.0452                                                          0.0429    
2026-03-02 19:35:23,287 - INFO -                                                 (   0.0563)                                                   (   0.0558) 
2026-03-02 19:35:23,289 - INFO -   Y_2,S3  (seg_S3 x nr x D_{t-1})                      0.2031***                                                       0.2001*** 
2026-03-02 19:35:23,290 - INFO -                                                 (   0.0607)                                                   (   0.0602) 
2026-03-02 19:35:23,292 - INFO -   Y_2,S4  (seg_S4 x nr x D_{t-1})                      0.0027                                                          0.0027    
2026-03-02 19:35:23,293 - INFO -                                                 (   0.0970)                                                   (   0.0963) 
2026-03-02 19:35:23,294 - INFO -   Y_2,S5  (seg_S5 x nr x D_{t-1})                      0.0302                                                          0.0436    
2026-03-02 19:35:23,294 - INFO -                                                 (   0.0857)                                                   (   0.0851) 
2026-03-02 19:35:23,295 - INFO -   beta_1 v^  (CF-cost, 1st)     1205653.0616***   1366731.7157***   3303874.9392***   3303874.9392***                                 
2026-03-02 19:35:23,296 - INFO -                                 (396498.7728)   (332813.9507)   (369259.9663)   (634130.9740)                                 
2026-03-02 19:35:23,299 - INFO -   beta_2 v^^2 (CF-cost, 2nd)    291795.4328***   156960.9737***   -194492.9371***   -194492.9371***                                 
2026-03-02 19:35:23,299 - INFO -                                 (20918.8167)   (26440.5294)   (23507.5054)   (38628.4638)                                 
2026-03-02 19:35:23,301 - INFO -   beta_3 v^^3 (CF-cost, 3rd)     4012.0345***     840.4946      -9581.5749***   -9581.5749***                                 
2026-03-02 19:35:23,301 - INFO -                                 (1303.0970)   (1078.1922)   (1014.5229)   (1549.2888)                                 
2026-03-02 19:35:23,303 - INFO -   beta_1 v^H (CF-Hausman, 1st)                                                                  -3163326.7775***   -3235963.4130*** 
2026-03-02 19:35:23,303 - INFO -                                                                                                 (540350.5729)   (452128.6646) 
2026-03-02 19:35:23,305 - INFO -   beta_2 v^H^2 (CF-Hausman, 2nd)                                                                  305599.2207***   199469.3851*** 
2026-03-02 19:35:23,305 - INFO -                                                                                                 (20227.3056)   (25657.7744) 
2026-03-02 19:35:23,306 - INFO -   beta_3 v^H^3 (CF-Hausman, 3rd)                                                                  12351.8106***   11010.5487*** 
2026-03-02 19:35:23,306 - INFO -                                                                                                 (1579.2705)   (1420.8800) 
2026-03-02 19:35:23,306 - INFO - ------------------------------------------------------------------------------------------------------------------------------
2026-03-02 19:35:23,307 - INFO -   N                                     48,572          48,572          48,572          48,572          48,572          48,572
2026-03-02 19:35:23,309 - INFO -   R^2                                   0.9576          0.9666          0.8701          0.8701          0.9580          0.9669
2026-03-02 19:35:23,309 - INFO -   BankxType FE                              No              No             Yes             Yes              No              No
2026-03-02 19:35:23,310 - INFO -   Time FE                                   No              No             Yes             Yes              No              No
2026-03-02 19:35:23,310 - INFO -   SE type                            HC-robust       HC-robust       HC-robust      Bank-clust       HC-robust       HC-robust
2026-03-02 19:35:23,310 - INFO - ------------------------------------------------------------------------------------------------------------------------------
2026-03-02 19:35:23,319 - INFO - Supply specs available: ['(1) Natl', '(2) +Bank', '(3) +FE', '(4) Clust', '(5) CF Natl', '(6) CF+Bank', '(7) CF+FE', '(8) CF+Clust', '(9) CF-Haus', '(10) CF-H+Bank']
2026-03-02 19:35:23,320 - INFO - 
>>> Step 2: Computing structural sleeping-deposit predictions ...
2026-03-02 19:35:23,355 - INFO -   Supply spec '(1) Natl': hat_Y computed for 66,903 obs (struct cols = ['nr_lag', 'selic_nr_lag'])
2026-03-02 19:35:23,362 - INFO -   Supply spec '(2) +Bank': hat_Y computed for 66,901 obs (struct cols = ['nr_lag', 'selic_nr_lag', 'logA_nr_lag', 'eq_nr_lag', 'seg_S2_nr_lag', 'seg_S3_nr_lag', 'seg_S4_nr_lag', 'seg_S5_nr_lag'])
2026-03-02 19:35:23,371 - INFO -   Supply spec '(3) +FE': hat_Y computed for 66,903 obs (struct cols = ['nr_lag', 'selic_nr_lag', 'logA_nr_lag', 'eq_nr_lag'])
2026-03-02 19:35:23,375 - INFO -   Supply spec '(4) Clust': hat_Y computed for 66,903 obs (struct cols = ['nr_lag', 'selic_nr_lag', 'logA_nr_lag', 'eq_nr_lag'])
2026-03-02 19:35:23,378 - INFO -   Supply spec '(5) CF Natl': hat_Y computed for 66,903 obs (struct cols = ['nr_lag', 'selic_nr_lag'])
2026-03-02 19:35:23,384 - INFO -   Supply spec '(6) CF+Bank': hat_Y computed for 66,901 obs (struct cols = ['nr_lag', 'selic_nr_lag', 'logA_nr_lag', 'eq_nr_lag', 'seg_S2_nr_lag', 'seg_S3_nr_lag', 'seg_S4_nr_lag', 'seg_S5_nr_lag'])
2026-03-02 19:35:23,387 - INFO -   Supply spec '(7) CF+FE': hat_Y computed for 66,903 obs (struct cols = ['nr_lag', 'selic_nr_lag', 'logA_nr_lag', 'eq_nr_lag'])
2026-03-02 19:35:23,391 - INFO -   Supply spec '(8) CF+Clust': hat_Y computed for 66,903 obs (struct cols = ['nr_lag', 'selic_nr_lag', 'logA_nr_lag', 'eq_nr_lag'])
2026-03-02 19:35:23,396 - INFO -   Supply spec '(9) CF-Haus': hat_Y computed for 66,903 obs (struct cols = ['nr_lag', 'selic_nr_lag'])
2026-03-02 19:35:23,401 - INFO -   Supply spec '(10) CF-H+Bank': hat_Y computed for 66,901 obs (struct cols = ['nr_lag', 'selic_nr_lag', 'logA_nr_lag', 'eq_nr_lag', 'seg_S2_nr_lag', 'seg_S3_nr_lag', 'seg_S4_nr_lag', 'seg_S5_nr_lag'])
2026-03-02 19:35:23,402 - INFO - 
>>> Step 3: Active deposit diagnostics by supply spec ...
2026-03-02 19:35:23,407 - INFO -   '(1) Natl': active>0=58.6%, active=0=41.4%, mean(active|active>0)=92419621.0
2026-03-02 19:35:23,410 - INFO -   '(2) +Bank': active>0=52.8%, active=0=47.2%, mean(active|active>0)=88724951.7
2026-03-02 19:35:23,414 - INFO -   '(3) +FE': active>0=68.7%, active=0=31.3%, mean(active|active>0)=132359717.0
2026-03-02 19:35:23,418 - INFO -   '(4) Clust': active>0=68.7%, active=0=31.3%, mean(active|active>0)=132359717.0
2026-03-02 19:35:23,422 - INFO -   '(5) CF Natl': active>0=52.0%, active=0=48.0%, mean(active|active>0)=90443262.4
2026-03-02 19:35:23,427 - INFO -   '(6) CF+Bank': active>0=38.5%, active=0=61.5%, mean(active|active>0)=97793609.7
2026-03-02 19:35:23,431 - INFO -   '(7) CF+FE': active>0=46.0%, active=0=54.0%, mean(active|active>0)=117134725.0
2026-03-02 19:35:23,437 - INFO -   '(8) CF+Clust': active>0=46.0%, active=0=54.0%, mean(active|active>0)=117134725.0
2026-03-02 19:35:23,440 - INFO -   '(9) CF-Haus': active>0=52.0%, active=0=48.0%, mean(active|active>0)=90456681.5
2026-03-02 19:35:23,446 - INFO -   '(10) CF-H+Bank': active>0=37.3%, active=0=62.7%, mean(active|active>0)=99941592.3
2026-03-02 19:35:23,446 - INFO - 
>>> Step 4: Estimating Berry (1994) demand equation ...
2026-03-02 19:35:23,453 - INFO - Demand -- type-interacted spread columns: ['spread_T1', 'spread_T2', 'spread_T3', 'spread_T4', 'spread_T5']
2026-03-02 19:35:23,491 - INFO - Endogenous types [4, 5]: 31,941 obs (47.7% of full sample)
2026-03-02 19:35:23,496 - INFO - Demand CF cost shifters (types 4-5): ['cosif_lag', 'log_assets_std', 'equity_ratio', 'lagged_cdi', 'lagged_selic', 'personnel_cost_ratio_lag', 'admin_cost_ratio_lag']
2026-03-02 19:35:23,570 - INFO - Demand CF-A (types 4-5): N=22,822, R^2=0.1462
2026-03-02 19:35:23,582 - INFO -   Joint F (cost vars): 257.33 (strong)
2026-03-02 19:35:23,680 - INFO - Demand CF-B (types 4-5, +Hausman IV): N=22,822, R^2=0.2391
2026-03-02 19:35:23,683 - INFO -   F (Hausman IV): 2110.56 (strong)
2026-03-02 19:35:23,785 - INFO - 
=== Demand: supply spec '(1) Natl' | N_valid=39,179, N_zero_active=27,724 / 66,903 ===
2026-03-02 19:35:23,788 - INFO -   log(s_active): mean=-9.2894, sd=2.3683
2026-03-02 19:35:23,860 - INFO -   D(1) Natl spread_T1: coef=-4.280347 (SE=0.016767, p=0.0000)***
2026-03-02 19:35:23,861 - INFO -   D(1) Natl spread_T2: coef=-10.255791 (SE=0.100575, p=0.0000)***
2026-03-02 19:35:23,863 - INFO -   D(1) Natl spread_T3: coef=-2009.740451 (SE=53.652821, p=0.0000)***
2026-03-02 19:35:23,865 - INFO -   D(1) Natl spread_T4: coef=0.299279 (SE=0.001075, p=0.0000)***
2026-03-02 19:35:23,867 - INFO -   D(1) Natl spread_T5: coef=-3.074834 (SE=0.372533, p=0.0000)***
2026-03-02 19:35:23,911 - INFO - 
=== Demand: supply spec '(2) +Bank' | N_valid=35,330, N_zero_active=31,571 / 66,903 ===
2026-03-02 19:35:23,913 - INFO -   log(s_active): mean=-9.3743, sd=2.4742
2026-03-02 19:35:23,962 - INFO -   D(2) +Bank spread_T1: coef=-4.306722 (SE=0.018373, p=0.0000)***
2026-03-02 19:35:23,966 - INFO -   D(2) +Bank spread_T2: coef=-10.144823 (SE=0.109917, p=0.0000)***
2026-03-02 19:35:23,968 - INFO -   D(2) +Bank spread_T3: coef=-2080.549724 (SE=55.464927, p=0.0000)***
2026-03-02 19:35:23,969 - INFO -   D(2) +Bank spread_T4: coef=0.298689 (SE=0.001092, p=0.0000)***
2026-03-02 19:35:23,970 - INFO -   D(2) +Bank spread_T5: coef=-3.224268 (SE=0.389028, p=0.0000)***
2026-03-02 19:35:24,059 - INFO - 
=== Demand: supply spec '(3) +FE' | N_valid=45,935, N_zero_active=20,968 / 66,903 ===
2026-03-02 19:35:24,061 - INFO -   log(s_active): mean=-9.4541, sd=2.3194
2026-03-02 19:35:32,410 - INFO -   D(3) +FE spread_T1: coef=-5.510166 (SE=0.011171, p=0.0000)***
2026-03-02 19:35:32,412 - INFO -   D(3) +FE spread_T2: coef=-13.074244 (SE=0.094187, p=0.0000)***
2026-03-02 19:35:32,413 - INFO -   D(3) +FE spread_T3: coef=-6598.497042 (SE=165.615959, p=0.0000)***
2026-03-02 19:35:32,428 - INFO -   D(3) +FE spread_T4: coef=0.494602 (SE=0.001046, p=0.0000)***
2026-03-02 19:35:32,430 - INFO -   D(3) +FE spread_T5: coef=-4.854639 (SE=0.618841, p=0.0000)***
2026-03-02 19:35:32,555 - INFO - 
=== Demand: supply spec '(4) Clust' | N_valid=45,935, N_zero_active=20,968 / 66,903 ===
2026-03-02 19:35:32,557 - INFO -   log(s_active): mean=-9.4541, sd=2.3194
2026-03-02 19:35:40,295 - INFO -   D(4) Clust spread_T1: coef=-5.510166 (SE=0.039294, p=0.0000)***
2026-03-02 19:35:40,296 - INFO -   D(4) Clust spread_T2: coef=-13.074244 (SE=0.274878, p=0.0000)***
2026-03-02 19:35:40,298 - INFO -   D(4) Clust spread_T3: coef=-6598.497042 (SE=404.261697, p=0.0000)***
2026-03-02 19:35:40,299 - INFO -   D(4) Clust spread_T4: coef=0.494602 (SE=0.004866, p=0.0000)***
2026-03-02 19:35:40,301 - INFO -   D(4) Clust spread_T5: coef=-4.854639 (SE=0.618941, p=0.0000)***
2026-03-02 19:35:40,351 - INFO - 
=== Demand: supply spec '(5) CF Natl' | N_valid=34,768, N_zero_active=32,135 / 66,903 ===
2026-03-02 19:35:40,352 - INFO -   log(s_active): mean=-9.1724, sd=2.3478
2026-03-02 19:35:40,419 - INFO -   D(5) CF Natl spread_T1: coef=-4.492170 (SE=0.021901, p=0.0000)***
2026-03-02 19:35:40,419 - INFO -   D(5) CF Natl spread_T2: coef=-10.459701 (SE=0.109310, p=0.0000)***
2026-03-02 19:35:40,421 - INFO -   D(5) CF Natl spread_T3: coef=-1994.846151 (SE=60.606982, p=0.0000)***
2026-03-02 19:35:40,422 - INFO -   D(5) CF Natl spread_T4: coef=0.405989 (SE=0.002103, p=0.0000)***
2026-03-02 19:35:40,423 - INFO -   D(5) CF Natl spread_T5: coef=-3.131353 (SE=0.318168, p=0.0000)***
2026-03-02 19:35:40,466 - INFO - 
=== Demand: supply spec '(6) CF+Bank' | N_valid=25,740, N_zero_active=41,161 / 66,903 ===
2026-03-02 19:35:40,469 - INFO -   log(s_active): mean=-8.8598, sd=2.3692
2026-03-02 19:35:40,547 - INFO -   D(6) CF+Bank spread_T1: coef=-4.255298 (SE=0.027059, p=0.0000)***
2026-03-02 19:35:40,551 - INFO -   D(6) CF+Bank spread_T2: coef=-10.236377 (SE=0.113594, p=0.0000)***
2026-03-02 19:35:40,553 - INFO -   D(6) CF+Bank spread_T3: coef=-1908.756121 (SE=62.073317, p=0.0000)***
2026-03-02 19:35:40,555 - INFO -   D(6) CF+Bank spread_T4: coef=0.410287 (SE=0.002685, p=0.0000)***
2026-03-02 19:35:40,558 - INFO -   D(6) CF+Bank spread_T5: coef=-3.218157 (SE=0.445522, p=0.0000)***
2026-03-02 19:35:40,652 - INFO - 
=== Demand: supply spec '(7) CF+FE' | N_valid=30,777, N_zero_active=36,126 / 66,903 ===
2026-03-02 19:35:40,655 - INFO -   log(s_active): mean=-9.2609, sd=2.4851
2026-03-02 19:35:47,539 - INFO -   D(7) CF+FE spread_T1: coef=-5.555407 (SE=0.016765, p=0.0000)***
2026-03-02 19:35:47,541 - INFO -   D(7) CF+FE spread_T2: coef=-13.848464 (SE=0.133570, p=0.0000)***
2026-03-02 19:35:47,544 - INFO -   D(7) CF+FE spread_T3: coef=-5043.371213 (SE=197.121075, p=0.0000)***
2026-03-02 19:35:47,546 - INFO -   D(7) CF+FE spread_T4: coef=0.541776 (SE=0.002252, p=0.0000)***
2026-03-02 19:35:47,550 - INFO -   D(7) CF+FE spread_T5: coef=-5.275345 (SE=0.817363, p=0.0000)***
2026-03-02 19:35:47,604 - INFO - 
=== Demand: supply spec '(8) CF+Clust' | N_valid=30,777, N_zero_active=36,126 / 66,903 ===
2026-03-02 19:35:47,605 - INFO -   log(s_active): mean=-9.2609, sd=2.4851
2026-03-02 19:35:53,364 - INFO -   D(8) CF+Clust spread_T1: coef=-5.555407 (SE=0.051813, p=0.0000)***
2026-03-02 19:35:53,364 - INFO -   D(8) CF+Clust spread_T2: coef=-13.848464 (SE=0.372048, p=0.0000)***
2026-03-02 19:35:53,365 - INFO -   D(8) CF+Clust spread_T3: coef=-5043.371213 (SE=436.756530, p=0.0000)***
2026-03-02 19:35:53,366 - INFO -   D(8) CF+Clust spread_T4: coef=0.541776 (SE=0.006434, p=0.0000)***
2026-03-02 19:35:53,367 - INFO -   D(8) CF+Clust spread_T5: coef=-5.275345 (SE=0.817295, p=0.0000)***
2026-03-02 19:35:53,422 - INFO - 
=== Demand: supply spec '(9) CF-Haus' | N_valid=34,793, N_zero_active=32,110 / 66,903 ===
2026-03-02 19:35:53,425 - INFO -   log(s_active): mean=-9.1736, sd=2.3497
2026-03-02 19:35:53,527 - INFO -   D(9) CF-Haus spread_T1: coef=-4.491727 (SE=0.021850, p=0.0000)***
2026-03-02 19:35:53,530 - INFO -   D(9) CF-Haus spread_T2: coef=-10.456246 (SE=0.109211, p=0.0000)***
2026-03-02 19:35:53,532 - INFO -   D(9) CF-Haus spread_T3: coef=-1993.790750 (SE=60.398623, p=0.0000)***
2026-03-02 19:35:53,536 - INFO -   D(9) CF-Haus spread_T4: coef=0.410574 (SE=0.002349, p=0.0000)***
2026-03-02 19:35:53,540 - INFO -   D(9) CF-Haus spread_T5: coef=-3.122746 (SE=0.318780, p=0.0000)***
2026-03-02 19:35:53,610 - INFO - 
=== Demand: supply spec '(10) CF-H+Bank' | N_valid=24,972, N_zero_active=41,929 / 66,903 ===
2026-03-02 19:35:53,612 - INFO -   log(s_active): mean=-8.8502, sd=2.3885
2026-03-02 19:35:53,654 - INFO -   D(10) CF-H+Bank spread_T1: coef=-4.245320 (SE=0.027855, p=0.0000)***
2026-03-02 19:35:53,658 - INFO -   D(10) CF-H+Bank spread_T2: coef=-10.270386 (SE=0.114663, p=0.0000)***
2026-03-02 19:35:53,663 - INFO -   D(10) CF-H+Bank spread_T3: coef=-1912.803508 (SE=62.998905, p=0.0000)***
2026-03-02 19:35:53,666 - INFO -   D(10) CF-H+Bank spread_T4: coef=0.412242 (SE=0.002754, p=0.0000)***
2026-03-02 19:35:53,670 - INFO -   D(10) CF-H+Bank spread_T5: coef=-3.218524 (SE=0.446311, p=0.0000)***
2026-03-02 19:35:53,693 - INFO - 
>>> Step 5: Exporting demand results ...
2026-03-02 19:35:53,716 - INFO - Demand results exported to C:\Users\pedro\OneDrive\Documentos\Yale\Year 3 (2024 - 2025)\Open Finance\Open-Finance\BCB\Egan_et_al_2025_Rep\processed\ESTIMATION_OUTPUT\demand_results_conglomerate.csv
2026-03-02 19:35:53,814 - INFO - Demand LaTeX table exported to C:\Users\pedro\OneDrive\Documentos\Yale\Year 3 (2024 - 2025)\Open Finance\Open-Finance\BCB\Egan_et_al_2025_Rep\processed\ESTIMATION_OUTPUT\demand_table_conglomerate.tex
2026-03-02 19:35:53,814 - INFO - Demand specs estimated: ['D(1) Natl', 'D(2) +Bank', 'D(3) +FE', 'D(4) Clust', 'D(5) CF Natl', 'D(6) CF+Bank', 'D(7) CF+FE', 'D(8) CF+Clust', 'D(9) CF-Haus', 'D(10) CF-H+Bank']
2026-03-02 19:35:53,815 - INFO - Done -- estimation_demand_1.py complete.
2026-03-02 20:21:31,979 - INFO - ================================================================================
2026-03-02 20:21:31,979 - INFO - DEMAND ESTIMATION -- CONGLOMERATE LEVEL
2026-03-02 20:21:31,979 - INFO - Berry (1994) active market shares | estimation_demand_1.py
2026-03-02 20:21:31,993 - INFO - ================================================================================
2026-03-02 20:21:31,995 - INFO - 
>>> Step 1: Loading panel and running supply estimation ...
2026-03-02 20:21:31,995 - INFO - Loading panel ...
2026-03-02 20:21:34,323 - INFO - Raw panel: 241,519 rows, 33 cols
2026-03-02 20:21:34,460 - INFO -   total_assets coverage: 241,519 / 241,519
2026-03-02 20:21:34,471 - INFO -   equity_ratio coverage: 239,294 / 241,519
2026-03-02 20:21:34,489 - INFO -   segment coverage: 230,256 / 241,519
2026-03-02 20:21:34,758 - INFO - log_total_assets: mean=19.79, sd=2.57 (standardized for estimation)
2026-03-02 20:21:34,979 - INFO - Winsorized deposit_balance at [p1,p99]=[297.8,34626022396.7]: dropped 1,366 outliers
2026-03-02 20:21:34,979 - INFO - Estimation sample: 66,903 rows
2026-03-02 20:21:34,993 - INFO -   Banks:    1236
2026-03-02 20:21:34,997 - INFO -   Quarters: 37
2026-03-02 20:21:35,004 - INFO -   Types:    [np.int64(1), np.int64(2), np.int64(3), np.int64(4), np.int64(5)]
2026-03-02 20:21:35,007 - INFO - Dep var (deposit_balance, levels) summary:
2026-03-02 20:21:35,013 - INFO -   mean=470784318.3, sd=2003063602.1, p5=841909.3, p95=1711527799.3
2026-03-02 20:21:35,015 - INFO - nr_lag (nr x D_{t-1}) summary:
2026-03-02 20:21:35,020 - INFO -   mean=416390695.086520, sd=1847104374.609097
2026-03-02 20:21:35,021 - INFO - Lagged Selic (p.a.) summary:
2026-03-02 20:21:35,028 - INFO -   mean=9.29, sd=4.10, min=2.00, max=15.00
2026-03-02 20:21:35,036 - INFO - Segment distribution: {'S5': 39798, 'S4': 18039, 'S3': 4787, 'S2': 986, 'S1': 392}
2026-03-02 20:21:35,044 - INFO - ================================================================================
2026-03-02 20:21:35,045 - INFO - STRUCTURAL ESTIMATION: deposit_balance = phi(S,X) x nr x D_{t-1}
2026-03-02 20:21:35,048 - INFO -   phi(S,X) = Y'_1 S_t + Y'_2 X_jt  (Egan et al. 2025, Table 3)
2026-03-02 20:21:35,050 - INFO - ================================================================================
2026-03-02 20:21:37,125 - INFO - Dep var: Dep_jkt (levels)     
2026-03-02 20:21:37,125 - INFO - ----------------------------------------------------------------------------------------------
2026-03-02 20:21:37,136 - INFO -                                       (1) Natl       (2) +Bank         (3) +FE       (4) Clust
2026-03-02 20:21:37,139 - INFO - ----------------------------------------------------------------------------------------------
2026-03-02 20:21:37,196 - INFO -   Y_1,cons  (nr x D_{t-1})          1.0824***       1.0512***       1.4971***       1.4971*** 
2026-03-02 20:21:37,197 - INFO -                                 (   0.0230)   (   0.2351)   (   0.1448)   (   0.1566) 
2026-03-02 20:21:37,204 - INFO -   Y_1,RF   (selic x nr x D_{t-1})     -0.0021         -0.0062         -0.0014         -0.0014    
2026-03-02 20:21:37,206 - INFO -                                 (   0.0029)   (   0.0039)   (   0.0018)   (   0.0020) 
2026-03-02 20:21:37,214 - INFO -   Y_2,size (logA x nr x D_{t-1})                      0.0047         -0.1403***      -0.1403*** 
2026-03-02 20:21:37,216 - INFO -                                                 (   0.0830)   (   0.0447)   (   0.0511) 
2026-03-02 20:21:37,219 - INFO -   Y_2,eq   (E/A x nr x D_{t-1})                     -0.3255*        -1.4166***      -1.4166*** 
2026-03-02 20:21:37,220 - INFO -                                                 (   0.1816)   (   0.4486)   (   0.4746) 
2026-03-02 20:21:37,223 - INFO -   Y_2,S2  (seg_S2 x nr x D_{t-1})                      0.0960                                    
2026-03-02 20:21:37,224 - INFO -                                                 (   0.0962)                                 
2026-03-02 20:21:37,228 - INFO -   Y_2,S3  (seg_S3 x nr x D_{t-1})                      0.2165                                    
2026-03-02 20:21:37,229 - INFO -                                                 (   0.1405)                                 
2026-03-02 20:21:37,231 - INFO -   Y_2,S4  (seg_S4 x nr x D_{t-1})                      0.1936                                    
2026-03-02 20:21:37,233 - INFO -                                                 (   0.1763)                                 
2026-03-02 20:21:37,237 - INFO -   Y_2,S5  (seg_S5 x nr x D_{t-1})                      0.2624                                    
2026-03-02 20:21:37,239 - INFO -                                                 (   0.2346)                                 
2026-03-02 20:21:37,241 - INFO - ----------------------------------------------------------------------------------------------
2026-03-02 20:21:37,243 - INFO -   N                                     66,903          66,901          66,903          66,903
2026-03-02 20:21:37,246 - INFO -   R^2                                   0.9531          0.9588          0.8180          0.8180
2026-03-02 20:21:37,247 - INFO -   BankxType FE                              No              No             Yes             Yes
2026-03-02 20:21:37,249 - INFO -   Time FE                                   No              No             Yes             Yes
2026-03-02 20:21:37,250 - INFO -   SE type                            HC-robust       HC-robust       HC-robust      Bank-clust
2026-03-02 20:21:37,251 - INFO - ----------------------------------------------------------------------------------------------
2026-03-02 20:21:37,252 - INFO - Interpretation guide:
2026-03-02 20:21:37,253 - INFO -   Y_1,cons = coef on nr_lag = phi_cons (retention scaling factor)
2026-03-02 20:21:37,253 - INFO -   Y_1,RF < 0 means depositors sleepier when rates are low
2026-03-02 20:21:37,255 - INFO -   Y_2,size > 0 means larger banks retain more deposits
2026-03-02 20:21:37,257 - INFO - Baseline retention coef on nr_lag (Spec 1): 1.0824
2026-03-02 20:21:37,262 - INFO - ================================================================================
2026-03-02 20:21:37,263 - INFO - CONTROL FUNCTION ESTIMATION (semi-parametric CF) [CONGLOMERATE]
2026-03-02 20:21:37,264 - INFO -   Stage 1: spread_jkt ~ cost_shifters + type_dummies  -->  v_hat
2026-03-02 20:21:37,265 - INFO -   Stage 2: deposit_balance = phi(S,X)*nr*D_{t-1} + b1*v + b2*v^2 + b3*v^3 + eps
2026-03-02 20:21:37,267 - INFO -   All deposit types treated as potentially endogenous.
2026-03-02 20:21:37,268 - INFO - ================================================================================
2026-03-02 20:21:37,271 - INFO - First-stage cost shifters: ['cosif_lag', 'log_assets_std', 'equity_ratio', 'lagged_cdi', 'lagged_selic', 'personnel_cost_ratio_lag', 'admin_cost_ratio_lag']
2026-03-02 20:21:37,391 - INFO - First-stage A -- N=48,572, R^2=0.5660
2026-03-02 20:21:37,394 - INFO -   cosif_lag: coef=0.112836, p=0.0000
2026-03-02 20:21:37,396 - INFO -   log_assets_std: coef=0.046831, p=0.4902
2026-03-02 20:21:37,398 - INFO -   equity_ratio: coef=3.016783, p=0.0000
2026-03-02 20:21:37,400 - INFO -   lagged_cdi: coef=-3.103593, p=0.0000
2026-03-02 20:21:37,402 - INFO -   lagged_selic: coef=0.904159, p=0.0000
2026-03-02 20:21:37,405 - INFO -   personnel_cost_ratio_lag: coef=-59.453711, p=0.0000
2026-03-02 20:21:37,407 - INFO -   admin_cost_ratio_lag: coef=1.101676, p=0.1150
2026-03-02 20:21:37,408 - INFO -   type2_d: coef=-1.396259, p=0.0000
2026-03-02 20:21:37,410 - INFO -   type3_d: coef=-2.142413, p=0.0000
2026-03-02 20:21:37,411 - INFO -   type4_d: coef=-20.541621, p=0.0000
2026-03-02 20:21:37,414 - INFO -   type5_d: coef=-1.159271, p=0.0000
2026-03-02 20:21:37,431 - INFO -   Joint F (cost vars): 317.81 (strong)
2026-03-02 20:21:37,501 - INFO - Computing Hausman IV (leave-one-out spread mean by type x quarter) ...
2026-03-02 20:21:37,663 - INFO - First-stage B -- N=48,572, R^2=0.6215
2026-03-02 20:21:37,665 - INFO -   hausman_iv_spread: coef=1.495158, p=0.0000
2026-03-02 20:21:37,665 - INFO -   cosif_lag: coef=-0.012449, p=0.0003
2026-03-02 20:21:37,665 - INFO -   log_assets_std: coef=0.382303, p=0.0000
2026-03-02 20:21:37,670 - INFO -   equity_ratio: coef=4.446583, p=0.0000
2026-03-02 20:21:37,672 - INFO -   lagged_cdi: coef=-0.168771, p=0.4677
2026-03-02 20:21:37,674 - INFO -   lagged_selic: coef=0.002775, p=0.9605
2026-03-02 20:21:37,676 - INFO -   personnel_cost_ratio_lag: coef=-28.122371, p=0.0000
2026-03-02 20:21:37,681 - INFO -   admin_cost_ratio_lag: coef=1.220726, p=0.1023
2026-03-02 20:21:37,687 - INFO -   F (Hausman IV): 3802.07 (strong)
2026-03-02 20:21:37,741 - INFO - CF residuals (Cost-only): N=48,572, mean=0.000000, sd=8.885243
2026-03-02 20:21:37,744 - INFO - CF residuals (Hausman): N=48,572, mean=0.000000, sd=8.298001
2026-03-02 20:21:37,842 - INFO -   CF-Cost(5) cf_resid: 1205653.061573 (p=0.0024) ***
2026-03-02 20:21:37,844 - INFO -   CF-Cost(5) cf_resid_sq: 291795.432798 (p=0.0000) ***
2026-03-02 20:21:37,846 - INFO -   CF-Cost(5) cf_resid_cu: 4012.034535 (p=0.0021) ***
2026-03-02 20:21:37,855 - INFO -   CF-Cost(5) joint F on poly: 107.58 -> endogeneity
2026-03-02 20:21:38,068 - INFO -   CF-Cost(6) cf_resid: 1366731.715739 (p=0.0000) ***
2026-03-02 20:21:38,081 - INFO -   CF-Cost(6) cf_resid_sq: 156960.973712 (p=0.0000) ***
2026-03-02 20:21:38,090 - INFO -   CF-Cost(6) cf_resid_cu: 840.494644 (p=0.4357) 
2026-03-02 20:21:38,101 - INFO -   CF-Cost(6) joint F on poly: 21.85 -> endogeneity
2026-03-02 20:21:39,540 - INFO -   CF+FE(7) cf_resid: 3303874.939207 (p=0.0000)
2026-03-02 20:21:39,540 - INFO -   CF+FE(7) cf_resid_sq: -194492.937115 (p=0.0000)
2026-03-02 20:21:39,547 - INFO -   CF+FE(7) cf_resid_cu: -9581.574873 (p=0.0000)
2026-03-02 20:21:40,618 - INFO -   CF-Hausman(9) cf_resid_h: -3163326.777533 (p=0.0000) ***
2026-03-02 20:21:40,625 - INFO -   CF-Hausman(9) cf_resid_h_sq: 305599.220671 (p=0.0000) ***
2026-03-02 20:21:40,626 - INFO -   CF-Hausman(9) cf_resid_h_cu: 12351.810570 (p=0.0000) ***
2026-03-02 20:21:40,633 - INFO -   CF-Hausman(9) joint F on poly: 99.64 -> endogeneity
2026-03-02 20:21:40,801 - INFO -   CF-Hausman(10) cf_resid_h: -3235963.412975 (p=0.0000) ***
2026-03-02 20:21:40,804 - INFO -   CF-Hausman(10) cf_resid_h_sq: 199469.385064 (p=0.0000) ***
2026-03-02 20:21:40,807 - INFO -   CF-Hausman(10) cf_resid_h_cu: 11010.548739 (p=0.0000) ***
2026-03-02 20:21:40,811 - INFO -   CF-Hausman(10) joint F on poly: 27.44 -> endogeneity
2026-03-02 20:21:40,814 - INFO - Dep var: Dep_jkt (levels, CF) 
2026-03-02 20:21:40,816 - INFO - ------------------------------------------------------------------------------------------------------------------------------
2026-03-02 20:21:40,819 - INFO -                                    (5) CF Natl     (6) CF+Bank       (7) CF+FE    (8) CF+Clust     (9) CF-Haus  (10) CF-H+Bank
2026-03-02 20:21:40,821 - INFO - ------------------------------------------------------------------------------------------------------------------------------
2026-03-02 20:21:40,920 - INFO -   Y_1,cons  (nr x D_{t-1})          1.0636***       1.1643***       1.5592***       1.5592***       1.0637***       1.1690*** 
2026-03-02 20:21:40,923 - INFO -                                 (   0.0302)   (   0.1647)   (   0.1461)   (   0.1970)   (   0.0300)   (   0.1634) 
2026-03-02 20:21:41,027 - INFO -   Y_1,RF   (selic x nr x D_{t-1})      0.0036         -0.0004         -0.0010         -0.0010          0.0035         -0.0004    
2026-03-02 20:21:41,030 - INFO -                                 (   0.0035)   (   0.0024)   (   0.0021)   (   0.0019)   (   0.0035)   (   0.0024) 
2026-03-02 20:21:41,039 - INFO -   Y_2,size (logA x nr x D_{t-1})                     -0.0556         -0.1490***      -0.1490**                       -0.0568    
2026-03-02 20:21:41,042 - INFO -                                                 (   0.0421)   (   0.0382)   (   0.0628)                   (   0.0417) 
2026-03-02 20:21:41,048 - INFO -   Y_2,eq   (E/A x nr x D_{t-1})                     -0.0052         -1.0543**       -1.0543                         -0.0130    
2026-03-02 20:21:41,050 - INFO -                                                 (   0.2320)   (   0.5376)   (   0.6579)                   (   0.2310) 
2026-03-02 20:21:41,062 - INFO -   Y_2,S2  (seg_S2 x nr x D_{t-1})                      0.0452                                                          0.0429    
2026-03-02 20:21:41,064 - INFO -                                                 (   0.0563)                                                   (   0.0558) 
2026-03-02 20:21:41,067 - INFO -   Y_2,S3  (seg_S3 x nr x D_{t-1})                      0.2031***                                                       0.2001*** 
2026-03-02 20:21:41,069 - INFO -                                                 (   0.0607)                                                   (   0.0602) 
2026-03-02 20:21:41,073 - INFO -   Y_2,S4  (seg_S4 x nr x D_{t-1})                      0.0027                                                          0.0027    
2026-03-02 20:21:41,073 - INFO -                                                 (   0.0970)                                                   (   0.0963) 
2026-03-02 20:21:41,099 - INFO -   Y_2,S5  (seg_S5 x nr x D_{t-1})                      0.0302                                                          0.0436    
2026-03-02 20:21:41,102 - INFO -                                                 (   0.0857)                                                   (   0.0851) 
2026-03-02 20:21:41,105 - INFO -   beta_1 v^  (CF-cost, 1st)     1205653.0616***   1366731.7157***   3303874.9392***   3303874.9392***                                 
2026-03-02 20:21:41,107 - INFO -                                 (396498.7728)   (332813.9507)   (369259.9663)   (634130.9740)                                 
2026-03-02 20:21:41,112 - INFO -   beta_2 v^^2 (CF-cost, 2nd)    291795.4328***   156960.9737***   -194492.9371***   -194492.9371***                                 
2026-03-02 20:21:41,114 - INFO -                                 (20918.8167)   (26440.5294)   (23507.5054)   (38628.4638)                                 
2026-03-02 20:21:41,119 - INFO -   beta_3 v^^3 (CF-cost, 3rd)     4012.0345***     840.4946      -9581.5749***   -9581.5749***                                 
2026-03-02 20:21:41,122 - INFO -                                 (1303.0970)   (1078.1922)   (1014.5229)   (1549.2888)                                 
2026-03-02 20:21:41,128 - INFO -   beta_1 v^H (CF-Hausman, 1st)                                                                  -3163326.7775***   -3235963.4130*** 
2026-03-02 20:21:41,129 - INFO -                                                                                                 (540350.5729)   (452128.6646) 
2026-03-02 20:21:41,133 - INFO -   beta_2 v^H^2 (CF-Hausman, 2nd)                                                                  305599.2207***   199469.3851*** 
2026-03-02 20:21:41,139 - INFO -                                                                                                 (20227.3056)   (25657.7744) 
2026-03-02 20:21:41,141 - INFO -   beta_3 v^H^3 (CF-Hausman, 3rd)                                                                  12351.8106***   11010.5487*** 
2026-03-02 20:21:41,143 - INFO -                                                                                                 (1579.2705)   (1420.8800) 
2026-03-02 20:21:41,145 - INFO - ------------------------------------------------------------------------------------------------------------------------------
2026-03-02 20:21:41,146 - INFO -   N                                     48,572          48,572          48,572          48,572          48,572          48,572
2026-03-02 20:21:41,150 - INFO -   R^2                                   0.9576          0.9666          0.8701          0.8701          0.9580          0.9669
2026-03-02 20:21:41,153 - INFO -   BankxType FE                              No              No             Yes             Yes              No              No
2026-03-02 20:21:41,157 - INFO -   Time FE                                   No              No             Yes             Yes              No              No
2026-03-02 20:21:41,158 - INFO -   SE type                            HC-robust       HC-robust       HC-robust      Bank-clust       HC-robust       HC-robust
2026-03-02 20:21:41,159 - INFO - ------------------------------------------------------------------------------------------------------------------------------
2026-03-02 20:21:41,174 - INFO - Supply specs available: ['(1) Natl', '(2) +Bank', '(3) +FE', '(4) Clust', '(5) CF Natl', '(6) CF+Bank', '(7) CF+FE', '(8) CF+Clust', '(9) CF-Haus', '(10) CF-H+Bank']
2026-03-02 20:21:41,181 - INFO - 
>>> Step 2: Computing structural sleeping-deposit predictions ...
2026-03-02 20:21:41,277 - INFO -   Supply spec '(1) Natl': hat_Y computed for 66,903 obs (struct cols = ['nr_lag', 'selic_nr_lag'])
2026-03-02 20:21:41,291 - INFO -   Supply spec '(2) +Bank': hat_Y computed for 66,901 obs (struct cols = ['nr_lag', 'selic_nr_lag', 'logA_nr_lag', 'eq_nr_lag', 'seg_S2_nr_lag', 'seg_S3_nr_lag', 'seg_S4_nr_lag', 'seg_S5_nr_lag'])
2026-03-02 20:21:41,302 - INFO -   Supply spec '(3) +FE': hat_Y computed for 66,903 obs (struct cols = ['nr_lag', 'selic_nr_lag', 'logA_nr_lag', 'eq_nr_lag'])
2026-03-02 20:21:41,311 - INFO -   Supply spec '(4) Clust': hat_Y computed for 66,903 obs (struct cols = ['nr_lag', 'selic_nr_lag', 'logA_nr_lag', 'eq_nr_lag'])
2026-03-02 20:21:41,327 - INFO -   Supply spec '(5) CF Natl': hat_Y computed for 66,903 obs (struct cols = ['nr_lag', 'selic_nr_lag'])
2026-03-02 20:21:41,342 - INFO -   Supply spec '(6) CF+Bank': hat_Y computed for 66,901 obs (struct cols = ['nr_lag', 'selic_nr_lag', 'logA_nr_lag', 'eq_nr_lag', 'seg_S2_nr_lag', 'seg_S3_nr_lag', 'seg_S4_nr_lag', 'seg_S5_nr_lag'])
2026-03-02 20:21:41,352 - INFO -   Supply spec '(7) CF+FE': hat_Y computed for 66,903 obs (struct cols = ['nr_lag', 'selic_nr_lag', 'logA_nr_lag', 'eq_nr_lag'])
2026-03-02 20:21:41,359 - INFO -   Supply spec '(8) CF+Clust': hat_Y computed for 66,903 obs (struct cols = ['nr_lag', 'selic_nr_lag', 'logA_nr_lag', 'eq_nr_lag'])
2026-03-02 20:21:41,393 - INFO -   Supply spec '(9) CF-Haus': hat_Y computed for 66,903 obs (struct cols = ['nr_lag', 'selic_nr_lag'])
2026-03-02 20:21:41,401 - INFO -   Supply spec '(10) CF-H+Bank': hat_Y computed for 66,901 obs (struct cols = ['nr_lag', 'selic_nr_lag', 'logA_nr_lag', 'eq_nr_lag', 'seg_S2_nr_lag', 'seg_S3_nr_lag', 'seg_S4_nr_lag', 'seg_S5_nr_lag'])
2026-03-02 20:21:41,405 - INFO - 
>>> Step 3: Active deposit diagnostics by supply spec ...
2026-03-02 20:21:41,414 - INFO -   '(1) Natl': active>0=58.6%, active=0=41.4%, mean(active|active>0)=92419621.0
2026-03-02 20:21:41,424 - INFO -   '(2) +Bank': active>0=52.8%, active=0=47.2%, mean(active|active>0)=88724951.7
2026-03-02 20:21:41,437 - INFO -   '(3) +FE': active>0=68.7%, active=0=31.3%, mean(active|active>0)=132359717.0
2026-03-02 20:21:41,444 - INFO -   '(4) Clust': active>0=68.7%, active=0=31.3%, mean(active|active>0)=132359717.0
2026-03-02 20:21:41,450 - INFO -   '(5) CF Natl': active>0=52.0%, active=0=48.0%, mean(active|active>0)=90443262.4
2026-03-02 20:21:41,456 - INFO -   '(6) CF+Bank': active>0=38.5%, active=0=61.5%, mean(active|active>0)=97793609.7
2026-03-02 20:21:41,461 - INFO -   '(7) CF+FE': active>0=46.0%, active=0=54.0%, mean(active|active>0)=117134725.0
2026-03-02 20:21:41,467 - INFO -   '(8) CF+Clust': active>0=46.0%, active=0=54.0%, mean(active|active>0)=117134725.0
2026-03-02 20:21:41,485 - INFO -   '(9) CF-Haus': active>0=52.0%, active=0=48.0%, mean(active|active>0)=90456681.5
2026-03-02 20:21:41,494 - INFO -   '(10) CF-H+Bank': active>0=37.3%, active=0=62.7%, mean(active|active>0)=99941592.3
2026-03-02 20:21:41,496 - INFO - 
>>> Step 4: Estimating Berry (1994) demand equation ...
2026-03-02 20:21:41,505 - INFO - Demand -- type-interacted spread columns: ['spread_T1', 'spread_T2', 'spread_T3', 'spread_T4', 'spread_T5']
2026-03-02 20:21:41,587 - INFO - Endogenous types [4, 5]: 31,941 obs (47.7% of full sample)
2026-03-02 20:21:41,593 - INFO - Demand CF cost shifters (types 4-5): ['cosif_lag', 'log_assets_std', 'equity_ratio', 'lagged_cdi', 'lagged_selic', 'personnel_cost_ratio_lag', 'admin_cost_ratio_lag']
2026-03-02 20:21:41,687 - INFO - Demand CF-A (types 4-5): N=22,822, R^2=0.1462
2026-03-02 20:21:41,700 - INFO -   Joint F (cost vars): 257.33 (strong)
2026-03-02 20:21:41,860 - INFO - Demand CF-B (types 4-5, +Hausman IV): N=22,822, R^2=0.2391
2026-03-02 20:21:41,863 - INFO -   F (Hausman IV): 2110.56 (strong)
2026-03-02 20:21:41,997 - INFO - 
=== Demand: supply spec '(1) Natl' | N_valid=39,179, N_zero_active=27,724 / 66,903 ===
2026-03-02 20:21:42,000 - INFO -   log(s_active): mean=-9.2894, sd=2.3683
2026-03-02 20:21:42,105 - INFO -   D(1) Natl spread_T1: coef=-4.280347 (SE=0.016767, p=0.0000)***
2026-03-02 20:21:42,105 - INFO -   D(1) Natl spread_T2: coef=-10.255791 (SE=0.100575, p=0.0000)***
2026-03-02 20:21:42,113 - INFO -   D(1) Natl spread_T3: coef=-2009.740451 (SE=53.652821, p=0.0000)***
2026-03-02 20:21:42,116 - INFO -   D(1) Natl spread_T4: coef=0.299279 (SE=0.001075, p=0.0000)***
2026-03-02 20:21:42,120 - INFO -   D(1) Natl spread_T5: coef=-3.074834 (SE=0.372533, p=0.0000)***
2026-03-02 20:21:42,226 - INFO - 
=== Demand: supply spec '(2) +Bank' | N_valid=35,330, N_zero_active=31,571 / 66,903 ===
2026-03-02 20:21:42,233 - INFO -   log(s_active): mean=-9.3743, sd=2.4742
2026-03-02 20:21:42,375 - INFO -   D(2) +Bank spread_T1: coef=-4.306722 (SE=0.018373, p=0.0000)***
2026-03-02 20:21:42,379 - INFO -   D(2) +Bank spread_T2: coef=-10.144823 (SE=0.109917, p=0.0000)***
2026-03-02 20:21:42,394 - INFO -   D(2) +Bank spread_T3: coef=-2080.549724 (SE=55.464927, p=0.0000)***
2026-03-02 20:21:42,399 - INFO -   D(2) +Bank spread_T4: coef=0.298689 (SE=0.001092, p=0.0000)***
2026-03-02 20:21:42,408 - INFO -   D(2) +Bank spread_T5: coef=-3.224268 (SE=0.389028, p=0.0000)***
2026-03-02 20:21:42,561 - INFO - 
=== Demand: supply spec '(3) +FE' | N_valid=45,935, N_zero_active=20,968 / 66,903 ===
2026-03-02 20:21:42,567 - INFO -   log(s_active): mean=-9.4541, sd=2.3194
2026-03-02 20:21:48,871 - INFO -   D(3) +FE spread_T1: coef=-5.510166 (SE=0.011171, p=0.0000)***
2026-03-02 20:21:48,873 - INFO -   D(3) +FE spread_T2: coef=-13.074244 (SE=0.094187, p=0.0000)***
2026-03-02 20:21:48,873 - INFO -   D(3) +FE spread_T3: coef=-6598.497042 (SE=165.615959, p=0.0000)***
2026-03-02 20:21:48,878 - INFO -   D(3) +FE spread_T4: coef=0.494602 (SE=0.001046, p=0.0000)***
2026-03-02 20:21:48,881 - INFO -   D(3) +FE spread_T5: coef=-4.854639 (SE=0.618841, p=0.0000)***
2026-03-02 20:21:48,989 - INFO - 
=== Demand: supply spec '(4) Clust' | N_valid=45,935, N_zero_active=20,968 / 66,903 ===
2026-03-02 20:21:48,992 - INFO -   log(s_active): mean=-9.4541, sd=2.3194
2026-03-02 20:21:54,923 - INFO -   D(4) Clust spread_T1: coef=-5.510166 (SE=0.039294, p=0.0000)***
2026-03-02 20:21:54,927 - INFO -   D(4) Clust spread_T2: coef=-13.074244 (SE=0.274878, p=0.0000)***
2026-03-02 20:21:54,929 - INFO -   D(4) Clust spread_T3: coef=-6598.497042 (SE=404.261697, p=0.0000)***
2026-03-02 20:21:54,929 - INFO -   D(4) Clust spread_T4: coef=0.494602 (SE=0.004866, p=0.0000)***
2026-03-02 20:21:54,932 - INFO -   D(4) Clust spread_T5: coef=-4.854639 (SE=0.618941, p=0.0000)***
2026-03-02 20:21:55,027 - INFO - 
=== Demand: supply spec '(5) CF Natl' | N_valid=34,768, N_zero_active=32,135 / 66,903 ===
2026-03-02 20:21:55,031 - INFO -   log(s_active): mean=-9.1724, sd=2.3478
2026-03-02 20:21:55,131 - INFO -   D(5) CF Natl spread_T1: coef=-4.492170 (SE=0.021901, p=0.0000)***
2026-03-02 20:21:55,134 - INFO -   D(5) CF Natl spread_T2: coef=-10.459701 (SE=0.109310, p=0.0000)***
2026-03-02 20:21:55,136 - INFO -   D(5) CF Natl spread_T3: coef=-1994.846151 (SE=60.606982, p=0.0000)***
2026-03-02 20:21:55,138 - INFO -   D(5) CF Natl spread_T4: coef=0.405989 (SE=0.002103, p=0.0000)***
2026-03-02 20:21:55,140 - INFO -   D(5) CF Natl spread_T5: coef=-3.131353 (SE=0.318168, p=0.0000)***
2026-03-02 20:21:55,207 - INFO - 
=== Demand: supply spec '(6) CF+Bank' | N_valid=25,740, N_zero_active=41,161 / 66,903 ===
2026-03-02 20:21:55,209 - INFO -   log(s_active): mean=-8.8598, sd=2.3692
2026-03-02 20:21:55,293 - INFO -   D(6) CF+Bank spread_T1: coef=-4.255298 (SE=0.027059, p=0.0000)***
2026-03-02 20:21:55,296 - INFO -   D(6) CF+Bank spread_T2: coef=-10.236377 (SE=0.113594, p=0.0000)***
2026-03-02 20:21:55,297 - INFO -   D(6) CF+Bank spread_T3: coef=-1908.756121 (SE=62.073317, p=0.0000)***
2026-03-02 20:21:55,299 - INFO -   D(6) CF+Bank spread_T4: coef=0.410287 (SE=0.002685, p=0.0000)***
2026-03-02 20:21:55,300 - INFO -   D(6) CF+Bank spread_T5: coef=-3.218157 (SE=0.445522, p=0.0000)***
2026-03-02 20:21:55,376 - INFO - 
=== Demand: supply spec '(7) CF+FE' | N_valid=30,777, N_zero_active=36,126 / 66,903 ===
2026-03-02 20:21:55,378 - INFO -   log(s_active): mean=-9.2609, sd=2.4851
2026-03-02 20:22:01,272 - INFO -   D(7) CF+FE spread_T1: coef=-5.555407 (SE=0.016765, p=0.0000)***
2026-03-02 20:22:01,274 - INFO -   D(7) CF+FE spread_T2: coef=-13.848464 (SE=0.133570, p=0.0000)***
2026-03-02 20:22:01,274 - INFO -   D(7) CF+FE spread_T3: coef=-5043.371213 (SE=197.121075, p=0.0000)***
2026-03-02 20:22:01,288 - INFO -   D(7) CF+FE spread_T4: coef=0.541776 (SE=0.002252, p=0.0000)***
2026-03-02 20:22:01,290 - INFO -   D(7) CF+FE spread_T5: coef=-5.275345 (SE=0.817363, p=0.0000)***
2026-03-02 20:22:01,377 - INFO - 
=== Demand: supply spec '(8) CF+Clust' | N_valid=30,777, N_zero_active=36,126 / 66,903 ===
2026-03-02 20:22:01,378 - INFO -   log(s_active): mean=-9.2609, sd=2.4851
2026-03-02 20:22:06,876 - INFO -   D(8) CF+Clust spread_T1: coef=-5.555407 (SE=0.051813, p=0.0000)***
2026-03-02 20:22:06,879 - INFO -   D(8) CF+Clust spread_T2: coef=-13.848464 (SE=0.372048, p=0.0000)***
2026-03-02 20:22:06,883 - INFO -   D(8) CF+Clust spread_T3: coef=-5043.371213 (SE=436.756530, p=0.0000)***
2026-03-02 20:22:06,887 - INFO -   D(8) CF+Clust spread_T4: coef=0.541776 (SE=0.006434, p=0.0000)***
2026-03-02 20:22:06,889 - INFO -   D(8) CF+Clust spread_T5: coef=-5.275345 (SE=0.817295, p=0.0000)***
2026-03-02 20:22:07,002 - INFO - 
=== Demand: supply spec '(9) CF-Haus' | N_valid=34,793, N_zero_active=32,110 / 66,903 ===
2026-03-02 20:22:07,006 - INFO -   log(s_active): mean=-9.1736, sd=2.3497
2026-03-02 20:22:07,098 - INFO -   D(9) CF-Haus spread_T1: coef=-4.491727 (SE=0.021850, p=0.0000)***
2026-03-02 20:22:07,101 - INFO -   D(9) CF-Haus spread_T2: coef=-10.456246 (SE=0.109211, p=0.0000)***
2026-03-02 20:22:07,107 - INFO -   D(9) CF-Haus spread_T3: coef=-1993.790750 (SE=60.398623, p=0.0000)***
2026-03-02 20:22:07,113 - INFO -   D(9) CF-Haus spread_T4: coef=0.410574 (SE=0.002349, p=0.0000)***
2026-03-02 20:22:07,118 - INFO -   D(9) CF-Haus spread_T5: coef=-3.122746 (SE=0.318780, p=0.0000)***
2026-03-02 20:22:07,206 - INFO - 
=== Demand: supply spec '(10) CF-H+Bank' | N_valid=24,972, N_zero_active=41,929 / 66,903 ===
2026-03-02 20:22:07,209 - INFO -   log(s_active): mean=-8.8502, sd=2.3885
2026-03-02 20:22:07,276 - INFO -   D(10) CF-H+Bank spread_T1: coef=-4.245320 (SE=0.027855, p=0.0000)***
2026-03-02 20:22:07,279 - INFO -   D(10) CF-H+Bank spread_T2: coef=-10.270386 (SE=0.114663, p=0.0000)***
2026-03-02 20:22:07,284 - INFO -   D(10) CF-H+Bank spread_T3: coef=-1912.803508 (SE=62.998905, p=0.0000)***
2026-03-02 20:22:07,286 - INFO -   D(10) CF-H+Bank spread_T4: coef=0.412242 (SE=0.002754, p=0.0000)***
2026-03-02 20:22:07,289 - INFO -   D(10) CF-H+Bank spread_T5: coef=-3.218524 (SE=0.446311, p=0.0000)***
2026-03-02 20:22:07,300 - INFO - 
>>> Step 5: Exporting demand results ...
2026-03-02 20:22:07,331 - INFO - Demand results exported to C:\Users\pedro\OneDrive\Documentos\Yale\Year 3 (2024 - 2025)\Open Finance\Open-Finance\BCB\Egan_et_al_2025_Rep\processed\ESTIMATION_OUTPUT\demand_results_conglomerate.csv
2026-03-02 20:22:07,377 - INFO - Demand LaTeX table exported to C:\Users\pedro\OneDrive\Documentos\Yale\Year 3 (2024 - 2025)\Open Finance\Open-Finance\BCB\Egan_et_al_2025_Rep\processed\ESTIMATION_OUTPUT\demand_table_conglomerate.tex
2026-03-02 20:22:07,379 - INFO - Demand specs estimated: ['D(1) Natl', 'D(2) +Bank', 'D(3) +FE', 'D(4) Clust', 'D(5) CF Natl', 'D(6) CF+Bank', 'D(7) CF+FE', 'D(8) CF+Clust', 'D(9) CF-Haus', 'D(10) CF-H+Bank']
2026-03-02 20:22:07,380 - INFO - Done -- estimation_demand_1.py complete.
2026-03-02 20:32:22,542 - INFO - ================================================================================
2026-03-02 20:32:22,544 - INFO - DEMAND ESTIMATION -- CONGLOMERATE LEVEL
2026-03-02 20:32:22,544 - INFO - Berry (1994) active market shares | estimation_demand_1.py
2026-03-02 20:32:22,544 - INFO - ================================================================================
2026-03-02 20:32:22,546 - INFO - 
>>> Step 1: Loading panel and running supply estimation ...
2026-03-02 20:32:22,548 - INFO - Loading panel ...
2026-03-02 20:32:24,407 - INFO - Raw panel: 241,519 rows, 33 cols
2026-03-02 20:32:24,411 - INFO -   total_assets coverage: 241,519 / 241,519
2026-03-02 20:32:24,416 - INFO -   equity_ratio coverage: 239,294 / 241,519
2026-03-02 20:32:24,436 - INFO -   segment coverage: 230,256 / 241,519
2026-03-02 20:32:24,695 - INFO - log_total_assets: mean=19.79, sd=2.57 (standardized for estimation)
2026-03-02 20:32:24,946 - INFO - Winsorized deposit_balance at [p1,p99]=[297.8,34626022396.7]: dropped 1,366 outliers
2026-03-02 20:32:24,948 - INFO - Estimation sample: 66,903 rows
2026-03-02 20:32:24,961 - INFO -   Banks:    1236
2026-03-02 20:32:24,966 - INFO -   Quarters: 37
2026-03-02 20:32:24,971 - INFO -   Types:    [np.int64(1), np.int64(2), np.int64(3), np.int64(4), np.int64(5)]
2026-03-02 20:32:24,974 - INFO - Dep var (deposit_balance, levels) summary:
2026-03-02 20:32:24,981 - INFO -   mean=470784318.3, sd=2003063602.1, p5=841909.3, p95=1711527799.3
2026-03-02 20:32:24,981 - INFO - nr_lag (nr x D_{t-1}) summary:
2026-03-02 20:32:24,991 - INFO -   mean=416390695.086520, sd=1847104374.609097
2026-03-02 20:32:24,993 - INFO - Lagged Selic (p.a.) summary:
2026-03-02 20:32:24,999 - INFO -   mean=9.29, sd=4.10, min=2.00, max=15.00
2026-03-02 20:32:25,005 - INFO - Segment distribution: {'S5': 39798, 'S4': 18039, 'S3': 4787, 'S2': 986, 'S1': 392}
2026-03-02 20:32:25,010 - INFO - ================================================================================
2026-03-02 20:32:25,012 - INFO - STRUCTURAL ESTIMATION: deposit_balance = phi(S,X) x nr x D_{t-1}
2026-03-02 20:32:25,012 - INFO -   phi(S,X) = Y'_1 S_t + Y'_2 X_jt  (Egan et al. 2025, Table 3)
2026-03-02 20:32:25,013 - INFO - ================================================================================
2026-03-02 20:32:27,371 - INFO - Dep var: Dep_jkt (levels)     
2026-03-02 20:32:27,371 - INFO - ----------------------------------------------------------------------------------------------
2026-03-02 20:32:27,383 - INFO -                                       (1) Natl       (2) +Bank         (3) +FE       (4) Clust
2026-03-02 20:32:27,383 - INFO - ----------------------------------------------------------------------------------------------
2026-03-02 20:32:27,427 - INFO -   Y_1,cons  (nr x D_{t-1})          1.0824***       1.0512***       1.4971***       1.4971*** 
2026-03-02 20:32:27,427 - INFO -                                 (   0.0230)   (   0.2351)   (   0.1448)   (   0.1566) 
2026-03-02 20:32:27,434 - INFO -   Y_1,RF   (selic x nr x D_{t-1})     -0.0021         -0.0062         -0.0014         -0.0014    
2026-03-02 20:32:27,435 - INFO -                                 (   0.0029)   (   0.0039)   (   0.0018)   (   0.0020) 
2026-03-02 20:32:27,437 - INFO -   Y_2,size (logA x nr x D_{t-1})                      0.0047         -0.1403***      -0.1403*** 
2026-03-02 20:32:27,437 - INFO -                                                 (   0.0830)   (   0.0447)   (   0.0511) 
2026-03-02 20:32:27,442 - INFO -   Y_2,eq   (E/A x nr x D_{t-1})                     -0.3255*        -1.4166***      -1.4166*** 
2026-03-02 20:32:27,442 - INFO -                                                 (   0.1816)   (   0.4486)   (   0.4746) 
2026-03-02 20:32:27,444 - INFO -   Y_2,S2  (seg_S2 x nr x D_{t-1})                      0.0960                                    
2026-03-02 20:32:27,445 - INFO -                                                 (   0.0962)                                 
2026-03-02 20:32:27,447 - INFO -   Y_2,S3  (seg_S3 x nr x D_{t-1})                      0.2165                                    
2026-03-02 20:32:27,447 - INFO -                                                 (   0.1405)                                 
2026-03-02 20:32:27,449 - INFO -   Y_2,S4  (seg_S4 x nr x D_{t-1})                      0.1936                                    
2026-03-02 20:32:27,452 - INFO -                                                 (   0.1763)                                 
2026-03-02 20:32:27,457 - INFO -   Y_2,S5  (seg_S5 x nr x D_{t-1})                      0.2624                                    
2026-03-02 20:32:27,458 - INFO -                                                 (   0.2346)                                 
2026-03-02 20:32:27,460 - INFO - ----------------------------------------------------------------------------------------------
2026-03-02 20:32:27,460 - INFO -   N                                     66,903          66,901          66,903          66,903
2026-03-02 20:32:27,464 - INFO -   R^2                                   0.9531          0.9588          0.8180          0.8180
2026-03-02 20:32:27,465 - INFO -   BankxType FE                              No              No             Yes             Yes
2026-03-02 20:32:27,465 - INFO -   Time FE                                   No              No             Yes             Yes
2026-03-02 20:32:27,468 - INFO -   SE type                            HC-robust       HC-robust       HC-robust      Bank-clust
2026-03-02 20:32:27,469 - INFO - ----------------------------------------------------------------------------------------------
2026-03-02 20:32:27,470 - INFO - Interpretation guide:
2026-03-02 20:32:27,471 - INFO -   Y_1,cons = coef on nr_lag = phi_cons (retention scaling factor)
2026-03-02 20:32:27,472 - INFO -   Y_1,RF < 0 means depositors sleepier when rates are low
2026-03-02 20:32:27,474 - INFO -   Y_2,size > 0 means larger banks retain more deposits
2026-03-02 20:32:27,477 - INFO - Baseline retention coef on nr_lag (Spec 1): 1.0824
2026-03-02 20:32:27,482 - INFO - ================================================================================
2026-03-02 20:32:27,484 - INFO - CONTROL FUNCTION ESTIMATION (semi-parametric CF) [CONGLOMERATE]
2026-03-02 20:32:27,486 - INFO -   Stage 1: spread_jkt ~ cost_shifters + type_dummies  -->  v_hat
2026-03-02 20:32:27,487 - INFO -   Stage 2: deposit_balance = phi(S,X)*nr*D_{t-1} + b1*v + b2*v^2 + b3*v^3 + eps
2026-03-02 20:32:27,489 - INFO -   All deposit types treated as potentially endogenous.
2026-03-02 20:32:27,489 - INFO - ================================================================================
2026-03-02 20:32:27,494 - INFO - First-stage cost shifters: ['cosif_lag', 'log_assets_std', 'equity_ratio', 'lagged_cdi', 'lagged_selic', 'personnel_cost_ratio_lag', 'admin_cost_ratio_lag']
2026-03-02 20:32:27,581 - INFO - First-stage A -- N=48,572, R^2=0.5660
2026-03-02 20:32:27,582 - INFO -   cosif_lag: coef=0.112836, p=0.0000
2026-03-02 20:32:27,583 - INFO -   log_assets_std: coef=0.046831, p=0.4902
2026-03-02 20:32:27,584 - INFO -   equity_ratio: coef=3.016783, p=0.0000
2026-03-02 20:32:27,586 - INFO -   lagged_cdi: coef=-3.103593, p=0.0000
2026-03-02 20:32:27,587 - INFO -   lagged_selic: coef=0.904159, p=0.0000
2026-03-02 20:32:27,588 - INFO -   personnel_cost_ratio_lag: coef=-59.453711, p=0.0000
2026-03-02 20:32:27,590 - INFO -   admin_cost_ratio_lag: coef=1.101676, p=0.1150
2026-03-02 20:32:27,591 - INFO -   type2_d: coef=-1.396259, p=0.0000
2026-03-02 20:32:27,592 - INFO -   type3_d: coef=-2.142413, p=0.0000
2026-03-02 20:32:27,593 - INFO -   type4_d: coef=-20.541621, p=0.0000
2026-03-02 20:32:27,594 - INFO -   type5_d: coef=-1.159271, p=0.0000
2026-03-02 20:32:27,601 - INFO -   Joint F (cost vars): 317.81 (strong)
2026-03-02 20:32:27,639 - INFO - Computing Hausman IV (leave-one-out spread mean by type x quarter) ...
2026-03-02 20:32:27,749 - INFO - First-stage B -- N=48,572, R^2=0.6215
2026-03-02 20:32:27,749 - INFO -   hausman_iv_spread: coef=1.495158, p=0.0000
2026-03-02 20:32:27,758 - INFO -   cosif_lag: coef=-0.012449, p=0.0003
2026-03-02 20:32:27,758 - INFO -   log_assets_std: coef=0.382303, p=0.0000
2026-03-02 20:32:27,760 - INFO -   equity_ratio: coef=4.446583, p=0.0000
2026-03-02 20:32:27,762 - INFO -   lagged_cdi: coef=-0.168771, p=0.4677
2026-03-02 20:32:27,763 - INFO -   lagged_selic: coef=0.002775, p=0.9605
2026-03-02 20:32:27,766 - INFO -   personnel_cost_ratio_lag: coef=-28.122371, p=0.0000
2026-03-02 20:32:27,767 - INFO -   admin_cost_ratio_lag: coef=1.220726, p=0.1023
2026-03-02 20:32:27,771 - INFO -   F (Hausman IV): 3802.07 (strong)
2026-03-02 20:32:27,828 - INFO - CF residuals (Cost-only): N=48,572, mean=0.000000, sd=8.885243
2026-03-02 20:32:27,831 - INFO - CF residuals (Hausman): N=48,572, mean=0.000000, sd=8.298001
2026-03-02 20:32:27,906 - INFO -   CF-Cost(5) cf_resid: 1205653.061573 (p=0.0024) ***
2026-03-02 20:32:27,907 - INFO -   CF-Cost(5) cf_resid_sq: 291795.432798 (p=0.0000) ***
2026-03-02 20:32:27,908 - INFO -   CF-Cost(5) cf_resid_cu: 4012.034535 (p=0.0021) ***
2026-03-02 20:32:27,917 - INFO -   CF-Cost(5) joint F on poly: 107.58 -> endogeneity
2026-03-02 20:32:28,059 - INFO -   CF-Cost(6) cf_resid: 1366731.715739 (p=0.0000) ***
2026-03-02 20:32:28,060 - INFO -   CF-Cost(6) cf_resid_sq: 156960.973712 (p=0.0000) ***
2026-03-02 20:32:28,061 - INFO -   CF-Cost(6) cf_resid_cu: 840.494644 (p=0.4357) 
2026-03-02 20:32:28,067 - INFO -   CF-Cost(6) joint F on poly: 21.85 -> endogeneity
2026-03-02 20:32:29,118 - INFO -   CF+FE(7) cf_resid: 3303874.939207 (p=0.0000)
2026-03-02 20:32:29,120 - INFO -   CF+FE(7) cf_resid_sq: -194492.937115 (p=0.0000)
2026-03-02 20:32:29,120 - INFO -   CF+FE(7) cf_resid_cu: -9581.574873 (p=0.0000)
2026-03-02 20:32:30,335 - INFO -   CF-Hausman(9) cf_resid_h: -3163326.777533 (p=0.0000) ***
2026-03-02 20:32:30,336 - INFO -   CF-Hausman(9) cf_resid_h_sq: 305599.220671 (p=0.0000) ***
2026-03-02 20:32:30,338 - INFO -   CF-Hausman(9) cf_resid_h_cu: 12351.810570 (p=0.0000) ***
2026-03-02 20:32:30,342 - INFO -   CF-Hausman(9) joint F on poly: 99.64 -> endogeneity
2026-03-02 20:32:30,505 - INFO -   CF-Hausman(10) cf_resid_h: -3235963.412975 (p=0.0000) ***
2026-03-02 20:32:30,507 - INFO -   CF-Hausman(10) cf_resid_h_sq: 199469.385064 (p=0.0000) ***
2026-03-02 20:32:30,508 - INFO -   CF-Hausman(10) cf_resid_h_cu: 11010.548739 (p=0.0000) ***
2026-03-02 20:32:30,514 - INFO -   CF-Hausman(10) joint F on poly: 27.44 -> endogeneity
2026-03-02 20:32:30,515 - INFO - Dep var: Dep_jkt (levels, CF) 
2026-03-02 20:32:30,516 - INFO - ------------------------------------------------------------------------------------------------------------------------------
2026-03-02 20:32:30,518 - INFO -                                    (5) CF Natl     (6) CF+Bank       (7) CF+FE    (8) CF+Clust     (9) CF-Haus  (10) CF-H+Bank
2026-03-02 20:32:30,519 - INFO - ------------------------------------------------------------------------------------------------------------------------------
2026-03-02 20:32:30,554 - INFO -   Y_1,cons  (nr x D_{t-1})          1.0636***       1.1643***       1.5592***       1.5592***       1.0637***       1.1690*** 
2026-03-02 20:32:30,555 - INFO -                                 (   0.0302)   (   0.1647)   (   0.1461)   (   0.1970)   (   0.0300)   (   0.1634) 
2026-03-02 20:32:30,561 - INFO -   Y_1,RF   (selic x nr x D_{t-1})      0.0036         -0.0004         -0.0010         -0.0010          0.0035         -0.0004    
2026-03-02 20:32:30,563 - INFO -                                 (   0.0035)   (   0.0024)   (   0.0021)   (   0.0019)   (   0.0035)   (   0.0024) 
2026-03-02 20:32:30,566 - INFO -   Y_2,size (logA x nr x D_{t-1})                     -0.0556         -0.1490***      -0.1490**                       -0.0568    
2026-03-02 20:32:30,566 - INFO -                                                 (   0.0421)   (   0.0382)   (   0.0628)                   (   0.0417) 
2026-03-02 20:32:30,570 - INFO -   Y_2,eq   (E/A x nr x D_{t-1})                     -0.0052         -1.0543**       -1.0543                         -0.0130    
2026-03-02 20:32:30,581 - INFO -                                                 (   0.2320)   (   0.5376)   (   0.6579)                   (   0.2310) 
2026-03-02 20:32:30,585 - INFO -   Y_2,S2  (seg_S2 x nr x D_{t-1})                      0.0452                                                          0.0429    
2026-03-02 20:32:30,586 - INFO -                                                 (   0.0563)                                                   (   0.0558) 
2026-03-02 20:32:30,589 - INFO -   Y_2,S3  (seg_S3 x nr x D_{t-1})                      0.2031***                                                       0.2001*** 
2026-03-02 20:32:30,589 - INFO -                                                 (   0.0607)                                                   (   0.0602) 
2026-03-02 20:32:30,591 - INFO -   Y_2,S4  (seg_S4 x nr x D_{t-1})                      0.0027                                                          0.0027    
2026-03-02 20:32:30,592 - INFO -                                                 (   0.0970)                                                   (   0.0963) 
2026-03-02 20:32:30,599 - INFO -   Y_2,S5  (seg_S5 x nr x D_{t-1})                      0.0302                                                          0.0436    
2026-03-02 20:32:30,601 - INFO -                                                 (   0.0857)                                                   (   0.0851) 
2026-03-02 20:32:30,609 - INFO -   beta_1 v^  (CF-cost, 1st)     1205653.0616***   1366731.7157***   3303874.9392***   3303874.9392***                                 
2026-03-02 20:32:30,612 - INFO -                                 (396498.7728)   (332813.9507)   (369259.9663)   (634130.9740)                                 
2026-03-02 20:32:30,626 - INFO -   beta_2 v^^2 (CF-cost, 2nd)    291795.4328***   156960.9737***   -194492.9371***   -194492.9371***                                 
2026-03-02 20:32:30,626 - INFO -                                 (20918.8167)   (26440.5294)   (23507.5054)   (38628.4638)                                 
2026-03-02 20:32:30,638 - INFO -   beta_3 v^^3 (CF-cost, 3rd)     4012.0345***     840.4946      -9581.5749***   -9581.5749***                                 
2026-03-02 20:32:30,640 - INFO -                                 (1303.0970)   (1078.1922)   (1014.5229)   (1549.2888)                                 
2026-03-02 20:32:30,645 - INFO -   beta_1 v^H (CF-Hausman, 1st)                                                                  -3163326.7775***   -3235963.4130*** 
2026-03-02 20:32:30,648 - INFO -                                                                                                 (540350.5729)   (452128.6646) 
2026-03-02 20:32:30,656 - INFO -   beta_2 v^H^2 (CF-Hausman, 2nd)                                                                  305599.2207***   199469.3851*** 
2026-03-02 20:32:30,657 - INFO -                                                                                                 (20227.3056)   (25657.7744) 
2026-03-02 20:32:30,663 - INFO -   beta_3 v^H^3 (CF-Hausman, 3rd)                                                                  12351.8106***   11010.5487*** 
2026-03-02 20:32:30,664 - INFO -                                                                                                 (1579.2705)   (1420.8800) 
2026-03-02 20:32:30,665 - INFO - ------------------------------------------------------------------------------------------------------------------------------
2026-03-02 20:32:30,665 - INFO -   N                                     48,572          48,572          48,572          48,572          48,572          48,572
2026-03-02 20:32:30,671 - INFO -   R^2                                   0.9576          0.9666          0.8701          0.8701          0.9580          0.9669
2026-03-02 20:32:30,671 - INFO -   BankxType FE                              No              No             Yes             Yes              No              No
2026-03-02 20:32:30,672 - INFO -   Time FE                                   No              No             Yes             Yes              No              No
2026-03-02 20:32:30,673 - INFO -   SE type                            HC-robust       HC-robust       HC-robust      Bank-clust       HC-robust       HC-robust
2026-03-02 20:32:30,673 - INFO - ------------------------------------------------------------------------------------------------------------------------------
2026-03-02 20:32:30,681 - INFO - Supply specs available: ['(1) Natl', '(2) +Bank', '(3) +FE', '(4) Clust', '(5) CF Natl', '(6) CF+Bank', '(7) CF+FE', '(8) CF+Clust', '(9) CF-Haus', '(10) CF-H+Bank']
2026-03-02 20:32:30,683 - INFO - 
>>> Step 2: Computing structural sleeping-deposit predictions ...
2026-03-02 20:32:30,737 - INFO -   Supply spec '(1) Natl': hat_Y computed for 66,903 obs (struct cols = ['nr_lag', 'selic_nr_lag'])
2026-03-02 20:32:30,750 - INFO -   Supply spec '(2) +Bank': hat_Y computed for 66,901 obs (struct cols = ['nr_lag', 'selic_nr_lag', 'logA_nr_lag', 'eq_nr_lag', 'seg_S2_nr_lag', 'seg_S3_nr_lag', 'seg_S4_nr_lag', 'seg_S5_nr_lag'])
2026-03-02 20:32:30,761 - INFO -   Supply spec '(3) +FE': hat_Y computed for 66,903 obs (struct cols = ['nr_lag', 'selic_nr_lag', 'logA_nr_lag', 'eq_nr_lag'])
2026-03-02 20:32:30,768 - INFO -   Supply spec '(4) Clust': hat_Y computed for 66,903 obs (struct cols = ['nr_lag', 'selic_nr_lag', 'logA_nr_lag', 'eq_nr_lag'])
2026-03-02 20:32:30,772 - INFO -   Supply spec '(5) CF Natl': hat_Y computed for 66,903 obs (struct cols = ['nr_lag', 'selic_nr_lag'])
2026-03-02 20:32:30,789 - INFO -   Supply spec '(6) CF+Bank': hat_Y computed for 66,901 obs (struct cols = ['nr_lag', 'selic_nr_lag', 'logA_nr_lag', 'eq_nr_lag', 'seg_S2_nr_lag', 'seg_S3_nr_lag', 'seg_S4_nr_lag', 'seg_S5_nr_lag'])
2026-03-02 20:32:30,799 - INFO -   Supply spec '(7) CF+FE': hat_Y computed for 66,903 obs (struct cols = ['nr_lag', 'selic_nr_lag', 'logA_nr_lag', 'eq_nr_lag'])
2026-03-02 20:32:30,804 - INFO -   Supply spec '(8) CF+Clust': hat_Y computed for 66,903 obs (struct cols = ['nr_lag', 'selic_nr_lag', 'logA_nr_lag', 'eq_nr_lag'])
2026-03-02 20:32:30,806 - INFO -   Supply spec '(9) CF-Haus': hat_Y computed for 66,903 obs (struct cols = ['nr_lag', 'selic_nr_lag'])
2026-03-02 20:32:30,815 - INFO -   Supply spec '(10) CF-H+Bank': hat_Y computed for 66,901 obs (struct cols = ['nr_lag', 'selic_nr_lag', 'logA_nr_lag', 'eq_nr_lag', 'seg_S2_nr_lag', 'seg_S3_nr_lag', 'seg_S4_nr_lag', 'seg_S5_nr_lag'])
2026-03-02 20:32:30,816 - INFO - 
>>> Step 3: Active deposit diagnostics by supply spec ...
2026-03-02 20:32:30,841 - INFO -   '(1) Natl': active>0=58.6%, active=0=41.4%, mean(active|active>0)=92419621.0
2026-03-02 20:32:30,848 - INFO -   '(2) +Bank': active>0=52.8%, active=0=47.2%, mean(active|active>0)=88724951.7
2026-03-02 20:32:30,853 - INFO -   '(3) +FE': active>0=68.7%, active=0=31.3%, mean(active|active>0)=132359717.0
2026-03-02 20:32:30,864 - INFO -   '(4) Clust': active>0=68.7%, active=0=31.3%, mean(active|active>0)=132359717.0
2026-03-02 20:32:30,869 - INFO -   '(5) CF Natl': active>0=52.0%, active=0=48.0%, mean(active|active>0)=90443262.4
2026-03-02 20:32:30,876 - INFO -   '(6) CF+Bank': active>0=38.5%, active=0=61.5%, mean(active|active>0)=97793609.7
2026-03-02 20:32:30,890 - INFO -   '(7) CF+FE': active>0=46.0%, active=0=54.0%, mean(active|active>0)=117134725.0
2026-03-02 20:32:30,899 - INFO -   '(8) CF+Clust': active>0=46.0%, active=0=54.0%, mean(active|active>0)=117134725.0
2026-03-02 20:32:30,906 - INFO -   '(9) CF-Haus': active>0=52.0%, active=0=48.0%, mean(active|active>0)=90456681.5
2026-03-02 20:32:30,920 - INFO -   '(10) CF-H+Bank': active>0=37.3%, active=0=62.7%, mean(active|active>0)=99941592.3
2026-03-02 20:32:30,922 - INFO - 
>>> Step 4: Estimating Berry (1994) demand equation ...
2026-03-02 20:32:30,935 - INFO - Demand -- type-interacted spread columns: ['spread_T1', 'spread_T2', 'spread_T3', 'spread_T4', 'spread_T5']
2026-03-02 20:32:30,993 - INFO - Endogenous types [4, 5]: 31,941 obs (47.7% of full sample)
2026-03-02 20:32:31,002 - INFO - Demand CF cost shifters (types 4-5): ['cosif_lag', 'log_assets_std', 'equity_ratio', 'lagged_cdi', 'lagged_selic', 'personnel_cost_ratio_lag', 'admin_cost_ratio_lag']
2026-03-02 20:32:31,099 - INFO - Demand CF-A (types 4-5): N=22,822, R^2=0.1462
2026-03-02 20:32:31,115 - INFO -   Joint F (cost vars): 257.33 (strong)
2026-03-02 20:32:31,285 - INFO - Demand CF-B (types 4-5, +Hausman IV): N=22,822, R^2=0.2391
2026-03-02 20:32:31,290 - INFO -   F (Hausman IV): 2110.56 (strong)
2026-03-02 20:32:31,545 - INFO - 
=== Demand: supply spec '(1) Natl' | N_valid=39,179, N_zero_active=27,724 / 66,903 ===
2026-03-02 20:32:31,550 - INFO -   log(s_active): mean=-9.2894, sd=2.3683
2026-03-02 20:32:31,681 - INFO -   D(1) Natl spread_T1: coef=-4.280347 (SE=0.016767, p=0.0000)***
2026-03-02 20:32:31,684 - INFO -   D(1) Natl spread_T2: coef=-10.255791 (SE=0.100575, p=0.0000)***
2026-03-02 20:32:31,688 - INFO -   D(1) Natl spread_T3: coef=-2009.740451 (SE=53.652821, p=0.0000)***
2026-03-02 20:32:31,692 - INFO -   D(1) Natl spread_T4: coef=0.299279 (SE=0.001075, p=0.0000)***
2026-03-02 20:32:31,695 - INFO -   D(1) Natl spread_T5: coef=-3.074834 (SE=0.372533, p=0.0000)***
2026-03-02 20:32:31,840 - INFO - 
=== Demand: supply spec '(2) +Bank' | N_valid=35,330, N_zero_active=31,571 / 66,903 ===
2026-03-02 20:32:31,842 - INFO -   log(s_active): mean=-9.3743, sd=2.4742
2026-03-02 20:32:31,936 - INFO -   D(2) +Bank spread_T1: coef=-4.306722 (SE=0.018373, p=0.0000)***
2026-03-02 20:32:31,937 - INFO -   D(2) +Bank spread_T2: coef=-10.144823 (SE=0.109917, p=0.0000)***
2026-03-02 20:32:31,939 - INFO -   D(2) +Bank spread_T3: coef=-2080.549724 (SE=55.464927, p=0.0000)***
2026-03-02 20:32:31,942 - INFO -   D(2) +Bank spread_T4: coef=0.298689 (SE=0.001092, p=0.0000)***
2026-03-02 20:32:31,944 - INFO -   D(2) +Bank spread_T5: coef=-3.224268 (SE=0.389028, p=0.0000)***
2026-03-02 20:32:32,070 - INFO - 
=== Demand: supply spec '(3) +FE' | N_valid=45,935, N_zero_active=20,968 / 66,903 ===
2026-03-02 20:32:32,081 - INFO -   log(s_active): mean=-9.4541, sd=2.3194
2026-03-02 20:32:39,306 - INFO -   D(3) +FE spread_T1: coef=-5.510166 (SE=0.011171, p=0.0000)***
2026-03-02 20:32:39,306 - INFO -   D(3) +FE spread_T2: coef=-13.074244 (SE=0.094187, p=0.0000)***
2026-03-02 20:32:39,319 - INFO -   D(3) +FE spread_T3: coef=-6598.497042 (SE=165.615959, p=0.0000)***
2026-03-02 20:32:39,325 - INFO -   D(3) +FE spread_T4: coef=0.494602 (SE=0.001046, p=0.0000)***
2026-03-02 20:32:39,327 - INFO -   D(3) +FE spread_T5: coef=-4.854639 (SE=0.618841, p=0.0000)***
2026-03-02 20:32:39,475 - INFO - 
=== Demand: supply spec '(4) Clust' | N_valid=45,935, N_zero_active=20,968 / 66,903 ===
2026-03-02 20:32:39,480 - INFO -   log(s_active): mean=-9.4541, sd=2.3194
2026-03-02 20:32:44,917 - INFO -   D(4) Clust spread_T1: coef=-5.510166 (SE=0.039294, p=0.0000)***
2026-03-02 20:32:44,917 - INFO -   D(4) Clust spread_T2: coef=-13.074244 (SE=0.274878, p=0.0000)***
2026-03-02 20:32:44,917 - INFO -   D(4) Clust spread_T3: coef=-6598.497042 (SE=404.261697, p=0.0000)***
2026-03-02 20:32:44,917 - INFO -   D(4) Clust spread_T4: coef=0.494602 (SE=0.004866, p=0.0000)***
2026-03-02 20:32:44,933 - INFO -   D(4) Clust spread_T5: coef=-4.854639 (SE=0.618941, p=0.0000)***
2026-03-02 20:32:45,009 - INFO - 
=== Demand: supply spec '(5) CF Natl' | N_valid=34,768, N_zero_active=32,135 / 66,903 ===
2026-03-02 20:32:45,013 - INFO -   log(s_active): mean=-9.1724, sd=2.3478
2026-03-02 20:32:45,100 - INFO -   D(5) CF Natl spread_T1: coef=-4.492170 (SE=0.021901, p=0.0000)***
2026-03-02 20:32:45,102 - INFO -   D(5) CF Natl spread_T2: coef=-10.459701 (SE=0.109310, p=0.0000)***
2026-03-02 20:32:45,103 - INFO -   D(5) CF Natl spread_T3: coef=-1994.846151 (SE=60.606982, p=0.0000)***
2026-03-02 20:32:45,105 - INFO -   D(5) CF Natl spread_T4: coef=0.405989 (SE=0.002103, p=0.0000)***
2026-03-02 20:32:45,111 - INFO -   D(5) CF Natl spread_T5: coef=-3.131353 (SE=0.318168, p=0.0000)***
2026-03-02 20:32:45,158 - INFO - 
=== Demand: supply spec '(6) CF+Bank' | N_valid=25,740, N_zero_active=41,161 / 66,903 ===
2026-03-02 20:32:45,159 - INFO -   log(s_active): mean=-8.8598, sd=2.3692
2026-03-02 20:32:45,219 - INFO -   D(6) CF+Bank spread_T1: coef=-4.255298 (SE=0.027059, p=0.0000)***
2026-03-02 20:32:45,221 - INFO -   D(6) CF+Bank spread_T2: coef=-10.236377 (SE=0.113594, p=0.0000)***
2026-03-02 20:32:45,222 - INFO -   D(6) CF+Bank spread_T3: coef=-1908.756121 (SE=62.073317, p=0.0000)***
2026-03-02 20:32:45,225 - INFO -   D(6) CF+Bank spread_T4: coef=0.410287 (SE=0.002685, p=0.0000)***
2026-03-02 20:32:45,228 - INFO -   D(6) CF+Bank spread_T5: coef=-3.218157 (SE=0.445522, p=0.0000)***
2026-03-02 20:32:45,302 - INFO - 
=== Demand: supply spec '(7) CF+FE' | N_valid=30,777, N_zero_active=36,126 / 66,903 ===
2026-03-02 20:32:45,304 - INFO -   log(s_active): mean=-9.2609, sd=2.4851
2026-03-02 20:32:51,046 - INFO -   D(7) CF+FE spread_T1: coef=-5.555407 (SE=0.016765, p=0.0000)***
2026-03-02 20:32:51,046 - INFO -   D(7) CF+FE spread_T2: coef=-13.848464 (SE=0.133570, p=0.0000)***
2026-03-02 20:32:51,046 - INFO -   D(7) CF+FE spread_T3: coef=-5043.371213 (SE=197.121075, p=0.0000)***
2026-03-02 20:32:51,046 - INFO -   D(7) CF+FE spread_T4: coef=0.541776 (SE=0.002252, p=0.0000)***
2026-03-02 20:32:51,046 - INFO -   D(7) CF+FE spread_T5: coef=-5.275345 (SE=0.817363, p=0.0000)***
2026-03-02 20:32:51,117 - INFO - 
=== Demand: supply spec '(8) CF+Clust' | N_valid=30,777, N_zero_active=36,126 / 66,903 ===
2026-03-02 20:32:51,119 - INFO -   log(s_active): mean=-9.2609, sd=2.4851
2026-03-02 20:32:57,646 - INFO -   D(8) CF+Clust spread_T1: coef=-5.555407 (SE=0.051813, p=0.0000)***
2026-03-02 20:32:57,648 - INFO -   D(8) CF+Clust spread_T2: coef=-13.848464 (SE=0.372048, p=0.0000)***
2026-03-02 20:32:57,651 - INFO -   D(8) CF+Clust spread_T3: coef=-5043.371213 (SE=436.756530, p=0.0000)***
2026-03-02 20:32:57,654 - INFO -   D(8) CF+Clust spread_T4: coef=0.541776 (SE=0.006434, p=0.0000)***
2026-03-02 20:32:57,660 - INFO -   D(8) CF+Clust spread_T5: coef=-5.275345 (SE=0.817295, p=0.0000)***
2026-03-02 20:32:57,768 - INFO - 
=== Demand: supply spec '(9) CF-Haus' | N_valid=34,793, N_zero_active=32,110 / 66,903 ===
2026-03-02 20:32:57,772 - INFO -   log(s_active): mean=-9.1736, sd=2.3497
2026-03-02 20:32:57,880 - INFO -   D(9) CF-Haus spread_T1: coef=-4.491727 (SE=0.021850, p=0.0000)***
2026-03-02 20:32:57,885 - INFO -   D(9) CF-Haus spread_T2: coef=-10.456246 (SE=0.109211, p=0.0000)***
2026-03-02 20:32:57,887 - INFO -   D(9) CF-Haus spread_T3: coef=-1993.790750 (SE=60.398623, p=0.0000)***
2026-03-02 20:32:57,889 - INFO -   D(9) CF-Haus spread_T4: coef=0.410574 (SE=0.002349, p=0.0000)***
2026-03-02 20:32:57,890 - INFO -   D(9) CF-Haus spread_T5: coef=-3.122746 (SE=0.318780, p=0.0000)***
2026-03-02 20:32:57,959 - INFO - 
=== Demand: supply spec '(10) CF-H+Bank' | N_valid=24,972, N_zero_active=41,929 / 66,903 ===
2026-03-02 20:32:57,962 - INFO -   log(s_active): mean=-8.8502, sd=2.3885
2026-03-02 20:32:58,053 - INFO -   D(10) CF-H+Bank spread_T1: coef=-4.245320 (SE=0.027855, p=0.0000)***
2026-03-02 20:32:58,055 - INFO -   D(10) CF-H+Bank spread_T2: coef=-10.270386 (SE=0.114663, p=0.0000)***
2026-03-02 20:32:58,058 - INFO -   D(10) CF-H+Bank spread_T3: coef=-1912.803508 (SE=62.998905, p=0.0000)***
2026-03-02 20:32:58,061 - INFO -   D(10) CF-H+Bank spread_T4: coef=0.412242 (SE=0.002754, p=0.0000)***
2026-03-02 20:32:58,064 - INFO -   D(10) CF-H+Bank spread_T5: coef=-3.218524 (SE=0.446311, p=0.0000)***
2026-03-02 20:32:58,077 - INFO - 
>>> Step 5: Exporting demand results ...
2026-03-02 20:32:58,118 - INFO - Demand results exported to C:\Users\pedro\OneDrive\Documentos\Yale\Year 3 (2024 - 2025)\Open Finance\Open-Finance\BCB\Egan_et_al_2025_Rep\processed\ESTIMATION_OUTPUT\demand_results_conglomerate.csv
2026-03-02 20:32:58,199 - INFO - Demand LaTeX table exported to C:\Users\pedro\OneDrive\Documentos\Yale\Year 3 (2024 - 2025)\Open Finance\Open-Finance\BCB\Egan_et_al_2025_Rep\processed\ESTIMATION_OUTPUT\demand_table_conglomerate.tex
2026-03-02 20:32:58,199 - INFO - Demand specs estimated: ['D(1) Natl', 'D(2) +Bank', 'D(3) +FE', 'D(4) Clust', 'D(5) CF Natl', 'D(6) CF+Bank', 'D(7) CF+FE', 'D(8) CF+Clust', 'D(9) CF-Haus', 'D(10) CF-H+Bank']
2026-03-02 20:32:58,200 - INFO - Done -- estimation_demand_1.py complete.
2026-03-02 20:42:15,642 - INFO - ================================================================================
2026-03-02 20:42:15,644 - INFO - DEMAND ESTIMATION -- CONGLOMERATE LEVEL
2026-03-02 20:42:15,646 - INFO - Berry (1994) active market shares | estimation_demand_1.py
2026-03-02 20:42:15,646 - INFO - ================================================================================
2026-03-02 20:42:15,647 - INFO - 
>>> Step 1: Loading panel and running supply estimation ...
2026-03-02 20:42:15,649 - INFO - Loading panel ...
2026-03-02 20:42:17,330 - INFO - Raw panel: 241,519 rows, 33 cols
2026-03-02 20:42:17,332 - INFO -   total_assets coverage: 241,519 / 241,519
2026-03-02 20:42:17,332 - INFO -   equity_ratio coverage: 239,294 / 241,519
2026-03-02 20:42:17,348 - INFO -   segment coverage: 230,256 / 241,519
2026-03-02 20:42:17,581 - INFO - log_total_assets: mean=19.79, sd=2.57 (standardized for estimation)
2026-03-02 20:42:17,770 - INFO - Winsorized deposit_balance at [p1,p99]=[297.8,34626022396.7]: dropped 1,366 outliers
2026-03-02 20:42:17,772 - INFO - Estimation sample: 66,903 rows
2026-03-02 20:42:17,778 - INFO -   Banks:    1236
2026-03-02 20:42:17,779 - INFO -   Quarters: 37
2026-03-02 20:42:17,784 - INFO -   Types:    [np.int64(1), np.int64(2), np.int64(3), np.int64(4), np.int64(5)]
2026-03-02 20:42:17,785 - INFO - Dep var (deposit_balance, levels) summary:
2026-03-02 20:42:17,794 - INFO -   mean=470784318.3, sd=2003063602.1, p5=841909.3, p95=1711527799.3
2026-03-02 20:42:17,796 - INFO - nr_lag (nr x D_{t-1}) summary:
2026-03-02 20:42:17,798 - INFO -   mean=416390695.086520, sd=1847104374.609097
2026-03-02 20:42:17,798 - INFO - Lagged Selic (p.a.) summary:
2026-03-02 20:42:17,798 - INFO -   mean=9.29, sd=4.10, min=2.00, max=15.00
2026-03-02 20:42:17,815 - INFO - Segment distribution: {'S5': 39798, 'S4': 18039, 'S3': 4787, 'S2': 986, 'S1': 392}
2026-03-02 20:42:17,821 - INFO - ================================================================================
2026-03-02 20:42:17,823 - INFO - STRUCTURAL ESTIMATION: deposit_balance = phi(S,X) x nr x D_{t-1}
2026-03-02 20:42:17,824 - INFO -   phi(S,X) = Y'_1 S_t + Y'_2 X_jt  (Egan et al. 2025, Table 3)
2026-03-02 20:42:17,825 - INFO - ================================================================================
2026-03-02 20:42:20,113 - INFO - Dep var: Dep_jkt (levels)     
2026-03-02 20:42:20,113 - INFO - ----------------------------------------------------------------------------------------------
2026-03-02 20:42:20,113 - INFO -                                       (1) Natl       (2) +Bank         (3) +FE       (4) Clust
2026-03-02 20:42:20,113 - INFO - ----------------------------------------------------------------------------------------------
2026-03-02 20:42:20,146 - INFO -   Y_1,cons  (nr x D_{t-1})          1.0824***       1.0512***       1.4971***       1.4971*** 
2026-03-02 20:42:20,146 - INFO -                                 (   0.0230)   (   0.2351)   (   0.1448)   (   0.1566) 
2026-03-02 20:42:20,166 - INFO -   Y_1,RF   (selic x nr x D_{t-1})     -0.0021         -0.0062         -0.0014         -0.0014    
2026-03-02 20:42:20,167 - INFO -                                 (   0.0029)   (   0.0039)   (   0.0018)   (   0.0020) 
2026-03-02 20:42:20,172 - INFO -   Y_2,size (logA x nr x D_{t-1})                      0.0047         -0.1403***      -0.1403*** 
2026-03-02 20:42:20,172 - INFO -                                                 (   0.0830)   (   0.0447)   (   0.0511) 
2026-03-02 20:42:20,176 - INFO -   Y_2,eq   (E/A x nr x D_{t-1})                     -0.3255*        -1.4166***      -1.4166*** 
2026-03-02 20:42:20,176 - INFO -                                                 (   0.1816)   (   0.4486)   (   0.4746) 
2026-03-02 20:42:20,179 - INFO -   Y_2,S2  (seg_S2 x nr x D_{t-1})                      0.0960                                    
2026-03-02 20:42:20,179 - INFO -                                                 (   0.0962)                                 
2026-03-02 20:42:20,182 - INFO -   Y_2,S3  (seg_S3 x nr x D_{t-1})                      0.2165                                    
2026-03-02 20:42:20,183 - INFO -                                                 (   0.1405)                                 
2026-03-02 20:42:20,185 - INFO -   Y_2,S4  (seg_S4 x nr x D_{t-1})                      0.1936                                    
2026-03-02 20:42:20,185 - INFO -                                                 (   0.1763)                                 
2026-03-02 20:42:20,187 - INFO -   Y_2,S5  (seg_S5 x nr x D_{t-1})                      0.2624                                    
2026-03-02 20:42:20,187 - INFO -                                                 (   0.2346)                                 
2026-03-02 20:42:20,187 - INFO - ----------------------------------------------------------------------------------------------
2026-03-02 20:42:20,188 - INFO -   N                                     66,903          66,901          66,903          66,903
2026-03-02 20:42:20,191 - INFO -   R^2                                   0.9531          0.9588          0.8180          0.8180
2026-03-02 20:42:20,192 - INFO -   BankxType FE                              No              No             Yes             Yes
2026-03-02 20:42:20,193 - INFO -   Time FE                                   No              No             Yes             Yes
2026-03-02 20:42:20,194 - INFO -   SE type                            HC-robust       HC-robust       HC-robust      Bank-clust
2026-03-02 20:42:20,195 - INFO - ----------------------------------------------------------------------------------------------
2026-03-02 20:42:20,198 - INFO - Interpretation guide:
2026-03-02 20:42:20,199 - INFO -   Y_1,cons = coef on nr_lag = phi_cons (retention scaling factor)
2026-03-02 20:42:20,200 - INFO -   Y_1,RF < 0 means depositors sleepier when rates are low
2026-03-02 20:42:20,201 - INFO -   Y_2,size > 0 means larger banks retain more deposits
2026-03-02 20:42:20,202 - INFO - Baseline retention coef on nr_lag (Spec 1): 1.0824
2026-03-02 20:42:20,208 - INFO - ================================================================================
2026-03-02 20:42:20,210 - INFO - CONTROL FUNCTION ESTIMATION (semi-parametric CF) [CONGLOMERATE]
2026-03-02 20:42:20,212 - INFO -   Stage 1: spread_jkt ~ cost_shifters + type_dummies  -->  v_hat
2026-03-02 20:42:20,214 - INFO -   Stage 2: deposit_balance = phi(S,X)*nr*D_{t-1} + b1*v + b2*v^2 + b3*v^3 + eps
2026-03-02 20:42:20,216 - INFO -   All deposit types treated as potentially endogenous.
2026-03-02 20:42:20,217 - INFO - ================================================================================
2026-03-02 20:42:20,222 - INFO - First-stage cost shifters: ['cosif_lag', 'log_assets_std', 'equity_ratio', 'lagged_cdi', 'lagged_selic', 'personnel_cost_ratio_lag', 'admin_cost_ratio_lag']
2026-03-02 20:42:20,323 - INFO - First-stage A -- N=48,572, R^2=0.5660
2026-03-02 20:42:20,326 - INFO -   cosif_lag: coef=0.112836, p=0.0000
2026-03-02 20:42:20,328 - INFO -   log_assets_std: coef=0.046831, p=0.4902
2026-03-02 20:42:20,330 - INFO -   equity_ratio: coef=3.016783, p=0.0000
2026-03-02 20:42:20,332 - INFO -   lagged_cdi: coef=-3.103593, p=0.0000
2026-03-02 20:42:20,334 - INFO -   lagged_selic: coef=0.904159, p=0.0000
2026-03-02 20:42:20,336 - INFO -   personnel_cost_ratio_lag: coef=-59.453711, p=0.0000
2026-03-02 20:42:20,338 - INFO -   admin_cost_ratio_lag: coef=1.101676, p=0.1150
2026-03-02 20:42:20,340 - INFO -   type2_d: coef=-1.396259, p=0.0000
2026-03-02 20:42:20,342 - INFO -   type3_d: coef=-2.142413, p=0.0000
2026-03-02 20:42:20,343 - INFO -   type4_d: coef=-20.541621, p=0.0000
2026-03-02 20:42:20,343 - INFO -   type5_d: coef=-1.159271, p=0.0000
2026-03-02 20:42:20,353 - INFO -   Joint F (cost vars): 317.81 (strong)
2026-03-02 20:42:20,410 - INFO - Computing Hausman IV (leave-one-out spread mean by type x quarter) ...
2026-03-02 20:42:20,556 - INFO - First-stage B -- N=48,572, R^2=0.6215
2026-03-02 20:42:20,560 - INFO -   hausman_iv_spread: coef=1.495158, p=0.0000
2026-03-02 20:42:20,562 - INFO -   cosif_lag: coef=-0.012449, p=0.0003
2026-03-02 20:42:20,564 - INFO -   log_assets_std: coef=0.382303, p=0.0000
2026-03-02 20:42:20,566 - INFO -   equity_ratio: coef=4.446583, p=0.0000
2026-03-02 20:42:20,567 - INFO -   lagged_cdi: coef=-0.168771, p=0.4677
2026-03-02 20:42:20,568 - INFO -   lagged_selic: coef=0.002775, p=0.9605
2026-03-02 20:42:20,569 - INFO -   personnel_cost_ratio_lag: coef=-28.122371, p=0.0000
2026-03-02 20:42:20,571 - INFO -   admin_cost_ratio_lag: coef=1.220726, p=0.1023
2026-03-02 20:42:20,574 - INFO -   F (Hausman IV): 3802.07 (strong)
2026-03-02 20:42:20,638 - INFO - CF residuals (Cost-only): N=48,572, mean=0.000000, sd=8.885243
2026-03-02 20:42:20,640 - INFO - CF residuals (Hausman): N=48,572, mean=0.000000, sd=8.298001
2026-03-02 20:42:20,736 - INFO -   CF-Cost(5) cf_resid: 1205653.061573 (p=0.0024) ***
2026-03-02 20:42:20,738 - INFO -   CF-Cost(5) cf_resid_sq: 291795.432798 (p=0.0000) ***
2026-03-02 20:42:20,740 - INFO -   CF-Cost(5) cf_resid_cu: 4012.034535 (p=0.0021) ***
2026-03-02 20:42:20,748 - INFO -   CF-Cost(5) joint F on poly: 107.58 -> endogeneity
2026-03-02 20:42:20,869 - INFO -   CF-Cost(6) cf_resid: 1366731.715739 (p=0.0000) ***
2026-03-02 20:42:20,872 - INFO -   CF-Cost(6) cf_resid_sq: 156960.973712 (p=0.0000) ***
2026-03-02 20:42:20,878 - INFO -   CF-Cost(6) cf_resid_cu: 840.494644 (p=0.4357) 
2026-03-02 20:42:20,884 - INFO -   CF-Cost(6) joint F on poly: 21.85 -> endogeneity
2026-03-02 20:42:21,861 - INFO -   CF+FE(7) cf_resid: 3303874.939207 (p=0.0000)
2026-03-02 20:42:21,861 - INFO -   CF+FE(7) cf_resid_sq: -194492.937115 (p=0.0000)
2026-03-02 20:42:21,861 - INFO -   CF+FE(7) cf_resid_cu: -9581.574873 (p=0.0000)
2026-03-02 20:42:22,727 - INFO -   CF-Hausman(9) cf_resid_h: -3163326.777533 (p=0.0000) ***
2026-03-02 20:42:22,727 - INFO -   CF-Hausman(9) cf_resid_h_sq: 305599.220671 (p=0.0000) ***
2026-03-02 20:42:22,743 - INFO -   CF-Hausman(9) cf_resid_h_cu: 12351.810570 (p=0.0000) ***
2026-03-02 20:42:22,743 - INFO -   CF-Hausman(9) joint F on poly: 99.64 -> endogeneity
2026-03-02 20:42:22,886 - INFO -   CF-Hausman(10) cf_resid_h: -3235963.412975 (p=0.0000) ***
2026-03-02 20:42:22,888 - INFO -   CF-Hausman(10) cf_resid_h_sq: 199469.385064 (p=0.0000) ***
2026-03-02 20:42:22,889 - INFO -   CF-Hausman(10) cf_resid_h_cu: 11010.548739 (p=0.0000) ***
2026-03-02 20:42:22,894 - INFO -   CF-Hausman(10) joint F on poly: 27.44 -> endogeneity
2026-03-02 20:42:22,897 - INFO - Dep var: Dep_jkt (levels, CF) 
2026-03-02 20:42:22,898 - INFO - ------------------------------------------------------------------------------------------------------------------------------
2026-03-02 20:42:22,899 - INFO -                                    (5) CF Natl     (6) CF+Bank       (7) CF+FE    (8) CF+Clust     (9) CF-Haus  (10) CF-H+Bank
2026-03-02 20:42:22,900 - INFO - ------------------------------------------------------------------------------------------------------------------------------
2026-03-02 20:42:22,975 - INFO -   Y_1,cons  (nr x D_{t-1})          1.0636***       1.1643***       1.5592***       1.5592***       1.0637***       1.1690*** 
2026-03-02 20:42:22,976 - INFO -                                 (   0.0302)   (   0.1647)   (   0.1461)   (   0.1970)   (   0.0300)   (   0.1634) 
2026-03-02 20:42:22,985 - INFO -   Y_1,RF   (selic x nr x D_{t-1})      0.0036         -0.0004         -0.0010         -0.0010          0.0035         -0.0004    
2026-03-02 20:42:22,986 - INFO -                                 (   0.0035)   (   0.0024)   (   0.0021)   (   0.0019)   (   0.0035)   (   0.0024) 
2026-03-02 20:42:22,994 - INFO -   Y_2,size (logA x nr x D_{t-1})                     -0.0556         -0.1490***      -0.1490**                       -0.0568    
2026-03-02 20:42:22,995 - INFO -                                                 (   0.0421)   (   0.0382)   (   0.0628)                   (   0.0417) 
2026-03-02 20:42:22,999 - INFO -   Y_2,eq   (E/A x nr x D_{t-1})                     -0.0052         -1.0543**       -1.0543                         -0.0130    
2026-03-02 20:42:22,999 - INFO -                                                 (   0.2320)   (   0.5376)   (   0.6579)                   (   0.2310) 
2026-03-02 20:42:23,004 - INFO -   Y_2,S2  (seg_S2 x nr x D_{t-1})                      0.0452                                                          0.0429    
2026-03-02 20:42:23,005 - INFO -                                                 (   0.0563)                                                   (   0.0558) 
2026-03-02 20:42:23,007 - INFO -   Y_2,S3  (seg_S3 x nr x D_{t-1})                      0.2031***                                                       0.2001*** 
2026-03-02 20:42:23,007 - INFO -                                                 (   0.0607)                                                   (   0.0602) 
2026-03-02 20:42:23,010 - INFO -   Y_2,S4  (seg_S4 x nr x D_{t-1})                      0.0027                                                          0.0027    
2026-03-02 20:42:23,010 - INFO -                                                 (   0.0970)                                                   (   0.0963) 
2026-03-02 20:42:23,013 - INFO -   Y_2,S5  (seg_S5 x nr x D_{t-1})                      0.0302                                                          0.0436    
2026-03-02 20:42:23,013 - INFO -                                                 (   0.0857)                                                   (   0.0851) 
2026-03-02 20:42:23,013 - INFO -   beta_1 v^  (CF-cost, 1st)     1205653.0616***   1366731.7157***   3303874.9392***   3303874.9392***                                 
2026-03-02 20:42:23,013 - INFO -                                 (396498.7728)   (332813.9507)   (369259.9663)   (634130.9740)                                 
2026-03-02 20:42:23,025 - INFO -   beta_2 v^^2 (CF-cost, 2nd)    291795.4328***   156960.9737***   -194492.9371***   -194492.9371***                                 
2026-03-02 20:42:23,026 - INFO -                                 (20918.8167)   (26440.5294)   (23507.5054)   (38628.4638)                                 
2026-03-02 20:42:23,033 - INFO -   beta_3 v^^3 (CF-cost, 3rd)     4012.0345***     840.4946      -9581.5749***   -9581.5749***                                 
2026-03-02 20:42:23,034 - INFO -                                 (1303.0970)   (1078.1922)   (1014.5229)   (1549.2888)                                 
2026-03-02 20:42:23,036 - INFO -   beta_1 v^H (CF-Hausman, 1st)                                                                  -3163326.7775***   -3235963.4130*** 
2026-03-02 20:42:23,037 - INFO -                                                                                                 (540350.5729)   (452128.6646) 
2026-03-02 20:42:23,042 - INFO -   beta_2 v^H^2 (CF-Hausman, 2nd)                                                                  305599.2207***   199469.3851*** 
2026-03-02 20:42:23,043 - INFO -                                                                                                 (20227.3056)   (25657.7744) 
2026-03-02 20:42:23,045 - INFO -   beta_3 v^H^3 (CF-Hausman, 3rd)                                                                  12351.8106***   11010.5487*** 
2026-03-02 20:42:23,045 - INFO -                                                                                                 (1579.2705)   (1420.8800) 
2026-03-02 20:42:23,047 - INFO - ------------------------------------------------------------------------------------------------------------------------------
2026-03-02 20:42:23,048 - INFO -   N                                     48,572          48,572          48,572          48,572          48,572          48,572
2026-03-02 20:42:23,053 - INFO -   R^2                                   0.9576          0.9666          0.8701          0.8701          0.9580          0.9669
2026-03-02 20:42:23,054 - INFO -   BankxType FE                              No              No             Yes             Yes              No              No
2026-03-02 20:42:23,055 - INFO -   Time FE                                   No              No             Yes             Yes              No              No
2026-03-02 20:42:23,056 - INFO -   SE type                            HC-robust       HC-robust       HC-robust      Bank-clust       HC-robust       HC-robust
2026-03-02 20:42:23,058 - INFO - ------------------------------------------------------------------------------------------------------------------------------
2026-03-02 20:42:23,068 - INFO - Supply specs available: ['(1) Natl', '(2) +Bank', '(3) +FE', '(4) Clust', '(5) CF Natl', '(6) CF+Bank', '(7) CF+FE', '(8) CF+Clust', '(9) CF-Haus', '(10) CF-H+Bank']
2026-03-02 20:42:23,069 - INFO - 
>>> Step 2: Computing structural sleeping-deposit predictions ...
2026-03-02 20:42:23,116 - INFO -   Supply spec '(1) Natl': hat_Y computed for 66,903 obs (struct cols = ['nr_lag', 'selic_nr_lag'])
2026-03-02 20:42:23,127 - INFO -   Supply spec '(2) +Bank': hat_Y computed for 66,901 obs (struct cols = ['nr_lag', 'selic_nr_lag', 'logA_nr_lag', 'eq_nr_lag', 'seg_S2_nr_lag', 'seg_S3_nr_lag', 'seg_S4_nr_lag', 'seg_S5_nr_lag'])
2026-03-02 20:42:23,134 - INFO -   Supply spec '(3) +FE': hat_Y computed for 66,903 obs (struct cols = ['nr_lag', 'selic_nr_lag', 'logA_nr_lag', 'eq_nr_lag'])
2026-03-02 20:42:23,140 - INFO -   Supply spec '(4) Clust': hat_Y computed for 66,903 obs (struct cols = ['nr_lag', 'selic_nr_lag', 'logA_nr_lag', 'eq_nr_lag'])
2026-03-02 20:42:23,144 - INFO -   Supply spec '(5) CF Natl': hat_Y computed for 66,903 obs (struct cols = ['nr_lag', 'selic_nr_lag'])
2026-03-02 20:42:23,153 - INFO -   Supply spec '(6) CF+Bank': hat_Y computed for 66,901 obs (struct cols = ['nr_lag', 'selic_nr_lag', 'logA_nr_lag', 'eq_nr_lag', 'seg_S2_nr_lag', 'seg_S3_nr_lag', 'seg_S4_nr_lag', 'seg_S5_nr_lag'])
2026-03-02 20:42:23,159 - INFO -   Supply spec '(7) CF+FE': hat_Y computed for 66,903 obs (struct cols = ['nr_lag', 'selic_nr_lag', 'logA_nr_lag', 'eq_nr_lag'])
2026-03-02 20:42:23,167 - INFO -   Supply spec '(8) CF+Clust': hat_Y computed for 66,903 obs (struct cols = ['nr_lag', 'selic_nr_lag', 'logA_nr_lag', 'eq_nr_lag'])
2026-03-02 20:42:23,172 - INFO -   Supply spec '(9) CF-Haus': hat_Y computed for 66,903 obs (struct cols = ['nr_lag', 'selic_nr_lag'])
2026-03-02 20:42:23,179 - INFO -   Supply spec '(10) CF-H+Bank': hat_Y computed for 66,901 obs (struct cols = ['nr_lag', 'selic_nr_lag', 'logA_nr_lag', 'eq_nr_lag', 'seg_S2_nr_lag', 'seg_S3_nr_lag', 'seg_S4_nr_lag', 'seg_S5_nr_lag'])
2026-03-02 20:42:23,181 - INFO - 
>>> Step 3: Active deposit diagnostics by supply spec ...
2026-03-02 20:42:23,195 - INFO -   '(1) Natl': active>0=58.6%, active=0=41.4%, mean(active|active>0)=92419621.0
2026-03-02 20:42:23,202 - INFO -   '(2) +Bank': active>0=52.8%, active=0=47.2%, mean(active|active>0)=88724951.7
2026-03-02 20:42:23,210 - INFO -   '(3) +FE': active>0=68.7%, active=0=31.3%, mean(active|active>0)=132359717.0
2026-03-02 20:42:23,217 - INFO -   '(4) Clust': active>0=68.7%, active=0=31.3%, mean(active|active>0)=132359717.0
2026-03-02 20:42:23,222 - INFO -   '(5) CF Natl': active>0=52.0%, active=0=48.0%, mean(active|active>0)=90443262.4
2026-03-02 20:42:23,229 - INFO -   '(6) CF+Bank': active>0=38.5%, active=0=61.5%, mean(active|active>0)=97793609.7
2026-03-02 20:42:23,236 - INFO -   '(7) CF+FE': active>0=46.0%, active=0=54.0%, mean(active|active>0)=117134725.0
2026-03-02 20:42:23,245 - INFO -   '(8) CF+Clust': active>0=46.0%, active=0=54.0%, mean(active|active>0)=117134725.0
2026-03-02 20:42:23,252 - INFO -   '(9) CF-Haus': active>0=52.0%, active=0=48.0%, mean(active|active>0)=90456681.5
2026-03-02 20:42:23,263 - INFO -   '(10) CF-H+Bank': active>0=37.3%, active=0=62.7%, mean(active|active>0)=99941592.3
2026-03-02 20:42:23,264 - INFO - 
>>> Step 4: Estimating Berry (1994) demand equation ...
2026-03-02 20:42:23,280 - INFO - Demand -- type-interacted spread columns: ['spread_T1', 'spread_T2', 'spread_T3', 'spread_T4', 'spread_T5']
2026-03-02 20:42:23,336 - INFO - Endogenous types [4, 5]: 31,941 obs (47.7% of full sample)
2026-03-02 20:42:23,340 - INFO - Demand CF cost shifters (types 4-5): ['cosif_lag', 'log_assets_std', 'equity_ratio', 'lagged_cdi', 'lagged_selic', 'personnel_cost_ratio_lag', 'admin_cost_ratio_lag']
2026-03-02 20:42:23,413 - INFO - Demand CF-A (types 4-5): N=22,822, R^2=0.1462
2026-03-02 20:42:23,422 - INFO -   Joint F (cost vars): 257.33 (strong)
2026-03-02 20:42:23,528 - INFO - Demand CF-B (types 4-5, +Hausman IV): N=22,822, R^2=0.2391
2026-03-02 20:42:23,532 - INFO -   F (Hausman IV): 2110.56 (strong)
2026-03-02 20:42:23,645 - INFO - 
=== Demand: supply spec '(1) Natl' | N_valid=39,179, N_zero_active=27,724 / 66,903 ===
2026-03-02 20:42:23,648 - INFO -   log(s_active): mean=-9.2894, sd=2.3683
2026-03-02 20:42:23,771 - INFO -   D(1) Natl spread_T1: coef=-4.280347 (SE=0.016767, p=0.0000)***
2026-03-02 20:42:23,776 - INFO -   D(1) Natl spread_T2: coef=-10.255791 (SE=0.100575, p=0.0000)***
2026-03-02 20:42:23,778 - INFO -   D(1) Natl spread_T3: coef=-2009.740451 (SE=53.652821, p=0.0000)***
2026-03-02 20:42:23,785 - INFO -   D(1) Natl spread_T4: coef=0.299279 (SE=0.001075, p=0.0000)***
2026-03-02 20:42:23,788 - INFO -   D(1) Natl spread_T5: coef=-3.074834 (SE=0.372533, p=0.0000)***
2026-03-02 20:42:23,903 - INFO - 
=== Demand: supply spec '(2) +Bank' | N_valid=35,330, N_zero_active=31,571 / 66,903 ===
2026-03-02 20:42:23,906 - INFO -   log(s_active): mean=-9.3743, sd=2.4742
2026-03-02 20:42:24,017 - INFO -   D(2) +Bank spread_T1: coef=-4.306722 (SE=0.018373, p=0.0000)***
2026-03-02 20:42:24,019 - INFO -   D(2) +Bank spread_T2: coef=-10.144823 (SE=0.109917, p=0.0000)***
2026-03-02 20:42:24,023 - INFO -   D(2) +Bank spread_T3: coef=-2080.549724 (SE=55.464927, p=0.0000)***
2026-03-02 20:42:24,028 - INFO -   D(2) +Bank spread_T4: coef=0.298689 (SE=0.001092, p=0.0000)***
2026-03-02 20:42:24,032 - INFO -   D(2) +Bank spread_T5: coef=-3.224268 (SE=0.389028, p=0.0000)***
2026-03-02 20:42:24,163 - INFO - 
=== Demand: supply spec '(3) +FE' | N_valid=45,935, N_zero_active=20,968 / 66,903 ===
2026-03-02 20:42:24,166 - INFO -   log(s_active): mean=-9.4541, sd=2.3194
2026-03-02 20:42:29,775 - INFO -   D(3) +FE spread_T1: coef=-5.510166 (SE=0.011171, p=0.0000)***
2026-03-02 20:42:29,778 - INFO -   D(3) +FE spread_T2: coef=-13.074244 (SE=0.094187, p=0.0000)***
2026-03-02 20:42:29,781 - INFO -   D(3) +FE spread_T3: coef=-6598.497042 (SE=165.615959, p=0.0000)***
2026-03-02 20:42:29,783 - INFO -   D(3) +FE spread_T4: coef=0.494602 (SE=0.001046, p=0.0000)***
2026-03-02 20:42:29,787 - INFO -   D(3) +FE spread_T5: coef=-4.854639 (SE=0.618841, p=0.0000)***
2026-03-02 20:42:29,955 - INFO - 
=== Demand: supply spec '(4) Clust' | N_valid=45,935, N_zero_active=20,968 / 66,903 ===
2026-03-02 20:42:29,961 - INFO -   log(s_active): mean=-9.4541, sd=2.3194
2026-03-02 20:42:37,382 - INFO -   D(4) Clust spread_T1: coef=-5.510166 (SE=0.039294, p=0.0000)***
2026-03-02 20:42:37,387 - INFO -   D(4) Clust spread_T2: coef=-13.074244 (SE=0.274878, p=0.0000)***
2026-03-02 20:42:37,389 - INFO -   D(4) Clust spread_T3: coef=-6598.497042 (SE=404.261697, p=0.0000)***
2026-03-02 20:42:37,391 - INFO -   D(4) Clust spread_T4: coef=0.494602 (SE=0.004866, p=0.0000)***
2026-03-02 20:42:37,394 - INFO -   D(4) Clust spread_T5: coef=-4.854639 (SE=0.618941, p=0.0000)***
2026-03-02 20:42:37,489 - INFO - 
=== Demand: supply spec '(5) CF Natl' | N_valid=34,768, N_zero_active=32,135 / 66,903 ===
2026-03-02 20:42:37,492 - INFO -   log(s_active): mean=-9.1724, sd=2.3478
2026-03-02 20:42:37,595 - INFO -   D(5) CF Natl spread_T1: coef=-4.492170 (SE=0.021901, p=0.0000)***
2026-03-02 20:42:37,600 - INFO -   D(5) CF Natl spread_T2: coef=-10.459701 (SE=0.109310, p=0.0000)***
2026-03-02 20:42:37,606 - INFO -   D(5) CF Natl spread_T3: coef=-1994.846151 (SE=60.606982, p=0.0000)***
2026-03-02 20:42:37,614 - INFO -   D(5) CF Natl spread_T4: coef=0.405989 (SE=0.002103, p=0.0000)***
2026-03-02 20:42:37,617 - INFO -   D(5) CF Natl spread_T5: coef=-3.131353 (SE=0.318168, p=0.0000)***
2026-03-02 20:42:37,696 - INFO - 
=== Demand: supply spec '(6) CF+Bank' | N_valid=25,740, N_zero_active=41,161 / 66,903 ===
2026-03-02 20:42:37,699 - INFO -   log(s_active): mean=-8.8598, sd=2.3692
2026-03-02 20:42:37,800 - INFO -   D(6) CF+Bank spread_T1: coef=-4.255298 (SE=0.027059, p=0.0000)***
2026-03-02 20:42:37,802 - INFO -   D(6) CF+Bank spread_T2: coef=-10.236377 (SE=0.113594, p=0.0000)***
2026-03-02 20:42:37,806 - INFO -   D(6) CF+Bank spread_T3: coef=-1908.756121 (SE=62.073317, p=0.0000)***
2026-03-02 20:42:37,816 - INFO -   D(6) CF+Bank spread_T4: coef=0.410287 (SE=0.002685, p=0.0000)***
2026-03-02 20:42:37,819 - INFO -   D(6) CF+Bank spread_T5: coef=-3.218157 (SE=0.445522, p=0.0000)***
2026-03-02 20:42:37,913 - INFO - 
=== Demand: supply spec '(7) CF+FE' | N_valid=30,777, N_zero_active=36,126 / 66,903 ===
2026-03-02 20:42:37,918 - INFO -   log(s_active): mean=-9.2609, sd=2.4851
2026-03-02 20:42:46,508 - INFO -   D(7) CF+FE spread_T1: coef=-5.555407 (SE=0.016765, p=0.0000)***
2026-03-02 20:42:46,512 - INFO -   D(7) CF+FE spread_T2: coef=-13.848464 (SE=0.133570, p=0.0000)***
2026-03-02 20:42:46,515 - INFO -   D(7) CF+FE spread_T3: coef=-5043.371213 (SE=197.121075, p=0.0000)***
2026-03-02 20:42:46,519 - INFO -   D(7) CF+FE spread_T4: coef=0.541776 (SE=0.002252, p=0.0000)***
2026-03-02 20:42:46,525 - INFO -   D(7) CF+FE spread_T5: coef=-5.275345 (SE=0.817363, p=0.0000)***
2026-03-02 20:42:46,595 - INFO - 
=== Demand: supply spec '(8) CF+Clust' | N_valid=30,777, N_zero_active=36,126 / 66,903 ===
2026-03-02 20:42:46,598 - INFO -   log(s_active): mean=-9.2609, sd=2.4851
2026-03-02 20:42:51,891 - INFO -   D(8) CF+Clust spread_T1: coef=-5.555407 (SE=0.051813, p=0.0000)***
2026-03-02 20:42:51,893 - INFO -   D(8) CF+Clust spread_T2: coef=-13.848464 (SE=0.372048, p=0.0000)***
2026-03-02 20:42:51,893 - INFO -   D(8) CF+Clust spread_T3: coef=-5043.371213 (SE=436.756530, p=0.0000)***
2026-03-02 20:42:51,893 - INFO -   D(8) CF+Clust spread_T4: coef=0.541776 (SE=0.006434, p=0.0000)***
2026-03-02 20:42:51,898 - INFO -   D(8) CF+Clust spread_T5: coef=-5.275345 (SE=0.817295, p=0.0000)***
2026-03-02 20:42:51,979 - INFO - 
=== Demand: supply spec '(9) CF-Haus' | N_valid=34,793, N_zero_active=32,110 / 66,903 ===
2026-03-02 20:42:51,984 - INFO -   log(s_active): mean=-9.1736, sd=2.3497
2026-03-02 20:42:52,085 - INFO -   D(9) CF-Haus spread_T1: coef=-4.491727 (SE=0.021850, p=0.0000)***
2026-03-02 20:42:52,087 - INFO -   D(9) CF-Haus spread_T2: coef=-10.456246 (SE=0.109211, p=0.0000)***
2026-03-02 20:42:52,088 - INFO -   D(9) CF-Haus spread_T3: coef=-1993.790750 (SE=60.398623, p=0.0000)***
2026-03-02 20:42:52,090 - INFO -   D(9) CF-Haus spread_T4: coef=0.410574 (SE=0.002349, p=0.0000)***
2026-03-02 20:42:52,091 - INFO -   D(9) CF-Haus spread_T5: coef=-3.122746 (SE=0.318780, p=0.0000)***
2026-03-02 20:42:52,147 - INFO - 
=== Demand: supply spec '(10) CF-H+Bank' | N_valid=24,972, N_zero_active=41,929 / 66,903 ===
2026-03-02 20:42:52,149 - INFO -   log(s_active): mean=-8.8502, sd=2.3885
2026-03-02 20:42:52,213 - INFO -   D(10) CF-H+Bank spread_T1: coef=-4.245320 (SE=0.027855, p=0.0000)***
2026-03-02 20:42:52,218 - INFO -   D(10) CF-H+Bank spread_T2: coef=-10.270386 (SE=0.114663, p=0.0000)***
2026-03-02 20:42:52,223 - INFO -   D(10) CF-H+Bank spread_T3: coef=-1912.803508 (SE=62.998905, p=0.0000)***
2026-03-02 20:42:52,227 - INFO -   D(10) CF-H+Bank spread_T4: coef=0.412242 (SE=0.002754, p=0.0000)***
2026-03-02 20:42:52,228 - INFO -   D(10) CF-H+Bank spread_T5: coef=-3.218524 (SE=0.446311, p=0.0000)***
2026-03-02 20:42:52,241 - INFO - 
>>> Step 5: Exporting demand results ...
2026-03-02 20:42:52,279 - INFO - Demand results exported to C:\Users\pedro\OneDrive\Documentos\Yale\Year 3 (2024 - 2025)\Open Finance\Open-Finance\BCB\Egan_et_al_2025_Rep\processed\ESTIMATION_OUTPUT\demand_results_conglomerate.csv
2026-03-02 20:42:52,339 - INFO - Demand LaTeX table exported to C:\Users\pedro\OneDrive\Documentos\Yale\Year 3 (2024 - 2025)\Open Finance\Open-Finance\BCB\Egan_et_al_2025_Rep\processed\ESTIMATION_OUTPUT\demand_table_conglomerate.tex
2026-03-02 20:42:52,340 - INFO - Demand specs estimated: ['D(1) Natl', 'D(2) +Bank', 'D(3) +FE', 'D(4) Clust', 'D(5) CF Natl', 'D(6) CF+Bank', 'D(7) CF+FE', 'D(8) CF+Clust', 'D(9) CF-Haus', 'D(10) CF-H+Bank']
2026-03-02 20:42:52,341 - INFO - Done -- estimation_demand_1.py complete.
2026-03-02 20:53:34,036 - INFO - ================================================================================
2026-03-02 20:53:34,036 - INFO - DEMAND ESTIMATION -- CONGLOMERATE LEVEL
2026-03-02 20:53:34,045 - INFO - Berry (1994) active market shares | estimation_demand_1.py
2026-03-02 20:53:34,045 - INFO - ================================================================================
2026-03-02 20:53:34,052 - INFO - 
>>> Step 1: Loading panel and running supply estimation ...
2026-03-02 20:53:34,061 - INFO - Loading panel ...
2026-03-02 20:53:38,396 - INFO - Raw panel: 241,519 rows, 33 cols
2026-03-02 20:53:38,404 - INFO -   total_assets coverage: 241,519 / 241,519
2026-03-02 20:53:38,413 - INFO -   equity_ratio coverage: 239,294 / 241,519
2026-03-02 20:53:38,455 - INFO -   segment coverage: 230,256 / 241,519
2026-03-02 20:53:38,821 - INFO - log_total_assets: mean=19.79, sd=2.57 (standardized for estimation)
2026-03-02 20:53:39,161 - INFO - Winsorized deposit_balance at [p1,p99]=[297.8,34626022396.7]: dropped 1,366 outliers
2026-03-02 20:53:39,170 - INFO - Estimation sample: 66,903 rows
2026-03-02 20:53:39,186 - INFO -   Banks:    1236
2026-03-02 20:53:39,193 - INFO -   Quarters: 37
2026-03-02 20:53:39,194 - INFO -   Types:    [np.int64(1), np.int64(2), np.int64(3), np.int64(4), np.int64(5)]
2026-03-02 20:53:39,203 - INFO - Dep var (deposit_balance, levels) summary:
2026-03-02 20:53:39,219 - INFO -   mean=470784318.3, sd=2003063602.1, p5=841909.3, p95=1711527799.3
2026-03-02 20:53:39,227 - INFO - nr_lag (nr x D_{t-1}) summary:
2026-03-02 20:53:39,236 - INFO -   mean=416390695.086520, sd=1847104374.609097
2026-03-02 20:53:39,236 - INFO - Lagged Selic (p.a.) summary:
2026-03-02 20:53:39,252 - INFO -   mean=9.29, sd=4.10, min=2.00, max=15.00
2026-03-02 20:53:39,269 - INFO - Segment distribution: {'S5': 39798, 'S4': 18039, 'S3': 4787, 'S2': 986, 'S1': 392}
2026-03-02 20:53:39,286 - INFO - ================================================================================
2026-03-02 20:53:39,294 - INFO - STRUCTURAL ESTIMATION: deposit_balance = phi(S,X) x nr x D_{t-1}
2026-03-02 20:53:39,294 - INFO -   phi(S,X) = Y'_1 S_t + Y'_2 X_jt  (Egan et al. 2025, Table 3)
2026-03-02 20:53:39,294 - INFO - ================================================================================
2026-03-02 20:53:43,727 - INFO - Dep var: Dep_jkt (levels)     
2026-03-02 20:53:43,727 - INFO - ----------------------------------------------------------------------------------------------
2026-03-02 20:53:43,733 - INFO -                                       (1) Natl       (2) +Bank         (3) +FE       (4) Clust
2026-03-02 20:53:43,733 - INFO - ----------------------------------------------------------------------------------------------
2026-03-02 20:53:43,859 - INFO -   Y_1,cons  (nr x D_{t-1})          1.0824***       1.0512***       1.4971***       1.4971*** 
2026-03-02 20:53:43,867 - INFO -                                 (   0.0230)   (   0.2351)   (   0.1448)   (   0.1566) 
2026-03-02 20:53:43,875 - INFO -   Y_1,RF   (selic x nr x D_{t-1})     -0.0021         -0.0062         -0.0014         -0.0014    
2026-03-02 20:53:43,875 - INFO -                                 (   0.0029)   (   0.0039)   (   0.0018)   (   0.0020) 
2026-03-02 20:53:43,892 - INFO -   Y_2,size (logA x nr x D_{t-1})                      0.0047         -0.1403***      -0.1403*** 
2026-03-02 20:53:43,900 - INFO -                                                 (   0.0830)   (   0.0447)   (   0.0511) 
2026-03-02 20:53:43,908 - INFO -   Y_2,eq   (E/A x nr x D_{t-1})                     -0.3255*        -1.4166***      -1.4166*** 
2026-03-02 20:53:43,917 - INFO -                                                 (   0.1816)   (   0.4486)   (   0.4746) 
2026-03-02 20:53:43,925 - INFO -   Y_2,S2  (seg_S2 x nr x D_{t-1})                      0.0960                                    
2026-03-02 20:53:43,925 - INFO -                                                 (   0.0962)                                 
2026-03-02 20:53:43,934 - INFO -   Y_2,S3  (seg_S3 x nr x D_{t-1})                      0.2165                                    
2026-03-02 20:53:43,975 - INFO -                                                 (   0.1405)                                 
2026-03-02 20:54:42,376 - INFO -   Y_2,S4  (seg_S4 x nr x D_{t-1})                      0.1936                                    
2026-03-02 20:54:42,631 - INFO -                                                 (   0.1763)                                 
2026-03-02 20:54:42,741 - INFO -   Y_2,S5  (seg_S5 x nr x D_{t-1})                      0.2624                                    
2026-03-02 20:54:42,876 - INFO -                                                 (   0.2346)                                 
2026-03-02 20:54:42,952 - INFO - ----------------------------------------------------------------------------------------------
2026-03-02 20:54:42,986 - INFO -   N                                     66,903          66,901          66,903          66,903
2026-03-02 20:54:43,013 - INFO -   R^2                                   0.9531          0.9588          0.8180          0.8180
2026-03-02 20:54:43,069 - INFO -   BankxType FE                              No              No             Yes             Yes
2026-03-02 20:54:43,117 - INFO -   Time FE                                   No              No             Yes             Yes
2026-03-02 20:54:43,157 - INFO -   SE type                            HC-robust       HC-robust       HC-robust      Bank-clust
2026-03-02 20:54:43,214 - INFO - ----------------------------------------------------------------------------------------------
2026-03-02 20:54:43,256 - INFO - Interpretation guide:
2026-03-02 20:54:43,309 - INFO -   Y_1,cons = coef on nr_lag = phi_cons (retention scaling factor)
2026-03-02 20:54:43,338 - INFO -   Y_1,RF < 0 means depositors sleepier when rates are low
2026-03-02 20:54:43,396 - INFO -   Y_2,size > 0 means larger banks retain more deposits
2026-03-02 20:54:43,434 - INFO - Baseline retention coef on nr_lag (Spec 1): 1.0824
2026-03-02 20:54:43,505 - INFO - ================================================================================
2026-03-02 20:54:43,529 - INFO - CONTROL FUNCTION ESTIMATION (semi-parametric CF) [CONGLOMERATE]
2026-03-02 20:54:43,553 - INFO -   Stage 1: spread_jkt ~ cost_shifters + type_dummies  -->  v_hat
2026-03-02 20:54:43,571 - INFO -   Stage 2: deposit_balance = phi(S,X)*nr*D_{t-1} + b1*v + b2*v^2 + b3*v^3 + eps
2026-03-02 20:54:43,589 - INFO -   All deposit types treated as potentially endogenous.
2026-03-02 20:54:43,610 - INFO - ================================================================================
2026-03-02 20:54:43,677 - INFO - First-stage cost shifters: ['cosif_lag', 'log_assets_std', 'equity_ratio', 'lagged_cdi', 'lagged_selic', 'personnel_cost_ratio_lag', 'admin_cost_ratio_lag']
2026-03-02 20:54:44,503 - INFO - First-stage A -- N=48,572, R^2=0.5660
2026-03-02 20:54:44,529 - INFO -   cosif_lag: coef=0.112836, p=0.0000
2026-03-02 20:54:44,568 - INFO -   log_assets_std: coef=0.046831, p=0.4902
2026-03-02 20:54:44,598 - INFO -   equity_ratio: coef=3.016783, p=0.0000
2026-03-02 20:54:44,637 - INFO -   lagged_cdi: coef=-3.103593, p=0.0000
2026-03-02 20:54:44,677 - INFO -   lagged_selic: coef=0.904159, p=0.0000
2026-03-02 20:54:44,703 - INFO -   personnel_cost_ratio_lag: coef=-59.453711, p=0.0000
2026-03-02 20:54:44,735 - INFO -   admin_cost_ratio_lag: coef=1.101676, p=0.1150
2026-03-02 20:54:44,761 - INFO -   type2_d: coef=-1.396259, p=0.0000
2026-03-02 20:54:44,786 - INFO -   type3_d: coef=-2.142413, p=0.0000
2026-03-02 20:54:44,812 - INFO -   type4_d: coef=-20.541621, p=0.0000
2026-03-02 20:54:44,848 - INFO -   type5_d: coef=-1.159271, p=0.0000
2026-03-02 20:54:44,977 - INFO -   Joint F (cost vars): 317.81 (strong)
2026-03-02 20:54:45,313 - INFO - Computing Hausman IV (leave-one-out spread mean by type x quarter) ...
2026-03-02 20:54:45,707 - INFO - First-stage B -- N=48,572, R^2=0.6215
2026-03-02 20:54:45,715 - INFO -   hausman_iv_spread: coef=1.495158, p=0.0000
2026-03-02 20:54:45,719 - INFO -   cosif_lag: coef=-0.012449, p=0.0003
2026-03-02 20:54:45,726 - INFO -   log_assets_std: coef=0.382303, p=0.0000
2026-03-02 20:54:45,732 - INFO -   equity_ratio: coef=4.446583, p=0.0000
2026-03-02 20:54:45,740 - INFO -   lagged_cdi: coef=-0.168771, p=0.4677
2026-03-02 20:54:45,747 - INFO -   lagged_selic: coef=0.002775, p=0.9605
2026-03-02 20:54:45,754 - INFO -   personnel_cost_ratio_lag: coef=-28.122371, p=0.0000
2026-03-02 20:54:45,761 - INFO -   admin_cost_ratio_lag: coef=1.220726, p=0.1023
2026-03-02 20:54:45,772 - INFO -   F (Hausman IV): 3802.07 (strong)
2026-03-02 20:54:45,958 - INFO - CF residuals (Cost-only): N=48,572, mean=0.000000, sd=8.885243
2026-03-02 20:54:45,964 - INFO - CF residuals (Hausman): N=48,572, mean=0.000000, sd=8.298001
2026-03-02 20:54:46,125 - INFO -   CF-Cost(5) cf_resid: 1205653.061573 (p=0.0024) ***
2026-03-02 20:54:46,129 - INFO -   CF-Cost(5) cf_resid_sq: 291795.432798 (p=0.0000) ***
2026-03-02 20:54:46,133 - INFO -   CF-Cost(5) cf_resid_cu: 4012.034535 (p=0.0021) ***
2026-03-02 20:54:46,152 - INFO -   CF-Cost(5) joint F on poly: 107.58 -> endogeneity
2026-03-02 20:54:46,434 - INFO -   CF-Cost(6) cf_resid: 1366731.715739 (p=0.0000) ***
2026-03-02 20:54:46,439 - INFO -   CF-Cost(6) cf_resid_sq: 156960.973712 (p=0.0000) ***
2026-03-02 20:54:46,444 - INFO -   CF-Cost(6) cf_resid_cu: 840.494644 (p=0.4357) 
2026-03-02 20:54:46,462 - INFO -   CF-Cost(6) joint F on poly: 21.85 -> endogeneity
2026-03-03 00:11:54,740 - INFO -   CF+FE(7) cf_resid: 3303874.939207 (p=0.0000)
2026-03-03 00:11:54,744 - INFO -   CF+FE(7) cf_resid_sq: -194492.937115 (p=0.0000)
2026-03-03 00:11:54,746 - INFO -   CF+FE(7) cf_resid_cu: -9581.574873 (p=0.0000)
2026-03-03 00:11:55,466 - INFO -   CF-Hausman(9) cf_resid_h: -3163326.777533 (p=0.0000) ***
2026-03-03 00:11:55,468 - INFO -   CF-Hausman(9) cf_resid_h_sq: 305599.220671 (p=0.0000) ***
2026-03-03 00:11:55,471 - INFO -   CF-Hausman(9) cf_resid_h_cu: 12351.810570 (p=0.0000) ***
2026-03-03 00:11:55,474 - INFO -   CF-Hausman(9) joint F on poly: 99.64 -> endogeneity
2026-03-03 00:11:55,581 - INFO -   CF-Hausman(10) cf_resid_h: -3235963.412975 (p=0.0000) ***
2026-03-03 00:11:55,583 - INFO -   CF-Hausman(10) cf_resid_h_sq: 199469.385064 (p=0.0000) ***
2026-03-03 00:11:55,585 - INFO -   CF-Hausman(10) cf_resid_h_cu: 11010.548739 (p=0.0000) ***
2026-03-03 00:11:55,592 - INFO -   CF-Hausman(10) joint F on poly: 27.44 -> endogeneity
2026-03-03 00:11:55,594 - INFO - Dep var: Dep_jkt (levels, CF) 
2026-03-03 00:11:55,596 - INFO - ------------------------------------------------------------------------------------------------------------------------------
2026-03-03 00:11:55,597 - INFO -                                    (5) CF Natl     (6) CF+Bank       (7) CF+FE    (8) CF+Clust     (9) CF-Haus  (10) CF-H+Bank
2026-03-03 00:11:55,599 - INFO - ------------------------------------------------------------------------------------------------------------------------------
2026-03-03 00:11:55,634 - INFO -   Y_1,cons  (nr x D_{t-1})          1.0636***       1.1643***       1.5592***       1.5592***       1.0637***       1.1690*** 
2026-03-03 00:11:55,634 - INFO -                                 (   0.0302)   (   0.1647)   (   0.1461)   (   0.1970)   (   0.0300)   (   0.1634) 
2026-03-03 00:11:55,640 - INFO -   Y_1,RF   (selic x nr x D_{t-1})      0.0036         -0.0004         -0.0010         -0.0010          0.0035         -0.0004    
2026-03-03 00:11:55,640 - INFO -                                 (   0.0035)   (   0.0024)   (   0.0021)   (   0.0019)   (   0.0035)   (   0.0024) 
2026-03-03 00:11:55,646 - INFO -   Y_2,size (logA x nr x D_{t-1})                     -0.0556         -0.1490***      -0.1490**                       -0.0568    
2026-03-03 00:11:55,646 - INFO -                                                 (   0.0421)   (   0.0382)   (   0.0628)                   (   0.0417) 
2026-03-03 00:11:55,650 - INFO -   Y_2,eq   (E/A x nr x D_{t-1})                     -0.0052         -1.0543**       -1.0543                         -0.0130    
2026-03-03 00:11:55,650 - INFO -                                                 (   0.2320)   (   0.5376)   (   0.6579)                   (   0.2310) 
2026-03-03 00:11:55,655 - INFO -   Y_2,S2  (seg_S2 x nr x D_{t-1})                      0.0452                                                          0.0429    
2026-03-03 00:11:55,655 - INFO -                                                 (   0.0563)                                                   (   0.0558) 
2026-03-03 00:11:55,660 - INFO -   Y_2,S3  (seg_S3 x nr x D_{t-1})                      0.2031***                                                       0.2001*** 
2026-03-03 00:11:55,660 - INFO -                                                 (   0.0607)                                                   (   0.0602) 
2026-03-03 00:11:55,664 - INFO -   Y_2,S4  (seg_S4 x nr x D_{t-1})                      0.0027                                                          0.0027    
2026-03-03 00:11:55,664 - INFO -                                                 (   0.0970)                                                   (   0.0963) 
2026-03-03 00:11:55,668 - INFO -   Y_2,S5  (seg_S5 x nr x D_{t-1})                      0.0302                                                          0.0436    
2026-03-03 00:11:55,668 - INFO -                                                 (   0.0857)                                                   (   0.0851) 
2026-03-03 00:11:55,672 - INFO -   beta_1 v^  (CF-cost, 1st)     1205653.0616***   1366731.7157***   3303874.9392***   3303874.9392***                                 
2026-03-03 00:11:55,673 - INFO -                                 (396498.7728)   (332813.9507)   (369259.9663)   (634130.9740)                                 
2026-03-03 00:11:55,677 - INFO -   beta_2 v^^2 (CF-cost, 2nd)    291795.4328***   156960.9737***   -194492.9371***   -194492.9371***                                 
2026-03-03 00:11:55,677 - INFO -                                 (20918.8167)   (26440.5294)   (23507.5054)   (38628.4638)                                 
2026-03-03 00:11:55,683 - INFO -   beta_3 v^^3 (CF-cost, 3rd)     4012.0345***     840.4946      -9581.5749***   -9581.5749***                                 
2026-03-03 00:11:55,684 - INFO -                                 (1303.0970)   (1078.1922)   (1014.5229)   (1549.2888)                                 
2026-03-03 00:11:55,688 - INFO -   beta_1 v^H (CF-Hausman, 1st)                                                                  -3163326.7775***   -3235963.4130*** 
2026-03-03 00:11:55,689 - INFO -                                                                                                 (540350.5729)   (452128.6646) 
2026-03-03 00:11:55,691 - INFO -   beta_2 v^H^2 (CF-Hausman, 2nd)                                                                  305599.2207***   199469.3851*** 
2026-03-03 00:11:55,693 - INFO -                                                                                                 (20227.3056)   (25657.7744) 
2026-03-03 00:11:55,695 - INFO -   beta_3 v^H^3 (CF-Hausman, 3rd)                                                                  12351.8106***   11010.5487*** 
2026-03-03 00:11:55,696 - INFO -                                                                                                 (1579.2705)   (1420.8800) 
2026-03-03 00:11:55,696 - INFO - ------------------------------------------------------------------------------------------------------------------------------
2026-03-03 00:11:55,698 - INFO -   N                                     48,572          48,572          48,572          48,572          48,572          48,572
2026-03-03 00:11:55,700 - INFO -   R^2                                   0.9576          0.9666          0.8701          0.8701          0.9580          0.9669
2026-03-03 00:11:55,702 - INFO -   BankxType FE                              No              No             Yes             Yes              No              No
2026-03-03 00:11:55,702 - INFO -   Time FE                                   No              No             Yes             Yes              No              No
2026-03-03 00:11:55,702 - INFO -   SE type                            HC-robust       HC-robust       HC-robust      Bank-clust       HC-robust       HC-robust
2026-03-03 00:11:55,704 - INFO - ------------------------------------------------------------------------------------------------------------------------------
2026-03-03 00:11:55,714 - INFO - Supply specs available: ['(1) Natl', '(2) +Bank', '(3) +FE', '(4) Clust', '(5) CF Natl', '(6) CF+Bank', '(7) CF+FE', '(8) CF+Clust', '(9) CF-Haus', '(10) CF-H+Bank']
2026-03-03 00:11:55,714 - INFO - 
>>> Step 2: Computing structural sleeping-deposit predictions ...
2026-03-03 00:11:55,751 - INFO -   Supply spec '(1) Natl': hat_Y computed for 66,903 obs (struct cols = ['nr_lag', 'selic_nr_lag'])
2026-03-03 00:11:55,757 - INFO -   Supply spec '(2) +Bank': hat_Y computed for 66,901 obs (struct cols = ['nr_lag', 'selic_nr_lag', 'logA_nr_lag', 'eq_nr_lag', 'seg_S2_nr_lag', 'seg_S3_nr_lag', 'seg_S4_nr_lag', 'seg_S5_nr_lag'])
2026-03-03 00:11:55,761 - INFO -   Supply spec '(3) +FE': hat_Y computed for 66,903 obs (struct cols = ['nr_lag', 'selic_nr_lag', 'logA_nr_lag', 'eq_nr_lag'])
2026-03-03 00:11:55,765 - INFO -   Supply spec '(4) Clust': hat_Y computed for 66,903 obs (struct cols = ['nr_lag', 'selic_nr_lag', 'logA_nr_lag', 'eq_nr_lag'])
2026-03-03 00:11:55,771 - INFO -   Supply spec '(5) CF Natl': hat_Y computed for 66,903 obs (struct cols = ['nr_lag', 'selic_nr_lag'])
2026-03-03 00:11:55,775 - INFO -   Supply spec '(6) CF+Bank': hat_Y computed for 66,901 obs (struct cols = ['nr_lag', 'selic_nr_lag', 'logA_nr_lag', 'eq_nr_lag', 'seg_S2_nr_lag', 'seg_S3_nr_lag', 'seg_S4_nr_lag', 'seg_S5_nr_lag'])
2026-03-03 00:11:55,779 - INFO -   Supply spec '(7) CF+FE': hat_Y computed for 66,903 obs (struct cols = ['nr_lag', 'selic_nr_lag', 'logA_nr_lag', 'eq_nr_lag'])
2026-03-03 00:11:55,781 - INFO -   Supply spec '(8) CF+Clust': hat_Y computed for 66,903 obs (struct cols = ['nr_lag', 'selic_nr_lag', 'logA_nr_lag', 'eq_nr_lag'])
2026-03-03 00:11:55,787 - INFO -   Supply spec '(9) CF-Haus': hat_Y computed for 66,903 obs (struct cols = ['nr_lag', 'selic_nr_lag'])
2026-03-03 00:11:55,792 - INFO -   Supply spec '(10) CF-H+Bank': hat_Y computed for 66,901 obs (struct cols = ['nr_lag', 'selic_nr_lag', 'logA_nr_lag', 'eq_nr_lag', 'seg_S2_nr_lag', 'seg_S3_nr_lag', 'seg_S4_nr_lag', 'seg_S5_nr_lag'])
2026-03-03 00:11:55,794 - INFO - 
>>> Step 3: Active deposit diagnostics by supply spec ...
2026-03-03 00:11:55,802 - INFO -   '(1) Natl': active>0=58.6%, active=0=41.4%, mean(active|active>0)=92419621.0
2026-03-03 00:11:55,806 - INFO -   '(2) +Bank': active>0=52.8%, active=0=47.2%, mean(active|active>0)=88724951.7
2026-03-03 00:11:55,810 - INFO -   '(3) +FE': active>0=68.7%, active=0=31.3%, mean(active|active>0)=132359717.0
2026-03-03 00:11:55,814 - INFO -   '(4) Clust': active>0=68.7%, active=0=31.3%, mean(active|active>0)=132359717.0
2026-03-03 00:11:55,821 - INFO -   '(5) CF Natl': active>0=52.0%, active=0=48.0%, mean(active|active>0)=90443262.4
2026-03-03 00:11:55,825 - INFO -   '(6) CF+Bank': active>0=38.5%, active=0=61.5%, mean(active|active>0)=97793609.7
2026-03-03 00:11:55,830 - INFO -   '(7) CF+FE': active>0=46.0%, active=0=54.0%, mean(active|active>0)=117134725.0
2026-03-03 00:11:55,836 - INFO -   '(8) CF+Clust': active>0=46.0%, active=0=54.0%, mean(active|active>0)=117134725.0
2026-03-03 00:11:55,842 - INFO -   '(9) CF-Haus': active>0=52.0%, active=0=48.0%, mean(active|active>0)=90456681.5
2026-03-03 00:11:55,846 - INFO -   '(10) CF-H+Bank': active>0=37.3%, active=0=62.7%, mean(active|active>0)=99941592.3
2026-03-03 00:11:55,846 - INFO - 
>>> Step 4: Estimating Berry (1994) demand equation ...
2026-03-03 00:11:55,852 - INFO - Demand -- type-interacted spread columns: ['spread_T1', 'spread_T2', 'spread_T3', 'spread_T4', 'spread_T5']
2026-03-03 00:11:55,891 - INFO - Endogenous types [4, 5]: 31,941 obs (47.7% of full sample)
2026-03-03 00:11:55,893 - INFO - Demand CF cost shifters (types 4-5): ['cosif_lag', 'log_assets_std', 'equity_ratio', 'lagged_cdi', 'lagged_selic', 'personnel_cost_ratio_lag', 'admin_cost_ratio_lag']
2026-03-03 00:11:55,941 - INFO - Demand CF-A (types 4-5): N=22,822, R^2=0.1462
2026-03-03 00:11:55,950 - INFO -   Joint F (cost vars): 257.33 (strong)
2026-03-03 00:11:56,030 - INFO - Demand CF-B (types 4-5, +Hausman IV): N=22,822, R^2=0.2391
2026-03-03 00:11:56,035 - INFO -   F (Hausman IV): 2110.56 (strong)
2026-03-03 00:11:56,179 - INFO - 
=== Demand: supply spec '(1) Natl' | N_valid=39,179, N_zero_active=27,724 / 66,903 ===
2026-03-03 00:11:56,186 - INFO -   log(s_active): mean=-9.2894, sd=2.3683
2026-03-03 00:11:56,267 - INFO -   D(1) Natl spread_T1: coef=-4.280347 (SE=0.016767, p=0.0000)***
2026-03-03 00:11:56,271 - INFO -   D(1) Natl spread_T2: coef=-10.255791 (SE=0.100575, p=0.0000)***
2026-03-03 00:11:56,280 - INFO -   D(1) Natl spread_T3: coef=-2009.740451 (SE=53.652821, p=0.0000)***
2026-03-03 00:11:56,287 - INFO -   D(1) Natl spread_T4: coef=0.299279 (SE=0.001075, p=0.0000)***
2026-03-03 00:11:56,294 - INFO -   D(1) Natl spread_T5: coef=-3.074834 (SE=0.372533, p=0.0000)***
2026-03-03 00:11:56,382 - INFO - 
=== Demand: supply spec '(2) +Bank' | N_valid=35,330, N_zero_active=31,571 / 66,903 ===
2026-03-03 00:11:56,389 - INFO -   log(s_active): mean=-9.3743, sd=2.4742
2026-03-03 00:11:56,466 - INFO -   D(2) +Bank spread_T1: coef=-4.306722 (SE=0.018373, p=0.0000)***
2026-03-03 00:11:56,472 - INFO -   D(2) +Bank spread_T2: coef=-10.144823 (SE=0.109917, p=0.0000)***
2026-03-03 00:11:56,477 - INFO -   D(2) +Bank spread_T3: coef=-2080.549724 (SE=55.464927, p=0.0000)***
2026-03-03 00:11:56,484 - INFO -   D(2) +Bank spread_T4: coef=0.298689 (SE=0.001092, p=0.0000)***
2026-03-03 00:11:56,493 - INFO -   D(2) +Bank spread_T5: coef=-3.224268 (SE=0.389028, p=0.0000)***
2026-03-03 00:11:56,572 - INFO - 
=== Demand: supply spec '(3) +FE' | N_valid=45,935, N_zero_active=20,968 / 66,903 ===
2026-03-03 00:11:56,578 - INFO -   log(s_active): mean=-9.4541, sd=2.3194
2026-03-03 09:14:02,562 - INFO -   D(3) +FE spread_T1: coef=-5.510166 (SE=0.011171, p=0.0000)***
2026-03-03 09:14:02,582 - INFO -   D(3) +FE spread_T2: coef=-13.074244 (SE=0.094187, p=0.0000)***
2026-03-03 09:14:02,630 - INFO -   D(3) +FE spread_T3: coef=-6598.497042 (SE=165.615959, p=0.0000)***
2026-03-03 09:14:02,647 - INFO -   D(3) +FE spread_T4: coef=0.494602 (SE=0.001046, p=0.0000)***
2026-03-03 09:14:02,662 - INFO -   D(3) +FE spread_T5: coef=-4.854639 (SE=0.618841, p=0.0000)***
2026-03-03 09:14:02,800 - INFO - 
=== Demand: supply spec '(4) Clust' | N_valid=45,935, N_zero_active=20,968 / 66,903 ===
2026-03-03 09:14:02,808 - INFO -   log(s_active): mean=-9.4541, sd=2.3194
2026-03-03 09:14:10,170 - INFO -   D(4) Clust spread_T1: coef=-5.510166 (SE=0.039294, p=0.0000)***
2026-03-03 09:14:10,172 - INFO -   D(4) Clust spread_T2: coef=-13.074244 (SE=0.274878, p=0.0000)***
2026-03-03 09:14:10,174 - INFO -   D(4) Clust spread_T3: coef=-6598.497042 (SE=404.261697, p=0.0000)***
2026-03-03 09:14:10,179 - INFO -   D(4) Clust spread_T4: coef=0.494602 (SE=0.004866, p=0.0000)***
2026-03-03 09:14:10,181 - INFO -   D(4) Clust spread_T5: coef=-4.854639 (SE=0.618941, p=0.0000)***
2026-03-03 09:14:10,257 - INFO - 
=== Demand: supply spec '(5) CF Natl' | N_valid=34,768, N_zero_active=32,135 / 66,903 ===
2026-03-03 09:14:10,259 - INFO -   log(s_active): mean=-9.1724, sd=2.3478
2026-03-03 09:14:10,344 - INFO -   D(5) CF Natl spread_T1: coef=-4.492170 (SE=0.021901, p=0.0000)***
2026-03-03 09:14:10,347 - INFO -   D(5) CF Natl spread_T2: coef=-10.459701 (SE=0.109310, p=0.0000)***
2026-03-03 09:14:10,350 - INFO -   D(5) CF Natl spread_T3: coef=-1994.846151 (SE=60.606982, p=0.0000)***
2026-03-03 09:14:10,353 - INFO -   D(5) CF Natl spread_T4: coef=0.405989 (SE=0.002103, p=0.0000)***
2026-03-03 09:14:10,354 - INFO -   D(5) CF Natl spread_T5: coef=-3.131353 (SE=0.318168, p=0.0000)***
2026-03-03 09:14:10,415 - INFO - 
=== Demand: supply spec '(6) CF+Bank' | N_valid=25,740, N_zero_active=41,161 / 66,903 ===
2026-03-03 09:14:10,417 - INFO -   log(s_active): mean=-8.8598, sd=2.3692
2026-03-03 09:14:10,499 - INFO -   D(6) CF+Bank spread_T1: coef=-4.255298 (SE=0.027059, p=0.0000)***
2026-03-03 09:14:10,501 - INFO -   D(6) CF+Bank spread_T2: coef=-10.236377 (SE=0.113594, p=0.0000)***
2026-03-03 09:14:10,504 - INFO -   D(6) CF+Bank spread_T3: coef=-1908.756121 (SE=62.073317, p=0.0000)***
2026-03-03 09:14:10,508 - INFO -   D(6) CF+Bank spread_T4: coef=0.410287 (SE=0.002685, p=0.0000)***
2026-03-03 09:14:10,510 - INFO -   D(6) CF+Bank spread_T5: coef=-3.218157 (SE=0.445522, p=0.0000)***
2026-03-03 09:14:10,582 - INFO - 
=== Demand: supply spec '(7) CF+FE' | N_valid=30,777, N_zero_active=36,126 / 66,903 ===
2026-03-03 09:14:10,585 - INFO -   log(s_active): mean=-9.2609, sd=2.4851
2026-03-03 09:38:22,480 - INFO - ================================================================================
2026-03-03 09:38:22,485 - INFO - DEMAND ESTIMATION -- CONGLOMERATE LEVEL
2026-03-03 09:38:22,490 - INFO - Berry (1994) active market shares | estimation_demand_1.py
2026-03-03 09:38:22,493 - INFO - ================================================================================
2026-03-03 09:38:22,500 - INFO - 
>>> Step 1: Loading panel and running supply estimation ...
2026-03-03 09:38:22,509 - INFO - Loading panel ...
2026-03-03 09:38:24,944 - INFO - Raw panel: 241,519 rows, 33 cols
2026-03-03 09:38:24,948 - INFO -   total_assets coverage: 241,519 / 241,519
2026-03-03 09:38:24,952 - INFO -   equity_ratio coverage: 239,294 / 241,519
2026-03-03 09:38:24,971 - INFO -   segment coverage: 230,256 / 241,519
2026-03-03 09:38:25,393 - INFO - log_total_assets: mean=19.79, sd=2.57 (standardized for estimation)
2026-03-03 09:38:25,916 - INFO - Winsorized deposit_balance at [p1,p99]=[297.8,34626022396.7]: dropped 1,366 outliers
2026-03-03 09:38:25,919 - INFO - Estimation sample: 66,903 rows
2026-03-03 09:38:25,941 - INFO -   Banks:    1236
2026-03-03 09:38:25,945 - INFO -   Quarters: 37
2026-03-03 09:38:25,952 - INFO -   Types:    [np.int64(1), np.int64(2), np.int64(3), np.int64(4), np.int64(5)]
2026-03-03 09:38:25,955 - INFO - Dep var (deposit_balance, levels) summary:
2026-03-03 09:38:25,983 - INFO -   mean=470784318.3, sd=2003063602.1, p5=841909.3, p95=1711527799.3
2026-03-03 09:38:25,985 - INFO - nr_lag (nr x D_{t-1}) summary:
2026-03-03 09:38:25,993 - INFO -   mean=416390695.086520, sd=1847104374.609097
2026-03-03 09:38:25,996 - INFO - Lagged Selic (p.a.) summary:
2026-03-03 09:38:26,008 - INFO -   mean=9.29, sd=4.10, min=2.00, max=15.00
2026-03-03 09:38:26,027 - INFO - Segment distribution: {'S5': 39798, 'S4': 18039, 'S3': 4787, 'S2': 986, 'S1': 392}
2026-03-03 09:38:26,045 - INFO - ================================================================================
2026-03-03 09:38:26,048 - INFO - STRUCTURAL ESTIMATION: deposit_balance = phi(S,X) x nr x D_{t-1}
2026-03-03 09:38:26,054 - INFO -   phi(S,X) = Y'_1 S_t + Y'_2 X_jt  (Egan et al. 2025, Table 3)
2026-03-03 09:38:26,057 - INFO - ================================================================================
2026-03-03 09:38:31,290 - INFO - Dep var: Dep_jkt (levels)     
2026-03-03 09:38:31,293 - INFO - ----------------------------------------------------------------------------------------------
2026-03-03 09:38:31,297 - INFO -                                       (1) Natl       (2) +Bank         (3) +FE       (4) Clust
2026-03-03 09:38:31,300 - INFO - ----------------------------------------------------------------------------------------------
2026-03-03 09:38:31,449 - INFO -   Y_1,cons  (nr x D_{t-1})          1.0824***       1.0512***       1.4971***       1.4971*** 
2026-03-03 09:38:31,453 - INFO -                                 (   0.0230)   (   0.2351)   (   0.1448)   (   0.1566) 
2026-03-03 09:38:31,466 - INFO -   Y_1,RF   (selic x nr x D_{t-1})     -0.0021         -0.0062         -0.0014         -0.0014    
2026-03-03 09:38:31,470 - INFO -                                 (   0.0029)   (   0.0039)   (   0.0018)   (   0.0020) 
2026-03-03 09:38:31,488 - INFO -   Y_2,size (logA x nr x D_{t-1})                      0.0047         -0.1403***      -0.1403*** 
2026-03-03 09:38:31,491 - INFO -                                                 (   0.0830)   (   0.0447)   (   0.0511) 
2026-03-03 09:38:31,504 - INFO -   Y_2,eq   (E/A x nr x D_{t-1})                     -0.3255*        -1.4166***      -1.4166*** 
2026-03-03 09:38:31,508 - INFO -                                                 (   0.1816)   (   0.4486)   (   0.4746) 
2026-03-03 09:38:31,518 - INFO -   Y_2,S2  (seg_S2 x nr x D_{t-1})                      0.0960                                    
2026-03-03 09:38:31,521 - INFO -                                                 (   0.0962)                                 
2026-03-03 09:38:31,528 - INFO -   Y_2,S3  (seg_S3 x nr x D_{t-1})                      0.2165                                    
2026-03-03 09:38:31,532 - INFO -                                                 (   0.1405)                                 
2026-03-03 09:38:31,542 - INFO -   Y_2,S4  (seg_S4 x nr x D_{t-1})                      0.1936                                    
2026-03-03 09:38:31,549 - INFO -                                                 (   0.1763)                                 
2026-03-03 09:38:31,558 - INFO -   Y_2,S5  (seg_S5 x nr x D_{t-1})                      0.2624                                    
2026-03-03 09:38:31,561 - INFO -                                                 (   0.2346)                                 
2026-03-03 09:38:31,567 - INFO - ----------------------------------------------------------------------------------------------
2026-03-03 09:38:31,571 - INFO -   N                                     66,903          66,901          66,903          66,903
2026-03-03 09:38:31,580 - INFO -   R^2                                   0.9531          0.9588          0.8180          0.8180
2026-03-03 09:38:31,586 - INFO -   BankxType FE                              No              No             Yes             Yes
2026-03-03 09:38:31,591 - INFO -   Time FE                                   No              No             Yes             Yes
2026-03-03 09:38:31,594 - INFO -   SE type                            HC-robust       HC-robust       HC-robust      Bank-clust
2026-03-03 09:38:31,597 - INFO - ----------------------------------------------------------------------------------------------
2026-03-03 09:38:31,601 - INFO - Interpretation guide:
2026-03-03 09:38:31,603 - INFO -   Y_1,cons = coef on nr_lag = phi_cons (retention scaling factor)
2026-03-03 09:38:31,607 - INFO -   Y_1,RF < 0 means depositors sleepier when rates are low
2026-03-03 09:38:31,610 - INFO -   Y_2,size > 0 means larger banks retain more deposits
2026-03-03 09:38:31,615 - INFO - Baseline retention coef on nr_lag (Spec 1): 1.0824
2026-03-03 09:38:31,626 - INFO - ================================================================================
2026-03-03 09:38:31,629 - INFO - CONTROL FUNCTION ESTIMATION (semi-parametric CF) [CONGLOMERATE]
2026-03-03 09:38:31,632 - INFO -   Stage 1: spread_jkt ~ cost_shifters + type_dummies  -->  v_hat
2026-03-03 09:38:31,634 - INFO -   Stage 2: deposit_balance = phi(S,X)*nr*D_{t-1} + b1*v + b2*v^2 + b3*v^3 + eps
2026-03-03 09:38:31,637 - INFO -   All deposit types treated as potentially endogenous.
2026-03-03 09:38:31,639 - INFO - ================================================================================
2026-03-03 09:38:31,655 - INFO - First-stage cost shifters: ['cosif_lag', 'log_assets_std', 'equity_ratio', 'lagged_cdi', 'lagged_selic', 'personnel_cost_ratio_lag', 'admin_cost_ratio_lag']
2026-03-03 09:38:31,899 - INFO - First-stage A -- N=48,572, R^2=0.5660
2026-03-03 09:38:31,904 - INFO -   cosif_lag: coef=0.112836, p=0.0000
2026-03-03 09:38:31,909 - INFO -   log_assets_std: coef=0.046831, p=0.4902
2026-03-03 09:38:31,913 - INFO -   equity_ratio: coef=3.016783, p=0.0000
2026-03-03 09:38:31,917 - INFO -   lagged_cdi: coef=-3.103593, p=0.0000
2026-03-03 09:38:31,923 - INFO -   lagged_selic: coef=0.904159, p=0.0000
2026-03-03 09:38:31,929 - INFO -   personnel_cost_ratio_lag: coef=-59.453711, p=0.0000
2026-03-03 09:38:31,934 - INFO -   admin_cost_ratio_lag: coef=1.101676, p=0.1150
2026-03-03 09:38:31,938 - INFO -   type2_d: coef=-1.396259, p=0.0000
2026-03-03 09:38:31,942 - INFO -   type3_d: coef=-2.142413, p=0.0000
2026-03-03 09:38:31,949 - INFO -   type4_d: coef=-20.541621, p=0.0000
2026-03-03 09:38:31,954 - INFO -   type5_d: coef=-1.159271, p=0.0000
2026-03-03 09:38:31,982 - INFO -   Joint F (cost vars): 317.81 (strong)
2026-03-03 09:38:32,116 - INFO - Computing Hausman IV (leave-one-out spread mean by type x quarter) ...
2026-03-03 09:38:32,438 - INFO - First-stage B -- N=48,572, R^2=0.6215
2026-03-03 09:38:32,444 - INFO -   hausman_iv_spread: coef=1.495158, p=0.0000
2026-03-03 09:38:32,450 - INFO -   cosif_lag: coef=-0.012449, p=0.0003
2026-03-03 09:38:32,454 - INFO -   log_assets_std: coef=0.382303, p=0.0000
2026-03-03 09:38:32,460 - INFO -   equity_ratio: coef=4.446583, p=0.0000
2026-03-03 09:38:32,467 - INFO -   lagged_cdi: coef=-0.168771, p=0.4677
2026-03-03 09:38:32,475 - INFO -   lagged_selic: coef=0.002775, p=0.9605
2026-03-03 09:38:32,480 - INFO -   personnel_cost_ratio_lag: coef=-28.122371, p=0.0000
2026-03-03 09:38:32,485 - INFO -   admin_cost_ratio_lag: coef=1.220726, p=0.1023
2026-03-03 09:38:32,497 - INFO -   F (Hausman IV): 3802.07 (strong)
2026-03-03 09:38:32,631 - INFO - CF residuals (Cost-only): N=48,572, mean=0.000000, sd=8.885243
2026-03-03 09:38:32,639 - INFO - CF residuals (Hausman): N=48,572, mean=0.000000, sd=8.298001
2026-03-03 09:38:32,791 - INFO -   CF-Cost(5) cf_resid: 1205653.061573 (p=0.0024) ***
2026-03-03 09:38:32,795 - INFO -   CF-Cost(5) cf_resid_sq: 291795.432798 (p=0.0000) ***
2026-03-03 09:38:32,799 - INFO -   CF-Cost(5) cf_resid_cu: 4012.034535 (p=0.0021) ***
2026-03-03 09:38:32,818 - INFO -   CF-Cost(5) joint F on poly: 107.58 -> endogeneity
2026-03-03 09:38:33,112 - INFO -   CF-Cost(6) cf_resid: 1366731.715739 (p=0.0000) ***
2026-03-03 09:38:33,116 - INFO -   CF-Cost(6) cf_resid_sq: 156960.973712 (p=0.0000) ***
2026-03-03 09:38:33,119 - INFO -   CF-Cost(6) cf_resid_cu: 840.494644 (p=0.4357) 
2026-03-03 09:38:33,132 - INFO -   CF-Cost(6) joint F on poly: 21.85 -> endogeneity
2026-03-03 09:38:35,230 - INFO -   CF+FE(7) cf_resid: 3303874.939207 (p=0.0000)
2026-03-03 09:38:35,234 - INFO -   CF+FE(7) cf_resid_sq: -194492.937115 (p=0.0000)
2026-03-03 09:38:35,238 - INFO -   CF+FE(7) cf_resid_cu: -9581.574873 (p=0.0000)
2026-03-03 09:38:37,212 - INFO -   CF-Hausman(9) cf_resid_h: -3163326.777533 (p=0.0000) ***
2026-03-03 09:38:37,217 - INFO -   CF-Hausman(9) cf_resid_h_sq: 305599.220671 (p=0.0000) ***
2026-03-03 09:38:37,223 - INFO -   CF-Hausman(9) cf_resid_h_cu: 12351.810570 (p=0.0000) ***
2026-03-03 09:38:37,243 - INFO -   CF-Hausman(9) joint F on poly: 99.64 -> endogeneity
2026-03-03 09:38:37,518 - INFO -   CF-Hausman(10) cf_resid_h: -3235963.412975 (p=0.0000) ***
2026-03-03 09:38:37,523 - INFO -   CF-Hausman(10) cf_resid_h_sq: 199469.385064 (p=0.0000) ***
2026-03-03 09:38:37,527 - INFO -   CF-Hausman(10) cf_resid_h_cu: 11010.548739 (p=0.0000) ***
2026-03-03 09:38:37,544 - INFO -   CF-Hausman(10) joint F on poly: 27.44 -> endogeneity
2026-03-03 09:38:37,550 - INFO - Dep var: Dep_jkt (levels, CF) 
2026-03-03 09:38:37,557 - INFO - ------------------------------------------------------------------------------------------------------------------------------
2026-03-03 09:38:37,560 - INFO -                                    (5) CF Natl     (6) CF+Bank       (7) CF+FE    (8) CF+Clust     (9) CF-Haus  (10) CF-H+Bank
2026-03-03 09:38:37,562 - INFO - ------------------------------------------------------------------------------------------------------------------------------
2026-03-03 09:38:37,690 - INFO -   Y_1,cons  (nr x D_{t-1})          1.0636***       1.1643***       1.5592***       1.5592***       1.0637***       1.1690*** 
2026-03-03 09:38:37,692 - INFO -                                 (   0.0302)   (   0.1647)   (   0.1461)   (   0.1970)   (   0.0300)   (   0.1634) 
2026-03-03 09:38:37,708 - INFO -   Y_1,RF   (selic x nr x D_{t-1})      0.0036         -0.0004         -0.0010         -0.0010          0.0035         -0.0004    
2026-03-03 09:38:37,711 - INFO -                                 (   0.0035)   (   0.0024)   (   0.0021)   (   0.0019)   (   0.0035)   (   0.0024) 
2026-03-03 09:38:37,729 - INFO -   Y_2,size (logA x nr x D_{t-1})                     -0.0556         -0.1490***      -0.1490**                       -0.0568    
2026-03-03 09:38:37,732 - INFO -                                                 (   0.0421)   (   0.0382)   (   0.0628)                   (   0.0417) 
2026-03-03 09:38:37,746 - INFO -   Y_2,eq   (E/A x nr x D_{t-1})                     -0.0052         -1.0543**       -1.0543                         -0.0130    
2026-03-03 09:38:37,748 - INFO -                                                 (   0.2320)   (   0.5376)   (   0.6579)                   (   0.2310) 
2026-03-03 09:38:37,761 - INFO -   Y_2,S2  (seg_S2 x nr x D_{t-1})                      0.0452                                                          0.0429    
2026-03-03 09:38:37,764 - INFO -                                                 (   0.0563)                                                   (   0.0558) 
2026-03-03 09:38:37,780 - INFO -   Y_2,S3  (seg_S3 x nr x D_{t-1})                      0.2031***                                                       0.2001*** 
2026-03-03 09:38:37,783 - INFO -                                                 (   0.0607)                                                   (   0.0602) 
2026-03-03 09:38:37,796 - INFO -   Y_2,S4  (seg_S4 x nr x D_{t-1})                      0.0027                                                          0.0027    
2026-03-03 09:38:37,799 - INFO -                                                 (   0.0970)                                                   (   0.0963) 
2026-03-03 09:38:37,810 - INFO -   Y_2,S5  (seg_S5 x nr x D_{t-1})                      0.0302                                                          0.0436    
2026-03-03 09:38:37,812 - INFO -                                                 (   0.0857)                                                   (   0.0851) 
2026-03-03 09:38:37,828 - INFO -   beta_1 v^  (CF-cost, 1st)     1205653.0616***   1366731.7157***   3303874.9392***   3303874.9392***                                 
2026-03-03 09:38:37,830 - INFO -                                 (396498.7728)   (332813.9507)   (369259.9663)   (634130.9740)                                 
2026-03-03 09:38:37,842 - INFO -   beta_2 v^^2 (CF-cost, 2nd)    291795.4328***   156960.9737***   -194492.9371***   -194492.9371***                                 
2026-03-03 09:38:37,844 - INFO -                                 (20918.8167)   (26440.5294)   (23507.5054)   (38628.4638)                                 
2026-03-03 09:38:37,855 - INFO -   beta_3 v^^3 (CF-cost, 3rd)     4012.0345***     840.4946      -9581.5749***   -9581.5749***                                 
2026-03-03 09:38:37,858 - INFO -                                 (1303.0970)   (1078.1922)   (1014.5229)   (1549.2888)                                 
2026-03-03 09:38:37,869 - INFO -   beta_1 v^H (CF-Hausman, 1st)                                                                  -3163326.7775***   -3235963.4130*** 
2026-03-03 09:38:37,872 - INFO -                                                                                                 (540350.5729)   (452128.6646) 
2026-03-03 09:38:37,888 - INFO -   beta_2 v^H^2 (CF-Hausman, 2nd)                                                                  305599.2207***   199469.3851*** 
2026-03-03 09:38:37,891 - INFO -                                                                                                 (20227.3056)   (25657.7744) 
2026-03-03 09:38:37,902 - INFO -   beta_3 v^H^3 (CF-Hausman, 3rd)                                                                  12351.8106***   11010.5487*** 
2026-03-03 09:38:37,904 - INFO -                                                                                                 (1579.2705)   (1420.8800) 
2026-03-03 09:38:37,909 - INFO - ------------------------------------------------------------------------------------------------------------------------------
2026-03-03 09:38:37,913 - INFO -   N                                     48,572          48,572          48,572          48,572          48,572          48,572
2026-03-03 09:38:37,922 - INFO -   R^2                                   0.9576          0.9666          0.8701          0.8701          0.9580          0.9669
2026-03-03 09:38:37,927 - INFO -   BankxType FE                              No              No             Yes             Yes              No              No
2026-03-03 09:38:37,930 - INFO -   Time FE                                   No              No             Yes             Yes              No              No
2026-03-03 09:38:37,932 - INFO -   SE type                            HC-robust       HC-robust       HC-robust      Bank-clust       HC-robust       HC-robust
2026-03-03 09:38:37,936 - INFO - ------------------------------------------------------------------------------------------------------------------------------
2026-03-03 09:38:37,963 - INFO - Supply specs available: ['(1) Natl', '(2) +Bank', '(3) +FE', '(4) Clust', '(5) CF Natl', '(6) CF+Bank', '(7) CF+FE', '(8) CF+Clust', '(9) CF-Haus', '(10) CF-H+Bank']
2026-03-03 09:38:37,965 - INFO - 
>>> Step 2: Computing structural sleeping-deposit predictions ...
2026-03-03 09:38:38,060 - INFO -   Supply spec '(1) Natl': hat_Y computed for 66,903 obs (struct cols = ['nr_lag', 'selic_nr_lag'])
2026-03-03 09:38:38,076 - INFO -   Supply spec '(2) +Bank': hat_Y computed for 66,901 obs (struct cols = ['nr_lag', 'selic_nr_lag', 'logA_nr_lag', 'eq_nr_lag', 'seg_S2_nr_lag', 'seg_S3_nr_lag', 'seg_S4_nr_lag', 'seg_S5_nr_lag'])
2026-03-03 09:38:38,092 - INFO -   Supply spec '(3) +FE': hat_Y computed for 66,903 obs (struct cols = ['nr_lag', 'selic_nr_lag', 'logA_nr_lag', 'eq_nr_lag'])
2026-03-03 09:38:38,105 - INFO -   Supply spec '(4) Clust': hat_Y computed for 66,903 obs (struct cols = ['nr_lag', 'selic_nr_lag', 'logA_nr_lag', 'eq_nr_lag'])
2026-03-03 09:38:38,122 - INFO -   Supply spec '(5) CF Natl': hat_Y computed for 66,903 obs (struct cols = ['nr_lag', 'selic_nr_lag'])
2026-03-03 09:38:38,143 - INFO -   Supply spec '(6) CF+Bank': hat_Y computed for 66,901 obs (struct cols = ['nr_lag', 'selic_nr_lag', 'logA_nr_lag', 'eq_nr_lag', 'seg_S2_nr_lag', 'seg_S3_nr_lag', 'seg_S4_nr_lag', 'seg_S5_nr_lag'])
2026-03-03 09:38:38,159 - INFO -   Supply spec '(7) CF+FE': hat_Y computed for 66,903 obs (struct cols = ['nr_lag', 'selic_nr_lag', 'logA_nr_lag', 'eq_nr_lag'])
2026-03-03 09:38:38,172 - INFO -   Supply spec '(8) CF+Clust': hat_Y computed for 66,903 obs (struct cols = ['nr_lag', 'selic_nr_lag', 'logA_nr_lag', 'eq_nr_lag'])
2026-03-03 09:38:38,184 - INFO -   Supply spec '(9) CF-Haus': hat_Y computed for 66,903 obs (struct cols = ['nr_lag', 'selic_nr_lag'])
2026-03-03 09:38:38,201 - INFO -   Supply spec '(10) CF-H+Bank': hat_Y computed for 66,901 obs (struct cols = ['nr_lag', 'selic_nr_lag', 'logA_nr_lag', 'eq_nr_lag', 'seg_S2_nr_lag', 'seg_S3_nr_lag', 'seg_S4_nr_lag', 'seg_S5_nr_lag'])
2026-03-03 09:38:38,210 - INFO - 
>>> Step 3: Active deposit diagnostics by supply spec ...
2026-03-03 09:38:38,233 - INFO -   '(1) Natl': active>0=58.6%, active=0=41.4%, mean(active|active>0)=92419621.0
2026-03-03 09:38:38,251 - INFO -   '(2) +Bank': active>0=52.8%, active=0=47.2%, mean(active|active>0)=88724951.7
2026-03-03 09:38:38,266 - INFO -   '(3) +FE': active>0=68.7%, active=0=31.3%, mean(active|active>0)=132359717.0
2026-03-03 09:38:38,281 - INFO -   '(4) Clust': active>0=68.7%, active=0=31.3%, mean(active|active>0)=132359717.0
2026-03-03 09:38:38,297 - INFO -   '(5) CF Natl': active>0=52.0%, active=0=48.0%, mean(active|active>0)=90443262.4
2026-03-03 09:38:38,312 - INFO -   '(6) CF+Bank': active>0=38.5%, active=0=61.5%, mean(active|active>0)=97793609.7
2026-03-03 09:38:38,328 - INFO -   '(7) CF+FE': active>0=46.0%, active=0=54.0%, mean(active|active>0)=117134725.0
2026-03-03 09:38:38,339 - INFO -   '(8) CF+Clust': active>0=46.0%, active=0=54.0%, mean(active|active>0)=117134725.0
2026-03-03 09:38:38,356 - INFO -   '(9) CF-Haus': active>0=52.0%, active=0=48.0%, mean(active|active>0)=90456681.5
2026-03-03 09:38:38,369 - INFO -   '(10) CF-H+Bank': active>0=37.3%, active=0=62.7%, mean(active|active>0)=99941592.3
2026-03-03 09:38:38,372 - INFO - 
>>> Step 4: Estimating Berry (1994) demand equation ...
2026-03-03 09:38:38,398 - INFO - Demand -- type-interacted spread columns: ['spread_T1', 'spread_T2', 'spread_T3', 'spread_T4', 'spread_T5']
2026-03-03 09:38:38,508 - INFO - Endogenous types [4, 5]: 31,941 obs (47.7% of full sample)
2026-03-03 09:38:38,518 - INFO - Demand CF cost shifters (types 4-5): ['cosif_lag', 'log_assets_std', 'equity_ratio', 'lagged_cdi', 'lagged_selic', 'personnel_cost_ratio_lag', 'admin_cost_ratio_lag']
2026-03-03 09:38:38,648 - INFO - Demand CF-A (types 4-5): N=22,822, R^2=0.1462
2026-03-03 09:38:38,731 - INFO -   Joint F (cost vars): 257.33 (strong)
2026-03-03 09:38:39,132 - INFO - Demand CF-B (types 4-5, +Hausman IV): N=22,822, R^2=0.2391
2026-03-03 09:38:39,146 - INFO -   F (Hausman IV): 2110.56 (strong)
2026-03-03 09:38:39,398 - INFO - 
=== Demand: supply spec '(1) Natl' | N_valid=39,179, N_zero_active=27,724 / 66,903 ===
2026-03-03 09:38:39,402 - INFO -   log(s_active): mean=-9.2894, sd=2.3683
2026-03-03 09:38:39,559 - INFO -   D(1) Natl spread_T1: coef=-4.280347 (SE=0.016767, p=0.0000)***
2026-03-03 09:38:39,565 - INFO -   D(1) Natl spread_T2: coef=-10.255791 (SE=0.100575, p=0.0000)***
2026-03-03 09:38:39,571 - INFO -   D(1) Natl spread_T3: coef=-2009.740451 (SE=53.652821, p=0.0000)***
2026-03-03 09:38:39,579 - INFO -   D(1) Natl spread_T4: coef=0.299279 (SE=0.001075, p=0.0000)***
2026-03-03 09:38:39,586 - INFO -   D(1) Natl spread_T5: coef=-3.074834 (SE=0.372533, p=0.0000)***
2026-03-03 09:38:39,727 - INFO - 
=== Demand: supply spec '(2) +Bank' | N_valid=35,330, N_zero_active=31,571 / 66,903 ===
2026-03-03 09:38:39,731 - INFO -   log(s_active): mean=-9.3743, sd=2.4742
2026-03-03 09:38:39,875 - INFO -   D(2) +Bank spread_T1: coef=-4.306722 (SE=0.018373, p=0.0000)***
2026-03-03 09:38:39,880 - INFO -   D(2) +Bank spread_T2: coef=-10.144823 (SE=0.109917, p=0.0000)***
2026-03-03 09:38:39,884 - INFO -   D(2) +Bank spread_T3: coef=-2080.549724 (SE=55.464927, p=0.0000)***
2026-03-03 09:38:39,890 - INFO -   D(2) +Bank spread_T4: coef=0.298689 (SE=0.001092, p=0.0000)***
2026-03-03 09:38:39,897 - INFO -   D(2) +Bank spread_T5: coef=-3.224268 (SE=0.389028, p=0.0000)***
2026-03-03 09:38:40,067 - INFO - 
=== Demand: supply spec '(3) +FE' | N_valid=45,935, N_zero_active=20,968 / 66,903 ===
2026-03-03 09:38:40,072 - INFO -   log(s_active): mean=-9.4541, sd=2.3194
2026-03-03 09:38:56,370 - INFO -   D(3) +FE spread_T1: coef=-5.510166 (SE=0.011171, p=0.0000)***
2026-03-03 09:38:56,376 - INFO -   D(3) +FE spread_T2: coef=-13.074244 (SE=0.094187, p=0.0000)***
2026-03-03 09:38:56,385 - INFO -   D(3) +FE spread_T3: coef=-6598.497042 (SE=165.615959, p=0.0000)***
2026-03-03 09:38:56,399 - INFO -   D(3) +FE spread_T4: coef=0.494602 (SE=0.001046, p=0.0000)***
2026-03-03 09:38:56,409 - INFO -   D(3) +FE spread_T5: coef=-4.854639 (SE=0.618841, p=0.0000)***
2026-03-03 09:38:56,636 - INFO - 
=== Demand: supply spec '(4) Clust' | N_valid=45,935, N_zero_active=20,968 / 66,903 ===
2026-03-03 09:38:56,641 - INFO -   log(s_active): mean=-9.4541, sd=2.3194
2026-03-03 09:39:13,888 - INFO -   D(4) Clust spread_T1: coef=-5.510166 (SE=0.039294, p=0.0000)***
2026-03-03 09:39:13,892 - INFO -   D(4) Clust spread_T2: coef=-13.074244 (SE=0.274878, p=0.0000)***
2026-03-03 09:39:13,900 - INFO -   D(4) Clust spread_T3: coef=-6598.497042 (SE=404.261697, p=0.0000)***
2026-03-03 09:39:13,911 - INFO -   D(4) Clust spread_T4: coef=0.494602 (SE=0.004866, p=0.0000)***
2026-03-03 09:39:13,918 - INFO -   D(4) Clust spread_T5: coef=-4.854639 (SE=0.618941, p=0.0000)***
2026-03-03 09:39:14,104 - INFO - 
=== Demand: supply spec '(5) CF Natl' | N_valid=34,768, N_zero_active=32,135 / 66,903 ===
2026-03-03 09:39:14,110 - INFO -   log(s_active): mean=-9.1724, sd=2.3478
2026-03-03 09:39:14,321 - INFO -   D(5) CF Natl spread_T1: coef=-4.492170 (SE=0.021901, p=0.0000)***
2026-03-03 09:39:14,327 - INFO -   D(5) CF Natl spread_T2: coef=-10.459701 (SE=0.109310, p=0.0000)***
2026-03-03 09:39:14,336 - INFO -   D(5) CF Natl spread_T3: coef=-1994.846151 (SE=60.606982, p=0.0000)***
2026-03-03 09:39:14,344 - INFO -   D(5) CF Natl spread_T4: coef=0.405989 (SE=0.002103, p=0.0000)***
2026-03-03 09:39:14,351 - INFO -   D(5) CF Natl spread_T5: coef=-3.131353 (SE=0.318168, p=0.0000)***
2026-03-03 09:39:14,488 - INFO - 
=== Demand: supply spec '(6) CF+Bank' | N_valid=25,740, N_zero_active=41,161 / 66,903 ===
2026-03-03 09:39:14,493 - INFO -   log(s_active): mean=-8.8598, sd=2.3692
2026-03-03 09:39:14,634 - INFO -   D(6) CF+Bank spread_T1: coef=-4.255298 (SE=0.027059, p=0.0000)***
2026-03-03 09:39:14,639 - INFO -   D(6) CF+Bank spread_T2: coef=-10.236377 (SE=0.113594, p=0.0000)***
2026-03-03 09:39:14,649 - INFO -   D(6) CF+Bank spread_T3: coef=-1908.756121 (SE=62.073317, p=0.0000)***
2026-03-03 09:39:14,658 - INFO -   D(6) CF+Bank spread_T4: coef=0.410287 (SE=0.002685, p=0.0000)***
2026-03-03 09:39:14,664 - INFO -   D(6) CF+Bank spread_T5: coef=-3.218157 (SE=0.445522, p=0.0000)***
2026-03-03 09:39:14,809 - INFO - 
=== Demand: supply spec '(7) CF+FE' | N_valid=30,777, N_zero_active=36,126 / 66,903 ===
2026-03-03 09:39:14,815 - INFO -   log(s_active): mean=-9.2609, sd=2.4851
2026-03-03 09:39:29,615 - INFO -   D(7) CF+FE spread_T1: coef=-5.555407 (SE=0.016765, p=0.0000)***
2026-03-03 09:39:29,620 - INFO -   D(7) CF+FE spread_T2: coef=-13.848464 (SE=0.133570, p=0.0000)***
2026-03-03 09:39:29,624 - INFO -   D(7) CF+FE spread_T3: coef=-5043.371213 (SE=197.121075, p=0.0000)***
2026-03-03 09:39:29,627 - INFO -   D(7) CF+FE spread_T4: coef=0.541776 (SE=0.002252, p=0.0000)***
2026-03-03 09:39:29,648 - INFO -   D(7) CF+FE spread_T5: coef=-5.275345 (SE=0.817363, p=0.0000)***
2026-03-03 09:39:29,801 - INFO - 
=== Demand: supply spec '(8) CF+Clust' | N_valid=30,777, N_zero_active=36,126 / 66,903 ===
2026-03-03 09:39:29,805 - INFO -   log(s_active): mean=-9.2609, sd=2.4851
2026-03-03 09:39:39,179 - INFO -   D(8) CF+Clust spread_T1: coef=-5.555407 (SE=0.051813, p=0.0000)***
2026-03-03 09:39:39,184 - INFO -   D(8) CF+Clust spread_T2: coef=-13.848464 (SE=0.372048, p=0.0000)***
2026-03-03 09:39:39,194 - INFO -   D(8) CF+Clust spread_T3: coef=-5043.371213 (SE=436.756530, p=0.0000)***
2026-03-03 09:39:39,203 - INFO -   D(8) CF+Clust spread_T4: coef=0.541776 (SE=0.006434, p=0.0000)***
2026-03-03 09:39:39,224 - INFO -   D(8) CF+Clust spread_T5: coef=-5.275345 (SE=0.817295, p=0.0000)***
2026-03-03 09:39:39,412 - INFO - 
=== Demand: supply spec '(9) CF-Haus' | N_valid=34,793, N_zero_active=32,110 / 66,903 ===
2026-03-03 09:39:39,416 - INFO -   log(s_active): mean=-9.1736, sd=2.3497
2026-03-03 09:39:39,630 - INFO -   D(9) CF-Haus spread_T1: coef=-4.491727 (SE=0.021850, p=0.0000)***
2026-03-03 09:39:39,637 - INFO -   D(9) CF-Haus spread_T2: coef=-10.456246 (SE=0.109211, p=0.0000)***
2026-03-03 09:39:39,647 - INFO -   D(9) CF-Haus spread_T3: coef=-1993.790750 (SE=60.398623, p=0.0000)***
2026-03-03 09:39:39,655 - INFO -   D(9) CF-Haus spread_T4: coef=0.410574 (SE=0.002349, p=0.0000)***
2026-03-03 09:39:39,662 - INFO -   D(9) CF-Haus spread_T5: coef=-3.122746 (SE=0.318780, p=0.0000)***
2026-03-03 09:39:39,787 - INFO - 
=== Demand: supply spec '(10) CF-H+Bank' | N_valid=24,972, N_zero_active=41,929 / 66,903 ===
2026-03-03 09:39:39,792 - INFO -   log(s_active): mean=-8.8502, sd=2.3885
2026-03-03 09:39:39,910 - INFO -   D(10) CF-H+Bank spread_T1: coef=-4.245320 (SE=0.027855, p=0.0000)***
2026-03-03 09:39:39,915 - INFO -   D(10) CF-H+Bank spread_T2: coef=-10.270386 (SE=0.114663, p=0.0000)***
2026-03-03 09:39:39,922 - INFO -   D(10) CF-H+Bank spread_T3: coef=-1912.803508 (SE=62.998905, p=0.0000)***
2026-03-03 09:39:39,929 - INFO -   D(10) CF-H+Bank spread_T4: coef=0.412242 (SE=0.002754, p=0.0000)***
2026-03-03 09:39:39,937 - INFO -   D(10) CF-H+Bank spread_T5: coef=-3.218524 (SE=0.446311, p=0.0000)***
2026-03-03 09:39:39,964 - INFO - 
>>> Step 5: Exporting demand results ...
2026-03-03 09:39:40,024 - INFO - Demand results exported to c:\Users\pedro\OneDrive\Documentos\Yale\Year 3 (2024 - 2025)\Open Finance\Open-Finance\BCB\Egan_et_al_2025_Rep\processed\ESTIMATION_OUTPUT\demand_results_conglomerate.csv
2026-03-03 09:39:40,166 - INFO - Demand LaTeX table exported to c:\Users\pedro\OneDrive\Documentos\Yale\Year 3 (2024 - 2025)\Open Finance\Open-Finance\BCB\Egan_et_al_2025_Rep\processed\ESTIMATION_OUTPUT\demand_table_conglomerate.tex
2026-03-03 09:39:40,168 - INFO - Demand specs estimated: ['D(1) Natl', 'D(2) +Bank', 'D(3) +FE', 'D(4) Clust', 'D(5) CF Natl', 'D(6) CF+Bank', 'D(7) CF+FE', 'D(8) CF+Clust', 'D(9) CF-Haus', 'D(10) CF-H+Bank']
2026-03-03 09:39:40,171 - INFO - Done -- estimation_demand_1.py complete.
