2026-03-18 13:52:24,057 - INFO - File already exists, skipping: c:\Users\pedro\OneDrive\Documentos\Yale\Year 3 (2024 - 2025)\Open Finance\Open-Finance\BCB\IF Data\List\IF_DATA_List_2016_3.csv
2026-03-18 13:52:24,058 - INFO - File already exists, skipping: c:\Users\pedro\OneDrive\Documentos\Yale\Year 3 (2024 - 2025)\Open Finance\Open-Finance\BCB\IF Data\List\IF_DATA_List_2016_6.csv
2026-03-18 13:52:24,059 - INFO - File already exists, skipping: c:\Users\pedro\OneDrive\Documentos\Yale\Year 3 (2024 - 2025)\Open Finance\Open-Finance\BCB\IF Data\List\IF_DATA_List_2016_9.csv
2026-03-18 13:52:24,059 - INFO - File already exists, skipping: c:\Users\pedro\OneDrive\Documentos\Yale\Year 3 (2024 - 2025)\Open Finance\Open-Finance\BCB\IF Data\List\IF_DATA_List_2016_12.csv
2026-03-18 13:52:24,061 - INFO - File already exists, skipping: c:\Users\pedro\OneDrive\Documentos\Yale\Year 3 (2024 - 2025)\Open Finance\Open-Finance\BCB\IF Data\Prudential Conglomerates\IF_DATA_Values_2016_3.csv
2026-03-18 13:52:24,061 - INFO - File already exists, skipping: c:\Users\pedro\OneDrive\Documentos\Yale\Year 3 (2024 - 2025)\Open Finance\Open-Finance\BCB\IF Data\Individual Institutions\IF_DATA_Values_2016_3.csv
2026-03-18 13:52:24,062 - INFO - File already exists, skipping: c:\Users\pedro\OneDrive\Documentos\Yale\Year 3 (2024 - 2025)\Open Finance\Open-Finance\BCB\IF Data\Financial Conglomerates\IF_DATA_Values_2016_3.csv
2026-03-18 13:52:24,064 - INFO - File already exists, skipping: c:\Users\pedro\OneDrive\Documentos\Yale\Year 3 (2024 - 2025)\Open Finance\Open-Finance\BCB\IF Data\Prudential Conglomerates\IF_DATA_Values_2016_6.csv
2026-03-18 13:52:24,066 - INFO - File already exists, skipping: c:\Users\pedro\OneDrive\Documentos\Yale\Year 3 (2024 - 2025)\Open Finance\Open-Finance\BCB\IF Data\Individual Institutions\IF_DATA_Values_2016_6.csv
2026-03-18 13:52:24,066 - INFO - File already exists, skipping: c:\Users\pedro\OneDrive\Documentos\Yale\Year 3 (2024 - 2025)\Open Finance\Open-Finance\BCB\IF Data\Financial Conglomerates\IF_DATA_Values_2016_6.csv
2026-03-18 13:52:24,068 - INFO - File already exists, skipping: c:\Users\pedro\OneDrive\Documentos\Yale\Year 3 (2024 - 2025)\Open Finance\Open-Finance\BCB\IF Data\Prudential Conglomerates\IF_DATA_Values_2016_9.csv
2026-03-18 13:52:24,070 - INFO - File already exists, skipping: c:\Users\pedro\OneDrive\Documentos\Yale\Year 3 (2024 - 2025)\Open Finance\Open-Finance\BCB\IF Data\Individual Institutions\IF_DATA_Values_2016_9.csv
2026-03-18 13:52:24,070 - INFO - File already exists, skipping: c:\Users\pedro\OneDrive\Documentos\Yale\Year 3 (2024 - 2025)\Open Finance\Open-Finance\BCB\IF Data\Financial Conglomerates\IF_DATA_Values_2016_9.csv
2026-03-18 13:52:24,073 - INFO - File already exists, skipping: c:\Users\pedro\OneDrive\Documentos\Yale\Year 3 (2024 - 2025)\Open Finance\Open-Finance\BCB\IF Data\Prudential Conglomerates\IF_DATA_Values_2016_12.csv
2026-03-18 13:52:24,075 - INFO - File already exists, skipping: c:\Users\pedro\OneDrive\Documentos\Yale\Year 3 (2024 - 2025)\Open Finance\Open-Finance\BCB\IF Data\Financial Conglomerates\IF_DATA_Values_2016_12.csv
2026-03-18 13:52:24,077 - INFO - File already exists, skipping: c:\Users\pedro\OneDrive\Documentos\Yale\Year 3 (2024 - 2025)\Open Finance\Open-Finance\BCB\IF Data\Individual Institutions\IF_DATA_Values_2016_12.csv
2026-03-18 13:52:24,082 - INFO - File already exists, skipping: c:\Users\pedro\OneDrive\Documentos\Yale\Year 3 (2024 - 2025)\Open Finance\Open-Finance\BCB\IF Data\List\IF_DATA_List_2017_3.csv
2026-03-18 13:52:24,082 - INFO - File already exists, skipping: c:\Users\pedro\OneDrive\Documentos\Yale\Year 3 (2024 - 2025)\Open Finance\Open-Finance\BCB\IF Data\List\IF_DATA_List_2017_6.csv
2026-03-18 13:52:24,083 - INFO - File already exists, skipping: c:\Users\pedro\OneDrive\Documentos\Yale\Year 3 (2024 - 2025)\Open Finance\Open-Finance\BCB\IF Data\List\IF_DATA_List_2017_9.csv
2026-03-18 13:52:24,083 - INFO - File already exists, skipping: c:\Users\pedro\OneDrive\Documentos\Yale\Year 3 (2024 - 2025)\Open Finance\Open-Finance\BCB\IF Data\List\IF_DATA_List_2017_12.csv
2026-03-18 13:52:24,085 - INFO - File already exists, skipping: c:\Users\pedro\OneDrive\Documentos\Yale\Year 3 (2024 - 2025)\Open Finance\Open-Finance\BCB\IF Data\Prudential Conglomerates\IF_DATA_Values_2017_3.csv
2026-03-18 13:52:24,086 - INFO - File already exists, skipping: c:\Users\pedro\OneDrive\Documentos\Yale\Year 3 (2024 - 2025)\Open Finance\Open-Finance\BCB\IF Data\Individual Institutions\IF_DATA_Values_2017_3.csv
2026-03-18 13:52:24,087 - INFO - File already exists, skipping: c:\Users\pedro\OneDrive\Documentos\Yale\Year 3 (2024 - 2025)\Open Finance\Open-Finance\BCB\IF Data\Financial Conglomerates\IF_DATA_Values_2017_3.csv
2026-03-18 13:52:24,088 - INFO - File already exists, skipping: c:\Users\pedro\OneDrive\Documentos\Yale\Year 3 (2024 - 2025)\Open Finance\Open-Finance\BCB\IF Data\Prudential Conglomerates\IF_DATA_Values_2017_6.csv
2026-03-18 13:52:24,089 - INFO - File already exists, skipping: c:\Users\pedro\OneDrive\Documentos\Yale\Year 3 (2024 - 2025)\Open Finance\Open-Finance\BCB\IF Data\Individual Institutions\IF_DATA_Values_2017_6.csv
2026-03-18 13:52:24,089 - INFO - File already exists, skipping: c:\Users\pedro\OneDrive\Documentos\Yale\Year 3 (2024 - 2025)\Open Finance\Open-Finance\BCB\IF Data\Financial Conglomerates\IF_DATA_Values_2017_6.csv
2026-03-18 13:52:24,093 - INFO - File already exists, skipping: c:\Users\pedro\OneDrive\Documentos\Yale\Year 3 (2024 - 2025)\Open Finance\Open-Finance\BCB\IF Data\Prudential Conglomerates\IF_DATA_Values_2017_9.csv
2026-03-18 13:52:24,093 - INFO - File already exists, skipping: c:\Users\pedro\OneDrive\Documentos\Yale\Year 3 (2024 - 2025)\Open Finance\Open-Finance\BCB\IF Data\Individual Institutions\IF_DATA_Values_2017_9.csv
2026-03-18 13:52:24,094 - INFO - File already exists, skipping: c:\Users\pedro\OneDrive\Documentos\Yale\Year 3 (2024 - 2025)\Open Finance\Open-Finance\BCB\IF Data\Financial Conglomerates\IF_DATA_Values_2017_9.csv
2026-03-18 13:52:24,095 - INFO - File already exists, skipping: c:\Users\pedro\OneDrive\Documentos\Yale\Year 3 (2024 - 2025)\Open Finance\Open-Finance\BCB\IF Data\Prudential Conglomerates\IF_DATA_Values_2017_12.csv
2026-03-18 13:52:24,096 - INFO - File already exists, skipping: c:\Users\pedro\OneDrive\Documentos\Yale\Year 3 (2024 - 2025)\Open Finance\Open-Finance\BCB\IF Data\Individual Institutions\IF_DATA_Values_2017_12.csv
2026-03-18 13:52:24,097 - INFO - File already exists, skipping: c:\Users\pedro\OneDrive\Documentos\Yale\Year 3 (2024 - 2025)\Open Finance\Open-Finance\BCB\IF Data\Financial Conglomerates\IF_DATA_Values_2017_12.csv
2026-03-18 13:52:24,097 - INFO - File already exists, skipping: c:\Users\pedro\OneDrive\Documentos\Yale\Year 3 (2024 - 2025)\Open Finance\Open-Finance\BCB\IF Data\List\IF_DATA_List_2018_3.csv
2026-03-18 13:52:24,098 - INFO - File already exists, skipping: c:\Users\pedro\OneDrive\Documentos\Yale\Year 3 (2024 - 2025)\Open Finance\Open-Finance\BCB\IF Data\List\IF_DATA_List_2018_6.csv
2026-03-18 13:52:24,098 - INFO - File already exists, skipping: c:\Users\pedro\OneDrive\Documentos\Yale\Year 3 (2024 - 2025)\Open Finance\Open-Finance\BCB\IF Data\List\IF_DATA_List_2018_9.csv
2026-03-18 13:52:24,099 - INFO - File already exists, skipping: c:\Users\pedro\OneDrive\Documentos\Yale\Year 3 (2024 - 2025)\Open Finance\Open-Finance\BCB\IF Data\List\IF_DATA_List_2018_12.csv
2026-03-18 13:52:24,100 - INFO - File already exists, skipping: c:\Users\pedro\OneDrive\Documentos\Yale\Year 3 (2024 - 2025)\Open Finance\Open-Finance\BCB\IF Data\Prudential Conglomerates\IF_DATA_Values_2018_3.csv
2026-03-18 13:52:24,101 - INFO - File already exists, skipping: c:\Users\pedro\OneDrive\Documentos\Yale\Year 3 (2024 - 2025)\Open Finance\Open-Finance\BCB\IF Data\Individual Institutions\IF_DATA_Values_2018_3.csv
2026-03-18 13:52:24,101 - INFO - File already exists, skipping: c:\Users\pedro\OneDrive\Documentos\Yale\Year 3 (2024 - 2025)\Open Finance\Open-Finance\BCB\IF Data\Financial Conglomerates\IF_DATA_Values_2018_3.csv
2026-03-18 13:52:24,102 - INFO - File already exists, skipping: c:\Users\pedro\OneDrive\Documentos\Yale\Year 3 (2024 - 2025)\Open Finance\Open-Finance\BCB\IF Data\Prudential Conglomerates\IF_DATA_Values_2018_6.csv
2026-03-18 13:52:24,103 - INFO - File already exists, skipping: c:\Users\pedro\OneDrive\Documentos\Yale\Year 3 (2024 - 2025)\Open Finance\Open-Finance\BCB\IF Data\Individual Institutions\IF_DATA_Values_2018_6.csv
2026-03-18 13:52:24,103 - INFO - File already exists, skipping: c:\Users\pedro\OneDrive\Documentos\Yale\Year 3 (2024 - 2025)\Open Finance\Open-Finance\BCB\IF Data\Financial Conglomerates\IF_DATA_Values_2018_6.csv
2026-03-18 13:52:24,105 - INFO - File already exists, skipping: c:\Users\pedro\OneDrive\Documentos\Yale\Year 3 (2024 - 2025)\Open Finance\Open-Finance\BCB\IF Data\Prudential Conglomerates\IF_DATA_Values_2018_9.csv
2026-03-18 13:52:24,105 - INFO - File already exists, skipping: c:\Users\pedro\OneDrive\Documentos\Yale\Year 3 (2024 - 2025)\Open Finance\Open-Finance\BCB\IF Data\Individual Institutions\IF_DATA_Values_2018_9.csv
2026-03-18 13:52:24,105 - INFO - File already exists, skipping: c:\Users\pedro\OneDrive\Documentos\Yale\Year 3 (2024 - 2025)\Open Finance\Open-Finance\BCB\IF Data\Financial Conglomerates\IF_DATA_Values_2018_9.csv
2026-03-18 13:52:24,107 - INFO - File already exists, skipping: c:\Users\pedro\OneDrive\Documentos\Yale\Year 3 (2024 - 2025)\Open Finance\Open-Finance\BCB\IF Data\Prudential Conglomerates\IF_DATA_Values_2018_12.csv
2026-03-18 13:52:24,108 - INFO - File already exists, skipping: c:\Users\pedro\OneDrive\Documentos\Yale\Year 3 (2024 - 2025)\Open Finance\Open-Finance\BCB\IF Data\Individual Institutions\IF_DATA_Values_2018_12.csv
2026-03-18 13:52:24,108 - INFO - File already exists, skipping: c:\Users\pedro\OneDrive\Documentos\Yale\Year 3 (2024 - 2025)\Open Finance\Open-Finance\BCB\IF Data\Financial Conglomerates\IF_DATA_Values_2018_12.csv
2026-03-18 13:52:24,109 - INFO - File already exists, skipping: c:\Users\pedro\OneDrive\Documentos\Yale\Year 3 (2024 - 2025)\Open Finance\Open-Finance\BCB\IF Data\List\IF_DATA_List_2019_3.csv
2026-03-18 13:52:24,110 - INFO - File already exists, skipping: c:\Users\pedro\OneDrive\Documentos\Yale\Year 3 (2024 - 2025)\Open Finance\Open-Finance\BCB\IF Data\List\IF_DATA_List_2019_6.csv
2026-03-18 13:52:24,110 - INFO - File already exists, skipping: c:\Users\pedro\OneDrive\Documentos\Yale\Year 3 (2024 - 2025)\Open Finance\Open-Finance\BCB\IF Data\List\IF_DATA_List_2019_9.csv
2026-03-18 13:52:24,111 - INFO - File already exists, skipping: c:\Users\pedro\OneDrive\Documentos\Yale\Year 3 (2024 - 2025)\Open Finance\Open-Finance\BCB\IF Data\List\IF_DATA_List_2019_12.csv
2026-03-18 13:52:24,112 - INFO - File already exists, skipping: c:\Users\pedro\OneDrive\Documentos\Yale\Year 3 (2024 - 2025)\Open Finance\Open-Finance\BCB\IF Data\Prudential Conglomerates\IF_DATA_Values_2019_3.csv
2026-03-18 13:52:24,113 - INFO - File already exists, skipping: c:\Users\pedro\OneDrive\Documentos\Yale\Year 3 (2024 - 2025)\Open Finance\Open-Finance\BCB\IF Data\Individual Institutions\IF_DATA_Values_2019_3.csv
2026-03-18 13:52:24,114 - INFO - File already exists, skipping: c:\Users\pedro\OneDrive\Documentos\Yale\Year 3 (2024 - 2025)\Open Finance\Open-Finance\BCB\IF Data\Financial Conglomerates\IF_DATA_Values_2019_3.csv
2026-03-18 13:52:24,115 - INFO - File already exists, skipping: c:\Users\pedro\OneDrive\Documentos\Yale\Year 3 (2024 - 2025)\Open Finance\Open-Finance\BCB\IF Data\Prudential Conglomerates\IF_DATA_Values_2019_6.csv
2026-03-18 13:52:24,115 - INFO - File already exists, skipping: c:\Users\pedro\OneDrive\Documentos\Yale\Year 3 (2024 - 2025)\Open Finance\Open-Finance\BCB\IF Data\Financial Conglomerates\IF_DATA_Values_2019_6.csv
2026-03-18 13:52:24,115 - INFO - File already exists, skipping: c:\Users\pedro\OneDrive\Documentos\Yale\Year 3 (2024 - 2025)\Open Finance\Open-Finance\BCB\IF Data\Individual Institutions\IF_DATA_Values_2019_6.csv
2026-03-18 13:52:24,117 - INFO - File already exists, skipping: c:\Users\pedro\OneDrive\Documentos\Yale\Year 3 (2024 - 2025)\Open Finance\Open-Finance\BCB\IF Data\Prudential Conglomerates\IF_DATA_Values_2019_9.csv
2026-03-18 13:52:24,118 - INFO - File already exists, skipping: c:\Users\pedro\OneDrive\Documentos\Yale\Year 3 (2024 - 2025)\Open Finance\Open-Finance\BCB\IF Data\Individual Institutions\IF_DATA_Values_2019_9.csv
2026-03-18 13:52:24,118 - INFO - File already exists, skipping: c:\Users\pedro\OneDrive\Documentos\Yale\Year 3 (2024 - 2025)\Open Finance\Open-Finance\BCB\IF Data\Financial Conglomerates\IF_DATA_Values_2019_9.csv
2026-03-18 13:52:24,120 - INFO - File already exists, skipping: c:\Users\pedro\OneDrive\Documentos\Yale\Year 3 (2024 - 2025)\Open Finance\Open-Finance\BCB\IF Data\Prudential Conglomerates\IF_DATA_Values_2019_12.csv
2026-03-18 13:52:24,120 - INFO - File already exists, skipping: c:\Users\pedro\OneDrive\Documentos\Yale\Year 3 (2024 - 2025)\Open Finance\Open-Finance\BCB\IF Data\Financial Conglomerates\IF_DATA_Values_2019_12.csv
2026-03-18 13:52:24,120 - INFO - File already exists, skipping: c:\Users\pedro\OneDrive\Documentos\Yale\Year 3 (2024 - 2025)\Open Finance\Open-Finance\BCB\IF Data\Individual Institutions\IF_DATA_Values_2019_12.csv
2026-03-18 13:52:24,121 - INFO - File already exists, skipping: c:\Users\pedro\OneDrive\Documentos\Yale\Year 3 (2024 - 2025)\Open Finance\Open-Finance\BCB\IF Data\List\IF_DATA_List_2020_3.csv
2026-03-18 13:52:24,122 - INFO - File already exists, skipping: c:\Users\pedro\OneDrive\Documentos\Yale\Year 3 (2024 - 2025)\Open Finance\Open-Finance\BCB\IF Data\List\IF_DATA_List_2020_6.csv
2026-03-18 13:52:24,123 - INFO - File already exists, skipping: c:\Users\pedro\OneDrive\Documentos\Yale\Year 3 (2024 - 2025)\Open Finance\Open-Finance\BCB\IF Data\List\IF_DATA_List_2020_9.csv
2026-03-18 13:52:24,124 - INFO - File already exists, skipping: c:\Users\pedro\OneDrive\Documentos\Yale\Year 3 (2024 - 2025)\Open Finance\Open-Finance\BCB\IF Data\List\IF_DATA_List_2020_12.csv
2026-03-18 13:52:24,126 - INFO - File already exists, skipping: c:\Users\pedro\OneDrive\Documentos\Yale\Year 3 (2024 - 2025)\Open Finance\Open-Finance\BCB\IF Data\Prudential Conglomerates\IF_DATA_Values_2020_3.csv
2026-03-18 13:52:24,126 - INFO - File already exists, skipping: c:\Users\pedro\OneDrive\Documentos\Yale\Year 3 (2024 - 2025)\Open Finance\Open-Finance\BCB\IF Data\Individual Institutions\IF_DATA_Values_2020_3.csv
2026-03-18 13:52:24,127 - INFO - File already exists, skipping: c:\Users\pedro\OneDrive\Documentos\Yale\Year 3 (2024 - 2025)\Open Finance\Open-Finance\BCB\IF Data\Financial Conglomerates\IF_DATA_Values_2020_3.csv
2026-03-18 13:52:24,129 - INFO - File already exists, skipping: c:\Users\pedro\OneDrive\Documentos\Yale\Year 3 (2024 - 2025)\Open Finance\Open-Finance\BCB\IF Data\Prudential Conglomerates\IF_DATA_Values_2020_6.csv
2026-03-18 13:52:24,129 - INFO - File already exists, skipping: c:\Users\pedro\OneDrive\Documentos\Yale\Year 3 (2024 - 2025)\Open Finance\Open-Finance\BCB\IF Data\Individual Institutions\IF_DATA_Values_2020_6.csv
2026-03-18 13:52:24,131 - INFO - File already exists, skipping: c:\Users\pedro\OneDrive\Documentos\Yale\Year 3 (2024 - 2025)\Open Finance\Open-Finance\BCB\IF Data\Financial Conglomerates\IF_DATA_Values_2020_6.csv
2026-03-18 13:52:24,134 - INFO - File already exists, skipping: c:\Users\pedro\OneDrive\Documentos\Yale\Year 3 (2024 - 2025)\Open Finance\Open-Finance\BCB\IF Data\Prudential Conglomerates\IF_DATA_Values_2020_9.csv
2026-03-18 13:52:24,134 - INFO - File already exists, skipping: c:\Users\pedro\OneDrive\Documentos\Yale\Year 3 (2024 - 2025)\Open Finance\Open-Finance\BCB\IF Data\Individual Institutions\IF_DATA_Values_2020_9.csv
2026-03-18 13:52:24,134 - INFO - File already exists, skipping: c:\Users\pedro\OneDrive\Documentos\Yale\Year 3 (2024 - 2025)\Open Finance\Open-Finance\BCB\IF Data\Financial Conglomerates\IF_DATA_Values_2020_9.csv
2026-03-18 13:52:24,136 - INFO - File already exists, skipping: c:\Users\pedro\OneDrive\Documentos\Yale\Year 3 (2024 - 2025)\Open Finance\Open-Finance\BCB\IF Data\Prudential Conglomerates\IF_DATA_Values_2020_12.csv
2026-03-18 13:52:24,137 - INFO - File already exists, skipping: c:\Users\pedro\OneDrive\Documentos\Yale\Year 3 (2024 - 2025)\Open Finance\Open-Finance\BCB\IF Data\Individual Institutions\IF_DATA_Values_2020_12.csv
2026-03-18 13:52:24,138 - INFO - File already exists, skipping: c:\Users\pedro\OneDrive\Documentos\Yale\Year 3 (2024 - 2025)\Open Finance\Open-Finance\BCB\IF Data\Financial Conglomerates\IF_DATA_Values_2020_12.csv
2026-03-18 13:52:24,139 - INFO - File already exists, skipping: c:\Users\pedro\OneDrive\Documentos\Yale\Year 3 (2024 - 2025)\Open Finance\Open-Finance\BCB\IF Data\List\IF_DATA_List_2021_3.csv
2026-03-18 13:52:24,140 - INFO - File already exists, skipping: c:\Users\pedro\OneDrive\Documentos\Yale\Year 3 (2024 - 2025)\Open Finance\Open-Finance\BCB\IF Data\List\IF_DATA_List_2021_6.csv
2026-03-18 13:52:24,140 - INFO - File already exists, skipping: c:\Users\pedro\OneDrive\Documentos\Yale\Year 3 (2024 - 2025)\Open Finance\Open-Finance\BCB\IF Data\List\IF_DATA_List_2021_9.csv
2026-03-18 13:52:24,141 - INFO - File already exists, skipping: c:\Users\pedro\OneDrive\Documentos\Yale\Year 3 (2024 - 2025)\Open Finance\Open-Finance\BCB\IF Data\List\IF_DATA_List_2021_12.csv
2026-03-18 13:52:24,142 - INFO - File already exists, skipping: c:\Users\pedro\OneDrive\Documentos\Yale\Year 3 (2024 - 2025)\Open Finance\Open-Finance\BCB\IF Data\Prudential Conglomerates\IF_DATA_Values_2021_3.csv
2026-03-18 13:52:24,144 - INFO - File already exists, skipping: c:\Users\pedro\OneDrive\Documentos\Yale\Year 3 (2024 - 2025)\Open Finance\Open-Finance\BCB\IF Data\Individual Institutions\IF_DATA_Values_2021_3.csv
2026-03-18 13:52:24,144 - INFO - File already exists, skipping: c:\Users\pedro\OneDrive\Documentos\Yale\Year 3 (2024 - 2025)\Open Finance\Open-Finance\BCB\IF Data\Financial Conglomerates\IF_DATA_Values_2021_3.csv
2026-03-18 13:52:24,145 - INFO - File already exists, skipping: c:\Users\pedro\OneDrive\Documentos\Yale\Year 3 (2024 - 2025)\Open Finance\Open-Finance\BCB\IF Data\Prudential Conglomerates\IF_DATA_Values_2021_6.csv
2026-03-18 13:52:24,146 - INFO - File already exists, skipping: c:\Users\pedro\OneDrive\Documentos\Yale\Year 3 (2024 - 2025)\Open Finance\Open-Finance\BCB\IF Data\Individual Institutions\IF_DATA_Values_2021_6.csv
2026-03-18 13:52:24,146 - INFO - File already exists, skipping: c:\Users\pedro\OneDrive\Documentos\Yale\Year 3 (2024 - 2025)\Open Finance\Open-Finance\BCB\IF Data\Financial Conglomerates\IF_DATA_Values_2021_6.csv
2026-03-18 13:52:24,148 - INFO - File already exists, skipping: c:\Users\pedro\OneDrive\Documentos\Yale\Year 3 (2024 - 2025)\Open Finance\Open-Finance\BCB\IF Data\Prudential Conglomerates\IF_DATA_Values_2021_9.csv
2026-03-18 13:52:24,148 - INFO - File already exists, skipping: c:\Users\pedro\OneDrive\Documentos\Yale\Year 3 (2024 - 2025)\Open Finance\Open-Finance\BCB\IF Data\Financial Conglomerates\IF_DATA_Values_2021_9.csv
2026-03-18 13:52:24,149 - INFO - File already exists, skipping: c:\Users\pedro\OneDrive\Documentos\Yale\Year 3 (2024 - 2025)\Open Finance\Open-Finance\BCB\IF Data\Individual Institutions\IF_DATA_Values_2021_9.csv
2026-03-18 13:52:24,151 - INFO - File already exists, skipping: c:\Users\pedro\OneDrive\Documentos\Yale\Year 3 (2024 - 2025)\Open Finance\Open-Finance\BCB\IF Data\Prudential Conglomerates\IF_DATA_Values_2021_12.csv
2026-03-18 13:52:24,151 - INFO - File already exists, skipping: c:\Users\pedro\OneDrive\Documentos\Yale\Year 3 (2024 - 2025)\Open Finance\Open-Finance\BCB\IF Data\Individual Institutions\IF_DATA_Values_2021_12.csv
2026-03-18 13:52:24,152 - INFO - File already exists, skipping: c:\Users\pedro\OneDrive\Documentos\Yale\Year 3 (2024 - 2025)\Open Finance\Open-Finance\BCB\IF Data\Financial Conglomerates\IF_DATA_Values_2021_12.csv
2026-03-18 13:52:24,153 - INFO - File already exists, skipping: c:\Users\pedro\OneDrive\Documentos\Yale\Year 3 (2024 - 2025)\Open Finance\Open-Finance\BCB\IF Data\List\IF_DATA_List_2022_3.csv
2026-03-18 13:52:24,153 - INFO - File already exists, skipping: c:\Users\pedro\OneDrive\Documentos\Yale\Year 3 (2024 - 2025)\Open Finance\Open-Finance\BCB\IF Data\List\IF_DATA_List_2022_6.csv
2026-03-18 13:52:24,153 - INFO - File already exists, skipping: c:\Users\pedro\OneDrive\Documentos\Yale\Year 3 (2024 - 2025)\Open Finance\Open-Finance\BCB\IF Data\List\IF_DATA_List_2022_9.csv
2026-03-18 13:52:24,153 - INFO - File already exists, skipping: c:\Users\pedro\OneDrive\Documentos\Yale\Year 3 (2024 - 2025)\Open Finance\Open-Finance\BCB\IF Data\List\IF_DATA_List_2022_12.csv
2026-03-18 13:52:24,155 - INFO - File already exists, skipping: c:\Users\pedro\OneDrive\Documentos\Yale\Year 3 (2024 - 2025)\Open Finance\Open-Finance\BCB\IF Data\Prudential Conglomerates\IF_DATA_Values_2022_3.csv
2026-03-18 13:52:24,155 - INFO - File already exists, skipping: c:\Users\pedro\OneDrive\Documentos\Yale\Year 3 (2024 - 2025)\Open Finance\Open-Finance\BCB\IF Data\Individual Institutions\IF_DATA_Values_2022_3.csv
2026-03-18 13:52:24,155 - INFO - File already exists, skipping: c:\Users\pedro\OneDrive\Documentos\Yale\Year 3 (2024 - 2025)\Open Finance\Open-Finance\BCB\IF Data\Financial Conglomerates\IF_DATA_Values_2022_3.csv
2026-03-18 13:52:24,159 - INFO - File already exists, skipping: c:\Users\pedro\OneDrive\Documentos\Yale\Year 3 (2024 - 2025)\Open Finance\Open-Finance\BCB\IF Data\Prudential Conglomerates\IF_DATA_Values_2022_6.csv
2026-03-18 13:52:24,159 - INFO - File already exists, skipping: c:\Users\pedro\OneDrive\Documentos\Yale\Year 3 (2024 - 2025)\Open Finance\Open-Finance\BCB\IF Data\Individual Institutions\IF_DATA_Values_2022_6.csv
2026-03-18 13:52:24,160 - INFO - File already exists, skipping: c:\Users\pedro\OneDrive\Documentos\Yale\Year 3 (2024 - 2025)\Open Finance\Open-Finance\BCB\IF Data\Financial Conglomerates\IF_DATA_Values_2022_6.csv
2026-03-18 13:52:24,161 - INFO - File already exists, skipping: c:\Users\pedro\OneDrive\Documentos\Yale\Year 3 (2024 - 2025)\Open Finance\Open-Finance\BCB\IF Data\Prudential Conglomerates\IF_DATA_Values_2022_9.csv
2026-03-18 13:52:24,162 - INFO - File already exists, skipping: c:\Users\pedro\OneDrive\Documentos\Yale\Year 3 (2024 - 2025)\Open Finance\Open-Finance\BCB\IF Data\Individual Institutions\IF_DATA_Values_2022_9.csv
2026-03-18 13:52:24,162 - INFO - File already exists, skipping: c:\Users\pedro\OneDrive\Documentos\Yale\Year 3 (2024 - 2025)\Open Finance\Open-Finance\BCB\IF Data\Financial Conglomerates\IF_DATA_Values_2022_9.csv
2026-03-18 13:52:24,163 - INFO - File already exists, skipping: c:\Users\pedro\OneDrive\Documentos\Yale\Year 3 (2024 - 2025)\Open Finance\Open-Finance\BCB\IF Data\Prudential Conglomerates\IF_DATA_Values_2022_12.csv
2026-03-18 13:52:24,165 - INFO - File already exists, skipping: c:\Users\pedro\OneDrive\Documentos\Yale\Year 3 (2024 - 2025)\Open Finance\Open-Finance\BCB\IF Data\Individual Institutions\IF_DATA_Values_2022_12.csv
2026-03-18 13:52:24,165 - INFO - File already exists, skipping: c:\Users\pedro\OneDrive\Documentos\Yale\Year 3 (2024 - 2025)\Open Finance\Open-Finance\BCB\IF Data\Financial Conglomerates\IF_DATA_Values_2022_12.csv
2026-03-18 13:52:24,165 - INFO - File already exists, skipping: c:\Users\pedro\OneDrive\Documentos\Yale\Year 3 (2024 - 2025)\Open Finance\Open-Finance\BCB\IF Data\List\IF_DATA_List_2023_3.csv
2026-03-18 13:52:24,165 - INFO - File already exists, skipping: c:\Users\pedro\OneDrive\Documentos\Yale\Year 3 (2024 - 2025)\Open Finance\Open-Finance\BCB\IF Data\List\IF_DATA_List_2023_6.csv
2026-03-18 13:52:24,165 - INFO - File already exists, skipping: c:\Users\pedro\OneDrive\Documentos\Yale\Year 3 (2024 - 2025)\Open Finance\Open-Finance\BCB\IF Data\List\IF_DATA_List_2023_9.csv
2026-03-18 13:52:24,165 - INFO - File already exists, skipping: c:\Users\pedro\OneDrive\Documentos\Yale\Year 3 (2024 - 2025)\Open Finance\Open-Finance\BCB\IF Data\List\IF_DATA_List_2023_12.csv
2026-03-18 13:52:24,165 - INFO - File already exists, skipping: c:\Users\pedro\OneDrive\Documentos\Yale\Year 3 (2024 - 2025)\Open Finance\Open-Finance\BCB\IF Data\Prudential Conglomerates\IF_DATA_Values_2023_3.csv
2026-03-18 13:52:24,165 - INFO - File already exists, skipping: c:\Users\pedro\OneDrive\Documentos\Yale\Year 3 (2024 - 2025)\Open Finance\Open-Finance\BCB\IF Data\Individual Institutions\IF_DATA_Values_2023_3.csv
2026-03-18 13:52:24,165 - INFO - File already exists, skipping: c:\Users\pedro\OneDrive\Documentos\Yale\Year 3 (2024 - 2025)\Open Finance\Open-Finance\BCB\IF Data\Financial Conglomerates\IF_DATA_Values_2023_3.csv
2026-03-18 13:52:24,165 - INFO - File already exists, skipping: c:\Users\pedro\OneDrive\Documentos\Yale\Year 3 (2024 - 2025)\Open Finance\Open-Finance\BCB\IF Data\Prudential Conglomerates\IF_DATA_Values_2023_6.csv
2026-03-18 13:52:24,165 - INFO - File already exists, skipping: c:\Users\pedro\OneDrive\Documentos\Yale\Year 3 (2024 - 2025)\Open Finance\Open-Finance\BCB\IF Data\Individual Institutions\IF_DATA_Values_2023_6.csv
2026-03-18 13:52:24,165 - INFO - File already exists, skipping: c:\Users\pedro\OneDrive\Documentos\Yale\Year 3 (2024 - 2025)\Open Finance\Open-Finance\BCB\IF Data\Financial Conglomerates\IF_DATA_Values_2023_6.csv
2026-03-18 13:52:24,175 - INFO - File already exists, skipping: c:\Users\pedro\OneDrive\Documentos\Yale\Year 3 (2024 - 2025)\Open Finance\Open-Finance\BCB\IF Data\Prudential Conglomerates\IF_DATA_Values_2023_9.csv
2026-03-18 13:52:24,176 - INFO - File already exists, skipping: c:\Users\pedro\OneDrive\Documentos\Yale\Year 3 (2024 - 2025)\Open Finance\Open-Finance\BCB\IF Data\Individual Institutions\IF_DATA_Values_2023_9.csv
2026-03-18 13:52:24,176 - INFO - File already exists, skipping: c:\Users\pedro\OneDrive\Documentos\Yale\Year 3 (2024 - 2025)\Open Finance\Open-Finance\BCB\IF Data\Financial Conglomerates\IF_DATA_Values_2023_9.csv
2026-03-18 13:52:24,177 - INFO - File already exists, skipping: c:\Users\pedro\OneDrive\Documentos\Yale\Year 3 (2024 - 2025)\Open Finance\Open-Finance\BCB\IF Data\Prudential Conglomerates\IF_DATA_Values_2023_12.csv
2026-03-18 13:52:24,177 - INFO - File already exists, skipping: c:\Users\pedro\OneDrive\Documentos\Yale\Year 3 (2024 - 2025)\Open Finance\Open-Finance\BCB\IF Data\Individual Institutions\IF_DATA_Values_2023_12.csv
2026-03-18 13:52:24,177 - INFO - File already exists, skipping: c:\Users\pedro\OneDrive\Documentos\Yale\Year 3 (2024 - 2025)\Open Finance\Open-Finance\BCB\IF Data\Financial Conglomerates\IF_DATA_Values_2023_12.csv
2026-03-18 13:52:24,179 - INFO - File already exists, skipping: c:\Users\pedro\OneDrive\Documentos\Yale\Year 3 (2024 - 2025)\Open Finance\Open-Finance\BCB\IF Data\List\IF_DATA_List_2024_3.csv
2026-03-18 13:52:24,180 - INFO - File already exists, skipping: c:\Users\pedro\OneDrive\Documentos\Yale\Year 3 (2024 - 2025)\Open Finance\Open-Finance\BCB\IF Data\List\IF_DATA_List_2024_6.csv
2026-03-18 13:52:24,180 - INFO - File already exists, skipping: c:\Users\pedro\OneDrive\Documentos\Yale\Year 3 (2024 - 2025)\Open Finance\Open-Finance\BCB\IF Data\List\IF_DATA_List_2024_9.csv
2026-03-18 13:52:24,180 - INFO - File already exists, skipping: c:\Users\pedro\OneDrive\Documentos\Yale\Year 3 (2024 - 2025)\Open Finance\Open-Finance\BCB\IF Data\List\IF_DATA_List_2024_12.csv
2026-03-18 13:52:24,182 - INFO - File already exists, skipping: c:\Users\pedro\OneDrive\Documentos\Yale\Year 3 (2024 - 2025)\Open Finance\Open-Finance\BCB\IF Data\Prudential Conglomerates\IF_DATA_Values_2024_3.csv
2026-03-18 13:52:24,182 - INFO - File already exists, skipping: c:\Users\pedro\OneDrive\Documentos\Yale\Year 3 (2024 - 2025)\Open Finance\Open-Finance\BCB\IF Data\Individual Institutions\IF_DATA_Values_2024_3.csv
2026-03-18 13:52:24,182 - INFO - File already exists, skipping: c:\Users\pedro\OneDrive\Documentos\Yale\Year 3 (2024 - 2025)\Open Finance\Open-Finance\BCB\IF Data\Financial Conglomerates\IF_DATA_Values_2024_3.csv
2026-03-18 13:52:24,182 - INFO - File already exists, skipping: c:\Users\pedro\OneDrive\Documentos\Yale\Year 3 (2024 - 2025)\Open Finance\Open-Finance\BCB\IF Data\Prudential Conglomerates\IF_DATA_Values_2024_6.csv
2026-03-18 13:52:24,182 - INFO - File already exists, skipping: c:\Users\pedro\OneDrive\Documentos\Yale\Year 3 (2024 - 2025)\Open Finance\Open-Finance\BCB\IF Data\Individual Institutions\IF_DATA_Values_2024_6.csv
2026-03-18 13:52:24,182 - INFO - File already exists, skipping: c:\Users\pedro\OneDrive\Documentos\Yale\Year 3 (2024 - 2025)\Open Finance\Open-Finance\BCB\IF Data\Financial Conglomerates\IF_DATA_Values_2024_6.csv
2026-03-18 13:52:24,187 - INFO - File already exists, skipping: c:\Users\pedro\OneDrive\Documentos\Yale\Year 3 (2024 - 2025)\Open Finance\Open-Finance\BCB\IF Data\Prudential Conglomerates\IF_DATA_Values_2024_9.csv
2026-03-18 13:52:24,187 - INFO - File already exists, skipping: c:\Users\pedro\OneDrive\Documentos\Yale\Year 3 (2024 - 2025)\Open Finance\Open-Finance\BCB\IF Data\Individual Institutions\IF_DATA_Values_2024_9.csv
2026-03-18 13:52:24,187 - INFO - File already exists, skipping: c:\Users\pedro\OneDrive\Documentos\Yale\Year 3 (2024 - 2025)\Open Finance\Open-Finance\BCB\IF Data\Financial Conglomerates\IF_DATA_Values_2024_9.csv
2026-03-18 13:52:24,190 - INFO - File already exists, skipping: c:\Users\pedro\OneDrive\Documentos\Yale\Year 3 (2024 - 2025)\Open Finance\Open-Finance\BCB\IF Data\Prudential Conglomerates\IF_DATA_Values_2024_12.csv
2026-03-18 13:52:24,191 - INFO - File already exists, skipping: c:\Users\pedro\OneDrive\Documentos\Yale\Year 3 (2024 - 2025)\Open Finance\Open-Finance\BCB\IF Data\Financial Conglomerates\IF_DATA_Values_2024_12.csv
2026-03-18 13:52:24,191 - INFO - File already exists, skipping: c:\Users\pedro\OneDrive\Documentos\Yale\Year 3 (2024 - 2025)\Open Finance\Open-Finance\BCB\IF Data\Individual Institutions\IF_DATA_Values_2024_12.csv
2026-03-18 13:52:24,191 - INFO - File already exists, skipping: c:\Users\pedro\OneDrive\Documentos\Yale\Year 3 (2024 - 2025)\Open Finance\Open-Finance\BCB\IF Data\List\IF_DATA_List_2025_3.csv
2026-03-18 13:52:24,194 - INFO - File already exists, skipping: c:\Users\pedro\OneDrive\Documentos\Yale\Year 3 (2024 - 2025)\Open Finance\Open-Finance\BCB\IF Data\List\IF_DATA_List_2025_6.csv
2026-03-18 13:52:24,195 - INFO - File already exists, skipping: c:\Users\pedro\OneDrive\Documentos\Yale\Year 3 (2024 - 2025)\Open Finance\Open-Finance\BCB\IF Data\List\IF_DATA_List_2025_9.csv
2026-03-18 13:52:27,065 - INFO - Downloaded data for 2025-12
2026-03-18 13:53:52,300 - INFO - File already exists, skipping: c:\Users\pedro\OneDrive\Documentos\Yale\Year 3 (2024 - 2025)\Open Finance\Open-Finance\BCB\IF Data\Prudential Conglomerates\IF_DATA_Values_2025_3.csv
2026-03-18 13:53:52,300 - INFO - File already exists, skipping: c:\Users\pedro\OneDrive\Documentos\Yale\Year 3 (2024 - 2025)\Open Finance\Open-Finance\BCB\IF Data\Financial Conglomerates\IF_DATA_Values_2025_3.csv
2026-03-18 13:53:52,300 - INFO - File already exists, skipping: c:\Users\pedro\OneDrive\Documentos\Yale\Year 3 (2024 - 2025)\Open Finance\Open-Finance\BCB\IF Data\Individual Institutions\IF_DATA_Values_2025_3.csv
2026-03-18 13:53:52,302 - INFO - File already exists, skipping: c:\Users\pedro\OneDrive\Documentos\Yale\Year 3 (2024 - 2025)\Open Finance\Open-Finance\BCB\IF Data\Individual Institutions\IF_DATA_Values_2025_6.csv
2026-03-18 13:53:52,302 - INFO - File already exists, skipping: c:\Users\pedro\OneDrive\Documentos\Yale\Year 3 (2024 - 2025)\Open Finance\Open-Finance\BCB\IF Data\Prudential Conglomerates\IF_DATA_Values_2025_6.csv
2026-03-18 13:53:52,302 - INFO - File already exists, skipping: c:\Users\pedro\OneDrive\Documentos\Yale\Year 3 (2024 - 2025)\Open Finance\Open-Finance\BCB\IF Data\Financial Conglomerates\IF_DATA_Values_2025_6.csv
2026-03-18 13:53:52,303 - INFO - File already exists, skipping: c:\Users\pedro\OneDrive\Documentos\Yale\Year 3 (2024 - 2025)\Open Finance\Open-Finance\BCB\IF Data\Prudential Conglomerates\IF_DATA_Values_2025_9.csv
2026-03-18 13:53:52,304 - INFO - File already exists, skipping: c:\Users\pedro\OneDrive\Documentos\Yale\Year 3 (2024 - 2025)\Open Finance\Open-Finance\BCB\IF Data\Individual Institutions\IF_DATA_Values_2025_9.csv
2026-03-18 13:53:52,304 - INFO - File already exists, skipping: c:\Users\pedro\OneDrive\Documentos\Yale\Year 3 (2024 - 2025)\Open Finance\Open-Finance\BCB\IF Data\Financial Conglomerates\IF_DATA_Values_2025_9.csv
2026-03-18 13:53:53,474 - WARNING - Empty data for 2025-12 (Type 2). Retrying.
2026-03-18 13:53:53,475 - WARNING - Empty data for 2025-12 (Type 1). Retrying.
2026-03-18 13:53:53,475 - WARNING - Empty data for 2025-12 (Type 3). Retrying.
2026-03-18 13:53:53,484 - INFO - Waiting 30 seconds before retrying...
2026-03-18 13:53:53,484 - INFO - Waiting 30 seconds before retrying...
2026-03-18 13:53:53,493 - INFO - Waiting 30 seconds before retrying...
2026-03-18 13:54:24,274 - WARNING - Empty data for 2025-12 (Type 1). Retrying.
2026-03-18 13:54:24,276 - INFO - Waiting 60 seconds before retrying...
2026-03-18 13:54:24,585 - WARNING - Empty data for 2025-12 (Type 3). Retrying.
2026-03-18 13:54:24,592 - INFO - Waiting 60 seconds before retrying...
2026-03-18 13:54:24,592 - WARNING - Empty data for 2025-12 (Type 2). Retrying.
2026-03-18 13:54:24,598 - INFO - Waiting 60 seconds before retrying...
2026-03-18 13:55:25,453 - WARNING - Empty data for 2025-12 (Type 1). Retrying.
2026-03-18 13:55:25,453 - INFO - Waiting 120 seconds before retrying...
2026-03-18 13:55:25,759 - WARNING - Empty data for 2025-12 (Type 2). Retrying.
2026-03-18 13:55:25,759 - INFO - Waiting 120 seconds before retrying...
2026-03-18 13:55:26,553 - WARNING - Empty data for 2025-12 (Type 3). Retrying.
2026-03-18 13:55:26,556 - INFO - Waiting 120 seconds before retrying...
2026-03-18 13:57:31,860 - INFO - ESTBAN listing (municipio): 447 files found
2026-03-18 13:57:35,400 - INFO - ESTBAN listing (agencia): 447 files found
2026-03-18 13:57:35,403 - INFO - Skipping existing ESTBAN file: 202509_ESTBAN.CSV
2026-03-18 13:57:35,403 - INFO - Skipping existing ESTBAN file: 202508_ESTBAN.CSV
2026-03-18 13:57:35,405 - INFO - Skipping existing ESTBAN file: 202507_ESTBAN.CSV
2026-03-18 13:57:35,405 - INFO - Skipping existing ESTBAN file: 202506_ESTBAN.CSV
2026-03-18 13:57:35,407 - INFO - Skipping existing ESTBAN file: 202505_ESTBAN.CSV
2026-03-18 13:57:35,407 - INFO - Skipping existing ESTBAN file: 202504_ESTBAN.CSV
2026-03-18 13:57:35,409 - INFO - Skipping existing ESTBAN file: 202503_ESTBAN.CSV
2026-03-18 13:57:35,409 - INFO - Skipping existing ESTBAN file: 202502_ESTBAN.CSV
2026-03-18 13:57:35,411 - INFO - Skipping existing ESTBAN file: 202501_ESTBAN.CSV
2026-03-18 13:57:35,412 - INFO - Skipping existing ESTBAN file: 202412_ESTBAN.CSV
2026-03-18 13:57:35,412 - INFO - Skipping existing ESTBAN file: 202411_ESTBAN.CSV
2026-03-18 13:57:35,412 - INFO - Skipping existing ESTBAN file: 202410_ESTBAN.CSV
2026-03-18 13:57:35,414 - INFO - Skipping existing ESTBAN file: 202409_ESTBAN.CSV
2026-03-18 13:57:35,414 - INFO - Skipping existing ESTBAN file: 202408_ESTBAN.CSV
2026-03-18 13:57:35,414 - INFO - Skipping existing ESTBAN file: 202407_ESTBAN.CSV
2026-03-18 13:57:35,414 - INFO - Skipping existing ESTBAN file: 202406_ESTBAN.CSV
2026-03-18 13:57:35,415 - INFO - Skipping existing ESTBAN file: 202405_ESTBAN.CSV
2026-03-18 13:57:35,415 - INFO - Skipping existing ESTBAN file: 202404_ESTBAN.CSV
2026-03-18 13:57:35,415 - INFO - Skipping existing ESTBAN file: 202403_ESTBAN.CSV
2026-03-18 13:57:35,415 - INFO - Skipping existing ESTBAN file: 202402_ESTBAN.CSV
2026-03-18 13:57:35,417 - INFO - Skipping existing ESTBAN file: 202401_ESTBAN.CSV
2026-03-18 13:57:35,417 - INFO - Skipping existing ESTBAN file: 202312_ESTBAN.CSV
2026-03-18 13:57:35,417 - INFO - Skipping existing ESTBAN file: 202311_ESTBAN.CSV
2026-03-18 13:57:35,417 - INFO - Skipping existing ESTBAN file: 202310_ESTBAN.CSV
2026-03-18 13:57:35,417 - INFO - Skipping existing ESTBAN file: 202309_ESTBAN.CSV
2026-03-18 13:57:35,417 - INFO - Skipping existing ESTBAN file: 202308_ESTBAN.CSV
2026-03-18 13:57:35,418 - INFO - Skipping existing ESTBAN file: 202307_ESTBAN.CSV
2026-03-18 13:57:35,418 - INFO - Skipping existing ESTBAN file: 202306_ESTBAN.CSV
2026-03-18 13:57:35,419 - INFO - Skipping existing ESTBAN file: 202305_ESTBAN.CSV
2026-03-18 13:57:35,419 - INFO - Skipping existing ESTBAN file: 202304_ESTBAN.CSV
2026-03-18 13:57:35,420 - INFO - Skipping existing ESTBAN file: 202303_ESTBAN.CSV
2026-03-18 13:57:35,421 - INFO - Skipping existing ESTBAN file: 202302_ESTBAN.CSV
2026-03-18 13:57:35,421 - INFO - Skipping existing ESTBAN file: 202301_ESTBAN.CSV
2026-03-18 13:57:35,422 - INFO - Skipping existing ESTBAN file: 202212_ESTBAN.CSV
2026-03-18 13:57:35,423 - INFO - Skipping existing ESTBAN file: 202211_ESTBAN.CSV
2026-03-18 13:57:35,423 - INFO - Skipping existing ESTBAN file: 202210_ESTBAN.CSV
2026-03-18 13:57:35,423 - INFO - Skipping existing ESTBAN file: 202209_ESTBAN.CSV
2026-03-18 13:57:35,423 - INFO - Skipping existing ESTBAN file: 202208_ESTBAN.CSV
2026-03-18 13:57:35,423 - INFO - Skipping existing ESTBAN file: 202207_ESTBAN.CSV
2026-03-18 13:57:35,425 - INFO - Skipping existing ESTBAN file: 202206_ESTBAN.CSV
2026-03-18 13:57:35,425 - INFO - Skipping existing ESTBAN file: 202205_ESTBAN.CSV
2026-03-18 13:57:35,426 - INFO - Skipping existing ESTBAN file: 202204_ESTBAN.CSV
2026-03-18 13:57:35,426 - INFO - Skipping existing ESTBAN file: 202203_ESTBAN.CSV
2026-03-18 13:57:35,426 - INFO - Skipping existing ESTBAN file: 202202_ESTBAN.CSV
2026-03-18 13:57:35,426 - INFO - Skipping existing ESTBAN file: 202201_ESTBAN.CSV
2026-03-18 13:57:35,426 - INFO - Skipping existing ESTBAN file: 202112_ESTBAN.CSV
2026-03-18 13:57:35,426 - INFO - Skipping existing ESTBAN file: 202111_ESTBAN.CSV
2026-03-18 13:57:35,427 - INFO - Skipping existing ESTBAN file: 202110_ESTBAN.CSV
2026-03-18 13:57:35,427 - INFO - Skipping existing ESTBAN file: 202109_ESTBAN.CSV
2026-03-18 13:57:35,428 - INFO - Skipping existing ESTBAN file: 202108_ESTBAN.CSV
2026-03-18 13:57:35,428 - INFO - Skipping existing ESTBAN file: 202107_ESTBAN.CSV
2026-03-18 13:57:35,428 - INFO - Skipping existing ESTBAN file: 202106_ESTBAN.CSV
2026-03-18 13:57:35,428 - INFO - Skipping existing ESTBAN file: 202105_ESTBAN.CSV
2026-03-18 13:57:35,429 - INFO - Skipping existing ESTBAN file: 202104_ESTBAN.CSV
2026-03-18 13:57:35,429 - INFO - Skipping existing ESTBAN file: 202103_ESTBAN.CSV
2026-03-18 13:57:35,429 - INFO - Skipping existing ESTBAN file: 202102_ESTBAN.CSV
2026-03-18 13:57:35,430 - INFO - Skipping existing ESTBAN file: 202101_ESTBAN.CSV
2026-03-18 13:57:35,430 - INFO - Skipping existing ESTBAN file: 202012_ESTBAN.CSV
2026-03-18 13:57:35,430 - INFO - Skipping existing ESTBAN file: 202011_ESTBAN.CSV
2026-03-18 13:57:35,432 - INFO - Skipping existing ESTBAN file: 202010_ESTBAN.CSV
2026-03-18 13:57:35,433 - INFO - Skipping existing ESTBAN file: 202009_ESTBAN.CSV
2026-03-18 13:57:35,433 - INFO - Skipping existing ESTBAN file: 202008_ESTBAN.CSV
2026-03-18 13:57:35,433 - INFO - Skipping existing ESTBAN file: 202007_ESTBAN.CSV
2026-03-18 13:57:35,433 - INFO - Skipping existing ESTBAN file: 202006_ESTBAN.CSV
2026-03-18 13:57:35,433 - INFO - Skipping existing ESTBAN file: 202005_ESTBAN.CSV
2026-03-18 13:57:35,433 - INFO - Skipping existing ESTBAN file: 202004_ESTBAN.CSV
2026-03-18 13:57:35,433 - INFO - Skipping existing ESTBAN file: 202003_ESTBAN.CSV
2026-03-18 13:57:35,435 - INFO - Skipping existing ESTBAN file: 202002_ESTBAN.CSV
2026-03-18 13:57:35,435 - INFO - Skipping existing ESTBAN file: 202001_ESTBAN.CSV
2026-03-18 13:57:35,436 - INFO - Skipping existing ESTBAN file: 201912_ESTBAN.CSV
2026-03-18 13:57:35,437 - INFO - Skipping existing ESTBAN file: 201911_ESTBAN.CSV
2026-03-18 13:57:35,437 - INFO - Skipping existing ESTBAN file: 201910_ESTBAN.CSV
2026-03-18 13:57:35,438 - INFO - Skipping existing ESTBAN file: 201909_ESTBAN.CSV
2026-03-18 13:57:35,438 - INFO - Skipping existing ESTBAN file: 201908_ESTBAN.CSV
2026-03-18 13:57:35,438 - INFO - Skipping existing ESTBAN file: 201907_ESTBAN.CSV
2026-03-18 13:57:35,439 - INFO - Skipping existing ESTBAN file: 201906_ESTBAN.CSV
2026-03-18 13:57:35,439 - INFO - Skipping existing ESTBAN file: 201905_ESTBAN.CSV
2026-03-18 13:57:35,439 - INFO - Skipping existing ESTBAN file: 201904_ESTBAN.CSV
2026-03-18 13:57:35,440 - INFO - Skipping existing ESTBAN file: 201903_ESTBAN.CSV
2026-03-18 13:57:35,440 - INFO - Skipping existing ESTBAN file: 201902_ESTBAN.CSV
2026-03-18 13:57:35,440 - INFO - Skipping existing ESTBAN file: 201901_ESTBAN.CSV
2026-03-18 13:57:35,440 - INFO - Skipping existing ESTBAN file: 201812_ESTBAN.CSV
2026-03-18 13:57:35,441 - INFO - Skipping existing ESTBAN file: 201811_ESTBAN.CSV
2026-03-18 13:57:35,441 - INFO - Skipping existing ESTBAN file: 201810_ESTBAN.CSV
2026-03-18 13:57:35,441 - INFO - Skipping existing ESTBAN file: 201809_ESTBAN.CSV
2026-03-18 13:57:35,441 - INFO - Skipping existing ESTBAN file: 201808_ESTBAN.CSV
2026-03-18 13:57:35,441 - INFO - Skipping existing ESTBAN file: 201807_ESTBAN.CSV
2026-03-18 13:57:35,441 - INFO - Skipping existing ESTBAN file: 201806_ESTBAN.CSV
2026-03-18 13:57:35,441 - INFO - Skipping existing ESTBAN file: 201805_ESTBAN.CSV
2026-03-18 13:57:35,441 - INFO - Skipping existing ESTBAN file: 201804_ESTBAN.CSV
2026-03-18 13:57:35,443 - INFO - Skipping existing ESTBAN file: 201803_ESTBAN.CSV
2026-03-18 13:57:35,444 - INFO - Skipping existing ESTBAN file: 201802_ESTBAN.CSV
2026-03-18 13:57:35,445 - INFO - Skipping existing ESTBAN file: 201801_ESTBAN.CSV
2026-03-18 13:57:35,446 - INFO - Skipping existing ESTBAN file: 201712_ESTBAN.CSV
2026-03-18 13:57:35,446 - INFO - Skipping existing ESTBAN file: 201711_ESTBAN.CSV
2026-03-18 13:57:35,446 - INFO - Skipping existing ESTBAN file: 201710_ESTBAN.CSV
2026-03-18 13:57:35,446 - INFO - Skipping existing ESTBAN file: 201709_ESTBAN.CSV
2026-03-18 13:57:35,448 - INFO - Skipping existing ESTBAN file: 201708_ESTBAN.CSV
2026-03-18 13:57:35,448 - INFO - Skipping existing ESTBAN file: 201707_ESTBAN.CSV
2026-03-18 13:57:35,448 - INFO - Skipping existing ESTBAN file: 201706_ESTBAN.CSV
2026-03-18 13:57:35,448 - INFO - Skipping existing ESTBAN file: 201705_ESTBAN.CSV
2026-03-18 13:57:35,448 - INFO - Skipping existing ESTBAN file: 201704_ESTBAN.CSV
2026-03-18 13:57:35,449 - INFO - Skipping existing ESTBAN file: 201703_ESTBAN.CSV
2026-03-18 13:57:35,449 - INFO - Skipping existing ESTBAN file: 201702_ESTBAN.CSV
2026-03-18 13:57:35,449 - INFO - Skipping existing ESTBAN file: 201701_ESTBAN.CSV
2026-03-18 13:57:35,450 - INFO - Skipping existing ESTBAN file: 201612_ESTBAN.CSV
2026-03-18 13:57:35,450 - INFO - Skipping existing ESTBAN file: 201611_ESTBAN.CSV
2026-03-18 13:57:35,450 - INFO - Skipping existing ESTBAN file: 201610_ESTBAN.CSV
2026-03-18 13:57:35,451 - INFO - Skipping existing ESTBAN file: 201609_ESTBAN.CSV
2026-03-18 13:57:35,451 - INFO - Skipping existing ESTBAN file: 201608_ESTBAN.CSV
2026-03-18 13:57:35,451 - INFO - Skipping existing ESTBAN file: 201607_ESTBAN.CSV
2026-03-18 13:57:35,451 - INFO - Skipping existing ESTBAN file: 201606_ESTBAN.CSV
2026-03-18 13:57:35,451 - INFO - Skipping existing ESTBAN file: 201605_ESTBAN.CSV
2026-03-18 13:57:35,452 - INFO - Skipping existing ESTBAN file: 201604_ESTBAN.CSV
2026-03-18 13:57:35,453 - INFO - Skipping existing ESTBAN file: 201603_ESTBAN.CSV
2026-03-18 13:57:35,454 - INFO - Skipping existing ESTBAN file: 201602_ESTBAN.CSV
2026-03-18 13:57:35,454 - INFO - Skipping existing ESTBAN file: 201601_ESTBAN.CSV
2026-03-18 13:57:35,455 - INFO - Skipping existing ESTBAN file: 201512_ESTBAN.CSV
2026-03-18 13:57:35,457 - INFO - Skipping existing ESTBAN file: 201511_ESTBAN.CSV
2026-03-18 13:57:35,459 - INFO - Skipping existing ESTBAN file: 201510_ESTBAN.CSV
2026-03-18 13:57:35,460 - INFO - Skipping existing ESTBAN file: 201509_ESTBAN.CSV
2026-03-18 13:57:35,460 - INFO - Skipping existing ESTBAN file: 201508_ESTBAN.CSV
2026-03-18 13:57:35,461 - INFO - Skipping existing ESTBAN file: 201507_ESTBAN.CSV
2026-03-18 13:57:35,463 - INFO - Skipping existing ESTBAN file: 201506_ESTBAN.CSV
2026-03-18 13:57:35,463 - INFO - Skipping existing ESTBAN file: 201505_ESTBAN.CSV
2026-03-18 13:57:35,463 - INFO - Skipping existing ESTBAN file: 201504_ESTBAN.CSV
2026-03-18 13:57:35,465 - INFO - Skipping existing ESTBAN file: 201503_ESTBAN.CSV
2026-03-18 13:57:35,466 - INFO - Skipping existing ESTBAN file: 201502_ESTBAN.CSV
2026-03-18 13:57:35,467 - INFO - Skipping existing ESTBAN file: 201501_ESTBAN.CSV
2026-03-18 13:57:35,468 - INFO - Skipping existing ESTBAN file: 201412_ESTBAN.CSV
2026-03-18 13:57:35,469 - INFO - Skipping existing ESTBAN file: 201411_ESTBAN.CSV
2026-03-18 13:57:35,470 - INFO - Skipping existing ESTBAN file: 201410_ESTBAN.CSV
2026-03-18 13:57:35,470 - INFO - Skipping existing ESTBAN file: 201409_ESTBAN.CSV
2026-03-18 13:57:35,472 - INFO - Skipping existing ESTBAN file: 201408_ESTBAN.CSV
2026-03-18 13:57:35,472 - INFO - Skipping existing ESTBAN file: 201407_ESTBAN.CSV
2026-03-18 13:57:35,472 - INFO - Skipping existing ESTBAN file: 201406_ESTBAN.CSV
2026-03-18 13:57:35,475 - INFO - Skipping existing ESTBAN file: 201405_ESTBAN.CSV
2026-03-18 13:57:35,475 - INFO - Skipping existing ESTBAN file: 201404_ESTBAN.CSV
2026-03-18 13:57:35,476 - INFO - Skipping existing ESTBAN file: 201403_ESTBAN.CSV
2026-03-18 13:57:35,477 - INFO - Skipping existing ESTBAN file: 201402_ESTBAN.CSV
2026-03-18 13:57:35,479 - INFO - Skipping existing ESTBAN file: 201401_ESTBAN.CSV
2026-03-18 13:57:35,479 - INFO - Skipping existing ESTBAN file: 201312_ESTBAN.CSV
2026-03-18 13:57:35,479 - INFO - Skipping existing ESTBAN file: 201311_ESTBAN.CSV
2026-03-18 13:57:35,480 - INFO - Skipping existing ESTBAN file: 201310_ESTBAN.CSV
2026-03-18 13:57:35,482 - INFO - Skipping existing ESTBAN file: 201309_ESTBAN.CSV
2026-03-18 13:57:35,483 - INFO - Skipping existing ESTBAN file: 201308_ESTBAN.CSV
2026-03-18 13:57:35,483 - INFO - Skipping existing ESTBAN file: 201307_ESTBAN.CSV
2026-03-18 13:57:35,483 - INFO - Skipping existing ESTBAN file: 201306_ESTBAN.CSV
2026-03-18 13:57:35,486 - INFO - Skipping existing ESTBAN file: 201305_ESTBAN.CSV
2026-03-18 13:57:35,487 - INFO - Skipping existing ESTBAN file: 201304_ESTBAN.CSV
2026-03-18 13:57:35,488 - INFO - Skipping existing ESTBAN file: 201303_ESTBAN.CSV
2026-03-18 13:57:35,488 - INFO - Skipping existing ESTBAN file: 201302_ESTBAN.CSV
2026-03-18 13:57:35,488 - INFO - Skipping existing ESTBAN file: 201301_ESTBAN.CSV
2026-03-18 13:57:35,491 - INFO - Skipping existing ESTBAN file: 202509_ESTBAN_AG.CSV
2026-03-18 13:57:35,491 - INFO - Skipping existing ESTBAN file: 202508_ESTBAN_AG.CSV
2026-03-18 13:57:35,491 - INFO - Skipping existing ESTBAN file: 202507_ESTBAN_AG.CSV
2026-03-18 13:57:35,491 - INFO - Skipping existing ESTBAN file: 202506_ESTBAN_AG.CSV
2026-03-18 13:57:35,493 - INFO - Skipping existing ESTBAN file: 202505_ESTBAN_AG.CSV
2026-03-18 13:57:35,495 - INFO - Skipping existing ESTBAN file: 202504_ESTBAN_AG.CSV
2026-03-18 13:57:35,495 - INFO - Skipping existing ESTBAN file: 202503_ESTBAN_AG.CSV
2026-03-18 13:57:35,496 - INFO - Skipping existing ESTBAN file: 202502_ESTBAN_AG.CSV
2026-03-18 13:57:35,496 - INFO - Skipping existing ESTBAN file: 202501_ESTBAN_AG.CSV
2026-03-18 13:57:35,498 - INFO - Skipping existing ESTBAN file: 202412_ESTBAN_AG.CSV
2026-03-18 13:57:35,498 - INFO - Skipping existing ESTBAN file: 202411_ESTBAN_AG.CSV
2026-03-18 13:57:35,499 - INFO - Skipping existing ESTBAN file: 202410_ESTBAN_AG.CSV
2026-03-18 13:57:35,499 - INFO - Skipping existing ESTBAN file: 202409_ESTBAN_AG.CSV
2026-03-18 13:57:35,499 - INFO - Skipping existing ESTBAN file: 202408_ESTBAN_AG.CSV
2026-03-18 13:57:35,499 - INFO - Skipping existing ESTBAN file: 202407_ESTBAN_AG.CSV
2026-03-18 13:57:35,499 - INFO - Skipping existing ESTBAN file: 202406_ESTBAN_AG.CSV
2026-03-18 13:57:35,499 - INFO - Skipping existing ESTBAN file: 202405_ESTBAN_AG.CSV
2026-03-18 13:57:35,499 - INFO - Skipping existing ESTBAN file: 202404_ESTBAN_AG.CSV
2026-03-18 13:57:35,501 - INFO - Skipping existing ESTBAN file: 202403_ESTBAN_AG.CSV
2026-03-18 13:57:35,501 - INFO - Skipping existing ESTBAN file: 202402_ESTBAN_AG.CSV
2026-03-18 13:57:35,501 - INFO - Skipping existing ESTBAN file: 202401_ESTBAN_AG.CSV
2026-03-18 13:57:35,501 - INFO - Skipping existing ESTBAN file: 202312_ESTBAN_AG.CSV
2026-03-18 13:57:35,501 - INFO - Skipping existing ESTBAN file: 202311_ESTBAN_AG.CSV
2026-03-18 13:57:35,502 - INFO - Skipping existing ESTBAN file: 202310_ESTBAN_AG.CSV
2026-03-18 13:57:35,502 - INFO - Skipping existing ESTBAN file: 202309_ESTBAN_AG.CSV
2026-03-18 13:57:35,503 - INFO - Skipping existing ESTBAN file: 202308_ESTBAN_AG.CSV
2026-03-18 13:57:35,504 - INFO - Skipping existing ESTBAN file: 202307_ESTBAN_AG.CSV
2026-03-18 13:57:35,504 - INFO - Skipping existing ESTBAN file: 202306_ESTBAN_AG.CSV
2026-03-18 13:57:35,505 - INFO - Skipping existing ESTBAN file: 202305_ESTBAN_AG.CSV
2026-03-18 13:57:35,506 - INFO - Skipping existing ESTBAN file: 202304_ESTBAN_AG.CSV
2026-03-18 13:57:35,506 - INFO - Skipping existing ESTBAN file: 202303_ESTBAN_AG.CSV
2026-03-18 13:57:35,506 - INFO - Skipping existing ESTBAN file: 202302_ESTBAN_AG.CSV
2026-03-18 13:57:35,506 - INFO - Skipping existing ESTBAN file: 202301_ESTBAN_AG.CSV
2026-03-18 13:57:35,507 - INFO - Skipping existing ESTBAN file: 202212_ESTBAN_AG.CSV
2026-03-18 13:57:35,507 - INFO - Skipping existing ESTBAN file: 202211_ESTBAN_AG.CSV
2026-03-18 13:57:35,507 - INFO - Skipping existing ESTBAN file: 202210_ESTBAN_AG.CSV
2026-03-18 13:57:35,507 - INFO - Skipping existing ESTBAN file: 202209_ESTBAN_AG.CSV
2026-03-18 13:57:35,507 - INFO - Skipping existing ESTBAN file: 202208_ESTBAN_AG.CSV
2026-03-18 13:57:35,508 - INFO - Skipping existing ESTBAN file: 202207_ESTBAN_AG.CSV
2026-03-18 13:57:35,508 - INFO - Skipping existing ESTBAN file: 202206_ESTBAN_AG.CSV
2026-03-18 13:57:35,508 - INFO - Skipping existing ESTBAN file: 202205_ESTBAN_AG.CSV
2026-03-18 13:57:35,508 - INFO - Skipping existing ESTBAN file: 202204_ESTBAN_AG.CSV
2026-03-18 13:57:35,508 - INFO - Skipping existing ESTBAN file: 202203_ESTBAN_AG.CSV
2026-03-18 13:57:35,510 - INFO - Skipping existing ESTBAN file: 202202_ESTBAN_AG.CSV
2026-03-18 13:57:35,510 - INFO - Skipping existing ESTBAN file: 202201_ESTBAN_AG.CSV
2026-03-18 13:57:35,510 - INFO - Skipping existing ESTBAN file: 202112_ESTBAN_AG.CSV
2026-03-18 13:57:35,511 - INFO - Skipping existing ESTBAN file: 202111_ESTBAN_AG.CSV
2026-03-18 13:57:35,511 - INFO - Skipping existing ESTBAN file: 202110_ESTBAN_AG.CSV
2026-03-18 13:57:35,511 - INFO - Skipping existing ESTBAN file: 202109_ESTBAN_AG.CSV
2026-03-18 13:57:35,511 - INFO - Skipping existing ESTBAN file: 202108_ESTBAN_AG.CSV
2026-03-18 13:57:35,513 - INFO - Skipping existing ESTBAN file: 202107_ESTBAN_AG.CSV
2026-03-18 13:57:35,513 - INFO - Skipping existing ESTBAN file: 202106_ESTBAN_AG.CSV
2026-03-18 13:57:35,513 - INFO - Skipping existing ESTBAN file: 202105_ESTBAN_AG.CSV
2026-03-18 13:57:35,515 - INFO - Skipping existing ESTBAN file: 202104_ESTBAN_AG.CSV
2026-03-18 13:57:35,515 - INFO - Skipping existing ESTBAN file: 202103_ESTBAN_AG.CSV
2026-03-18 13:57:35,515 - INFO - Skipping existing ESTBAN file: 202102_ESTBAN_AG.CSV
2026-03-18 13:57:35,515 - INFO - Skipping existing ESTBAN file: 202101_ESTBAN_AG.CSV
2026-03-18 13:57:35,515 - INFO - Skipping existing ESTBAN file: 202012_ESTBAN_AG.CSV
2026-03-18 13:57:35,515 - INFO - Skipping existing ESTBAN file: 202011_ESTBAN_AG.CSV
2026-03-18 13:57:35,516 - INFO - Skipping existing ESTBAN file: 202010_ESTBAN_AG.CSV
2026-03-18 13:57:35,516 - INFO - Skipping existing ESTBAN file: 202009_ESTBAN_AG.CSV
2026-03-18 13:57:35,516 - INFO - Skipping existing ESTBAN file: 202008_ESTBAN_AG.CSV
2026-03-18 13:57:35,516 - INFO - Skipping existing ESTBAN file: 202007_ESTBAN_AG.CSV
2026-03-18 13:57:35,516 - INFO - Skipping existing ESTBAN file: 202006_ESTBAN_AG.CSV
2026-03-18 13:57:35,516 - INFO - Skipping existing ESTBAN file: 202005_ESTBAN_AG.CSV
2026-03-18 13:57:35,518 - INFO - Skipping existing ESTBAN file: 202004_ESTBAN_AG.CSV
2026-03-18 13:57:35,518 - INFO - Skipping existing ESTBAN file: 202003_ESTBAN_AG.CSV
2026-03-18 13:57:35,518 - INFO - Skipping existing ESTBAN file: 202002_ESTBAN_AG.CSV
2026-03-18 13:57:35,518 - INFO - Skipping existing ESTBAN file: 202001_ESTBAN_AG.CSV
2026-03-18 13:57:35,519 - INFO - Skipping existing ESTBAN file: 201912_ESTBAN_AG.CSV
2026-03-18 13:57:35,520 - INFO - Skipping existing ESTBAN file: 201911_ESTBAN_AG.CSV
2026-03-18 13:57:35,522 - INFO - Skipping existing ESTBAN file: 201910_ESTBAN_AG.CSV
2026-03-18 13:57:35,522 - INFO - Skipping existing ESTBAN file: 201909_ESTBAN_AG.CSV
2026-03-18 13:57:35,522 - INFO - Skipping existing ESTBAN file: 201908_ESTBAN_AG.CSV
2026-03-18 13:57:35,522 - INFO - Skipping existing ESTBAN file: 201907_ESTBAN_AG.CSV
2026-03-18 13:57:35,522 - INFO - Skipping existing ESTBAN file: 201906_ESTBAN_AG.CSV
2026-03-18 13:57:35,523 - INFO - Skipping existing ESTBAN file: 201905_ESTBAN_AG.CSV
2026-03-18 13:57:35,523 - INFO - Skipping existing ESTBAN file: 201904_ESTBAN_AG.CSV
2026-03-18 13:57:35,523 - INFO - Skipping existing ESTBAN file: 201903_ESTBAN_AG.CSV
2026-03-18 13:57:35,523 - INFO - Skipping existing ESTBAN file: 201902_ESTBAN_AG.CSV
2026-03-18 13:57:35,523 - INFO - Skipping existing ESTBAN file: 201901_ESTBAN_AG.CSV
2026-03-18 13:57:35,523 - INFO - Skipping existing ESTBAN file: 201812_ESTBAN_AG.CSV
2026-03-18 13:57:35,525 - INFO - Skipping existing ESTBAN file: 201811_ESTBAN_AG.CSV
2026-03-18 13:57:35,525 - INFO - Skipping existing ESTBAN file: 201810_ESTBAN_AG.CSV
2026-03-18 13:57:35,526 - INFO - Skipping existing ESTBAN file: 201809_ESTBAN_AG.CSV
2026-03-18 13:57:35,526 - INFO - Skipping existing ESTBAN file: 201808_ESTBAN_AG.CSV
2026-03-18 13:57:35,526 - INFO - Skipping existing ESTBAN file: 201807_ESTBAN_AG.CSV
2026-03-18 13:57:35,527 - INFO - Skipping existing ESTBAN file: 201806_ESTBAN_AG.CSV
2026-03-18 13:57:35,527 - INFO - Skipping existing ESTBAN file: 201805_ESTBAN_AG.CSV
2026-03-18 13:57:35,527 - INFO - Skipping existing ESTBAN file: 201804_ESTBAN_AG.CSV
2026-03-18 13:57:35,529 - INFO - Skipping existing ESTBAN file: 201803_ESTBAN_AG.CSV
2026-03-18 13:57:35,529 - INFO - Skipping existing ESTBAN file: 201802_ESTBAN_AG.CSV
2026-03-18 13:57:35,529 - INFO - Skipping existing ESTBAN file: 201801_ESTBAN_AG.CSV
2026-03-18 13:57:35,529 - INFO - Skipping existing ESTBAN file: 201712_ESTBAN_AG.CSV
2026-03-18 13:57:35,529 - INFO - Skipping existing ESTBAN file: 201711_ESTBAN_AG.CSV
2026-03-18 13:57:35,530 - INFO - Skipping existing ESTBAN file: 201710_ESTBAN_AG.CSV
2026-03-18 13:57:35,530 - INFO - Skipping existing ESTBAN file: 201709_ESTBAN_AG.CSV
2026-03-18 13:57:35,530 - INFO - Skipping existing ESTBAN file: 201708_ESTBAN_AG.CSV
2026-03-18 13:57:35,530 - INFO - Skipping existing ESTBAN file: 201707_ESTBAN_AG.CSV
2026-03-18 13:57:35,532 - INFO - Skipping existing ESTBAN file: 201706_ESTBAN_AG.CSV
2026-03-18 13:57:35,532 - INFO - Skipping existing ESTBAN file: 201705_ESTBAN_AG.CSV
2026-03-18 13:57:35,532 - INFO - Skipping existing ESTBAN file: 201704_ESTBAN_AG.CSV
2026-03-18 13:57:35,532 - INFO - Skipping existing ESTBAN file: 201703_ESTBAN_AG.CSV
2026-03-18 13:57:35,532 - INFO - Skipping existing ESTBAN file: 201702_ESTBAN_AG.CSV
2026-03-18 13:57:35,533 - INFO - Skipping existing ESTBAN file: 201701_ESTBAN_AG.CSV
2026-03-18 13:57:35,533 - INFO - Skipping existing ESTBAN file: 201612_ESTBAN_AG.CSV
2026-03-18 13:57:35,533 - INFO - Skipping existing ESTBAN file: 201611_ESTBAN_AG.CSV
2026-03-18 13:57:35,533 - INFO - Skipping existing ESTBAN file: 201610_ESTBAN_AG.CSV
2026-03-18 13:57:35,533 - INFO - Skipping existing ESTBAN file: 201609_ESTBAN_AG.CSV
2026-03-18 13:57:35,533 - INFO - Skipping existing ESTBAN file: 201608_ESTBAN_AG.CSV
2026-03-18 13:57:35,533 - INFO - Skipping existing ESTBAN file: 201607_ESTBAN_AG.CSV
2026-03-18 13:57:35,535 - INFO - Skipping existing ESTBAN file: 201606_ESTBAN_AG.CSV
2026-03-18 13:57:35,535 - INFO - Skipping existing ESTBAN file: 201605_ESTBAN_AG.CSV
2026-03-18 13:57:35,536 - INFO - Skipping existing ESTBAN file: 201604_ESTBAN_AG.CSV
2026-03-18 13:57:35,537 - INFO - Skipping existing ESTBAN file: 201603_ESTBAN_AG.CSV
2026-03-18 13:57:35,537 - INFO - Skipping existing ESTBAN file: 201602_ESTBAN_AG.CSV
2026-03-18 13:57:35,538 - INFO - Skipping existing ESTBAN file: 201601_ESTBAN_AG.CSV
2026-03-18 13:57:35,538 - INFO - Skipping existing ESTBAN file: 201512_ESTBAN_AG.CSV
2026-03-18 13:57:35,539 - INFO - Skipping existing ESTBAN file: 201511_ESTBAN_AG.CSV
2026-03-18 13:57:35,541 - INFO - Skipping existing ESTBAN file: 201510_ESTBAN_AG.CSV
2026-03-18 13:57:35,541 - INFO - Skipping existing ESTBAN file: 201509_ESTBAN_AG.CSV
2026-03-18 13:57:35,542 - INFO - Skipping existing ESTBAN file: 201508_ESTBAN_AG.CSV
2026-03-18 13:57:35,543 - INFO - Skipping existing ESTBAN file: 201507_ESTBAN_AG.CSV
2026-03-18 13:57:35,544 - INFO - Skipping existing ESTBAN file: 201506_ESTBAN_AG.CSV
2026-03-18 13:57:35,544 - INFO - Skipping existing ESTBAN file: 201505_ESTBAN_AG.CSV
2026-03-18 13:57:35,544 - INFO - Skipping existing ESTBAN file: 201504_ESTBAN_AG.CSV
2026-03-18 13:57:35,546 - INFO - Skipping existing ESTBAN file: 201503_ESTBAN_AG.CSV
2026-03-18 13:57:35,548 - INFO - Skipping existing ESTBAN file: 201502_ESTBAN_AG.CSV
2026-03-18 13:57:35,548 - INFO - Skipping existing ESTBAN file: 201501_ESTBAN_AG.CSV
2026-03-18 13:57:35,548 - INFO - Skipping existing ESTBAN file: 201412_ESTBAN_AG.CSV
2026-03-18 13:57:35,549 - INFO - Skipping existing ESTBAN file: 201411_ESTBAN_AG.CSV
2026-03-18 13:57:35,550 - INFO - Skipping existing ESTBAN file: 201410_ESTBAN_AG.CSV
2026-03-18 13:57:35,551 - INFO - Skipping existing ESTBAN file: 201409_ESTBAN_AG.CSV
2026-03-18 13:57:35,551 - INFO - Skipping existing ESTBAN file: 201408_ESTBAN_AG.CSV
2026-03-18 13:57:35,553 - INFO - Skipping existing ESTBAN file: 201407_ESTBAN_AG.CSV
2026-03-18 13:57:35,554 - INFO - Skipping existing ESTBAN file: 201406_ESTBAN_AG.CSV
2026-03-18 13:57:35,554 - INFO - Skipping existing ESTBAN file: 201405_ESTBAN_AG.CSV
2026-03-18 13:57:35,555 - INFO - Skipping existing ESTBAN file: 201404_ESTBAN_AG.CSV
2026-03-18 13:57:35,555 - INFO - Skipping existing ESTBAN file: 201403_ESTBAN_AG.CSV
2026-03-18 13:57:35,555 - INFO - Skipping existing ESTBAN file: 201402_ESTBAN_AG.CSV
2026-03-18 13:57:35,555 - INFO - Skipping existing ESTBAN file: 201401_ESTBAN_AG.CSV
2026-03-18 13:57:35,557 - INFO - Skipping existing ESTBAN file: 201312_ESTBAN_AG.CSV
2026-03-18 13:57:35,557 - INFO - Skipping existing ESTBAN file: 201311_ESTBAN_AG.CSV
2026-03-18 13:57:35,557 - INFO - Skipping existing ESTBAN file: 201310_ESTBAN_AG.CSV
2026-03-18 13:57:35,558 - INFO - Skipping existing ESTBAN file: 201309_ESTBAN_AG.CSV
2026-03-18 13:57:35,559 - INFO - Skipping existing ESTBAN file: 201308_ESTBAN_AG.CSV
2026-03-18 13:57:35,559 - INFO - Skipping existing ESTBAN file: 201307_ESTBAN_AG.CSV
2026-03-18 13:57:35,559 - INFO - Skipping existing ESTBAN file: 201306_ESTBAN_AG.CSV
2026-03-18 13:57:35,560 - INFO - Skipping existing ESTBAN file: 201305_ESTBAN_AG.CSV
2026-03-18 13:57:35,560 - INFO - Skipping existing ESTBAN file: 201304_ESTBAN_AG.CSV
2026-03-18 13:57:35,560 - INFO - Skipping existing ESTBAN file: 201303_ESTBAN_AG.CSV
2026-03-18 13:57:35,563 - INFO - Skipping existing ESTBAN file: 201302_ESTBAN_AG.CSV
2026-03-18 13:57:35,563 - INFO - Skipping existing ESTBAN file: 201301_ESTBAN_AG.CSV
2026-03-18 14:13:53,354 - INFO - File already exists, skipping: C:\Users\pedro\OneDrive\Documentos\Yale\Year 3 (2024 - 2025)\Open Finance\Open-Finance\BCB\IF Data\List\IF_DATA_List_2016_3.csv
2026-03-18 14:13:53,365 - INFO - File already exists, skipping: C:\Users\pedro\OneDrive\Documentos\Yale\Year 3 (2024 - 2025)\Open Finance\Open-Finance\BCB\IF Data\List\IF_DATA_List_2016_6.csv
2026-03-18 14:13:53,365 - INFO - File already exists, skipping: C:\Users\pedro\OneDrive\Documentos\Yale\Year 3 (2024 - 2025)\Open Finance\Open-Finance\BCB\IF Data\List\IF_DATA_List_2016_9.csv
2026-03-18 14:13:53,367 - INFO - File already exists, skipping: C:\Users\pedro\OneDrive\Documentos\Yale\Year 3 (2024 - 2025)\Open Finance\Open-Finance\BCB\IF Data\List\IF_DATA_List_2016_12.csv
2026-03-18 14:13:53,370 - INFO - File already exists, skipping: C:\Users\pedro\OneDrive\Documentos\Yale\Year 3 (2024 - 2025)\Open Finance\Open-Finance\BCB\IF Data\Prudential Conglomerates\IF_DATA_Values_2016_3.csv
2026-03-18 14:13:53,370 - INFO - File already exists, skipping: C:\Users\pedro\OneDrive\Documentos\Yale\Year 3 (2024 - 2025)\Open Finance\Open-Finance\BCB\IF Data\Individual Institutions\IF_DATA_Values_2016_3.csv
2026-03-18 14:13:53,370 - INFO - File already exists, skipping: C:\Users\pedro\OneDrive\Documentos\Yale\Year 3 (2024 - 2025)\Open Finance\Open-Finance\BCB\IF Data\Financial Conglomerates\IF_DATA_Values_2016_3.csv
2026-03-18 14:13:53,378 - INFO - File already exists, skipping: C:\Users\pedro\OneDrive\Documentos\Yale\Year 3 (2024 - 2025)\Open Finance\Open-Finance\BCB\IF Data\Prudential Conglomerates\IF_DATA_Values_2016_6.csv
2026-03-18 14:13:53,378 - INFO - File already exists, skipping: C:\Users\pedro\OneDrive\Documentos\Yale\Year 3 (2024 - 2025)\Open Finance\Open-Finance\BCB\IF Data\Financial Conglomerates\IF_DATA_Values_2016_6.csv
2026-03-18 14:13:53,379 - INFO - File already exists, skipping: C:\Users\pedro\OneDrive\Documentos\Yale\Year 3 (2024 - 2025)\Open Finance\Open-Finance\BCB\IF Data\Individual Institutions\IF_DATA_Values_2016_6.csv
2026-03-18 14:13:53,383 - INFO - File already exists, skipping: C:\Users\pedro\OneDrive\Documentos\Yale\Year 3 (2024 - 2025)\Open Finance\Open-Finance\BCB\IF Data\Prudential Conglomerates\IF_DATA_Values_2016_9.csv
2026-03-18 14:13:53,385 - INFO - File already exists, skipping: C:\Users\pedro\OneDrive\Documentos\Yale\Year 3 (2024 - 2025)\Open Finance\Open-Finance\BCB\IF Data\Individual Institutions\IF_DATA_Values_2016_9.csv
2026-03-18 14:13:53,385 - INFO - File already exists, skipping: C:\Users\pedro\OneDrive\Documentos\Yale\Year 3 (2024 - 2025)\Open Finance\Open-Finance\BCB\IF Data\Financial Conglomerates\IF_DATA_Values_2016_9.csv
2026-03-18 14:13:53,389 - INFO - File already exists, skipping: C:\Users\pedro\OneDrive\Documentos\Yale\Year 3 (2024 - 2025)\Open Finance\Open-Finance\BCB\IF Data\Prudential Conglomerates\IF_DATA_Values_2016_12.csv
2026-03-18 14:13:53,391 - INFO - File already exists, skipping: C:\Users\pedro\OneDrive\Documentos\Yale\Year 3 (2024 - 2025)\Open Finance\Open-Finance\BCB\IF Data\Individual Institutions\IF_DATA_Values_2016_12.csv
2026-03-18 14:13:53,391 - INFO - File already exists, skipping: C:\Users\pedro\OneDrive\Documentos\Yale\Year 3 (2024 - 2025)\Open Finance\Open-Finance\BCB\IF Data\Financial Conglomerates\IF_DATA_Values_2016_12.csv
2026-03-18 14:13:53,394 - INFO - File already exists, skipping: C:\Users\pedro\OneDrive\Documentos\Yale\Year 3 (2024 - 2025)\Open Finance\Open-Finance\BCB\IF Data\List\IF_DATA_List_2017_3.csv
2026-03-18 14:13:53,395 - INFO - File already exists, skipping: C:\Users\pedro\OneDrive\Documentos\Yale\Year 3 (2024 - 2025)\Open Finance\Open-Finance\BCB\IF Data\List\IF_DATA_List_2017_6.csv
2026-03-18 14:13:53,396 - INFO - File already exists, skipping: C:\Users\pedro\OneDrive\Documentos\Yale\Year 3 (2024 - 2025)\Open Finance\Open-Finance\BCB\IF Data\List\IF_DATA_List_2017_9.csv
2026-03-18 14:13:53,397 - INFO - File already exists, skipping: C:\Users\pedro\OneDrive\Documentos\Yale\Year 3 (2024 - 2025)\Open Finance\Open-Finance\BCB\IF Data\List\IF_DATA_List_2017_12.csv
2026-03-18 14:13:53,400 - INFO - File already exists, skipping: C:\Users\pedro\OneDrive\Documentos\Yale\Year 3 (2024 - 2025)\Open Finance\Open-Finance\BCB\IF Data\Prudential Conglomerates\IF_DATA_Values_2017_3.csv
2026-03-18 14:13:53,402 - INFO - File already exists, skipping: C:\Users\pedro\OneDrive\Documentos\Yale\Year 3 (2024 - 2025)\Open Finance\Open-Finance\BCB\IF Data\Individual Institutions\IF_DATA_Values_2017_3.csv
2026-03-18 14:13:53,403 - INFO - File already exists, skipping: C:\Users\pedro\OneDrive\Documentos\Yale\Year 3 (2024 - 2025)\Open Finance\Open-Finance\BCB\IF Data\Financial Conglomerates\IF_DATA_Values_2017_3.csv
2026-03-18 14:13:53,407 - INFO - File already exists, skipping: C:\Users\pedro\OneDrive\Documentos\Yale\Year 3 (2024 - 2025)\Open Finance\Open-Finance\BCB\IF Data\Prudential Conglomerates\IF_DATA_Values_2017_6.csv
2026-03-18 14:13:53,408 - INFO - File already exists, skipping: C:\Users\pedro\OneDrive\Documentos\Yale\Year 3 (2024 - 2025)\Open Finance\Open-Finance\BCB\IF Data\Individual Institutions\IF_DATA_Values_2017_6.csv
2026-03-18 14:13:53,410 - INFO - File already exists, skipping: C:\Users\pedro\OneDrive\Documentos\Yale\Year 3 (2024 - 2025)\Open Finance\Open-Finance\BCB\IF Data\Financial Conglomerates\IF_DATA_Values_2017_6.csv
2026-03-18 14:13:53,413 - INFO - File already exists, skipping: C:\Users\pedro\OneDrive\Documentos\Yale\Year 3 (2024 - 2025)\Open Finance\Open-Finance\BCB\IF Data\Prudential Conglomerates\IF_DATA_Values_2017_9.csv
2026-03-18 14:13:53,415 - INFO - File already exists, skipping: C:\Users\pedro\OneDrive\Documentos\Yale\Year 3 (2024 - 2025)\Open Finance\Open-Finance\BCB\IF Data\Individual Institutions\IF_DATA_Values_2017_9.csv
2026-03-18 14:13:53,417 - INFO - File already exists, skipping: C:\Users\pedro\OneDrive\Documentos\Yale\Year 3 (2024 - 2025)\Open Finance\Open-Finance\BCB\IF Data\Financial Conglomerates\IF_DATA_Values_2017_9.csv
2026-03-18 14:13:53,421 - INFO - File already exists, skipping: C:\Users\pedro\OneDrive\Documentos\Yale\Year 3 (2024 - 2025)\Open Finance\Open-Finance\BCB\IF Data\Prudential Conglomerates\IF_DATA_Values_2017_12.csv
2026-03-18 14:13:53,423 - INFO - File already exists, skipping: C:\Users\pedro\OneDrive\Documentos\Yale\Year 3 (2024 - 2025)\Open Finance\Open-Finance\BCB\IF Data\Individual Institutions\IF_DATA_Values_2017_12.csv
2026-03-18 14:13:53,425 - INFO - File already exists, skipping: C:\Users\pedro\OneDrive\Documentos\Yale\Year 3 (2024 - 2025)\Open Finance\Open-Finance\BCB\IF Data\Financial Conglomerates\IF_DATA_Values_2017_12.csv
2026-03-18 14:13:53,428 - INFO - File already exists, skipping: C:\Users\pedro\OneDrive\Documentos\Yale\Year 3 (2024 - 2025)\Open Finance\Open-Finance\BCB\IF Data\List\IF_DATA_List_2018_3.csv
2026-03-18 14:13:53,431 - INFO - File already exists, skipping: C:\Users\pedro\OneDrive\Documentos\Yale\Year 3 (2024 - 2025)\Open Finance\Open-Finance\BCB\IF Data\List\IF_DATA_List_2018_6.csv
2026-03-18 14:13:53,433 - INFO - File already exists, skipping: C:\Users\pedro\OneDrive\Documentos\Yale\Year 3 (2024 - 2025)\Open Finance\Open-Finance\BCB\IF Data\List\IF_DATA_List_2018_9.csv
2026-03-18 14:13:53,435 - INFO - File already exists, skipping: C:\Users\pedro\OneDrive\Documentos\Yale\Year 3 (2024 - 2025)\Open Finance\Open-Finance\BCB\IF Data\List\IF_DATA_List_2018_12.csv
2026-03-18 14:13:53,441 - INFO - File already exists, skipping: C:\Users\pedro\OneDrive\Documentos\Yale\Year 3 (2024 - 2025)\Open Finance\Open-Finance\BCB\IF Data\Prudential Conglomerates\IF_DATA_Values_2018_3.csv
2026-03-18 14:13:53,444 - INFO - File already exists, skipping: C:\Users\pedro\OneDrive\Documentos\Yale\Year 3 (2024 - 2025)\Open Finance\Open-Finance\BCB\IF Data\Financial Conglomerates\IF_DATA_Values_2018_3.csv
2026-03-18 14:13:53,445 - INFO - File already exists, skipping: C:\Users\pedro\OneDrive\Documentos\Yale\Year 3 (2024 - 2025)\Open Finance\Open-Finance\BCB\IF Data\Individual Institutions\IF_DATA_Values_2018_3.csv
2026-03-18 14:13:53,451 - INFO - File already exists, skipping: C:\Users\pedro\OneDrive\Documentos\Yale\Year 3 (2024 - 2025)\Open Finance\Open-Finance\BCB\IF Data\Prudential Conglomerates\IF_DATA_Values_2018_6.csv
2026-03-18 14:13:53,453 - INFO - File already exists, skipping: C:\Users\pedro\OneDrive\Documentos\Yale\Year 3 (2024 - 2025)\Open Finance\Open-Finance\BCB\IF Data\Individual Institutions\IF_DATA_Values_2018_6.csv
2026-03-18 14:13:53,454 - INFO - File already exists, skipping: C:\Users\pedro\OneDrive\Documentos\Yale\Year 3 (2024 - 2025)\Open Finance\Open-Finance\BCB\IF Data\Financial Conglomerates\IF_DATA_Values_2018_6.csv
2026-03-18 14:13:53,460 - INFO - File already exists, skipping: C:\Users\pedro\OneDrive\Documentos\Yale\Year 3 (2024 - 2025)\Open Finance\Open-Finance\BCB\IF Data\Prudential Conglomerates\IF_DATA_Values_2018_9.csv
2026-03-18 14:13:53,463 - INFO - File already exists, skipping: C:\Users\pedro\OneDrive\Documentos\Yale\Year 3 (2024 - 2025)\Open Finance\Open-Finance\BCB\IF Data\Individual Institutions\IF_DATA_Values_2018_9.csv
2026-03-18 14:13:53,463 - INFO - File already exists, skipping: C:\Users\pedro\OneDrive\Documentos\Yale\Year 3 (2024 - 2025)\Open Finance\Open-Finance\BCB\IF Data\Financial Conglomerates\IF_DATA_Values_2018_9.csv
2026-03-18 14:13:53,470 - INFO - File already exists, skipping: C:\Users\pedro\OneDrive\Documentos\Yale\Year 3 (2024 - 2025)\Open Finance\Open-Finance\BCB\IF Data\Prudential Conglomerates\IF_DATA_Values_2018_12.csv
2026-03-18 14:13:53,472 - INFO - File already exists, skipping: C:\Users\pedro\OneDrive\Documentos\Yale\Year 3 (2024 - 2025)\Open Finance\Open-Finance\BCB\IF Data\Individual Institutions\IF_DATA_Values_2018_12.csv
2026-03-18 14:13:53,473 - INFO - File already exists, skipping: C:\Users\pedro\OneDrive\Documentos\Yale\Year 3 (2024 - 2025)\Open Finance\Open-Finance\BCB\IF Data\Financial Conglomerates\IF_DATA_Values_2018_12.csv
2026-03-18 14:13:53,476 - INFO - File already exists, skipping: C:\Users\pedro\OneDrive\Documentos\Yale\Year 3 (2024 - 2025)\Open Finance\Open-Finance\BCB\IF Data\List\IF_DATA_List_2019_3.csv
2026-03-18 14:13:53,478 - INFO - File already exists, skipping: C:\Users\pedro\OneDrive\Documentos\Yale\Year 3 (2024 - 2025)\Open Finance\Open-Finance\BCB\IF Data\List\IF_DATA_List_2019_6.csv
2026-03-18 14:13:53,481 - INFO - File already exists, skipping: C:\Users\pedro\OneDrive\Documentos\Yale\Year 3 (2024 - 2025)\Open Finance\Open-Finance\BCB\IF Data\List\IF_DATA_List_2019_9.csv
2026-03-18 14:13:53,483 - INFO - File already exists, skipping: C:\Users\pedro\OneDrive\Documentos\Yale\Year 3 (2024 - 2025)\Open Finance\Open-Finance\BCB\IF Data\List\IF_DATA_List_2019_12.csv
2026-03-18 14:13:53,485 - INFO - File already exists, skipping: C:\Users\pedro\OneDrive\Documentos\Yale\Year 3 (2024 - 2025)\Open Finance\Open-Finance\BCB\IF Data\Prudential Conglomerates\IF_DATA_Values_2019_3.csv
2026-03-18 14:13:53,487 - INFO - File already exists, skipping: C:\Users\pedro\OneDrive\Documentos\Yale\Year 3 (2024 - 2025)\Open Finance\Open-Finance\BCB\IF Data\Individual Institutions\IF_DATA_Values_2019_3.csv
2026-03-18 14:13:53,488 - INFO - File already exists, skipping: C:\Users\pedro\OneDrive\Documentos\Yale\Year 3 (2024 - 2025)\Open Finance\Open-Finance\BCB\IF Data\Financial Conglomerates\IF_DATA_Values_2019_3.csv
2026-03-18 14:13:53,493 - INFO - File already exists, skipping: C:\Users\pedro\OneDrive\Documentos\Yale\Year 3 (2024 - 2025)\Open Finance\Open-Finance\BCB\IF Data\Prudential Conglomerates\IF_DATA_Values_2019_6.csv
2026-03-18 14:13:53,495 - INFO - File already exists, skipping: C:\Users\pedro\OneDrive\Documentos\Yale\Year 3 (2024 - 2025)\Open Finance\Open-Finance\BCB\IF Data\Financial Conglomerates\IF_DATA_Values_2019_6.csv
2026-03-18 14:13:53,496 - INFO - File already exists, skipping: C:\Users\pedro\OneDrive\Documentos\Yale\Year 3 (2024 - 2025)\Open Finance\Open-Finance\BCB\IF Data\Individual Institutions\IF_DATA_Values_2019_6.csv
2026-03-18 14:13:53,502 - INFO - File already exists, skipping: C:\Users\pedro\OneDrive\Documentos\Yale\Year 3 (2024 - 2025)\Open Finance\Open-Finance\BCB\IF Data\Prudential Conglomerates\IF_DATA_Values_2019_9.csv
2026-03-18 14:13:53,504 - INFO - File already exists, skipping: C:\Users\pedro\OneDrive\Documentos\Yale\Year 3 (2024 - 2025)\Open Finance\Open-Finance\BCB\IF Data\Individual Institutions\IF_DATA_Values_2019_9.csv
2026-03-18 14:13:53,504 - INFO - File already exists, skipping: C:\Users\pedro\OneDrive\Documentos\Yale\Year 3 (2024 - 2025)\Open Finance\Open-Finance\BCB\IF Data\Financial Conglomerates\IF_DATA_Values_2019_9.csv
2026-03-18 14:13:53,510 - INFO - File already exists, skipping: C:\Users\pedro\OneDrive\Documentos\Yale\Year 3 (2024 - 2025)\Open Finance\Open-Finance\BCB\IF Data\Prudential Conglomerates\IF_DATA_Values_2019_12.csv
2026-03-18 14:13:53,511 - INFO - File already exists, skipping: C:\Users\pedro\OneDrive\Documentos\Yale\Year 3 (2024 - 2025)\Open Finance\Open-Finance\BCB\IF Data\Financial Conglomerates\IF_DATA_Values_2019_12.csv
2026-03-18 14:13:53,511 - INFO - File already exists, skipping: C:\Users\pedro\OneDrive\Documentos\Yale\Year 3 (2024 - 2025)\Open Finance\Open-Finance\BCB\IF Data\Individual Institutions\IF_DATA_Values_2019_12.csv
2026-03-18 14:13:53,517 - INFO - File already exists, skipping: C:\Users\pedro\OneDrive\Documentos\Yale\Year 3 (2024 - 2025)\Open Finance\Open-Finance\BCB\IF Data\List\IF_DATA_List_2020_3.csv
2026-03-18 14:13:53,519 - INFO - File already exists, skipping: C:\Users\pedro\OneDrive\Documentos\Yale\Year 3 (2024 - 2025)\Open Finance\Open-Finance\BCB\IF Data\List\IF_DATA_List_2020_6.csv
2026-03-18 14:13:53,521 - INFO - File already exists, skipping: C:\Users\pedro\OneDrive\Documentos\Yale\Year 3 (2024 - 2025)\Open Finance\Open-Finance\BCB\IF Data\List\IF_DATA_List_2020_9.csv
2026-03-18 14:13:53,524 - INFO - File already exists, skipping: C:\Users\pedro\OneDrive\Documentos\Yale\Year 3 (2024 - 2025)\Open Finance\Open-Finance\BCB\IF Data\List\IF_DATA_List_2020_12.csv
2026-03-18 14:13:53,528 - INFO - File already exists, skipping: C:\Users\pedro\OneDrive\Documentos\Yale\Year 3 (2024 - 2025)\Open Finance\Open-Finance\BCB\IF Data\Prudential Conglomerates\IF_DATA_Values_2020_3.csv
2026-03-18 14:13:53,530 - INFO - File already exists, skipping: C:\Users\pedro\OneDrive\Documentos\Yale\Year 3 (2024 - 2025)\Open Finance\Open-Finance\BCB\IF Data\Individual Institutions\IF_DATA_Values_2020_3.csv
2026-03-18 14:13:53,531 - INFO - File already exists, skipping: C:\Users\pedro\OneDrive\Documentos\Yale\Year 3 (2024 - 2025)\Open Finance\Open-Finance\BCB\IF Data\Financial Conglomerates\IF_DATA_Values_2020_3.csv
2026-03-18 14:13:53,536 - INFO - File already exists, skipping: C:\Users\pedro\OneDrive\Documentos\Yale\Year 3 (2024 - 2025)\Open Finance\Open-Finance\BCB\IF Data\Prudential Conglomerates\IF_DATA_Values_2020_6.csv
2026-03-18 14:13:53,538 - INFO - File already exists, skipping: C:\Users\pedro\OneDrive\Documentos\Yale\Year 3 (2024 - 2025)\Open Finance\Open-Finance\BCB\IF Data\Individual Institutions\IF_DATA_Values_2020_6.csv
2026-03-18 14:13:53,538 - INFO - File already exists, skipping: C:\Users\pedro\OneDrive\Documentos\Yale\Year 3 (2024 - 2025)\Open Finance\Open-Finance\BCB\IF Data\Financial Conglomerates\IF_DATA_Values_2020_6.csv
2026-03-18 14:13:53,545 - INFO - File already exists, skipping: C:\Users\pedro\OneDrive\Documentos\Yale\Year 3 (2024 - 2025)\Open Finance\Open-Finance\BCB\IF Data\Prudential Conglomerates\IF_DATA_Values_2020_9.csv
2026-03-18 14:13:53,546 - INFO - File already exists, skipping: C:\Users\pedro\OneDrive\Documentos\Yale\Year 3 (2024 - 2025)\Open Finance\Open-Finance\BCB\IF Data\Individual Institutions\IF_DATA_Values_2020_9.csv
2026-03-18 14:13:53,546 - INFO - File already exists, skipping: C:\Users\pedro\OneDrive\Documentos\Yale\Year 3 (2024 - 2025)\Open Finance\Open-Finance\BCB\IF Data\Financial Conglomerates\IF_DATA_Values_2020_9.csv
2026-03-18 14:13:53,553 - INFO - File already exists, skipping: C:\Users\pedro\OneDrive\Documentos\Yale\Year 3 (2024 - 2025)\Open Finance\Open-Finance\BCB\IF Data\Prudential Conglomerates\IF_DATA_Values_2020_12.csv
2026-03-18 14:13:53,555 - INFO - File already exists, skipping: C:\Users\pedro\OneDrive\Documentos\Yale\Year 3 (2024 - 2025)\Open Finance\Open-Finance\BCB\IF Data\Individual Institutions\IF_DATA_Values_2020_12.csv
2026-03-18 14:13:53,556 - INFO - File already exists, skipping: C:\Users\pedro\OneDrive\Documentos\Yale\Year 3 (2024 - 2025)\Open Finance\Open-Finance\BCB\IF Data\Financial Conglomerates\IF_DATA_Values_2020_12.csv
2026-03-18 14:13:53,560 - INFO - File already exists, skipping: C:\Users\pedro\OneDrive\Documentos\Yale\Year 3 (2024 - 2025)\Open Finance\Open-Finance\BCB\IF Data\List\IF_DATA_List_2021_3.csv
2026-03-18 14:13:53,562 - INFO - File already exists, skipping: C:\Users\pedro\OneDrive\Documentos\Yale\Year 3 (2024 - 2025)\Open Finance\Open-Finance\BCB\IF Data\List\IF_DATA_List_2021_6.csv
2026-03-18 14:13:53,564 - INFO - File already exists, skipping: C:\Users\pedro\OneDrive\Documentos\Yale\Year 3 (2024 - 2025)\Open Finance\Open-Finance\BCB\IF Data\List\IF_DATA_List_2021_9.csv
2026-03-18 14:13:53,565 - INFO - File already exists, skipping: C:\Users\pedro\OneDrive\Documentos\Yale\Year 3 (2024 - 2025)\Open Finance\Open-Finance\BCB\IF Data\List\IF_DATA_List_2021_12.csv
2026-03-18 14:13:53,569 - INFO - File already exists, skipping: C:\Users\pedro\OneDrive\Documentos\Yale\Year 3 (2024 - 2025)\Open Finance\Open-Finance\BCB\IF Data\Prudential Conglomerates\IF_DATA_Values_2021_3.csv
2026-03-18 14:13:53,571 - INFO - File already exists, skipping: C:\Users\pedro\OneDrive\Documentos\Yale\Year 3 (2024 - 2025)\Open Finance\Open-Finance\BCB\IF Data\Individual Institutions\IF_DATA_Values_2021_3.csv
2026-03-18 14:13:53,571 - INFO - File already exists, skipping: C:\Users\pedro\OneDrive\Documentos\Yale\Year 3 (2024 - 2025)\Open Finance\Open-Finance\BCB\IF Data\Financial Conglomerates\IF_DATA_Values_2021_3.csv
2026-03-18 14:13:53,575 - INFO - File already exists, skipping: C:\Users\pedro\OneDrive\Documentos\Yale\Year 3 (2024 - 2025)\Open Finance\Open-Finance\BCB\IF Data\Prudential Conglomerates\IF_DATA_Values_2021_6.csv
2026-03-18 14:13:53,576 - INFO - File already exists, skipping: C:\Users\pedro\OneDrive\Documentos\Yale\Year 3 (2024 - 2025)\Open Finance\Open-Finance\BCB\IF Data\Individual Institutions\IF_DATA_Values_2021_6.csv
2026-03-18 14:13:53,576 - INFO - File already exists, skipping: C:\Users\pedro\OneDrive\Documentos\Yale\Year 3 (2024 - 2025)\Open Finance\Open-Finance\BCB\IF Data\Financial Conglomerates\IF_DATA_Values_2021_6.csv
2026-03-18 14:13:53,578 - INFO - File already exists, skipping: C:\Users\pedro\OneDrive\Documentos\Yale\Year 3 (2024 - 2025)\Open Finance\Open-Finance\BCB\IF Data\Prudential Conglomerates\IF_DATA_Values_2021_9.csv
2026-03-18 14:13:53,578 - INFO - File already exists, skipping: C:\Users\pedro\OneDrive\Documentos\Yale\Year 3 (2024 - 2025)\Open Finance\Open-Finance\BCB\IF Data\Financial Conglomerates\IF_DATA_Values_2021_9.csv
2026-03-18 14:13:53,578 - INFO - File already exists, skipping: C:\Users\pedro\OneDrive\Documentos\Yale\Year 3 (2024 - 2025)\Open Finance\Open-Finance\BCB\IF Data\Individual Institutions\IF_DATA_Values_2021_9.csv
2026-03-18 14:13:53,580 - INFO - File already exists, skipping: C:\Users\pedro\OneDrive\Documentos\Yale\Year 3 (2024 - 2025)\Open Finance\Open-Finance\BCB\IF Data\Prudential Conglomerates\IF_DATA_Values_2021_12.csv
2026-03-18 14:13:53,581 - INFO - File already exists, skipping: C:\Users\pedro\OneDrive\Documentos\Yale\Year 3 (2024 - 2025)\Open Finance\Open-Finance\BCB\IF Data\Individual Institutions\IF_DATA_Values_2021_12.csv
2026-03-18 14:13:53,581 - INFO - File already exists, skipping: C:\Users\pedro\OneDrive\Documentos\Yale\Year 3 (2024 - 2025)\Open Finance\Open-Finance\BCB\IF Data\Financial Conglomerates\IF_DATA_Values_2021_12.csv
2026-03-18 14:13:53,583 - INFO - File already exists, skipping: C:\Users\pedro\OneDrive\Documentos\Yale\Year 3 (2024 - 2025)\Open Finance\Open-Finance\BCB\IF Data\List\IF_DATA_List_2022_3.csv
2026-03-18 14:13:53,584 - INFO - File already exists, skipping: C:\Users\pedro\OneDrive\Documentos\Yale\Year 3 (2024 - 2025)\Open Finance\Open-Finance\BCB\IF Data\List\IF_DATA_List_2022_6.csv
2026-03-18 14:13:53,585 - INFO - File already exists, skipping: C:\Users\pedro\OneDrive\Documentos\Yale\Year 3 (2024 - 2025)\Open Finance\Open-Finance\BCB\IF Data\List\IF_DATA_List_2022_9.csv
2026-03-18 14:13:53,586 - INFO - File already exists, skipping: C:\Users\pedro\OneDrive\Documentos\Yale\Year 3 (2024 - 2025)\Open Finance\Open-Finance\BCB\IF Data\List\IF_DATA_List_2022_12.csv
2026-03-18 14:13:53,587 - INFO - File already exists, skipping: C:\Users\pedro\OneDrive\Documentos\Yale\Year 3 (2024 - 2025)\Open Finance\Open-Finance\BCB\IF Data\Prudential Conglomerates\IF_DATA_Values_2022_3.csv
2026-03-18 14:13:53,588 - INFO - File already exists, skipping: C:\Users\pedro\OneDrive\Documentos\Yale\Year 3 (2024 - 2025)\Open Finance\Open-Finance\BCB\IF Data\Individual Institutions\IF_DATA_Values_2022_3.csv
2026-03-18 14:13:53,589 - INFO - File already exists, skipping: C:\Users\pedro\OneDrive\Documentos\Yale\Year 3 (2024 - 2025)\Open Finance\Open-Finance\BCB\IF Data\Financial Conglomerates\IF_DATA_Values_2022_3.csv
2026-03-18 14:13:53,590 - INFO - File already exists, skipping: C:\Users\pedro\OneDrive\Documentos\Yale\Year 3 (2024 - 2025)\Open Finance\Open-Finance\BCB\IF Data\Prudential Conglomerates\IF_DATA_Values_2022_6.csv
2026-03-18 14:13:53,591 - INFO - File already exists, skipping: C:\Users\pedro\OneDrive\Documentos\Yale\Year 3 (2024 - 2025)\Open Finance\Open-Finance\BCB\IF Data\Individual Institutions\IF_DATA_Values_2022_6.csv
2026-03-18 14:13:53,591 - INFO - File already exists, skipping: C:\Users\pedro\OneDrive\Documentos\Yale\Year 3 (2024 - 2025)\Open Finance\Open-Finance\BCB\IF Data\Financial Conglomerates\IF_DATA_Values_2022_6.csv
2026-03-18 14:13:53,595 - INFO - File already exists, skipping: C:\Users\pedro\OneDrive\Documentos\Yale\Year 3 (2024 - 2025)\Open Finance\Open-Finance\BCB\IF Data\Prudential Conglomerates\IF_DATA_Values_2022_9.csv
2026-03-18 14:13:53,597 - INFO - File already exists, skipping: C:\Users\pedro\OneDrive\Documentos\Yale\Year 3 (2024 - 2025)\Open Finance\Open-Finance\BCB\IF Data\Individual Institutions\IF_DATA_Values_2022_9.csv
2026-03-18 14:13:53,597 - INFO - File already exists, skipping: C:\Users\pedro\OneDrive\Documentos\Yale\Year 3 (2024 - 2025)\Open Finance\Open-Finance\BCB\IF Data\Financial Conglomerates\IF_DATA_Values_2022_9.csv
2026-03-18 14:13:53,600 - INFO - File already exists, skipping: C:\Users\pedro\OneDrive\Documentos\Yale\Year 3 (2024 - 2025)\Open Finance\Open-Finance\BCB\IF Data\Prudential Conglomerates\IF_DATA_Values_2022_12.csv
2026-03-18 14:13:53,601 - INFO - File already exists, skipping: C:\Users\pedro\OneDrive\Documentos\Yale\Year 3 (2024 - 2025)\Open Finance\Open-Finance\BCB\IF Data\Financial Conglomerates\IF_DATA_Values_2022_12.csv
2026-03-18 14:13:53,601 - INFO - File already exists, skipping: C:\Users\pedro\OneDrive\Documentos\Yale\Year 3 (2024 - 2025)\Open Finance\Open-Finance\BCB\IF Data\Individual Institutions\IF_DATA_Values_2022_12.csv
2026-03-18 14:13:53,604 - INFO - File already exists, skipping: C:\Users\pedro\OneDrive\Documentos\Yale\Year 3 (2024 - 2025)\Open Finance\Open-Finance\BCB\IF Data\List\IF_DATA_List_2023_3.csv
2026-03-18 14:13:53,605 - INFO - File already exists, skipping: C:\Users\pedro\OneDrive\Documentos\Yale\Year 3 (2024 - 2025)\Open Finance\Open-Finance\BCB\IF Data\List\IF_DATA_List_2023_6.csv
2026-03-18 14:13:53,607 - INFO - File already exists, skipping: C:\Users\pedro\OneDrive\Documentos\Yale\Year 3 (2024 - 2025)\Open Finance\Open-Finance\BCB\IF Data\List\IF_DATA_List_2023_9.csv
2026-03-18 14:13:53,607 - INFO - File already exists, skipping: C:\Users\pedro\OneDrive\Documentos\Yale\Year 3 (2024 - 2025)\Open Finance\Open-Finance\BCB\IF Data\List\IF_DATA_List_2023_12.csv
2026-03-18 14:13:53,611 - INFO - File already exists, skipping: C:\Users\pedro\OneDrive\Documentos\Yale\Year 3 (2024 - 2025)\Open Finance\Open-Finance\BCB\IF Data\Prudential Conglomerates\IF_DATA_Values_2023_3.csv
2026-03-18 14:13:53,612 - INFO - File already exists, skipping: C:\Users\pedro\OneDrive\Documentos\Yale\Year 3 (2024 - 2025)\Open Finance\Open-Finance\BCB\IF Data\Individual Institutions\IF_DATA_Values_2023_3.csv
2026-03-18 14:13:53,612 - INFO - File already exists, skipping: C:\Users\pedro\OneDrive\Documentos\Yale\Year 3 (2024 - 2025)\Open Finance\Open-Finance\BCB\IF Data\Financial Conglomerates\IF_DATA_Values_2023_3.csv
2026-03-18 14:13:53,615 - INFO - File already exists, skipping: C:\Users\pedro\OneDrive\Documentos\Yale\Year 3 (2024 - 2025)\Open Finance\Open-Finance\BCB\IF Data\Prudential Conglomerates\IF_DATA_Values_2023_6.csv
2026-03-18 14:13:53,616 - INFO - File already exists, skipping: C:\Users\pedro\OneDrive\Documentos\Yale\Year 3 (2024 - 2025)\Open Finance\Open-Finance\BCB\IF Data\Individual Institutions\IF_DATA_Values_2023_6.csv
2026-03-18 14:13:53,617 - INFO - File already exists, skipping: C:\Users\pedro\OneDrive\Documentos\Yale\Year 3 (2024 - 2025)\Open Finance\Open-Finance\BCB\IF Data\Financial Conglomerates\IF_DATA_Values_2023_6.csv
2026-03-18 14:13:53,620 - INFO - File already exists, skipping: C:\Users\pedro\OneDrive\Documentos\Yale\Year 3 (2024 - 2025)\Open Finance\Open-Finance\BCB\IF Data\Prudential Conglomerates\IF_DATA_Values_2023_9.csv
2026-03-18 14:13:53,621 - INFO - File already exists, skipping: C:\Users\pedro\OneDrive\Documentos\Yale\Year 3 (2024 - 2025)\Open Finance\Open-Finance\BCB\IF Data\Individual Institutions\IF_DATA_Values_2023_9.csv
2026-03-18 14:13:53,622 - INFO - File already exists, skipping: C:\Users\pedro\OneDrive\Documentos\Yale\Year 3 (2024 - 2025)\Open Finance\Open-Finance\BCB\IF Data\Financial Conglomerates\IF_DATA_Values_2023_9.csv
2026-03-18 14:13:53,626 - INFO - File already exists, skipping: C:\Users\pedro\OneDrive\Documentos\Yale\Year 3 (2024 - 2025)\Open Finance\Open-Finance\BCB\IF Data\Prudential Conglomerates\IF_DATA_Values_2023_12.csv
2026-03-18 14:13:53,627 - INFO - File already exists, skipping: C:\Users\pedro\OneDrive\Documentos\Yale\Year 3 (2024 - 2025)\Open Finance\Open-Finance\BCB\IF Data\Individual Institutions\IF_DATA_Values_2023_12.csv
2026-03-18 14:13:53,628 - INFO - File already exists, skipping: C:\Users\pedro\OneDrive\Documentos\Yale\Year 3 (2024 - 2025)\Open Finance\Open-Finance\BCB\IF Data\Financial Conglomerates\IF_DATA_Values_2023_12.csv
2026-03-18 14:13:53,629 - INFO - File already exists, skipping: C:\Users\pedro\OneDrive\Documentos\Yale\Year 3 (2024 - 2025)\Open Finance\Open-Finance\BCB\IF Data\List\IF_DATA_List_2024_3.csv
2026-03-18 14:13:53,629 - INFO - File already exists, skipping: C:\Users\pedro\OneDrive\Documentos\Yale\Year 3 (2024 - 2025)\Open Finance\Open-Finance\BCB\IF Data\List\IF_DATA_List_2024_6.csv
2026-03-18 14:13:53,629 - INFO - File already exists, skipping: C:\Users\pedro\OneDrive\Documentos\Yale\Year 3 (2024 - 2025)\Open Finance\Open-Finance\BCB\IF Data\List\IF_DATA_List_2024_9.csv
2026-03-18 14:13:53,629 - INFO - File already exists, skipping: C:\Users\pedro\OneDrive\Documentos\Yale\Year 3 (2024 - 2025)\Open Finance\Open-Finance\BCB\IF Data\List\IF_DATA_List_2024_12.csv
2026-03-18 14:13:53,629 - INFO - File already exists, skipping: C:\Users\pedro\OneDrive\Documentos\Yale\Year 3 (2024 - 2025)\Open Finance\Open-Finance\BCB\IF Data\Prudential Conglomerates\IF_DATA_Values_2024_3.csv
2026-03-18 14:13:53,633 - INFO - File already exists, skipping: C:\Users\pedro\OneDrive\Documentos\Yale\Year 3 (2024 - 2025)\Open Finance\Open-Finance\BCB\IF Data\Individual Institutions\IF_DATA_Values_2024_3.csv
2026-03-18 14:13:53,633 - INFO - File already exists, skipping: C:\Users\pedro\OneDrive\Documentos\Yale\Year 3 (2024 - 2025)\Open Finance\Open-Finance\BCB\IF Data\Financial Conglomerates\IF_DATA_Values_2024_3.csv
2026-03-18 14:13:53,635 - INFO - File already exists, skipping: C:\Users\pedro\OneDrive\Documentos\Yale\Year 3 (2024 - 2025)\Open Finance\Open-Finance\BCB\IF Data\Prudential Conglomerates\IF_DATA_Values_2024_6.csv
2026-03-18 14:13:53,635 - INFO - File already exists, skipping: C:\Users\pedro\OneDrive\Documentos\Yale\Year 3 (2024 - 2025)\Open Finance\Open-Finance\BCB\IF Data\Individual Institutions\IF_DATA_Values_2024_6.csv
2026-03-18 14:13:53,635 - INFO - File already exists, skipping: C:\Users\pedro\OneDrive\Documentos\Yale\Year 3 (2024 - 2025)\Open Finance\Open-Finance\BCB\IF Data\Financial Conglomerates\IF_DATA_Values_2024_6.csv
2026-03-18 14:13:53,638 - INFO - File already exists, skipping: C:\Users\pedro\OneDrive\Documentos\Yale\Year 3 (2024 - 2025)\Open Finance\Open-Finance\BCB\IF Data\Prudential Conglomerates\IF_DATA_Values_2024_9.csv
2026-03-18 14:13:53,639 - INFO - File already exists, skipping: C:\Users\pedro\OneDrive\Documentos\Yale\Year 3 (2024 - 2025)\Open Finance\Open-Finance\BCB\IF Data\Individual Institutions\IF_DATA_Values_2024_9.csv
2026-03-18 14:13:53,639 - INFO - File already exists, skipping: C:\Users\pedro\OneDrive\Documentos\Yale\Year 3 (2024 - 2025)\Open Finance\Open-Finance\BCB\IF Data\Financial Conglomerates\IF_DATA_Values_2024_9.csv
2026-03-18 14:13:53,640 - INFO - File already exists, skipping: C:\Users\pedro\OneDrive\Documentos\Yale\Year 3 (2024 - 2025)\Open Finance\Open-Finance\BCB\IF Data\Prudential Conglomerates\IF_DATA_Values_2024_12.csv
2026-03-18 14:13:53,641 - INFO - File already exists, skipping: C:\Users\pedro\OneDrive\Documentos\Yale\Year 3 (2024 - 2025)\Open Finance\Open-Finance\BCB\IF Data\Financial Conglomerates\IF_DATA_Values_2024_12.csv
2026-03-18 14:13:53,641 - INFO - File already exists, skipping: C:\Users\pedro\OneDrive\Documentos\Yale\Year 3 (2024 - 2025)\Open Finance\Open-Finance\BCB\IF Data\Individual Institutions\IF_DATA_Values_2024_12.csv
2026-03-18 14:13:53,642 - INFO - File already exists, skipping: C:\Users\pedro\OneDrive\Documentos\Yale\Year 3 (2024 - 2025)\Open Finance\Open-Finance\BCB\IF Data\List\IF_DATA_List_2025_3.csv
2026-03-18 14:13:53,642 - INFO - File already exists, skipping: C:\Users\pedro\OneDrive\Documentos\Yale\Year 3 (2024 - 2025)\Open Finance\Open-Finance\BCB\IF Data\List\IF_DATA_List_2025_6.csv
2026-03-18 14:13:53,643 - INFO - File already exists, skipping: C:\Users\pedro\OneDrive\Documentos\Yale\Year 3 (2024 - 2025)\Open Finance\Open-Finance\BCB\IF Data\List\IF_DATA_List_2025_9.csv
2026-03-18 14:13:55,276 - INFO - Downloaded data for 2025-12
2026-03-18 16:15:06,100 - INFO - File already exists, skipping: c:\Users\pedro\OneDrive\Documentos\Yale\Year 3 (2024 - 2025)\Open Finance\Open-Finance\BCB\IF Data\List\IF_DATA_List_2016_3.csv
2026-03-18 16:15:06,100 - INFO - File already exists, skipping: c:\Users\pedro\OneDrive\Documentos\Yale\Year 3 (2024 - 2025)\Open Finance\Open-Finance\BCB\IF Data\List\IF_DATA_List_2016_6.csv
2026-03-18 16:15:06,100 - INFO - File already exists, skipping: c:\Users\pedro\OneDrive\Documentos\Yale\Year 3 (2024 - 2025)\Open Finance\Open-Finance\BCB\IF Data\List\IF_DATA_List_2016_9.csv
2026-03-18 16:15:06,113 - INFO - File already exists, skipping: c:\Users\pedro\OneDrive\Documentos\Yale\Year 3 (2024 - 2025)\Open Finance\Open-Finance\BCB\IF Data\List\IF_DATA_List_2016_12.csv
2026-03-18 16:15:06,115 - INFO - File already exists, skipping: c:\Users\pedro\OneDrive\Documentos\Yale\Year 3 (2024 - 2025)\Open Finance\Open-Finance\BCB\IF Data\Prudential Conglomerates\IF_DATA_Values_2016_3.csv
2026-03-18 16:15:06,115 - INFO - File already exists, skipping: c:\Users\pedro\OneDrive\Documentos\Yale\Year 3 (2024 - 2025)\Open Finance\Open-Finance\BCB\IF Data\Individual Institutions\IF_DATA_Values_2016_3.csv
2026-03-18 16:15:06,117 - INFO - File already exists, skipping: c:\Users\pedro\OneDrive\Documentos\Yale\Year 3 (2024 - 2025)\Open Finance\Open-Finance\BCB\IF Data\Financial Conglomerates\IF_DATA_Values_2016_3.csv
2026-03-18 16:15:06,117 - INFO - File already exists, skipping: c:\Users\pedro\OneDrive\Documentos\Yale\Year 3 (2024 - 2025)\Open Finance\Open-Finance\BCB\IF Data\Prudential Conglomerates\IF_DATA_Values_2016_6.csv
2026-03-18 16:15:06,117 - INFO - File already exists, skipping: c:\Users\pedro\OneDrive\Documentos\Yale\Year 3 (2024 - 2025)\Open Finance\Open-Finance\BCB\IF Data\Individual Institutions\IF_DATA_Values_2016_6.csv
2026-03-18 16:15:06,117 - INFO - File already exists, skipping: c:\Users\pedro\OneDrive\Documentos\Yale\Year 3 (2024 - 2025)\Open Finance\Open-Finance\BCB\IF Data\Financial Conglomerates\IF_DATA_Values_2016_6.csv
2026-03-18 16:15:06,117 - INFO - File already exists, skipping: c:\Users\pedro\OneDrive\Documentos\Yale\Year 3 (2024 - 2025)\Open Finance\Open-Finance\BCB\IF Data\Prudential Conglomerates\IF_DATA_Values_2016_9.csv
2026-03-18 16:15:06,123 - INFO - File already exists, skipping: c:\Users\pedro\OneDrive\Documentos\Yale\Year 3 (2024 - 2025)\Open Finance\Open-Finance\BCB\IF Data\Financial Conglomerates\IF_DATA_Values_2016_9.csv
2026-03-18 16:15:06,123 - INFO - File already exists, skipping: c:\Users\pedro\OneDrive\Documentos\Yale\Year 3 (2024 - 2025)\Open Finance\Open-Finance\BCB\IF Data\Individual Institutions\IF_DATA_Values_2016_9.csv
2026-03-18 16:15:06,123 - INFO - File already exists, skipping: c:\Users\pedro\OneDrive\Documentos\Yale\Year 3 (2024 - 2025)\Open Finance\Open-Finance\BCB\IF Data\Prudential Conglomerates\IF_DATA_Values_2016_12.csv
2026-03-18 16:15:06,123 - INFO - File already exists, skipping: c:\Users\pedro\OneDrive\Documentos\Yale\Year 3 (2024 - 2025)\Open Finance\Open-Finance\BCB\IF Data\Individual Institutions\IF_DATA_Values_2016_12.csv
2026-03-18 16:15:06,123 - INFO - File already exists, skipping: c:\Users\pedro\OneDrive\Documentos\Yale\Year 3 (2024 - 2025)\Open Finance\Open-Finance\BCB\IF Data\Financial Conglomerates\IF_DATA_Values_2016_12.csv
2026-03-18 16:15:06,127 - INFO - File already exists, skipping: c:\Users\pedro\OneDrive\Documentos\Yale\Year 3 (2024 - 2025)\Open Finance\Open-Finance\BCB\IF Data\List\IF_DATA_List_2017_3.csv
2026-03-18 16:15:06,127 - INFO - File already exists, skipping: c:\Users\pedro\OneDrive\Documentos\Yale\Year 3 (2024 - 2025)\Open Finance\Open-Finance\BCB\IF Data\List\IF_DATA_List_2017_6.csv
2026-03-18 16:15:06,127 - INFO - File already exists, skipping: c:\Users\pedro\OneDrive\Documentos\Yale\Year 3 (2024 - 2025)\Open Finance\Open-Finance\BCB\IF Data\List\IF_DATA_List_2017_9.csv
2026-03-18 16:15:06,130 - INFO - File already exists, skipping: c:\Users\pedro\OneDrive\Documentos\Yale\Year 3 (2024 - 2025)\Open Finance\Open-Finance\BCB\IF Data\List\IF_DATA_List_2017_12.csv
2026-03-18 16:15:06,132 - INFO - File already exists, skipping: c:\Users\pedro\OneDrive\Documentos\Yale\Year 3 (2024 - 2025)\Open Finance\Open-Finance\BCB\IF Data\Prudential Conglomerates\IF_DATA_Values_2017_3.csv
2026-03-18 16:15:06,132 - INFO - File already exists, skipping: c:\Users\pedro\OneDrive\Documentos\Yale\Year 3 (2024 - 2025)\Open Finance\Open-Finance\BCB\IF Data\Individual Institutions\IF_DATA_Values_2017_3.csv
2026-03-18 16:15:06,134 - INFO - File already exists, skipping: c:\Users\pedro\OneDrive\Documentos\Yale\Year 3 (2024 - 2025)\Open Finance\Open-Finance\BCB\IF Data\Financial Conglomerates\IF_DATA_Values_2017_3.csv
2026-03-18 16:15:06,134 - INFO - File already exists, skipping: c:\Users\pedro\OneDrive\Documentos\Yale\Year 3 (2024 - 2025)\Open Finance\Open-Finance\BCB\IF Data\Prudential Conglomerates\IF_DATA_Values_2017_6.csv
2026-03-18 16:15:06,134 - INFO - File already exists, skipping: c:\Users\pedro\OneDrive\Documentos\Yale\Year 3 (2024 - 2025)\Open Finance\Open-Finance\BCB\IF Data\Individual Institutions\IF_DATA_Values_2017_6.csv
2026-03-18 16:15:06,134 - INFO - File already exists, skipping: c:\Users\pedro\OneDrive\Documentos\Yale\Year 3 (2024 - 2025)\Open Finance\Open-Finance\BCB\IF Data\Financial Conglomerates\IF_DATA_Values_2017_6.csv
2026-03-18 16:15:06,134 - INFO - File already exists, skipping: c:\Users\pedro\OneDrive\Documentos\Yale\Year 3 (2024 - 2025)\Open Finance\Open-Finance\BCB\IF Data\Prudential Conglomerates\IF_DATA_Values_2017_9.csv
2026-03-18 16:15:06,134 - INFO - File already exists, skipping: c:\Users\pedro\OneDrive\Documentos\Yale\Year 3 (2024 - 2025)\Open Finance\Open-Finance\BCB\IF Data\Individual Institutions\IF_DATA_Values_2017_9.csv
2026-03-18 16:15:06,134 - INFO - File already exists, skipping: c:\Users\pedro\OneDrive\Documentos\Yale\Year 3 (2024 - 2025)\Open Finance\Open-Finance\BCB\IF Data\Financial Conglomerates\IF_DATA_Values_2017_9.csv
2026-03-18 16:15:06,134 - INFO - File already exists, skipping: c:\Users\pedro\OneDrive\Documentos\Yale\Year 3 (2024 - 2025)\Open Finance\Open-Finance\BCB\IF Data\Prudential Conglomerates\IF_DATA_Values_2017_12.csv
2026-03-18 16:15:06,134 - INFO - File already exists, skipping: c:\Users\pedro\OneDrive\Documentos\Yale\Year 3 (2024 - 2025)\Open Finance\Open-Finance\BCB\IF Data\Financial Conglomerates\IF_DATA_Values_2017_12.csv
2026-03-18 16:15:06,134 - INFO - File already exists, skipping: c:\Users\pedro\OneDrive\Documentos\Yale\Year 3 (2024 - 2025)\Open Finance\Open-Finance\BCB\IF Data\Individual Institutions\IF_DATA_Values_2017_12.csv
2026-03-18 16:15:06,144 - INFO - File already exists, skipping: c:\Users\pedro\OneDrive\Documentos\Yale\Year 3 (2024 - 2025)\Open Finance\Open-Finance\BCB\IF Data\List\IF_DATA_List_2018_3.csv
2026-03-18 16:15:06,144 - INFO - File already exists, skipping: c:\Users\pedro\OneDrive\Documentos\Yale\Year 3 (2024 - 2025)\Open Finance\Open-Finance\BCB\IF Data\List\IF_DATA_List_2018_6.csv
2026-03-18 16:15:06,144 - INFO - File already exists, skipping: c:\Users\pedro\OneDrive\Documentos\Yale\Year 3 (2024 - 2025)\Open Finance\Open-Finance\BCB\IF Data\List\IF_DATA_List_2018_9.csv
2026-03-18 16:15:06,144 - INFO - File already exists, skipping: c:\Users\pedro\OneDrive\Documentos\Yale\Year 3 (2024 - 2025)\Open Finance\Open-Finance\BCB\IF Data\List\IF_DATA_List_2018_12.csv
2026-03-18 16:15:06,147 - INFO - File already exists, skipping: c:\Users\pedro\OneDrive\Documentos\Yale\Year 3 (2024 - 2025)\Open Finance\Open-Finance\BCB\IF Data\Prudential Conglomerates\IF_DATA_Values_2018_3.csv
2026-03-18 16:15:06,148 - INFO - File already exists, skipping: c:\Users\pedro\OneDrive\Documentos\Yale\Year 3 (2024 - 2025)\Open Finance\Open-Finance\BCB\IF Data\Individual Institutions\IF_DATA_Values_2018_3.csv
2026-03-18 16:15:06,148 - INFO - File already exists, skipping: c:\Users\pedro\OneDrive\Documentos\Yale\Year 3 (2024 - 2025)\Open Finance\Open-Finance\BCB\IF Data\Financial Conglomerates\IF_DATA_Values_2018_3.csv
2026-03-18 16:15:06,150 - INFO - File already exists, skipping: c:\Users\pedro\OneDrive\Documentos\Yale\Year 3 (2024 - 2025)\Open Finance\Open-Finance\BCB\IF Data\Prudential Conglomerates\IF_DATA_Values_2018_6.csv
2026-03-18 16:15:06,151 - INFO - File already exists, skipping: c:\Users\pedro\OneDrive\Documentos\Yale\Year 3 (2024 - 2025)\Open Finance\Open-Finance\BCB\IF Data\Individual Institutions\IF_DATA_Values_2018_6.csv
2026-03-18 16:15:06,151 - INFO - File already exists, skipping: c:\Users\pedro\OneDrive\Documentos\Yale\Year 3 (2024 - 2025)\Open Finance\Open-Finance\BCB\IF Data\Financial Conglomerates\IF_DATA_Values_2018_6.csv
2026-03-18 16:15:06,151 - INFO - File already exists, skipping: c:\Users\pedro\OneDrive\Documentos\Yale\Year 3 (2024 - 2025)\Open Finance\Open-Finance\BCB\IF Data\Prudential Conglomerates\IF_DATA_Values_2018_9.csv
2026-03-18 16:15:06,151 - INFO - File already exists, skipping: c:\Users\pedro\OneDrive\Documentos\Yale\Year 3 (2024 - 2025)\Open Finance\Open-Finance\BCB\IF Data\Individual Institutions\IF_DATA_Values_2018_9.csv
2026-03-18 16:15:06,151 - INFO - File already exists, skipping: c:\Users\pedro\OneDrive\Documentos\Yale\Year 3 (2024 - 2025)\Open Finance\Open-Finance\BCB\IF Data\Financial Conglomerates\IF_DATA_Values_2018_9.csv
2026-03-18 16:15:06,151 - INFO - File already exists, skipping: c:\Users\pedro\OneDrive\Documentos\Yale\Year 3 (2024 - 2025)\Open Finance\Open-Finance\BCB\IF Data\Prudential Conglomerates\IF_DATA_Values_2018_12.csv
2026-03-18 16:15:06,151 - INFO - File already exists, skipping: c:\Users\pedro\OneDrive\Documentos\Yale\Year 3 (2024 - 2025)\Open Finance\Open-Finance\BCB\IF Data\Financial Conglomerates\IF_DATA_Values_2018_12.csv
2026-03-18 16:15:06,151 - INFO - File already exists, skipping: c:\Users\pedro\OneDrive\Documentos\Yale\Year 3 (2024 - 2025)\Open Finance\Open-Finance\BCB\IF Data\Individual Institutions\IF_DATA_Values_2018_12.csv
2026-03-18 16:15:06,151 - INFO - File already exists, skipping: c:\Users\pedro\OneDrive\Documentos\Yale\Year 3 (2024 - 2025)\Open Finance\Open-Finance\BCB\IF Data\List\IF_DATA_List_2019_3.csv
2026-03-18 16:15:06,151 - INFO - File already exists, skipping: c:\Users\pedro\OneDrive\Documentos\Yale\Year 3 (2024 - 2025)\Open Finance\Open-Finance\BCB\IF Data\List\IF_DATA_List_2019_6.csv
2026-03-18 16:15:06,151 - INFO - File already exists, skipping: c:\Users\pedro\OneDrive\Documentos\Yale\Year 3 (2024 - 2025)\Open Finance\Open-Finance\BCB\IF Data\List\IF_DATA_List_2019_9.csv
2026-03-18 16:15:06,151 - INFO - File already exists, skipping: c:\Users\pedro\OneDrive\Documentos\Yale\Year 3 (2024 - 2025)\Open Finance\Open-Finance\BCB\IF Data\List\IF_DATA_List_2019_12.csv
2026-03-18 16:15:06,151 - INFO - File already exists, skipping: c:\Users\pedro\OneDrive\Documentos\Yale\Year 3 (2024 - 2025)\Open Finance\Open-Finance\BCB\IF Data\Prudential Conglomerates\IF_DATA_Values_2019_3.csv
2026-03-18 16:15:06,151 - INFO - File already exists, skipping: c:\Users\pedro\OneDrive\Documentos\Yale\Year 3 (2024 - 2025)\Open Finance\Open-Finance\BCB\IF Data\Individual Institutions\IF_DATA_Values_2019_3.csv
2026-03-18 16:15:06,151 - INFO - File already exists, skipping: c:\Users\pedro\OneDrive\Documentos\Yale\Year 3 (2024 - 2025)\Open Finance\Open-Finance\BCB\IF Data\Financial Conglomerates\IF_DATA_Values_2019_3.csv
2026-03-18 16:15:06,151 - INFO - File already exists, skipping: c:\Users\pedro\OneDrive\Documentos\Yale\Year 3 (2024 - 2025)\Open Finance\Open-Finance\BCB\IF Data\Prudential Conglomerates\IF_DATA_Values_2019_6.csv
2026-03-18 16:15:06,151 - INFO - File already exists, skipping: c:\Users\pedro\OneDrive\Documentos\Yale\Year 3 (2024 - 2025)\Open Finance\Open-Finance\BCB\IF Data\Financial Conglomerates\IF_DATA_Values_2019_6.csv
2026-03-18 16:15:06,151 - INFO - File already exists, skipping: c:\Users\pedro\OneDrive\Documentos\Yale\Year 3 (2024 - 2025)\Open Finance\Open-Finance\BCB\IF Data\Individual Institutions\IF_DATA_Values_2019_6.csv
2026-03-18 16:15:06,165 - INFO - File already exists, skipping: c:\Users\pedro\OneDrive\Documentos\Yale\Year 3 (2024 - 2025)\Open Finance\Open-Finance\BCB\IF Data\Prudential Conglomerates\IF_DATA_Values_2019_9.csv
2026-03-18 16:15:06,165 - INFO - File already exists, skipping: c:\Users\pedro\OneDrive\Documentos\Yale\Year 3 (2024 - 2025)\Open Finance\Open-Finance\BCB\IF Data\Individual Institutions\IF_DATA_Values_2019_9.csv
2026-03-18 16:15:06,165 - INFO - File already exists, skipping: c:\Users\pedro\OneDrive\Documentos\Yale\Year 3 (2024 - 2025)\Open Finance\Open-Finance\BCB\IF Data\Financial Conglomerates\IF_DATA_Values_2019_9.csv
2026-03-18 16:15:06,167 - INFO - File already exists, skipping: c:\Users\pedro\OneDrive\Documentos\Yale\Year 3 (2024 - 2025)\Open Finance\Open-Finance\BCB\IF Data\Prudential Conglomerates\IF_DATA_Values_2019_12.csv
2026-03-18 16:15:06,167 - INFO - File already exists, skipping: c:\Users\pedro\OneDrive\Documentos\Yale\Year 3 (2024 - 2025)\Open Finance\Open-Finance\BCB\IF Data\Financial Conglomerates\IF_DATA_Values_2019_12.csv
2026-03-18 16:15:06,167 - INFO - File already exists, skipping: c:\Users\pedro\OneDrive\Documentos\Yale\Year 3 (2024 - 2025)\Open Finance\Open-Finance\BCB\IF Data\Individual Institutions\IF_DATA_Values_2019_12.csv
2026-03-18 16:15:06,167 - INFO - File already exists, skipping: c:\Users\pedro\OneDrive\Documentos\Yale\Year 3 (2024 - 2025)\Open Finance\Open-Finance\BCB\IF Data\List\IF_DATA_List_2020_3.csv
2026-03-18 16:15:06,167 - INFO - File already exists, skipping: c:\Users\pedro\OneDrive\Documentos\Yale\Year 3 (2024 - 2025)\Open Finance\Open-Finance\BCB\IF Data\List\IF_DATA_List_2020_6.csv
2026-03-18 16:15:06,167 - INFO - File already exists, skipping: c:\Users\pedro\OneDrive\Documentos\Yale\Year 3 (2024 - 2025)\Open Finance\Open-Finance\BCB\IF Data\List\IF_DATA_List_2020_9.csv
2026-03-18 16:15:06,167 - INFO - File already exists, skipping: c:\Users\pedro\OneDrive\Documentos\Yale\Year 3 (2024 - 2025)\Open Finance\Open-Finance\BCB\IF Data\List\IF_DATA_List_2020_12.csv
2026-03-18 16:15:06,167 - INFO - File already exists, skipping: c:\Users\pedro\OneDrive\Documentos\Yale\Year 3 (2024 - 2025)\Open Finance\Open-Finance\BCB\IF Data\Prudential Conglomerates\IF_DATA_Values_2020_3.csv
2026-03-18 16:15:06,173 - INFO - File already exists, skipping: c:\Users\pedro\OneDrive\Documentos\Yale\Year 3 (2024 - 2025)\Open Finance\Open-Finance\BCB\IF Data\Individual Institutions\IF_DATA_Values_2020_3.csv
2026-03-18 16:15:06,173 - INFO - File already exists, skipping: c:\Users\pedro\OneDrive\Documentos\Yale\Year 3 (2024 - 2025)\Open Finance\Open-Finance\BCB\IF Data\Financial Conglomerates\IF_DATA_Values_2020_3.csv
2026-03-18 16:15:06,173 - INFO - File already exists, skipping: c:\Users\pedro\OneDrive\Documentos\Yale\Year 3 (2024 - 2025)\Open Finance\Open-Finance\BCB\IF Data\Individual Institutions\IF_DATA_Values_2020_6.csv
2026-03-18 16:15:06,173 - INFO - File already exists, skipping: c:\Users\pedro\OneDrive\Documentos\Yale\Year 3 (2024 - 2025)\Open Finance\Open-Finance\BCB\IF Data\Prudential Conglomerates\IF_DATA_Values_2020_6.csv
2026-03-18 16:15:06,177 - INFO - File already exists, skipping: c:\Users\pedro\OneDrive\Documentos\Yale\Year 3 (2024 - 2025)\Open Finance\Open-Finance\BCB\IF Data\Financial Conglomerates\IF_DATA_Values_2020_6.csv
2026-03-18 16:15:06,177 - INFO - File already exists, skipping: c:\Users\pedro\OneDrive\Documentos\Yale\Year 3 (2024 - 2025)\Open Finance\Open-Finance\BCB\IF Data\Prudential Conglomerates\IF_DATA_Values_2020_9.csv
2026-03-18 16:15:06,177 - INFO - File already exists, skipping: c:\Users\pedro\OneDrive\Documentos\Yale\Year 3 (2024 - 2025)\Open Finance\Open-Finance\BCB\IF Data\Individual Institutions\IF_DATA_Values_2020_9.csv
2026-03-18 16:15:06,177 - INFO - File already exists, skipping: c:\Users\pedro\OneDrive\Documentos\Yale\Year 3 (2024 - 2025)\Open Finance\Open-Finance\BCB\IF Data\Financial Conglomerates\IF_DATA_Values_2020_9.csv
2026-03-18 16:15:06,180 - INFO - File already exists, skipping: c:\Users\pedro\OneDrive\Documentos\Yale\Year 3 (2024 - 2025)\Open Finance\Open-Finance\BCB\IF Data\Prudential Conglomerates\IF_DATA_Values_2020_12.csv
2026-03-18 16:15:06,181 - INFO - File already exists, skipping: c:\Users\pedro\OneDrive\Documentos\Yale\Year 3 (2024 - 2025)\Open Finance\Open-Finance\BCB\IF Data\Individual Institutions\IF_DATA_Values_2020_12.csv
2026-03-18 16:15:06,181 - INFO - File already exists, skipping: c:\Users\pedro\OneDrive\Documentos\Yale\Year 3 (2024 - 2025)\Open Finance\Open-Finance\BCB\IF Data\Financial Conglomerates\IF_DATA_Values_2020_12.csv
2026-03-18 16:15:06,184 - INFO - File already exists, skipping: c:\Users\pedro\OneDrive\Documentos\Yale\Year 3 (2024 - 2025)\Open Finance\Open-Finance\BCB\IF Data\List\IF_DATA_List_2021_3.csv
2026-03-18 16:15:06,184 - INFO - File already exists, skipping: c:\Users\pedro\OneDrive\Documentos\Yale\Year 3 (2024 - 2025)\Open Finance\Open-Finance\BCB\IF Data\List\IF_DATA_List_2021_6.csv
2026-03-18 16:15:06,184 - INFO - File already exists, skipping: c:\Users\pedro\OneDrive\Documentos\Yale\Year 3 (2024 - 2025)\Open Finance\Open-Finance\BCB\IF Data\List\IF_DATA_List_2021_9.csv
2026-03-18 16:15:06,184 - INFO - File already exists, skipping: c:\Users\pedro\OneDrive\Documentos\Yale\Year 3 (2024 - 2025)\Open Finance\Open-Finance\BCB\IF Data\List\IF_DATA_List_2021_12.csv
2026-03-18 16:15:06,184 - INFO - File already exists, skipping: c:\Users\pedro\OneDrive\Documentos\Yale\Year 3 (2024 - 2025)\Open Finance\Open-Finance\BCB\IF Data\Prudential Conglomerates\IF_DATA_Values_2021_3.csv
2026-03-18 16:15:06,184 - INFO - File already exists, skipping: c:\Users\pedro\OneDrive\Documentos\Yale\Year 3 (2024 - 2025)\Open Finance\Open-Finance\BCB\IF Data\Individual Institutions\IF_DATA_Values_2021_3.csv
2026-03-18 16:15:06,184 - INFO - File already exists, skipping: c:\Users\pedro\OneDrive\Documentos\Yale\Year 3 (2024 - 2025)\Open Finance\Open-Finance\BCB\IF Data\Financial Conglomerates\IF_DATA_Values_2021_3.csv
2026-03-18 16:15:06,184 - INFO - File already exists, skipping: c:\Users\pedro\OneDrive\Documentos\Yale\Year 3 (2024 - 2025)\Open Finance\Open-Finance\BCB\IF Data\Prudential Conglomerates\IF_DATA_Values_2021_6.csv
2026-03-18 16:15:06,184 - INFO - File already exists, skipping: c:\Users\pedro\OneDrive\Documentos\Yale\Year 3 (2024 - 2025)\Open Finance\Open-Finance\BCB\IF Data\Individual Institutions\IF_DATA_Values_2021_6.csv
2026-03-18 16:15:06,184 - INFO - File already exists, skipping: c:\Users\pedro\OneDrive\Documentos\Yale\Year 3 (2024 - 2025)\Open Finance\Open-Finance\BCB\IF Data\Financial Conglomerates\IF_DATA_Values_2021_6.csv
2026-03-18 16:15:06,184 - INFO - File already exists, skipping: c:\Users\pedro\OneDrive\Documentos\Yale\Year 3 (2024 - 2025)\Open Finance\Open-Finance\BCB\IF Data\Prudential Conglomerates\IF_DATA_Values_2021_9.csv
2026-03-18 16:15:06,194 - INFO - File already exists, skipping: c:\Users\pedro\OneDrive\Documentos\Yale\Year 3 (2024 - 2025)\Open Finance\Open-Finance\BCB\IF Data\Financial Conglomerates\IF_DATA_Values_2021_9.csv
2026-03-18 16:15:06,194 - INFO - File already exists, skipping: c:\Users\pedro\OneDrive\Documentos\Yale\Year 3 (2024 - 2025)\Open Finance\Open-Finance\BCB\IF Data\Individual Institutions\IF_DATA_Values_2021_9.csv
2026-03-18 16:15:06,194 - INFO - File already exists, skipping: c:\Users\pedro\OneDrive\Documentos\Yale\Year 3 (2024 - 2025)\Open Finance\Open-Finance\BCB\IF Data\Prudential Conglomerates\IF_DATA_Values_2021_12.csv
2026-03-18 16:15:06,194 - INFO - File already exists, skipping: c:\Users\pedro\OneDrive\Documentos\Yale\Year 3 (2024 - 2025)\Open Finance\Open-Finance\BCB\IF Data\Individual Institutions\IF_DATA_Values_2021_12.csv
2026-03-18 16:15:06,194 - INFO - File already exists, skipping: c:\Users\pedro\OneDrive\Documentos\Yale\Year 3 (2024 - 2025)\Open Finance\Open-Finance\BCB\IF Data\Financial Conglomerates\IF_DATA_Values_2021_12.csv
2026-03-18 16:15:06,198 - INFO - File already exists, skipping: c:\Users\pedro\OneDrive\Documentos\Yale\Year 3 (2024 - 2025)\Open Finance\Open-Finance\BCB\IF Data\List\IF_DATA_List_2022_3.csv
2026-03-18 16:15:06,198 - INFO - File already exists, skipping: c:\Users\pedro\OneDrive\Documentos\Yale\Year 3 (2024 - 2025)\Open Finance\Open-Finance\BCB\IF Data\List\IF_DATA_List_2022_6.csv
2026-03-18 16:15:06,199 - INFO - File already exists, skipping: c:\Users\pedro\OneDrive\Documentos\Yale\Year 3 (2024 - 2025)\Open Finance\Open-Finance\BCB\IF Data\List\IF_DATA_List_2022_9.csv
2026-03-18 16:15:06,200 - INFO - File already exists, skipping: c:\Users\pedro\OneDrive\Documentos\Yale\Year 3 (2024 - 2025)\Open Finance\Open-Finance\BCB\IF Data\List\IF_DATA_List_2022_12.csv
2026-03-18 16:15:06,200 - INFO - File already exists, skipping: c:\Users\pedro\OneDrive\Documentos\Yale\Year 3 (2024 - 2025)\Open Finance\Open-Finance\BCB\IF Data\Financial Conglomerates\IF_DATA_Values_2022_3.csv
2026-03-18 16:15:06,200 - INFO - File already exists, skipping: c:\Users\pedro\OneDrive\Documentos\Yale\Year 3 (2024 - 2025)\Open Finance\Open-Finance\BCB\IF Data\Prudential Conglomerates\IF_DATA_Values_2022_3.csv
2026-03-18 16:15:06,200 - INFO - File already exists, skipping: c:\Users\pedro\OneDrive\Documentos\Yale\Year 3 (2024 - 2025)\Open Finance\Open-Finance\BCB\IF Data\Individual Institutions\IF_DATA_Values_2022_3.csv
2026-03-18 16:15:06,200 - INFO - File already exists, skipping: c:\Users\pedro\OneDrive\Documentos\Yale\Year 3 (2024 - 2025)\Open Finance\Open-Finance\BCB\IF Data\Prudential Conglomerates\IF_DATA_Values_2022_6.csv
2026-03-18 16:15:06,200 - INFO - File already exists, skipping: c:\Users\pedro\OneDrive\Documentos\Yale\Year 3 (2024 - 2025)\Open Finance\Open-Finance\BCB\IF Data\Individual Institutions\IF_DATA_Values_2022_6.csv
2026-03-18 16:15:06,200 - INFO - File already exists, skipping: c:\Users\pedro\OneDrive\Documentos\Yale\Year 3 (2024 - 2025)\Open Finance\Open-Finance\BCB\IF Data\Financial Conglomerates\IF_DATA_Values_2022_6.csv
2026-03-18 16:15:06,200 - INFO - File already exists, skipping: c:\Users\pedro\OneDrive\Documentos\Yale\Year 3 (2024 - 2025)\Open Finance\Open-Finance\BCB\IF Data\Prudential Conglomerates\IF_DATA_Values_2022_9.csv
2026-03-18 16:15:06,200 - INFO - File already exists, skipping: c:\Users\pedro\OneDrive\Documentos\Yale\Year 3 (2024 - 2025)\Open Finance\Open-Finance\BCB\IF Data\Individual Institutions\IF_DATA_Values_2022_9.csv
2026-03-18 16:15:06,200 - INFO - File already exists, skipping: c:\Users\pedro\OneDrive\Documentos\Yale\Year 3 (2024 - 2025)\Open Finance\Open-Finance\BCB\IF Data\Financial Conglomerates\IF_DATA_Values_2022_9.csv
2026-03-18 16:15:06,200 - INFO - File already exists, skipping: c:\Users\pedro\OneDrive\Documentos\Yale\Year 3 (2024 - 2025)\Open Finance\Open-Finance\BCB\IF Data\Prudential Conglomerates\IF_DATA_Values_2022_12.csv
2026-03-18 16:15:06,200 - INFO - File already exists, skipping: c:\Users\pedro\OneDrive\Documentos\Yale\Year 3 (2024 - 2025)\Open Finance\Open-Finance\BCB\IF Data\Individual Institutions\IF_DATA_Values_2022_12.csv
2026-03-18 16:15:06,200 - INFO - File already exists, skipping: c:\Users\pedro\OneDrive\Documentos\Yale\Year 3 (2024 - 2025)\Open Finance\Open-Finance\BCB\IF Data\Financial Conglomerates\IF_DATA_Values_2022_12.csv
2026-03-18 16:15:06,213 - INFO - File already exists, skipping: c:\Users\pedro\OneDrive\Documentos\Yale\Year 3 (2024 - 2025)\Open Finance\Open-Finance\BCB\IF Data\List\IF_DATA_List_2023_3.csv
2026-03-18 16:15:06,213 - INFO - File already exists, skipping: c:\Users\pedro\OneDrive\Documentos\Yale\Year 3 (2024 - 2025)\Open Finance\Open-Finance\BCB\IF Data\List\IF_DATA_List_2023_6.csv
2026-03-18 16:15:06,215 - INFO - File already exists, skipping: c:\Users\pedro\OneDrive\Documentos\Yale\Year 3 (2024 - 2025)\Open Finance\Open-Finance\BCB\IF Data\List\IF_DATA_List_2023_9.csv
2026-03-18 16:15:06,216 - INFO - File already exists, skipping: c:\Users\pedro\OneDrive\Documentos\Yale\Year 3 (2024 - 2025)\Open Finance\Open-Finance\BCB\IF Data\List\IF_DATA_List_2023_12.csv
2026-03-18 16:15:06,217 - INFO - File already exists, skipping: c:\Users\pedro\OneDrive\Documentos\Yale\Year 3 (2024 - 2025)\Open Finance\Open-Finance\BCB\IF Data\Prudential Conglomerates\IF_DATA_Values_2023_3.csv
2026-03-18 16:15:06,217 - INFO - File already exists, skipping: c:\Users\pedro\OneDrive\Documentos\Yale\Year 3 (2024 - 2025)\Open Finance\Open-Finance\BCB\IF Data\Financial Conglomerates\IF_DATA_Values_2023_3.csv
2026-03-18 16:15:06,217 - INFO - File already exists, skipping: c:\Users\pedro\OneDrive\Documentos\Yale\Year 3 (2024 - 2025)\Open Finance\Open-Finance\BCB\IF Data\Individual Institutions\IF_DATA_Values_2023_3.csv
2026-03-18 16:15:06,217 - INFO - File already exists, skipping: c:\Users\pedro\OneDrive\Documentos\Yale\Year 3 (2024 - 2025)\Open Finance\Open-Finance\BCB\IF Data\Prudential Conglomerates\IF_DATA_Values_2023_6.csv
2026-03-18 16:15:06,217 - INFO - File already exists, skipping: c:\Users\pedro\OneDrive\Documentos\Yale\Year 3 (2024 - 2025)\Open Finance\Open-Finance\BCB\IF Data\Individual Institutions\IF_DATA_Values_2023_6.csv
2026-03-18 16:15:06,217 - INFO - File already exists, skipping: c:\Users\pedro\OneDrive\Documentos\Yale\Year 3 (2024 - 2025)\Open Finance\Open-Finance\BCB\IF Data\Financial Conglomerates\IF_DATA_Values_2023_6.csv
2026-03-18 16:15:06,223 - INFO - File already exists, skipping: c:\Users\pedro\OneDrive\Documentos\Yale\Year 3 (2024 - 2025)\Open Finance\Open-Finance\BCB\IF Data\Prudential Conglomerates\IF_DATA_Values_2023_9.csv
2026-03-18 16:15:06,223 - INFO - File already exists, skipping: c:\Users\pedro\OneDrive\Documentos\Yale\Year 3 (2024 - 2025)\Open Finance\Open-Finance\BCB\IF Data\Individual Institutions\IF_DATA_Values_2023_9.csv
2026-03-18 16:15:06,223 - INFO - File already exists, skipping: c:\Users\pedro\OneDrive\Documentos\Yale\Year 3 (2024 - 2025)\Open Finance\Open-Finance\BCB\IF Data\Financial Conglomerates\IF_DATA_Values_2023_9.csv
2026-03-18 16:15:06,223 - INFO - File already exists, skipping: c:\Users\pedro\OneDrive\Documentos\Yale\Year 3 (2024 - 2025)\Open Finance\Open-Finance\BCB\IF Data\Prudential Conglomerates\IF_DATA_Values_2023_12.csv
2026-03-18 16:15:06,227 - INFO - File already exists, skipping: c:\Users\pedro\OneDrive\Documentos\Yale\Year 3 (2024 - 2025)\Open Finance\Open-Finance\BCB\IF Data\Individual Institutions\IF_DATA_Values_2023_12.csv
2026-03-18 16:15:06,227 - INFO - File already exists, skipping: c:\Users\pedro\OneDrive\Documentos\Yale\Year 3 (2024 - 2025)\Open Finance\Open-Finance\BCB\IF Data\Financial Conglomerates\IF_DATA_Values_2023_12.csv
2026-03-18 16:15:06,227 - INFO - File already exists, skipping: c:\Users\pedro\OneDrive\Documentos\Yale\Year 3 (2024 - 2025)\Open Finance\Open-Finance\BCB\IF Data\List\IF_DATA_List_2024_3.csv
2026-03-18 16:15:06,227 - INFO - File already exists, skipping: c:\Users\pedro\OneDrive\Documentos\Yale\Year 3 (2024 - 2025)\Open Finance\Open-Finance\BCB\IF Data\List\IF_DATA_List_2024_6.csv
2026-03-18 16:15:06,231 - INFO - File already exists, skipping: c:\Users\pedro\OneDrive\Documentos\Yale\Year 3 (2024 - 2025)\Open Finance\Open-Finance\BCB\IF Data\List\IF_DATA_List_2024_9.csv
2026-03-18 16:15:06,232 - INFO - File already exists, skipping: c:\Users\pedro\OneDrive\Documentos\Yale\Year 3 (2024 - 2025)\Open Finance\Open-Finance\BCB\IF Data\List\IF_DATA_List_2024_12.csv
2026-03-18 16:15:06,234 - INFO - File already exists, skipping: c:\Users\pedro\OneDrive\Documentos\Yale\Year 3 (2024 - 2025)\Open Finance\Open-Finance\BCB\IF Data\Prudential Conglomerates\IF_DATA_Values_2024_3.csv
2026-03-18 16:15:06,234 - INFO - File already exists, skipping: c:\Users\pedro\OneDrive\Documentos\Yale\Year 3 (2024 - 2025)\Open Finance\Open-Finance\BCB\IF Data\Financial Conglomerates\IF_DATA_Values_2024_3.csv
2026-03-18 16:15:06,234 - INFO - File already exists, skipping: c:\Users\pedro\OneDrive\Documentos\Yale\Year 3 (2024 - 2025)\Open Finance\Open-Finance\BCB\IF Data\Individual Institutions\IF_DATA_Values_2024_3.csv
2026-03-18 16:15:06,234 - INFO - File already exists, skipping: c:\Users\pedro\OneDrive\Documentos\Yale\Year 3 (2024 - 2025)\Open Finance\Open-Finance\BCB\IF Data\Prudential Conglomerates\IF_DATA_Values_2024_6.csv
2026-03-18 16:15:06,234 - INFO - File already exists, skipping: c:\Users\pedro\OneDrive\Documentos\Yale\Year 3 (2024 - 2025)\Open Finance\Open-Finance\BCB\IF Data\Individual Institutions\IF_DATA_Values_2024_6.csv
2026-03-18 16:15:06,234 - INFO - File already exists, skipping: c:\Users\pedro\OneDrive\Documentos\Yale\Year 3 (2024 - 2025)\Open Finance\Open-Finance\BCB\IF Data\Financial Conglomerates\IF_DATA_Values_2024_6.csv
2026-03-18 16:15:06,234 - INFO - File already exists, skipping: c:\Users\pedro\OneDrive\Documentos\Yale\Year 3 (2024 - 2025)\Open Finance\Open-Finance\BCB\IF Data\Prudential Conglomerates\IF_DATA_Values_2024_9.csv
2026-03-18 16:15:06,234 - INFO - File already exists, skipping: c:\Users\pedro\OneDrive\Documentos\Yale\Year 3 (2024 - 2025)\Open Finance\Open-Finance\BCB\IF Data\Individual Institutions\IF_DATA_Values_2024_9.csv
2026-03-18 16:15:06,234 - INFO - File already exists, skipping: c:\Users\pedro\OneDrive\Documentos\Yale\Year 3 (2024 - 2025)\Open Finance\Open-Finance\BCB\IF Data\Financial Conglomerates\IF_DATA_Values_2024_9.csv
2026-03-18 16:15:06,234 - INFO - File already exists, skipping: c:\Users\pedro\OneDrive\Documentos\Yale\Year 3 (2024 - 2025)\Open Finance\Open-Finance\BCB\IF Data\Prudential Conglomerates\IF_DATA_Values_2024_12.csv
2026-03-18 16:15:06,234 - INFO - File already exists, skipping: c:\Users\pedro\OneDrive\Documentos\Yale\Year 3 (2024 - 2025)\Open Finance\Open-Finance\BCB\IF Data\Financial Conglomerates\IF_DATA_Values_2024_12.csv
2026-03-18 16:15:06,234 - INFO - File already exists, skipping: c:\Users\pedro\OneDrive\Documentos\Yale\Year 3 (2024 - 2025)\Open Finance\Open-Finance\BCB\IF Data\Individual Institutions\IF_DATA_Values_2024_12.csv
2026-03-18 16:15:06,243 - INFO - File already exists, skipping: c:\Users\pedro\OneDrive\Documentos\Yale\Year 3 (2024 - 2025)\Open Finance\Open-Finance\BCB\IF Data\List\IF_DATA_List_2025_3.csv
2026-03-18 16:15:06,243 - INFO - File already exists, skipping: c:\Users\pedro\OneDrive\Documentos\Yale\Year 3 (2024 - 2025)\Open Finance\Open-Finance\BCB\IF Data\List\IF_DATA_List_2025_6.csv
2026-03-18 16:15:06,243 - INFO - File already exists, skipping: c:\Users\pedro\OneDrive\Documentos\Yale\Year 3 (2024 - 2025)\Open Finance\Open-Finance\BCB\IF Data\List\IF_DATA_List_2025_9.csv
2026-03-18 16:15:07,830 - INFO - Downloaded data for 2025-12
2026-03-18 16:16:36,480 - INFO - File already exists, skipping: c:\Users\pedro\OneDrive\Documentos\Yale\Year 3 (2024 - 2025)\Open Finance\Open-Finance\BCB\IF Data\Prudential Conglomerates\IF_DATA_Values_2025_3.csv
2026-03-18 16:16:36,481 - INFO - File already exists, skipping: c:\Users\pedro\OneDrive\Documentos\Yale\Year 3 (2024 - 2025)\Open Finance\Open-Finance\BCB\IF Data\Financial Conglomerates\IF_DATA_Values_2025_3.csv
2026-03-18 16:16:36,482 - INFO - File already exists, skipping: c:\Users\pedro\OneDrive\Documentos\Yale\Year 3 (2024 - 2025)\Open Finance\Open-Finance\BCB\IF Data\Individual Institutions\IF_DATA_Values_2025_3.csv
2026-03-18 16:16:36,495 - INFO - File already exists, skipping: c:\Users\pedro\OneDrive\Documentos\Yale\Year 3 (2024 - 2025)\Open Finance\Open-Finance\BCB\IF Data\Prudential Conglomerates\IF_DATA_Values_2025_6.csv
2026-03-18 16:16:36,496 - INFO - File already exists, skipping: c:\Users\pedro\OneDrive\Documentos\Yale\Year 3 (2024 - 2025)\Open Finance\Open-Finance\BCB\IF Data\Financial Conglomerates\IF_DATA_Values_2025_6.csv
2026-03-18 16:16:36,497 - INFO - File already exists, skipping: c:\Users\pedro\OneDrive\Documentos\Yale\Year 3 (2024 - 2025)\Open Finance\Open-Finance\BCB\IF Data\Individual Institutions\IF_DATA_Values_2025_6.csv
2026-03-18 16:16:36,512 - INFO - File already exists, skipping: c:\Users\pedro\OneDrive\Documentos\Yale\Year 3 (2024 - 2025)\Open Finance\Open-Finance\BCB\IF Data\Prudential Conglomerates\IF_DATA_Values_2025_9.csv
2026-03-18 16:16:36,514 - INFO - File already exists, skipping: c:\Users\pedro\OneDrive\Documentos\Yale\Year 3 (2024 - 2025)\Open Finance\Open-Finance\BCB\IF Data\Financial Conglomerates\IF_DATA_Values_2025_9.csv
2026-03-18 16:16:36,515 - INFO - File already exists, skipping: c:\Users\pedro\OneDrive\Documentos\Yale\Year 3 (2024 - 2025)\Open Finance\Open-Finance\BCB\IF Data\Individual Institutions\IF_DATA_Values_2025_9.csv
2026-03-18 16:16:37,833 - WARNING - Empty data for 2025-12 (Type 3). Retrying.
2026-03-18 16:16:37,833 - WARNING - Empty data for 2025-12 (Type 1). Retrying.
2026-03-18 16:16:37,837 - INFO - Waiting 30 seconds before retrying...
2026-03-18 16:16:37,838 - INFO - Waiting 30 seconds before retrying...
2026-03-18 16:16:37,868 - WARNING - Empty data for 2025-12 (Type 2). Retrying.
2026-03-18 16:16:37,872 - INFO - Waiting 30 seconds before retrying...
2026-03-18 16:17:09,033 - WARNING - Empty data for 2025-12 (Type 3). Retrying.
2026-03-18 16:17:09,033 - INFO - Waiting 60 seconds before retrying...
2026-03-18 16:17:09,086 - WARNING - Empty data for 2025-12 (Type 1). Retrying.
2026-03-18 16:17:09,086 - WARNING - Empty data for 2025-12 (Type 2). Retrying.
2026-03-18 16:17:09,086 - INFO - Waiting 60 seconds before retrying...
2026-03-18 16:17:09,090 - INFO - Waiting 60 seconds before retrying...
2026-03-18 16:18:10,258 - WARNING - Empty data for 2025-12 (Type 3). Retrying.
2026-03-18 16:18:10,262 - INFO - Waiting 120 seconds before retrying...
2026-03-18 16:18:10,264 - WARNING - Empty data for 2025-12 (Type 2). Retrying.
2026-03-18 16:18:10,265 - INFO - Waiting 120 seconds before retrying...
2026-03-18 16:18:10,315 - WARNING - Empty data for 2025-12 (Type 1). Retrying.
2026-03-18 16:18:10,315 - INFO - Waiting 120 seconds before retrying...
2026-03-18 16:20:14,246 - INFO - ESTBAN listing (municipio): 447 files found
2026-03-18 16:20:18,277 - INFO - ESTBAN listing (agencia): 447 files found
2026-03-18 16:20:18,283 - INFO - Skipping existing ESTBAN file: 202509_ESTBAN.CSV
2026-03-18 16:20:18,289 - INFO - Skipping existing ESTBAN file: 202508_ESTBAN.CSV
2026-03-18 16:20:18,291 - INFO - Skipping existing ESTBAN file: 202507_ESTBAN.CSV
2026-03-18 16:20:18,294 - INFO - Skipping existing ESTBAN file: 202506_ESTBAN.CSV
2026-03-18 16:20:18,296 - INFO - Skipping existing ESTBAN file: 202505_ESTBAN.CSV
2026-03-18 16:20:18,300 - INFO - Skipping existing ESTBAN file: 202504_ESTBAN.CSV
2026-03-18 16:20:18,302 - INFO - Skipping existing ESTBAN file: 202503_ESTBAN.CSV
2026-03-18 16:20:18,306 - INFO - Skipping existing ESTBAN file: 202502_ESTBAN.CSV
2026-03-18 16:20:18,309 - INFO - Skipping existing ESTBAN file: 202501_ESTBAN.CSV
2026-03-18 16:20:18,313 - INFO - Skipping existing ESTBAN file: 202412_ESTBAN.CSV
2026-03-18 16:20:18,316 - INFO - Skipping existing ESTBAN file: 202411_ESTBAN.CSV
2026-03-18 16:20:18,319 - INFO - Skipping existing ESTBAN file: 202410_ESTBAN.CSV
2026-03-18 16:20:18,322 - INFO - Skipping existing ESTBAN file: 202409_ESTBAN.CSV
2026-03-18 16:20:18,323 - INFO - Skipping existing ESTBAN file: 202408_ESTBAN.CSV
2026-03-18 16:20:18,325 - INFO - Skipping existing ESTBAN file: 202407_ESTBAN.CSV
2026-03-18 16:20:18,329 - INFO - Skipping existing ESTBAN file: 202406_ESTBAN.CSV
2026-03-18 16:20:18,332 - INFO - Skipping existing ESTBAN file: 202405_ESTBAN.CSV
2026-03-18 16:20:18,335 - INFO - Skipping existing ESTBAN file: 202404_ESTBAN.CSV
2026-03-18 16:20:18,338 - INFO - Skipping existing ESTBAN file: 202403_ESTBAN.CSV
2026-03-18 16:20:18,342 - INFO - Skipping existing ESTBAN file: 202402_ESTBAN.CSV
2026-03-18 16:20:18,346 - INFO - Skipping existing ESTBAN file: 202401_ESTBAN.CSV
2026-03-18 16:20:18,349 - INFO - Skipping existing ESTBAN file: 202312_ESTBAN.CSV
2026-03-18 16:20:18,351 - INFO - Skipping existing ESTBAN file: 202311_ESTBAN.CSV
2026-03-18 16:20:18,354 - INFO - Skipping existing ESTBAN file: 202310_ESTBAN.CSV
2026-03-18 16:20:18,354 - INFO - Skipping existing ESTBAN file: 202309_ESTBAN.CSV
2026-03-18 16:20:18,354 - INFO - Skipping existing ESTBAN file: 202308_ESTBAN.CSV
2026-03-18 16:20:18,360 - INFO - Skipping existing ESTBAN file: 202307_ESTBAN.CSV
2026-03-18 16:20:18,360 - INFO - Skipping existing ESTBAN file: 202306_ESTBAN.CSV
2026-03-18 16:20:18,363 - INFO - Skipping existing ESTBAN file: 202305_ESTBAN.CSV
2026-03-18 16:20:18,363 - INFO - Skipping existing ESTBAN file: 202304_ESTBAN.CSV
2026-03-18 16:20:18,366 - INFO - Skipping existing ESTBAN file: 202303_ESTBAN.CSV
2026-03-18 16:20:18,369 - INFO - Skipping existing ESTBAN file: 202302_ESTBAN.CSV
2026-03-18 16:20:18,369 - INFO - Skipping existing ESTBAN file: 202301_ESTBAN.CSV
2026-03-18 16:20:18,369 - INFO - Skipping existing ESTBAN file: 202212_ESTBAN.CSV
2026-03-18 16:20:18,377 - INFO - Skipping existing ESTBAN file: 202211_ESTBAN.CSV
2026-03-18 16:20:18,379 - INFO - Skipping existing ESTBAN file: 202210_ESTBAN.CSV
2026-03-18 16:20:18,382 - INFO - Skipping existing ESTBAN file: 202209_ESTBAN.CSV
2026-03-18 16:20:18,384 - INFO - Skipping existing ESTBAN file: 202208_ESTBAN.CSV
2026-03-18 16:20:18,389 - INFO - Skipping existing ESTBAN file: 202207_ESTBAN.CSV
2026-03-18 16:20:18,394 - INFO - Skipping existing ESTBAN file: 202206_ESTBAN.CSV
2026-03-18 16:20:18,397 - INFO - Skipping existing ESTBAN file: 202205_ESTBAN.CSV
2026-03-18 16:20:18,402 - INFO - Skipping existing ESTBAN file: 202204_ESTBAN.CSV
2026-03-18 16:20:18,404 - INFO - Skipping existing ESTBAN file: 202203_ESTBAN.CSV
2026-03-18 16:20:18,407 - INFO - Skipping existing ESTBAN file: 202202_ESTBAN.CSV
2026-03-18 16:20:18,410 - INFO - Skipping existing ESTBAN file: 202201_ESTBAN.CSV
2026-03-18 16:20:18,411 - INFO - Skipping existing ESTBAN file: 202112_ESTBAN.CSV
2026-03-18 16:20:18,414 - INFO - Skipping existing ESTBAN file: 202111_ESTBAN.CSV
2026-03-18 16:20:18,417 - INFO - Skipping existing ESTBAN file: 202110_ESTBAN.CSV
2026-03-18 16:20:18,419 - INFO - Skipping existing ESTBAN file: 202109_ESTBAN.CSV
2026-03-18 16:20:18,419 - INFO - Skipping existing ESTBAN file: 202108_ESTBAN.CSV
2026-03-18 16:20:18,419 - INFO - Skipping existing ESTBAN file: 202107_ESTBAN.CSV
2026-03-18 16:20:18,423 - INFO - Skipping existing ESTBAN file: 202106_ESTBAN.CSV
2026-03-18 16:20:18,423 - INFO - Skipping existing ESTBAN file: 202105_ESTBAN.CSV
2026-03-18 16:20:18,428 - INFO - Skipping existing ESTBAN file: 202104_ESTBAN.CSV
2026-03-18 16:20:18,431 - INFO - Skipping existing ESTBAN file: 202103_ESTBAN.CSV
2026-03-18 16:20:18,431 - INFO - Skipping existing ESTBAN file: 202102_ESTBAN.CSV
2026-03-18 16:20:18,431 - INFO - Skipping existing ESTBAN file: 202101_ESTBAN.CSV
2026-03-18 16:20:18,437 - INFO - Skipping existing ESTBAN file: 202012_ESTBAN.CSV
2026-03-18 16:20:18,439 - INFO - Skipping existing ESTBAN file: 202011_ESTBAN.CSV
2026-03-18 16:20:18,443 - INFO - Skipping existing ESTBAN file: 202010_ESTBAN.CSV
2026-03-18 16:20:18,445 - INFO - Skipping existing ESTBAN file: 202009_ESTBAN.CSV
2026-03-18 16:20:18,446 - INFO - Skipping existing ESTBAN file: 202008_ESTBAN.CSV
2026-03-18 16:20:18,449 - INFO - Skipping existing ESTBAN file: 202007_ESTBAN.CSV
2026-03-18 16:20:18,450 - INFO - Skipping existing ESTBAN file: 202006_ESTBAN.CSV
2026-03-18 16:20:18,453 - INFO - Skipping existing ESTBAN file: 202005_ESTBAN.CSV
2026-03-18 16:20:18,455 - INFO - Skipping existing ESTBAN file: 202004_ESTBAN.CSV
2026-03-18 16:20:18,457 - INFO - Skipping existing ESTBAN file: 202003_ESTBAN.CSV
2026-03-18 16:20:18,461 - INFO - Skipping existing ESTBAN file: 202002_ESTBAN.CSV
2026-03-18 16:20:18,463 - INFO - Skipping existing ESTBAN file: 202001_ESTBAN.CSV
2026-03-18 16:20:18,466 - INFO - Skipping existing ESTBAN file: 201912_ESTBAN.CSV
2026-03-18 16:20:18,466 - INFO - Skipping existing ESTBAN file: 201911_ESTBAN.CSV
2026-03-18 16:20:18,468 - INFO - Skipping existing ESTBAN file: 201910_ESTBAN.CSV
2026-03-18 16:20:18,471 - INFO - Skipping existing ESTBAN file: 201909_ESTBAN.CSV
2026-03-18 16:20:18,471 - INFO - Skipping existing ESTBAN file: 201908_ESTBAN.CSV
2026-03-18 16:20:18,473 - INFO - Skipping existing ESTBAN file: 201907_ESTBAN.CSV
2026-03-18 16:20:18,473 - INFO - Skipping existing ESTBAN file: 201906_ESTBAN.CSV
2026-03-18 16:20:18,478 - INFO - Skipping existing ESTBAN file: 201905_ESTBAN.CSV
2026-03-18 16:20:18,480 - INFO - Skipping existing ESTBAN file: 201904_ESTBAN.CSV
2026-03-18 16:20:18,481 - INFO - Skipping existing ESTBAN file: 201903_ESTBAN.CSV
2026-03-18 16:20:18,481 - INFO - Skipping existing ESTBAN file: 201902_ESTBAN.CSV
2026-03-18 16:20:18,481 - INFO - Skipping existing ESTBAN file: 201901_ESTBAN.CSV
2026-03-18 16:20:18,481 - INFO - Skipping existing ESTBAN file: 201812_ESTBAN.CSV
2026-03-18 16:20:18,481 - INFO - Skipping existing ESTBAN file: 201811_ESTBAN.CSV
2026-03-18 16:20:18,481 - INFO - Skipping existing ESTBAN file: 201810_ESTBAN.CSV
2026-03-18 16:20:18,481 - INFO - Skipping existing ESTBAN file: 201809_ESTBAN.CSV
2026-03-18 16:20:18,486 - INFO - Skipping existing ESTBAN file: 201808_ESTBAN.CSV
2026-03-18 16:20:18,486 - INFO - Skipping existing ESTBAN file: 201807_ESTBAN.CSV
2026-03-18 16:20:18,486 - INFO - Skipping existing ESTBAN file: 201806_ESTBAN.CSV
2026-03-18 16:20:18,486 - INFO - Skipping existing ESTBAN file: 201805_ESTBAN.CSV
2026-03-18 16:20:18,486 - INFO - Skipping existing ESTBAN file: 201804_ESTBAN.CSV
2026-03-18 16:20:18,492 - INFO - Skipping existing ESTBAN file: 201803_ESTBAN.CSV
2026-03-18 16:20:18,493 - INFO - Skipping existing ESTBAN file: 201802_ESTBAN.CSV
2026-03-18 16:20:18,494 - INFO - Skipping existing ESTBAN file: 201801_ESTBAN.CSV
2026-03-18 16:20:18,494 - INFO - Skipping existing ESTBAN file: 201712_ESTBAN.CSV
2026-03-18 16:20:18,494 - INFO - Skipping existing ESTBAN file: 201711_ESTBAN.CSV
2026-03-18 16:20:18,494 - INFO - Skipping existing ESTBAN file: 201710_ESTBAN.CSV
2026-03-18 16:20:18,494 - INFO - Skipping existing ESTBAN file: 201709_ESTBAN.CSV
2026-03-18 16:20:18,494 - INFO - Skipping existing ESTBAN file: 201708_ESTBAN.CSV
2026-03-18 16:20:18,494 - INFO - Skipping existing ESTBAN file: 201707_ESTBAN.CSV
2026-03-18 16:20:18,500 - INFO - Skipping existing ESTBAN file: 201706_ESTBAN.CSV
2026-03-18 16:20:18,500 - INFO - Skipping existing ESTBAN file: 201705_ESTBAN.CSV
2026-03-18 16:20:18,500 - INFO - Skipping existing ESTBAN file: 201704_ESTBAN.CSV
2026-03-18 16:20:18,500 - INFO - Skipping existing ESTBAN file: 201703_ESTBAN.CSV
2026-03-18 16:20:18,500 - INFO - Skipping existing ESTBAN file: 201702_ESTBAN.CSV
2026-03-18 16:20:18,500 - INFO - Skipping existing ESTBAN file: 201701_ESTBAN.CSV
2026-03-18 16:20:18,500 - INFO - Skipping existing ESTBAN file: 201612_ESTBAN.CSV
2026-03-18 16:20:18,500 - INFO - Skipping existing ESTBAN file: 201611_ESTBAN.CSV
2026-03-18 16:20:18,500 - INFO - Skipping existing ESTBAN file: 201610_ESTBAN.CSV
2026-03-18 16:20:18,500 - INFO - Skipping existing ESTBAN file: 201609_ESTBAN.CSV
2026-03-18 16:20:18,507 - INFO - Skipping existing ESTBAN file: 201608_ESTBAN.CSV
2026-03-18 16:20:18,507 - INFO - Skipping existing ESTBAN file: 201607_ESTBAN.CSV
2026-03-18 16:20:18,507 - INFO - Skipping existing ESTBAN file: 201606_ESTBAN.CSV
2026-03-18 16:20:18,507 - INFO - Skipping existing ESTBAN file: 201605_ESTBAN.CSV
2026-03-18 16:20:18,507 - INFO - Skipping existing ESTBAN file: 201604_ESTBAN.CSV
2026-03-18 16:20:18,512 - INFO - Skipping existing ESTBAN file: 201603_ESTBAN.CSV
2026-03-18 16:20:18,512 - INFO - Skipping existing ESTBAN file: 201602_ESTBAN.CSV
2026-03-18 16:20:18,513 - INFO - Skipping existing ESTBAN file: 201601_ESTBAN.CSV
2026-03-18 16:20:18,513 - INFO - Skipping existing ESTBAN file: 201512_ESTBAN.CSV
2026-03-18 16:20:18,513 - INFO - Skipping existing ESTBAN file: 201511_ESTBAN.CSV
2026-03-18 16:20:18,513 - INFO - Skipping existing ESTBAN file: 201510_ESTBAN.CSV
2026-03-18 16:20:18,513 - INFO - Skipping existing ESTBAN file: 201509_ESTBAN.CSV
2026-03-18 16:20:18,513 - INFO - Skipping existing ESTBAN file: 201508_ESTBAN.CSV
2026-03-18 16:20:18,513 - INFO - Skipping existing ESTBAN file: 201507_ESTBAN.CSV
2026-03-18 16:20:18,518 - INFO - Skipping existing ESTBAN file: 201506_ESTBAN.CSV
2026-03-18 16:20:18,518 - INFO - Skipping existing ESTBAN file: 201505_ESTBAN.CSV
2026-03-18 16:20:18,518 - INFO - Skipping existing ESTBAN file: 201504_ESTBAN.CSV
2026-03-18 16:20:18,518 - INFO - Skipping existing ESTBAN file: 201503_ESTBAN.CSV
2026-03-18 16:20:18,523 - INFO - Skipping existing ESTBAN file: 201502_ESTBAN.CSV
2026-03-18 16:20:18,524 - INFO - Skipping existing ESTBAN file: 201501_ESTBAN.CSV
2026-03-18 16:20:18,524 - INFO - Skipping existing ESTBAN file: 201412_ESTBAN.CSV
2026-03-18 16:20:18,526 - INFO - Skipping existing ESTBAN file: 201411_ESTBAN.CSV
2026-03-18 16:20:18,526 - INFO - Skipping existing ESTBAN file: 201410_ESTBAN.CSV
2026-03-18 16:20:18,527 - INFO - Skipping existing ESTBAN file: 201409_ESTBAN.CSV
2026-03-18 16:20:18,529 - INFO - Skipping existing ESTBAN file: 201408_ESTBAN.CSV
2026-03-18 16:20:18,531 - INFO - Skipping existing ESTBAN file: 201407_ESTBAN.CSV
2026-03-18 16:20:18,532 - INFO - Skipping existing ESTBAN file: 201406_ESTBAN.CSV
2026-03-18 16:20:18,533 - INFO - Skipping existing ESTBAN file: 201405_ESTBAN.CSV
2026-03-18 16:20:18,534 - INFO - Skipping existing ESTBAN file: 201404_ESTBAN.CSV
2026-03-18 16:20:18,535 - INFO - Skipping existing ESTBAN file: 201403_ESTBAN.CSV
2026-03-18 16:20:18,536 - INFO - Skipping existing ESTBAN file: 201402_ESTBAN.CSV
2026-03-18 16:20:18,537 - INFO - Skipping existing ESTBAN file: 201401_ESTBAN.CSV
2026-03-18 16:20:18,537 - INFO - Skipping existing ESTBAN file: 201312_ESTBAN.CSV
2026-03-18 16:20:18,537 - INFO - Skipping existing ESTBAN file: 201311_ESTBAN.CSV
2026-03-18 16:20:18,539 - INFO - Skipping existing ESTBAN file: 201310_ESTBAN.CSV
2026-03-18 16:20:18,539 - INFO - Skipping existing ESTBAN file: 201309_ESTBAN.CSV
2026-03-18 16:20:18,541 - INFO - Skipping existing ESTBAN file: 201308_ESTBAN.CSV
2026-03-18 16:20:18,542 - INFO - Skipping existing ESTBAN file: 201307_ESTBAN.CSV
2026-03-18 16:20:18,544 - INFO - Skipping existing ESTBAN file: 201306_ESTBAN.CSV
2026-03-18 16:20:18,546 - INFO - Skipping existing ESTBAN file: 201305_ESTBAN.CSV
2026-03-18 16:20:18,547 - INFO - Skipping existing ESTBAN file: 201304_ESTBAN.CSV
2026-03-18 16:20:18,548 - INFO - Skipping existing ESTBAN file: 201303_ESTBAN.CSV
2026-03-18 16:20:18,549 - INFO - Skipping existing ESTBAN file: 201302_ESTBAN.CSV
2026-03-18 16:20:18,549 - INFO - Skipping existing ESTBAN file: 201301_ESTBAN.CSV
2026-03-18 16:20:18,549 - INFO - Skipping existing ESTBAN file: 202509_ESTBAN_AG.CSV
2026-03-18 16:20:18,551 - INFO - Skipping existing ESTBAN file: 202508_ESTBAN_AG.CSV
2026-03-18 16:20:18,552 - INFO - Skipping existing ESTBAN file: 202507_ESTBAN_AG.CSV
2026-03-18 16:20:18,554 - INFO - Skipping existing ESTBAN file: 202506_ESTBAN_AG.CSV
2026-03-18 16:20:18,555 - INFO - Skipping existing ESTBAN file: 202505_ESTBAN_AG.CSV
2026-03-18 16:20:18,556 - INFO - Skipping existing ESTBAN file: 202504_ESTBAN_AG.CSV
2026-03-18 16:20:18,558 - INFO - Skipping existing ESTBAN file: 202503_ESTBAN_AG.CSV
2026-03-18 16:20:18,560 - INFO - Skipping existing ESTBAN file: 202502_ESTBAN_AG.CSV
2026-03-18 16:20:18,561 - INFO - Skipping existing ESTBAN file: 202501_ESTBAN_AG.CSV
2026-03-18 16:20:18,562 - INFO - Skipping existing ESTBAN file: 202412_ESTBAN_AG.CSV
2026-03-18 16:20:18,564 - INFO - Skipping existing ESTBAN file: 202411_ESTBAN_AG.CSV
2026-03-18 16:20:18,565 - INFO - Skipping existing ESTBAN file: 202410_ESTBAN_AG.CSV
2026-03-18 16:20:18,567 - INFO - Skipping existing ESTBAN file: 202409_ESTBAN_AG.CSV
2026-03-18 16:20:18,568 - INFO - Skipping existing ESTBAN file: 202408_ESTBAN_AG.CSV
2026-03-18 16:20:18,569 - INFO - Skipping existing ESTBAN file: 202407_ESTBAN_AG.CSV
2026-03-18 16:20:18,571 - INFO - Skipping existing ESTBAN file: 202406_ESTBAN_AG.CSV
2026-03-18 16:20:18,572 - INFO - Skipping existing ESTBAN file: 202405_ESTBAN_AG.CSV
2026-03-18 16:20:18,573 - INFO - Skipping existing ESTBAN file: 202404_ESTBAN_AG.CSV
2026-03-18 16:20:18,574 - INFO - Skipping existing ESTBAN file: 202403_ESTBAN_AG.CSV
2026-03-18 16:20:18,575 - INFO - Skipping existing ESTBAN file: 202402_ESTBAN_AG.CSV
2026-03-18 16:20:18,576 - INFO - Skipping existing ESTBAN file: 202401_ESTBAN_AG.CSV
2026-03-18 16:20:18,578 - INFO - Skipping existing ESTBAN file: 202312_ESTBAN_AG.CSV
2026-03-18 16:20:18,590 - INFO - Skipping existing ESTBAN file: 202311_ESTBAN_AG.CSV
2026-03-18 16:20:18,593 - INFO - Skipping existing ESTBAN file: 202310_ESTBAN_AG.CSV
2026-03-18 16:20:18,595 - INFO - Skipping existing ESTBAN file: 202309_ESTBAN_AG.CSV
2026-03-18 16:20:18,596 - INFO - Skipping existing ESTBAN file: 202308_ESTBAN_AG.CSV
2026-03-18 16:20:18,597 - INFO - Skipping existing ESTBAN file: 202307_ESTBAN_AG.CSV
2026-03-18 16:20:18,598 - INFO - Skipping existing ESTBAN file: 202306_ESTBAN_AG.CSV
2026-03-18 16:20:18,599 - INFO - Skipping existing ESTBAN file: 202305_ESTBAN_AG.CSV
2026-03-18 16:20:18,602 - INFO - Skipping existing ESTBAN file: 202304_ESTBAN_AG.CSV
2026-03-18 16:20:18,604 - INFO - Skipping existing ESTBAN file: 202303_ESTBAN_AG.CSV
2026-03-18 16:20:18,607 - INFO - Skipping existing ESTBAN file: 202302_ESTBAN_AG.CSV
2026-03-18 16:20:18,609 - INFO - Skipping existing ESTBAN file: 202301_ESTBAN_AG.CSV
2026-03-18 16:20:18,611 - INFO - Skipping existing ESTBAN file: 202212_ESTBAN_AG.CSV
2026-03-18 16:20:18,615 - INFO - Skipping existing ESTBAN file: 202211_ESTBAN_AG.CSV
2026-03-18 16:20:18,617 - INFO - Skipping existing ESTBAN file: 202210_ESTBAN_AG.CSV
2026-03-18 16:20:18,618 - INFO - Skipping existing ESTBAN file: 202209_ESTBAN_AG.CSV
2026-03-18 16:20:18,618 - INFO - Skipping existing ESTBAN file: 202208_ESTBAN_AG.CSV
2026-03-18 16:20:18,618 - INFO - Skipping existing ESTBAN file: 202207_ESTBAN_AG.CSV
2026-03-18 16:20:18,618 - INFO - Skipping existing ESTBAN file: 202206_ESTBAN_AG.CSV
2026-03-18 16:20:18,623 - INFO - Skipping existing ESTBAN file: 202205_ESTBAN_AG.CSV
2026-03-18 16:20:18,623 - INFO - Skipping existing ESTBAN file: 202204_ESTBAN_AG.CSV
2026-03-18 16:20:18,623 - INFO - Skipping existing ESTBAN file: 202203_ESTBAN_AG.CSV
2026-03-18 16:20:18,623 - INFO - Skipping existing ESTBAN file: 202202_ESTBAN_AG.CSV
2026-03-18 16:20:18,627 - INFO - Skipping existing ESTBAN file: 202201_ESTBAN_AG.CSV
2026-03-18 16:20:18,627 - INFO - Skipping existing ESTBAN file: 202112_ESTBAN_AG.CSV
2026-03-18 16:20:18,627 - INFO - Skipping existing ESTBAN file: 202111_ESTBAN_AG.CSV
2026-03-18 16:20:18,629 - INFO - Skipping existing ESTBAN file: 202110_ESTBAN_AG.CSV
2026-03-18 16:20:18,629 - INFO - Skipping existing ESTBAN file: 202109_ESTBAN_AG.CSV
2026-03-18 16:20:18,629 - INFO - Skipping existing ESTBAN file: 202108_ESTBAN_AG.CSV
2026-03-18 16:20:18,631 - INFO - Skipping existing ESTBAN file: 202107_ESTBAN_AG.CSV
2026-03-18 16:20:18,631 - INFO - Skipping existing ESTBAN file: 202106_ESTBAN_AG.CSV
2026-03-18 16:20:18,631 - INFO - Skipping existing ESTBAN file: 202105_ESTBAN_AG.CSV
2026-03-18 16:20:18,631 - INFO - Skipping existing ESTBAN file: 202104_ESTBAN_AG.CSV
2026-03-18 16:20:18,633 - INFO - Skipping existing ESTBAN file: 202103_ESTBAN_AG.CSV
2026-03-18 16:20:18,633 - INFO - Skipping existing ESTBAN file: 202102_ESTBAN_AG.CSV
2026-03-18 16:20:18,634 - INFO - Skipping existing ESTBAN file: 202101_ESTBAN_AG.CSV
2026-03-18 16:20:18,634 - INFO - Skipping existing ESTBAN file: 202012_ESTBAN_AG.CSV
2026-03-18 16:20:18,634 - INFO - Skipping existing ESTBAN file: 202011_ESTBAN_AG.CSV
2026-03-18 16:20:18,634 - INFO - Skipping existing ESTBAN file: 202010_ESTBAN_AG.CSV
2026-03-18 16:20:18,634 - INFO - Skipping existing ESTBAN file: 202009_ESTBAN_AG.CSV
2026-03-18 16:20:18,634 - INFO - Skipping existing ESTBAN file: 202008_ESTBAN_AG.CSV
2026-03-18 16:20:18,634 - INFO - Skipping existing ESTBAN file: 202007_ESTBAN_AG.CSV
2026-03-18 16:20:18,634 - INFO - Skipping existing ESTBAN file: 202006_ESTBAN_AG.CSV
2026-03-18 16:20:18,641 - INFO - Skipping existing ESTBAN file: 202005_ESTBAN_AG.CSV
2026-03-18 16:20:18,642 - INFO - Skipping existing ESTBAN file: 202004_ESTBAN_AG.CSV
2026-03-18 16:20:18,643 - INFO - Skipping existing ESTBAN file: 202003_ESTBAN_AG.CSV
2026-03-18 16:20:18,643 - INFO - Skipping existing ESTBAN file: 202002_ESTBAN_AG.CSV
2026-03-18 16:20:18,643 - INFO - Skipping existing ESTBAN file: 202001_ESTBAN_AG.CSV
2026-03-18 16:20:18,643 - INFO - Skipping existing ESTBAN file: 201912_ESTBAN_AG.CSV
2026-03-18 16:20:18,643 - INFO - Skipping existing ESTBAN file: 201911_ESTBAN_AG.CSV
2026-03-18 16:20:18,643 - INFO - Skipping existing ESTBAN file: 201910_ESTBAN_AG.CSV
2026-03-18 16:20:18,643 - INFO - Skipping existing ESTBAN file: 201909_ESTBAN_AG.CSV
2026-03-18 16:20:18,643 - INFO - Skipping existing ESTBAN file: 201908_ESTBAN_AG.CSV
2026-03-18 16:20:18,650 - INFO - Skipping existing ESTBAN file: 201907_ESTBAN_AG.CSV
2026-03-18 16:20:18,650 - INFO - Skipping existing ESTBAN file: 201906_ESTBAN_AG.CSV
2026-03-18 16:20:18,650 - INFO - Skipping existing ESTBAN file: 201905_ESTBAN_AG.CSV
2026-03-18 16:20:18,650 - INFO - Skipping existing ESTBAN file: 201904_ESTBAN_AG.CSV
2026-03-18 16:20:18,650 - INFO - Skipping existing ESTBAN file: 201903_ESTBAN_AG.CSV
2026-03-18 16:20:18,650 - INFO - Skipping existing ESTBAN file: 201902_ESTBAN_AG.CSV
2026-03-18 16:20:18,650 - INFO - Skipping existing ESTBAN file: 201901_ESTBAN_AG.CSV
2026-03-18 16:20:18,650 - INFO - Skipping existing ESTBAN file: 201812_ESTBAN_AG.CSV
2026-03-18 16:20:18,650 - INFO - Skipping existing ESTBAN file: 201811_ESTBAN_AG.CSV
2026-03-18 16:20:18,650 - INFO - Skipping existing ESTBAN file: 201810_ESTBAN_AG.CSV
2026-03-18 16:20:18,650 - INFO - Skipping existing ESTBAN file: 201809_ESTBAN_AG.CSV
2026-03-18 16:20:18,650 - INFO - Skipping existing ESTBAN file: 201808_ESTBAN_AG.CSV
2026-03-18 16:20:18,657 - INFO - Skipping existing ESTBAN file: 201807_ESTBAN_AG.CSV
2026-03-18 16:20:18,657 - INFO - Skipping existing ESTBAN file: 201806_ESTBAN_AG.CSV
2026-03-18 16:20:18,657 - INFO - Skipping existing ESTBAN file: 201805_ESTBAN_AG.CSV
2026-03-18 16:20:18,660 - INFO - Skipping existing ESTBAN file: 201804_ESTBAN_AG.CSV
2026-03-18 16:20:18,661 - INFO - Skipping existing ESTBAN file: 201803_ESTBAN_AG.CSV
2026-03-18 16:20:18,662 - INFO - Skipping existing ESTBAN file: 201802_ESTBAN_AG.CSV
2026-03-18 16:20:18,662 - INFO - Skipping existing ESTBAN file: 201801_ESTBAN_AG.CSV
2026-03-18 16:20:18,663 - INFO - Skipping existing ESTBAN file: 201712_ESTBAN_AG.CSV
2026-03-18 16:20:18,664 - INFO - Skipping existing ESTBAN file: 201711_ESTBAN_AG.CSV
2026-03-18 16:20:18,664 - INFO - Skipping existing ESTBAN file: 201710_ESTBAN_AG.CSV
2026-03-18 16:20:18,665 - INFO - Skipping existing ESTBAN file: 201709_ESTBAN_AG.CSV
2026-03-18 16:20:18,666 - INFO - Skipping existing ESTBAN file: 201708_ESTBAN_AG.CSV
2026-03-18 16:20:18,667 - INFO - Skipping existing ESTBAN file: 201707_ESTBAN_AG.CSV
2026-03-18 16:20:18,668 - INFO - Skipping existing ESTBAN file: 201706_ESTBAN_AG.CSV
2026-03-18 16:20:18,669 - INFO - Skipping existing ESTBAN file: 201705_ESTBAN_AG.CSV
2026-03-18 16:20:18,670 - INFO - Skipping existing ESTBAN file: 201704_ESTBAN_AG.CSV
2026-03-18 16:20:18,670 - INFO - Skipping existing ESTBAN file: 201703_ESTBAN_AG.CSV
2026-03-18 16:20:18,671 - INFO - Skipping existing ESTBAN file: 201702_ESTBAN_AG.CSV
2026-03-18 16:20:18,671 - INFO - Skipping existing ESTBAN file: 201701_ESTBAN_AG.CSV
2026-03-18 16:20:18,671 - INFO - Skipping existing ESTBAN file: 201612_ESTBAN_AG.CSV
2026-03-18 16:20:18,673 - INFO - Skipping existing ESTBAN file: 201611_ESTBAN_AG.CSV
2026-03-18 16:20:18,674 - INFO - Skipping existing ESTBAN file: 201610_ESTBAN_AG.CSV
2026-03-18 16:20:18,674 - INFO - Skipping existing ESTBAN file: 201609_ESTBAN_AG.CSV
2026-03-18 16:20:18,676 - INFO - Skipping existing ESTBAN file: 201608_ESTBAN_AG.CSV
2026-03-18 16:20:18,677 - INFO - Skipping existing ESTBAN file: 201607_ESTBAN_AG.CSV
2026-03-18 16:20:18,679 - INFO - Skipping existing ESTBAN file: 201606_ESTBAN_AG.CSV
2026-03-18 16:20:18,679 - INFO - Skipping existing ESTBAN file: 201605_ESTBAN_AG.CSV
2026-03-18 16:20:18,679 - INFO - Skipping existing ESTBAN file: 201604_ESTBAN_AG.CSV
2026-03-18 16:20:18,679 - INFO - Skipping existing ESTBAN file: 201603_ESTBAN_AG.CSV
2026-03-18 16:20:18,679 - INFO - Skipping existing ESTBAN file: 201602_ESTBAN_AG.CSV
2026-03-18 16:20:18,679 - INFO - Skipping existing ESTBAN file: 201601_ESTBAN_AG.CSV
2026-03-18 16:20:18,679 - INFO - Skipping existing ESTBAN file: 201512_ESTBAN_AG.CSV
2026-03-18 16:20:18,679 - INFO - Skipping existing ESTBAN file: 201511_ESTBAN_AG.CSV
2026-03-18 16:20:18,679 - INFO - Skipping existing ESTBAN file: 201510_ESTBAN_AG.CSV
2026-03-18 16:20:18,679 - INFO - Skipping existing ESTBAN file: 201509_ESTBAN_AG.CSV
2026-03-18 16:20:18,679 - INFO - Skipping existing ESTBAN file: 201508_ESTBAN_AG.CSV
2026-03-18 16:20:18,679 - INFO - Skipping existing ESTBAN file: 201507_ESTBAN_AG.CSV
2026-03-18 16:20:18,679 - INFO - Skipping existing ESTBAN file: 201506_ESTBAN_AG.CSV
2026-03-18 16:20:18,679 - INFO - Skipping existing ESTBAN file: 201505_ESTBAN_AG.CSV
2026-03-18 16:20:18,679 - INFO - Skipping existing ESTBAN file: 201504_ESTBAN_AG.CSV
2026-03-18 16:20:18,692 - INFO - Skipping existing ESTBAN file: 201503_ESTBAN_AG.CSV
2026-03-18 16:20:18,692 - INFO - Skipping existing ESTBAN file: 201502_ESTBAN_AG.CSV
2026-03-18 16:20:18,694 - INFO - Skipping existing ESTBAN file: 201501_ESTBAN_AG.CSV
2026-03-18 16:20:18,695 - INFO - Skipping existing ESTBAN file: 201412_ESTBAN_AG.CSV
2026-03-18 16:20:18,696 - INFO - Skipping existing ESTBAN file: 201411_ESTBAN_AG.CSV
2026-03-18 16:20:18,697 - INFO - Skipping existing ESTBAN file: 201410_ESTBAN_AG.CSV
2026-03-18 16:20:18,697 - INFO - Skipping existing ESTBAN file: 201409_ESTBAN_AG.CSV
2026-03-18 16:20:18,698 - INFO - Skipping existing ESTBAN file: 201408_ESTBAN_AG.CSV
2026-03-18 16:20:18,698 - INFO - Skipping existing ESTBAN file: 201407_ESTBAN_AG.CSV
2026-03-18 16:20:18,700 - INFO - Skipping existing ESTBAN file: 201406_ESTBAN_AG.CSV
2026-03-18 16:20:18,701 - INFO - Skipping existing ESTBAN file: 201405_ESTBAN_AG.CSV
2026-03-18 16:20:18,702 - INFO - Skipping existing ESTBAN file: 201404_ESTBAN_AG.CSV
2026-03-18 16:20:18,702 - INFO - Skipping existing ESTBAN file: 201403_ESTBAN_AG.CSV
2026-03-18 16:20:18,703 - INFO - Skipping existing ESTBAN file: 201402_ESTBAN_AG.CSV
2026-03-18 16:20:18,703 - INFO - Skipping existing ESTBAN file: 201401_ESTBAN_AG.CSV
2026-03-18 16:20:18,706 - INFO - Skipping existing ESTBAN file: 201312_ESTBAN_AG.CSV
2026-03-18 16:20:18,707 - INFO - Skipping existing ESTBAN file: 201311_ESTBAN_AG.CSV
2026-03-18 16:20:18,707 - INFO - Skipping existing ESTBAN file: 201310_ESTBAN_AG.CSV
2026-03-18 16:20:18,707 - INFO - Skipping existing ESTBAN file: 201309_ESTBAN_AG.CSV
2026-03-18 16:20:18,707 - INFO - Skipping existing ESTBAN file: 201308_ESTBAN_AG.CSV
2026-03-18 16:20:18,707 - INFO - Skipping existing ESTBAN file: 201307_ESTBAN_AG.CSV
2026-03-18 16:20:18,707 - INFO - Skipping existing ESTBAN file: 201306_ESTBAN_AG.CSV
2026-03-18 16:20:18,713 - INFO - Skipping existing ESTBAN file: 201305_ESTBAN_AG.CSV
2026-03-18 16:20:18,713 - INFO - Skipping existing ESTBAN file: 201304_ESTBAN_AG.CSV
2026-03-18 16:20:18,713 - INFO - Skipping existing ESTBAN file: 201303_ESTBAN_AG.CSV
2026-03-18 16:20:18,713 - INFO - Skipping existing ESTBAN file: 201302_ESTBAN_AG.CSV
2026-03-18 16:20:18,713 - INFO - Skipping existing ESTBAN file: 201301_ESTBAN_AG.CSV
2026-03-18 17:00:18,377 - INFO - File already exists, skipping: C:\Users\pedro\OneDrive\Documentos\Yale\Year 3 (2024 - 2025)\Open Finance\Open-Finance\BCB\IF Data\List\IF_DATA_List_2016_3.csv
2026-03-18 17:00:18,384 - INFO - File already exists, skipping: C:\Users\pedro\OneDrive\Documentos\Yale\Year 3 (2024 - 2025)\Open Finance\Open-Finance\BCB\IF Data\List\IF_DATA_List_2016_6.csv
2026-03-18 17:00:18,385 - INFO - File already exists, skipping: C:\Users\pedro\OneDrive\Documentos\Yale\Year 3 (2024 - 2025)\Open Finance\Open-Finance\BCB\IF Data\List\IF_DATA_List_2016_9.csv
2026-03-18 17:00:18,387 - INFO - File already exists, skipping: C:\Users\pedro\OneDrive\Documentos\Yale\Year 3 (2024 - 2025)\Open Finance\Open-Finance\BCB\IF Data\List\IF_DATA_List_2016_12.csv
2026-03-18 17:00:18,392 - INFO - File already exists, skipping: C:\Users\pedro\OneDrive\Documentos\Yale\Year 3 (2024 - 2025)\Open Finance\Open-Finance\BCB\IF Data\Prudential Conglomerates\IF_DATA_Values_2016_3.csv
2026-03-18 17:00:18,393 - INFO - File already exists, skipping: C:\Users\pedro\OneDrive\Documentos\Yale\Year 3 (2024 - 2025)\Open Finance\Open-Finance\BCB\IF Data\Individual Institutions\IF_DATA_Values_2016_3.csv
2026-03-18 17:00:18,393 - INFO - File already exists, skipping: C:\Users\pedro\OneDrive\Documentos\Yale\Year 3 (2024 - 2025)\Open Finance\Open-Finance\BCB\IF Data\Financial Conglomerates\IF_DATA_Values_2016_3.csv
2026-03-18 17:00:18,393 - INFO - File already exists, skipping: C:\Users\pedro\OneDrive\Documentos\Yale\Year 3 (2024 - 2025)\Open Finance\Open-Finance\BCB\IF Data\Prudential Conglomerates\IF_DATA_Values_2016_6.csv
2026-03-18 17:00:18,399 - INFO - File already exists, skipping: C:\Users\pedro\OneDrive\Documentos\Yale\Year 3 (2024 - 2025)\Open Finance\Open-Finance\BCB\IF Data\Individual Institutions\IF_DATA_Values_2016_6.csv
2026-03-18 17:00:18,399 - INFO - File already exists, skipping: C:\Users\pedro\OneDrive\Documentos\Yale\Year 3 (2024 - 2025)\Open Finance\Open-Finance\BCB\IF Data\Financial Conglomerates\IF_DATA_Values_2016_6.csv
2026-03-18 17:00:18,401 - INFO - File already exists, skipping: C:\Users\pedro\OneDrive\Documentos\Yale\Year 3 (2024 - 2025)\Open Finance\Open-Finance\BCB\IF Data\Prudential Conglomerates\IF_DATA_Values_2016_9.csv
2026-03-18 17:00:18,405 - INFO - File already exists, skipping: C:\Users\pedro\OneDrive\Documentos\Yale\Year 3 (2024 - 2025)\Open Finance\Open-Finance\BCB\IF Data\Financial Conglomerates\IF_DATA_Values_2016_9.csv
2026-03-18 17:00:18,405 - INFO - File already exists, skipping: C:\Users\pedro\OneDrive\Documentos\Yale\Year 3 (2024 - 2025)\Open Finance\Open-Finance\BCB\IF Data\Individual Institutions\IF_DATA_Values_2016_9.csv
2026-03-18 17:00:18,407 - INFO - File already exists, skipping: C:\Users\pedro\OneDrive\Documentos\Yale\Year 3 (2024 - 2025)\Open Finance\Open-Finance\BCB\IF Data\Prudential Conglomerates\IF_DATA_Values_2016_12.csv
2026-03-18 17:00:18,407 - INFO - File already exists, skipping: C:\Users\pedro\OneDrive\Documentos\Yale\Year 3 (2024 - 2025)\Open Finance\Open-Finance\BCB\IF Data\Individual Institutions\IF_DATA_Values_2016_12.csv
2026-03-18 17:00:18,407 - INFO - File already exists, skipping: C:\Users\pedro\OneDrive\Documentos\Yale\Year 3 (2024 - 2025)\Open Finance\Open-Finance\BCB\IF Data\Financial Conglomerates\IF_DATA_Values_2016_12.csv
2026-03-18 17:00:18,411 - INFO - File already exists, skipping: C:\Users\pedro\OneDrive\Documentos\Yale\Year 3 (2024 - 2025)\Open Finance\Open-Finance\BCB\IF Data\List\IF_DATA_List_2017_3.csv
2026-03-18 17:00:18,411 - INFO - File already exists, skipping: C:\Users\pedro\OneDrive\Documentos\Yale\Year 3 (2024 - 2025)\Open Finance\Open-Finance\BCB\IF Data\List\IF_DATA_List_2017_6.csv
2026-03-18 17:00:18,413 - INFO - File already exists, skipping: C:\Users\pedro\OneDrive\Documentos\Yale\Year 3 (2024 - 2025)\Open Finance\Open-Finance\BCB\IF Data\List\IF_DATA_List_2017_9.csv
2026-03-18 17:00:18,413 - INFO - File already exists, skipping: C:\Users\pedro\OneDrive\Documentos\Yale\Year 3 (2024 - 2025)\Open Finance\Open-Finance\BCB\IF Data\List\IF_DATA_List_2017_12.csv
2026-03-18 17:00:18,419 - INFO - File already exists, skipping: C:\Users\pedro\OneDrive\Documentos\Yale\Year 3 (2024 - 2025)\Open Finance\Open-Finance\BCB\IF Data\Prudential Conglomerates\IF_DATA_Values_2017_3.csv
2026-03-18 17:00:18,419 - INFO - File already exists, skipping: C:\Users\pedro\OneDrive\Documentos\Yale\Year 3 (2024 - 2025)\Open Finance\Open-Finance\BCB\IF Data\Individual Institutions\IF_DATA_Values_2017_3.csv
2026-03-18 17:00:18,419 - INFO - File already exists, skipping: C:\Users\pedro\OneDrive\Documentos\Yale\Year 3 (2024 - 2025)\Open Finance\Open-Finance\BCB\IF Data\Financial Conglomerates\IF_DATA_Values_2017_3.csv
2026-03-18 17:00:18,423 - INFO - File already exists, skipping: C:\Users\pedro\OneDrive\Documentos\Yale\Year 3 (2024 - 2025)\Open Finance\Open-Finance\BCB\IF Data\Prudential Conglomerates\IF_DATA_Values_2017_6.csv
2026-03-18 17:00:18,423 - INFO - File already exists, skipping: C:\Users\pedro\OneDrive\Documentos\Yale\Year 3 (2024 - 2025)\Open Finance\Open-Finance\BCB\IF Data\Individual Institutions\IF_DATA_Values_2017_6.csv
2026-03-18 17:00:18,427 - INFO - File already exists, skipping: C:\Users\pedro\OneDrive\Documentos\Yale\Year 3 (2024 - 2025)\Open Finance\Open-Finance\BCB\IF Data\Financial Conglomerates\IF_DATA_Values_2017_6.csv
2026-03-18 17:00:18,429 - INFO - File already exists, skipping: C:\Users\pedro\OneDrive\Documentos\Yale\Year 3 (2024 - 2025)\Open Finance\Open-Finance\BCB\IF Data\Prudential Conglomerates\IF_DATA_Values_2017_9.csv
2026-03-18 17:00:18,431 - INFO - File already exists, skipping: C:\Users\pedro\OneDrive\Documentos\Yale\Year 3 (2024 - 2025)\Open Finance\Open-Finance\BCB\IF Data\Individual Institutions\IF_DATA_Values_2017_9.csv
2026-03-18 17:00:18,431 - INFO - File already exists, skipping: C:\Users\pedro\OneDrive\Documentos\Yale\Year 3 (2024 - 2025)\Open Finance\Open-Finance\BCB\IF Data\Financial Conglomerates\IF_DATA_Values_2017_9.csv
2026-03-18 17:00:18,436 - INFO - File already exists, skipping: C:\Users\pedro\OneDrive\Documentos\Yale\Year 3 (2024 - 2025)\Open Finance\Open-Finance\BCB\IF Data\Prudential Conglomerates\IF_DATA_Values_2017_12.csv
2026-03-18 17:00:18,436 - INFO - File already exists, skipping: C:\Users\pedro\OneDrive\Documentos\Yale\Year 3 (2024 - 2025)\Open Finance\Open-Finance\BCB\IF Data\Financial Conglomerates\IF_DATA_Values_2017_12.csv
2026-03-18 17:00:18,436 - INFO - File already exists, skipping: C:\Users\pedro\OneDrive\Documentos\Yale\Year 3 (2024 - 2025)\Open Finance\Open-Finance\BCB\IF Data\Individual Institutions\IF_DATA_Values_2017_12.csv
2026-03-18 17:00:18,436 - INFO - File already exists, skipping: C:\Users\pedro\OneDrive\Documentos\Yale\Year 3 (2024 - 2025)\Open Finance\Open-Finance\BCB\IF Data\List\IF_DATA_List_2018_3.csv
2026-03-18 17:00:18,436 - INFO - File already exists, skipping: C:\Users\pedro\OneDrive\Documentos\Yale\Year 3 (2024 - 2025)\Open Finance\Open-Finance\BCB\IF Data\List\IF_DATA_List_2018_6.csv
2026-03-18 17:00:18,443 - INFO - File already exists, skipping: C:\Users\pedro\OneDrive\Documentos\Yale\Year 3 (2024 - 2025)\Open Finance\Open-Finance\BCB\IF Data\List\IF_DATA_List_2018_9.csv
2026-03-18 17:00:18,443 - INFO - File already exists, skipping: C:\Users\pedro\OneDrive\Documentos\Yale\Year 3 (2024 - 2025)\Open Finance\Open-Finance\BCB\IF Data\List\IF_DATA_List_2018_12.csv
2026-03-18 17:00:18,448 - INFO - File already exists, skipping: C:\Users\pedro\OneDrive\Documentos\Yale\Year 3 (2024 - 2025)\Open Finance\Open-Finance\BCB\IF Data\Prudential Conglomerates\IF_DATA_Values_2018_3.csv
2026-03-18 17:00:18,449 - INFO - File already exists, skipping: C:\Users\pedro\OneDrive\Documentos\Yale\Year 3 (2024 - 2025)\Open Finance\Open-Finance\BCB\IF Data\Individual Institutions\IF_DATA_Values_2018_3.csv
2026-03-18 17:00:18,451 - INFO - File already exists, skipping: C:\Users\pedro\OneDrive\Documentos\Yale\Year 3 (2024 - 2025)\Open Finance\Open-Finance\BCB\IF Data\Financial Conglomerates\IF_DATA_Values_2018_3.csv
2026-03-18 17:00:18,452 - INFO - File already exists, skipping: C:\Users\pedro\OneDrive\Documentos\Yale\Year 3 (2024 - 2025)\Open Finance\Open-Finance\BCB\IF Data\Prudential Conglomerates\IF_DATA_Values_2018_6.csv
2026-03-18 17:00:18,452 - INFO - File already exists, skipping: C:\Users\pedro\OneDrive\Documentos\Yale\Year 3 (2024 - 2025)\Open Finance\Open-Finance\BCB\IF Data\Individual Institutions\IF_DATA_Values_2018_6.csv
2026-03-18 17:00:18,452 - INFO - File already exists, skipping: C:\Users\pedro\OneDrive\Documentos\Yale\Year 3 (2024 - 2025)\Open Finance\Open-Finance\BCB\IF Data\Financial Conglomerates\IF_DATA_Values_2018_6.csv
2026-03-18 17:00:18,463 - INFO - File already exists, skipping: C:\Users\pedro\OneDrive\Documentos\Yale\Year 3 (2024 - 2025)\Open Finance\Open-Finance\BCB\IF Data\Prudential Conglomerates\IF_DATA_Values_2018_9.csv
2026-03-18 17:00:18,463 - INFO - File already exists, skipping: C:\Users\pedro\OneDrive\Documentos\Yale\Year 3 (2024 - 2025)\Open Finance\Open-Finance\BCB\IF Data\Financial Conglomerates\IF_DATA_Values_2018_9.csv
2026-03-18 17:00:18,463 - INFO - File already exists, skipping: C:\Users\pedro\OneDrive\Documentos\Yale\Year 3 (2024 - 2025)\Open Finance\Open-Finance\BCB\IF Data\Individual Institutions\IF_DATA_Values_2018_9.csv
2026-03-18 17:00:18,470 - INFO - File already exists, skipping: C:\Users\pedro\OneDrive\Documentos\Yale\Year 3 (2024 - 2025)\Open Finance\Open-Finance\BCB\IF Data\Prudential Conglomerates\IF_DATA_Values_2018_12.csv
2026-03-18 17:00:18,471 - INFO - File already exists, skipping: C:\Users\pedro\OneDrive\Documentos\Yale\Year 3 (2024 - 2025)\Open Finance\Open-Finance\BCB\IF Data\Individual Institutions\IF_DATA_Values_2018_12.csv
2026-03-18 17:00:18,474 - INFO - File already exists, skipping: C:\Users\pedro\OneDrive\Documentos\Yale\Year 3 (2024 - 2025)\Open Finance\Open-Finance\BCB\IF Data\Financial Conglomerates\IF_DATA_Values_2018_12.csv
2026-03-18 17:00:18,477 - INFO - File already exists, skipping: C:\Users\pedro\OneDrive\Documentos\Yale\Year 3 (2024 - 2025)\Open Finance\Open-Finance\BCB\IF Data\List\IF_DATA_List_2019_3.csv
2026-03-18 17:00:18,479 - INFO - File already exists, skipping: C:\Users\pedro\OneDrive\Documentos\Yale\Year 3 (2024 - 2025)\Open Finance\Open-Finance\BCB\IF Data\List\IF_DATA_List_2019_6.csv
2026-03-18 17:00:18,483 - INFO - File already exists, skipping: C:\Users\pedro\OneDrive\Documentos\Yale\Year 3 (2024 - 2025)\Open Finance\Open-Finance\BCB\IF Data\List\IF_DATA_List_2019_9.csv
2026-03-18 17:00:18,485 - INFO - File already exists, skipping: C:\Users\pedro\OneDrive\Documentos\Yale\Year 3 (2024 - 2025)\Open Finance\Open-Finance\BCB\IF Data\List\IF_DATA_List_2019_12.csv
2026-03-18 17:00:18,486 - INFO - File already exists, skipping: C:\Users\pedro\OneDrive\Documentos\Yale\Year 3 (2024 - 2025)\Open Finance\Open-Finance\BCB\IF Data\Prudential Conglomerates\IF_DATA_Values_2019_3.csv
2026-03-18 17:00:18,486 - INFO - File already exists, skipping: C:\Users\pedro\OneDrive\Documentos\Yale\Year 3 (2024 - 2025)\Open Finance\Open-Finance\BCB\IF Data\Individual Institutions\IF_DATA_Values_2019_3.csv
2026-03-18 17:00:18,486 - INFO - File already exists, skipping: C:\Users\pedro\OneDrive\Documentos\Yale\Year 3 (2024 - 2025)\Open Finance\Open-Finance\BCB\IF Data\Financial Conglomerates\IF_DATA_Values_2019_3.csv
2026-03-18 17:00:18,493 - INFO - File already exists, skipping: C:\Users\pedro\OneDrive\Documentos\Yale\Year 3 (2024 - 2025)\Open Finance\Open-Finance\BCB\IF Data\Prudential Conglomerates\IF_DATA_Values_2019_6.csv
2026-03-18 17:00:18,496 - INFO - File already exists, skipping: C:\Users\pedro\OneDrive\Documentos\Yale\Year 3 (2024 - 2025)\Open Finance\Open-Finance\BCB\IF Data\Financial Conglomerates\IF_DATA_Values_2019_6.csv
2026-03-18 17:00:18,496 - INFO - File already exists, skipping: C:\Users\pedro\OneDrive\Documentos\Yale\Year 3 (2024 - 2025)\Open Finance\Open-Finance\BCB\IF Data\Individual Institutions\IF_DATA_Values_2019_6.csv
2026-03-18 17:00:18,503 - INFO - File already exists, skipping: C:\Users\pedro\OneDrive\Documentos\Yale\Year 3 (2024 - 2025)\Open Finance\Open-Finance\BCB\IF Data\Prudential Conglomerates\IF_DATA_Values_2019_9.csv
2026-03-18 17:00:18,503 - INFO - File already exists, skipping: C:\Users\pedro\OneDrive\Documentos\Yale\Year 3 (2024 - 2025)\Open Finance\Open-Finance\BCB\IF Data\Individual Institutions\IF_DATA_Values_2019_9.csv
2026-03-18 17:00:18,503 - INFO - File already exists, skipping: C:\Users\pedro\OneDrive\Documentos\Yale\Year 3 (2024 - 2025)\Open Finance\Open-Finance\BCB\IF Data\Financial Conglomerates\IF_DATA_Values_2019_9.csv
2026-03-18 17:00:18,512 - INFO - File already exists, skipping: C:\Users\pedro\OneDrive\Documentos\Yale\Year 3 (2024 - 2025)\Open Finance\Open-Finance\BCB\IF Data\Prudential Conglomerates\IF_DATA_Values_2019_12.csv
2026-03-18 17:00:18,513 - INFO - File already exists, skipping: C:\Users\pedro\OneDrive\Documentos\Yale\Year 3 (2024 - 2025)\Open Finance\Open-Finance\BCB\IF Data\Financial Conglomerates\IF_DATA_Values_2019_12.csv
2026-03-18 17:00:18,513 - INFO - File already exists, skipping: C:\Users\pedro\OneDrive\Documentos\Yale\Year 3 (2024 - 2025)\Open Finance\Open-Finance\BCB\IF Data\Individual Institutions\IF_DATA_Values_2019_12.csv
2026-03-18 17:00:18,519 - INFO - File already exists, skipping: C:\Users\pedro\OneDrive\Documentos\Yale\Year 3 (2024 - 2025)\Open Finance\Open-Finance\BCB\IF Data\List\IF_DATA_List_2020_3.csv
2026-03-18 17:00:18,521 - INFO - File already exists, skipping: C:\Users\pedro\OneDrive\Documentos\Yale\Year 3 (2024 - 2025)\Open Finance\Open-Finance\BCB\IF Data\List\IF_DATA_List_2020_6.csv
2026-03-18 17:00:18,523 - INFO - File already exists, skipping: C:\Users\pedro\OneDrive\Documentos\Yale\Year 3 (2024 - 2025)\Open Finance\Open-Finance\BCB\IF Data\List\IF_DATA_List_2020_9.csv
2026-03-18 17:00:18,527 - INFO - File already exists, skipping: C:\Users\pedro\OneDrive\Documentos\Yale\Year 3 (2024 - 2025)\Open Finance\Open-Finance\BCB\IF Data\List\IF_DATA_List_2020_12.csv
2026-03-18 17:00:18,530 - INFO - File already exists, skipping: C:\Users\pedro\OneDrive\Documentos\Yale\Year 3 (2024 - 2025)\Open Finance\Open-Finance\BCB\IF Data\Prudential Conglomerates\IF_DATA_Values_2020_3.csv
2026-03-18 17:00:18,535 - INFO - File already exists, skipping: C:\Users\pedro\OneDrive\Documentos\Yale\Year 3 (2024 - 2025)\Open Finance\Open-Finance\BCB\IF Data\Financial Conglomerates\IF_DATA_Values_2020_3.csv
2026-03-18 17:00:18,536 - INFO - File already exists, skipping: C:\Users\pedro\OneDrive\Documentos\Yale\Year 3 (2024 - 2025)\Open Finance\Open-Finance\BCB\IF Data\Individual Institutions\IF_DATA_Values_2020_3.csv
2026-03-18 17:00:18,544 - INFO - File already exists, skipping: C:\Users\pedro\OneDrive\Documentos\Yale\Year 3 (2024 - 2025)\Open Finance\Open-Finance\BCB\IF Data\Prudential Conglomerates\IF_DATA_Values_2020_6.csv
2026-03-18 17:00:18,544 - INFO - File already exists, skipping: C:\Users\pedro\OneDrive\Documentos\Yale\Year 3 (2024 - 2025)\Open Finance\Open-Finance\BCB\IF Data\Individual Institutions\IF_DATA_Values_2020_6.csv
2026-03-18 17:00:18,544 - INFO - File already exists, skipping: C:\Users\pedro\OneDrive\Documentos\Yale\Year 3 (2024 - 2025)\Open Finance\Open-Finance\BCB\IF Data\Financial Conglomerates\IF_DATA_Values_2020_6.csv
2026-03-18 17:00:18,552 - INFO - File already exists, skipping: C:\Users\pedro\OneDrive\Documentos\Yale\Year 3 (2024 - 2025)\Open Finance\Open-Finance\BCB\IF Data\Prudential Conglomerates\IF_DATA_Values_2020_9.csv
2026-03-18 17:00:18,555 - INFO - File already exists, skipping: C:\Users\pedro\OneDrive\Documentos\Yale\Year 3 (2024 - 2025)\Open Finance\Open-Finance\BCB\IF Data\Individual Institutions\IF_DATA_Values_2020_9.csv
2026-03-18 17:00:18,555 - INFO - File already exists, skipping: C:\Users\pedro\OneDrive\Documentos\Yale\Year 3 (2024 - 2025)\Open Finance\Open-Finance\BCB\IF Data\Financial Conglomerates\IF_DATA_Values_2020_9.csv
2026-03-18 17:00:18,562 - INFO - File already exists, skipping: C:\Users\pedro\OneDrive\Documentos\Yale\Year 3 (2024 - 2025)\Open Finance\Open-Finance\BCB\IF Data\Prudential Conglomerates\IF_DATA_Values_2020_12.csv
2026-03-18 17:00:18,562 - INFO - File already exists, skipping: C:\Users\pedro\OneDrive\Documentos\Yale\Year 3 (2024 - 2025)\Open Finance\Open-Finance\BCB\IF Data\Individual Institutions\IF_DATA_Values_2020_12.csv
2026-03-18 17:00:18,564 - INFO - File already exists, skipping: C:\Users\pedro\OneDrive\Documentos\Yale\Year 3 (2024 - 2025)\Open Finance\Open-Finance\BCB\IF Data\Financial Conglomerates\IF_DATA_Values_2020_12.csv
2026-03-18 17:00:18,569 - INFO - File already exists, skipping: C:\Users\pedro\OneDrive\Documentos\Yale\Year 3 (2024 - 2025)\Open Finance\Open-Finance\BCB\IF Data\List\IF_DATA_List_2021_3.csv
2026-03-18 17:00:18,570 - INFO - File already exists, skipping: C:\Users\pedro\OneDrive\Documentos\Yale\Year 3 (2024 - 2025)\Open Finance\Open-Finance\BCB\IF Data\List\IF_DATA_List_2021_6.csv
2026-03-18 17:00:18,570 - INFO - File already exists, skipping: C:\Users\pedro\OneDrive\Documentos\Yale\Year 3 (2024 - 2025)\Open Finance\Open-Finance\BCB\IF Data\List\IF_DATA_List_2021_9.csv
2026-03-18 17:00:18,573 - INFO - File already exists, skipping: C:\Users\pedro\OneDrive\Documentos\Yale\Year 3 (2024 - 2025)\Open Finance\Open-Finance\BCB\IF Data\List\IF_DATA_List_2021_12.csv
2026-03-18 17:00:18,577 - INFO - File already exists, skipping: C:\Users\pedro\OneDrive\Documentos\Yale\Year 3 (2024 - 2025)\Open Finance\Open-Finance\BCB\IF Data\Prudential Conglomerates\IF_DATA_Values_2021_3.csv
2026-03-18 17:00:18,578 - INFO - File already exists, skipping: C:\Users\pedro\OneDrive\Documentos\Yale\Year 3 (2024 - 2025)\Open Finance\Open-Finance\BCB\IF Data\Financial Conglomerates\IF_DATA_Values_2021_3.csv
2026-03-18 17:00:18,578 - INFO - File already exists, skipping: C:\Users\pedro\OneDrive\Documentos\Yale\Year 3 (2024 - 2025)\Open Finance\Open-Finance\BCB\IF Data\Individual Institutions\IF_DATA_Values_2021_3.csv
2026-03-18 17:00:18,585 - INFO - File already exists, skipping: C:\Users\pedro\OneDrive\Documentos\Yale\Year 3 (2024 - 2025)\Open Finance\Open-Finance\BCB\IF Data\Prudential Conglomerates\IF_DATA_Values_2021_6.csv
2026-03-18 17:00:18,585 - INFO - File already exists, skipping: C:\Users\pedro\OneDrive\Documentos\Yale\Year 3 (2024 - 2025)\Open Finance\Open-Finance\BCB\IF Data\Individual Institutions\IF_DATA_Values_2021_6.csv
2026-03-18 17:00:18,587 - INFO - File already exists, skipping: C:\Users\pedro\OneDrive\Documentos\Yale\Year 3 (2024 - 2025)\Open Finance\Open-Finance\BCB\IF Data\Financial Conglomerates\IF_DATA_Values_2021_6.csv
2026-03-18 17:00:18,589 - INFO - File already exists, skipping: C:\Users\pedro\OneDrive\Documentos\Yale\Year 3 (2024 - 2025)\Open Finance\Open-Finance\BCB\IF Data\Prudential Conglomerates\IF_DATA_Values_2021_9.csv
2026-03-18 17:00:18,591 - INFO - File already exists, skipping: C:\Users\pedro\OneDrive\Documentos\Yale\Year 3 (2024 - 2025)\Open Finance\Open-Finance\BCB\IF Data\Financial Conglomerates\IF_DATA_Values_2021_9.csv
2026-03-18 17:00:18,591 - INFO - File already exists, skipping: C:\Users\pedro\OneDrive\Documentos\Yale\Year 3 (2024 - 2025)\Open Finance\Open-Finance\BCB\IF Data\Individual Institutions\IF_DATA_Values_2021_9.csv
2026-03-18 17:00:18,596 - INFO - File already exists, skipping: C:\Users\pedro\OneDrive\Documentos\Yale\Year 3 (2024 - 2025)\Open Finance\Open-Finance\BCB\IF Data\Prudential Conglomerates\IF_DATA_Values_2021_12.csv
2026-03-18 17:00:18,596 - INFO - File already exists, skipping: C:\Users\pedro\OneDrive\Documentos\Yale\Year 3 (2024 - 2025)\Open Finance\Open-Finance\BCB\IF Data\Individual Institutions\IF_DATA_Values_2021_12.csv
2026-03-18 17:00:18,596 - INFO - File already exists, skipping: C:\Users\pedro\OneDrive\Documentos\Yale\Year 3 (2024 - 2025)\Open Finance\Open-Finance\BCB\IF Data\Financial Conglomerates\IF_DATA_Values_2021_12.csv
2026-03-18 17:00:18,603 - INFO - File already exists, skipping: C:\Users\pedro\OneDrive\Documentos\Yale\Year 3 (2024 - 2025)\Open Finance\Open-Finance\BCB\IF Data\List\IF_DATA_List_2022_3.csv
2026-03-18 17:00:18,605 - INFO - File already exists, skipping: C:\Users\pedro\OneDrive\Documentos\Yale\Year 3 (2024 - 2025)\Open Finance\Open-Finance\BCB\IF Data\List\IF_DATA_List_2022_6.csv
2026-03-18 17:00:18,606 - INFO - File already exists, skipping: C:\Users\pedro\OneDrive\Documentos\Yale\Year 3 (2024 - 2025)\Open Finance\Open-Finance\BCB\IF Data\List\IF_DATA_List_2022_9.csv
2026-03-18 17:00:18,608 - INFO - File already exists, skipping: C:\Users\pedro\OneDrive\Documentos\Yale\Year 3 (2024 - 2025)\Open Finance\Open-Finance\BCB\IF Data\List\IF_DATA_List_2022_12.csv
2026-03-18 17:00:18,610 - INFO - File already exists, skipping: C:\Users\pedro\OneDrive\Documentos\Yale\Year 3 (2024 - 2025)\Open Finance\Open-Finance\BCB\IF Data\Prudential Conglomerates\IF_DATA_Values_2022_3.csv
2026-03-18 17:00:18,612 - INFO - File already exists, skipping: C:\Users\pedro\OneDrive\Documentos\Yale\Year 3 (2024 - 2025)\Open Finance\Open-Finance\BCB\IF Data\Individual Institutions\IF_DATA_Values_2022_3.csv
2026-03-18 17:00:18,612 - INFO - File already exists, skipping: C:\Users\pedro\OneDrive\Documentos\Yale\Year 3 (2024 - 2025)\Open Finance\Open-Finance\BCB\IF Data\Financial Conglomerates\IF_DATA_Values_2022_3.csv
2026-03-18 17:00:18,617 - INFO - File already exists, skipping: C:\Users\pedro\OneDrive\Documentos\Yale\Year 3 (2024 - 2025)\Open Finance\Open-Finance\BCB\IF Data\Prudential Conglomerates\IF_DATA_Values_2022_6.csv
2026-03-18 17:00:18,620 - INFO - File already exists, skipping: C:\Users\pedro\OneDrive\Documentos\Yale\Year 3 (2024 - 2025)\Open Finance\Open-Finance\BCB\IF Data\Individual Institutions\IF_DATA_Values_2022_6.csv
2026-03-18 17:00:18,621 - INFO - File already exists, skipping: C:\Users\pedro\OneDrive\Documentos\Yale\Year 3 (2024 - 2025)\Open Finance\Open-Finance\BCB\IF Data\Financial Conglomerates\IF_DATA_Values_2022_6.csv
2026-03-18 17:00:18,624 - INFO - File already exists, skipping: C:\Users\pedro\OneDrive\Documentos\Yale\Year 3 (2024 - 2025)\Open Finance\Open-Finance\BCB\IF Data\Prudential Conglomerates\IF_DATA_Values_2022_9.csv
2026-03-18 17:00:18,625 - INFO - File already exists, skipping: C:\Users\pedro\OneDrive\Documentos\Yale\Year 3 (2024 - 2025)\Open Finance\Open-Finance\BCB\IF Data\Individual Institutions\IF_DATA_Values_2022_9.csv
2026-03-18 17:00:18,625 - INFO - File already exists, skipping: C:\Users\pedro\OneDrive\Documentos\Yale\Year 3 (2024 - 2025)\Open Finance\Open-Finance\BCB\IF Data\Financial Conglomerates\IF_DATA_Values_2022_9.csv
2026-03-18 17:00:18,629 - INFO - File already exists, skipping: C:\Users\pedro\OneDrive\Documentos\Yale\Year 3 (2024 - 2025)\Open Finance\Open-Finance\BCB\IF Data\Prudential Conglomerates\IF_DATA_Values_2022_12.csv
2026-03-18 17:00:18,630 - INFO - File already exists, skipping: C:\Users\pedro\OneDrive\Documentos\Yale\Year 3 (2024 - 2025)\Open Finance\Open-Finance\BCB\IF Data\Individual Institutions\IF_DATA_Values_2022_12.csv
2026-03-18 17:00:18,630 - INFO - File already exists, skipping: C:\Users\pedro\OneDrive\Documentos\Yale\Year 3 (2024 - 2025)\Open Finance\Open-Finance\BCB\IF Data\Financial Conglomerates\IF_DATA_Values_2022_12.csv
2026-03-18 17:00:18,634 - INFO - File already exists, skipping: C:\Users\pedro\OneDrive\Documentos\Yale\Year 3 (2024 - 2025)\Open Finance\Open-Finance\BCB\IF Data\List\IF_DATA_List_2023_3.csv
2026-03-18 17:00:18,634 - INFO - File already exists, skipping: C:\Users\pedro\OneDrive\Documentos\Yale\Year 3 (2024 - 2025)\Open Finance\Open-Finance\BCB\IF Data\List\IF_DATA_List_2023_6.csv
2026-03-18 17:00:18,636 - INFO - File already exists, skipping: C:\Users\pedro\OneDrive\Documentos\Yale\Year 3 (2024 - 2025)\Open Finance\Open-Finance\BCB\IF Data\List\IF_DATA_List_2023_9.csv
2026-03-18 17:00:18,638 - INFO - File already exists, skipping: C:\Users\pedro\OneDrive\Documentos\Yale\Year 3 (2024 - 2025)\Open Finance\Open-Finance\BCB\IF Data\List\IF_DATA_List_2023_12.csv
2026-03-18 17:00:18,641 - INFO - File already exists, skipping: C:\Users\pedro\OneDrive\Documentos\Yale\Year 3 (2024 - 2025)\Open Finance\Open-Finance\BCB\IF Data\Prudential Conglomerates\IF_DATA_Values_2023_3.csv
2026-03-18 17:00:18,642 - INFO - File already exists, skipping: C:\Users\pedro\OneDrive\Documentos\Yale\Year 3 (2024 - 2025)\Open Finance\Open-Finance\BCB\IF Data\Financial Conglomerates\IF_DATA_Values_2023_3.csv
2026-03-18 17:00:18,642 - INFO - File already exists, skipping: C:\Users\pedro\OneDrive\Documentos\Yale\Year 3 (2024 - 2025)\Open Finance\Open-Finance\BCB\IF Data\Individual Institutions\IF_DATA_Values_2023_3.csv
2026-03-18 17:00:18,645 - INFO - File already exists, skipping: C:\Users\pedro\OneDrive\Documentos\Yale\Year 3 (2024 - 2025)\Open Finance\Open-Finance\BCB\IF Data\Prudential Conglomerates\IF_DATA_Values_2023_6.csv
2026-03-18 17:00:18,646 - INFO - File already exists, skipping: C:\Users\pedro\OneDrive\Documentos\Yale\Year 3 (2024 - 2025)\Open Finance\Open-Finance\BCB\IF Data\Individual Institutions\IF_DATA_Values_2023_6.csv
2026-03-18 17:00:18,647 - INFO - File already exists, skipping: C:\Users\pedro\OneDrive\Documentos\Yale\Year 3 (2024 - 2025)\Open Finance\Open-Finance\BCB\IF Data\Financial Conglomerates\IF_DATA_Values_2023_6.csv
2026-03-18 17:00:18,650 - INFO - File already exists, skipping: C:\Users\pedro\OneDrive\Documentos\Yale\Year 3 (2024 - 2025)\Open Finance\Open-Finance\BCB\IF Data\Prudential Conglomerates\IF_DATA_Values_2023_9.csv
2026-03-18 17:00:18,651 - INFO - File already exists, skipping: C:\Users\pedro\OneDrive\Documentos\Yale\Year 3 (2024 - 2025)\Open Finance\Open-Finance\BCB\IF Data\Individual Institutions\IF_DATA_Values_2023_9.csv
2026-03-18 17:00:18,651 - INFO - File already exists, skipping: C:\Users\pedro\OneDrive\Documentos\Yale\Year 3 (2024 - 2025)\Open Finance\Open-Finance\BCB\IF Data\Financial Conglomerates\IF_DATA_Values_2023_9.csv
2026-03-18 17:00:18,651 - INFO - File already exists, skipping: C:\Users\pedro\OneDrive\Documentos\Yale\Year 3 (2024 - 2025)\Open Finance\Open-Finance\BCB\IF Data\Prudential Conglomerates\IF_DATA_Values_2023_12.csv
2026-03-18 17:00:18,651 - INFO - File already exists, skipping: C:\Users\pedro\OneDrive\Documentos\Yale\Year 3 (2024 - 2025)\Open Finance\Open-Finance\BCB\IF Data\Individual Institutions\IF_DATA_Values_2023_12.csv
2026-03-18 17:00:18,651 - INFO - File already exists, skipping: C:\Users\pedro\OneDrive\Documentos\Yale\Year 3 (2024 - 2025)\Open Finance\Open-Finance\BCB\IF Data\Financial Conglomerates\IF_DATA_Values_2023_12.csv
2026-03-18 17:00:18,657 - INFO - File already exists, skipping: C:\Users\pedro\OneDrive\Documentos\Yale\Year 3 (2024 - 2025)\Open Finance\Open-Finance\BCB\IF Data\List\IF_DATA_List_2024_3.csv
2026-03-18 17:00:18,657 - INFO - File already exists, skipping: C:\Users\pedro\OneDrive\Documentos\Yale\Year 3 (2024 - 2025)\Open Finance\Open-Finance\BCB\IF Data\List\IF_DATA_List_2024_6.csv
2026-03-18 17:00:18,657 - INFO - File already exists, skipping: C:\Users\pedro\OneDrive\Documentos\Yale\Year 3 (2024 - 2025)\Open Finance\Open-Finance\BCB\IF Data\List\IF_DATA_List_2024_9.csv
2026-03-18 17:00:18,661 - INFO - File already exists, skipping: C:\Users\pedro\OneDrive\Documentos\Yale\Year 3 (2024 - 2025)\Open Finance\Open-Finance\BCB\IF Data\List\IF_DATA_List_2024_12.csv
2026-03-18 17:00:18,663 - INFO - File already exists, skipping: C:\Users\pedro\OneDrive\Documentos\Yale\Year 3 (2024 - 2025)\Open Finance\Open-Finance\BCB\IF Data\Prudential Conglomerates\IF_DATA_Values_2024_3.csv
2026-03-18 17:00:18,664 - INFO - File already exists, skipping: C:\Users\pedro\OneDrive\Documentos\Yale\Year 3 (2024 - 2025)\Open Finance\Open-Finance\BCB\IF Data\Individual Institutions\IF_DATA_Values_2024_3.csv
2026-03-18 17:00:18,664 - INFO - File already exists, skipping: C:\Users\pedro\OneDrive\Documentos\Yale\Year 3 (2024 - 2025)\Open Finance\Open-Finance\BCB\IF Data\Financial Conglomerates\IF_DATA_Values_2024_3.csv
2026-03-18 17:00:18,671 - INFO - File already exists, skipping: C:\Users\pedro\OneDrive\Documentos\Yale\Year 3 (2024 - 2025)\Open Finance\Open-Finance\BCB\IF Data\Prudential Conglomerates\IF_DATA_Values_2024_6.csv
2026-03-18 17:00:18,673 - INFO - File already exists, skipping: C:\Users\pedro\OneDrive\Documentos\Yale\Year 3 (2024 - 2025)\Open Finance\Open-Finance\BCB\IF Data\Financial Conglomerates\IF_DATA_Values_2024_6.csv
2026-03-18 17:00:18,673 - INFO - File already exists, skipping: C:\Users\pedro\OneDrive\Documentos\Yale\Year 3 (2024 - 2025)\Open Finance\Open-Finance\BCB\IF Data\Individual Institutions\IF_DATA_Values_2024_6.csv
2026-03-18 17:00:18,677 - INFO - File already exists, skipping: C:\Users\pedro\OneDrive\Documentos\Yale\Year 3 (2024 - 2025)\Open Finance\Open-Finance\BCB\IF Data\Prudential Conglomerates\IF_DATA_Values_2024_9.csv
2026-03-18 17:00:18,677 - INFO - File already exists, skipping: C:\Users\pedro\OneDrive\Documentos\Yale\Year 3 (2024 - 2025)\Open Finance\Open-Finance\BCB\IF Data\Financial Conglomerates\IF_DATA_Values_2024_9.csv
2026-03-18 17:00:18,677 - INFO - File already exists, skipping: C:\Users\pedro\OneDrive\Documentos\Yale\Year 3 (2024 - 2025)\Open Finance\Open-Finance\BCB\IF Data\Individual Institutions\IF_DATA_Values_2024_9.csv
2026-03-18 17:00:18,686 - INFO - File already exists, skipping: C:\Users\pedro\OneDrive\Documentos\Yale\Year 3 (2024 - 2025)\Open Finance\Open-Finance\BCB\IF Data\Prudential Conglomerates\IF_DATA_Values_2024_12.csv
2026-03-18 17:00:18,689 - INFO - File already exists, skipping: C:\Users\pedro\OneDrive\Documentos\Yale\Year 3 (2024 - 2025)\Open Finance\Open-Finance\BCB\IF Data\Financial Conglomerates\IF_DATA_Values_2024_12.csv
2026-03-18 17:00:18,689 - INFO - File already exists, skipping: C:\Users\pedro\OneDrive\Documentos\Yale\Year 3 (2024 - 2025)\Open Finance\Open-Finance\BCB\IF Data\Individual Institutions\IF_DATA_Values_2024_12.csv
2026-03-18 17:00:18,691 - INFO - File already exists, skipping: C:\Users\pedro\OneDrive\Documentos\Yale\Year 3 (2024 - 2025)\Open Finance\Open-Finance\BCB\IF Data\List\IF_DATA_List_2025_3.csv
2026-03-18 17:00:18,693 - INFO - File already exists, skipping: C:\Users\pedro\OneDrive\Documentos\Yale\Year 3 (2024 - 2025)\Open Finance\Open-Finance\BCB\IF Data\List\IF_DATA_List_2025_6.csv
2026-03-18 17:00:18,695 - INFO - File already exists, skipping: C:\Users\pedro\OneDrive\Documentos\Yale\Year 3 (2024 - 2025)\Open Finance\Open-Finance\BCB\IF Data\List\IF_DATA_List_2025_9.csv
2026-03-18 17:00:20,928 - INFO - Downloaded data for 2025-12
2026-03-18 17:01:43,382 - INFO - File already exists, skipping: C:\Users\pedro\OneDrive\Documentos\Yale\Year 3 (2024 - 2025)\Open Finance\Open-Finance\BCB\IF Data\Prudential Conglomerates\IF_DATA_Values_2025_3.csv
2026-03-18 17:01:43,382 - INFO - File already exists, skipping: C:\Users\pedro\OneDrive\Documentos\Yale\Year 3 (2024 - 2025)\Open Finance\Open-Finance\BCB\IF Data\Financial Conglomerates\IF_DATA_Values_2025_3.csv
2026-03-18 17:01:43,382 - INFO - File already exists, skipping: C:\Users\pedro\OneDrive\Documentos\Yale\Year 3 (2024 - 2025)\Open Finance\Open-Finance\BCB\IF Data\Individual Institutions\IF_DATA_Values_2025_3.csv
2026-03-18 17:01:43,382 - INFO - File already exists, skipping: C:\Users\pedro\OneDrive\Documentos\Yale\Year 3 (2024 - 2025)\Open Finance\Open-Finance\BCB\IF Data\Prudential Conglomerates\IF_DATA_Values_2025_6.csv
2026-03-18 17:01:43,382 - INFO - File already exists, skipping: C:\Users\pedro\OneDrive\Documentos\Yale\Year 3 (2024 - 2025)\Open Finance\Open-Finance\BCB\IF Data\Financial Conglomerates\IF_DATA_Values_2025_6.csv
2026-03-18 17:01:43,382 - INFO - File already exists, skipping: C:\Users\pedro\OneDrive\Documentos\Yale\Year 3 (2024 - 2025)\Open Finance\Open-Finance\BCB\IF Data\Individual Institutions\IF_DATA_Values_2025_6.csv
2026-03-18 17:01:43,394 - INFO - File already exists, skipping: C:\Users\pedro\OneDrive\Documentos\Yale\Year 3 (2024 - 2025)\Open Finance\Open-Finance\BCB\IF Data\Prudential Conglomerates\IF_DATA_Values_2025_9.csv
2026-03-18 17:01:43,394 - INFO - File already exists, skipping: C:\Users\pedro\OneDrive\Documentos\Yale\Year 3 (2024 - 2025)\Open Finance\Open-Finance\BCB\IF Data\Financial Conglomerates\IF_DATA_Values_2025_9.csv
2026-03-18 17:01:43,394 - INFO - File already exists, skipping: C:\Users\pedro\OneDrive\Documentos\Yale\Year 3 (2024 - 2025)\Open Finance\Open-Finance\BCB\IF Data\Individual Institutions\IF_DATA_Values_2025_9.csv
2026-03-18 17:01:44,701 - WARNING - Empty data for 2025-12 (Type 3). Retrying.
2026-03-18 17:01:44,701 - WARNING - Empty data for 2025-12 (Type 1). Retrying.
2026-03-18 17:01:44,705 - WARNING - Empty data for 2025-12 (Type 2). Retrying.
2026-03-18 17:01:44,705 - INFO - Waiting 30 seconds before retrying...
2026-03-18 17:01:44,705 - INFO - Waiting 30 seconds before retrying...
2026-03-18 17:01:44,705 - INFO - Waiting 30 seconds before retrying...
2026-03-18 17:02:15,717 - WARNING - Empty data for 2025-12 (Type 3). Retrying.
2026-03-18 17:02:15,717 - INFO - Waiting 60 seconds before retrying...
2026-03-18 17:02:15,723 - WARNING - Empty data for 2025-12 (Type 1). Retrying.
2026-03-18 17:02:15,723 - INFO - Waiting 60 seconds before retrying...
2026-03-18 17:02:15,920 - WARNING - Empty data for 2025-12 (Type 2). Retrying.
2026-03-18 17:02:15,920 - INFO - Waiting 60 seconds before retrying...
2026-03-18 17:03:16,751 - WARNING - Empty data for 2025-12 (Type 3). Retrying.
2026-03-18 17:03:16,752 - INFO - Waiting 120 seconds before retrying...
2026-03-18 17:03:16,849 - WARNING - Empty data for 2025-12 (Type 1). Retrying.
2026-03-18 17:03:16,850 - INFO - Waiting 120 seconds before retrying...
2026-03-18 17:03:16,851 - WARNING - Empty data for 2025-12 (Type 2). Retrying.
2026-03-18 17:03:16,852 - INFO - Waiting 120 seconds before retrying...
2026-03-18 17:05:21,455 - INFO - ESTBAN listing (municipio): 447 files found
2026-03-18 17:05:25,821 - INFO - ESTBAN listing (agencia): 447 files found
2026-03-18 17:05:25,824 - INFO - Skipping existing ESTBAN file: 202509_ESTBAN.CSV
2026-03-18 17:05:25,826 - INFO - Skipping existing ESTBAN file: 202508_ESTBAN.CSV
2026-03-18 17:05:25,828 - INFO - Skipping existing ESTBAN file: 202507_ESTBAN.CSV
2026-03-18 17:05:25,829 - INFO - Skipping existing ESTBAN file: 202506_ESTBAN.CSV
2026-03-18 17:05:25,831 - INFO - Skipping existing ESTBAN file: 202505_ESTBAN.CSV
2026-03-18 17:05:25,832 - INFO - Skipping existing ESTBAN file: 202504_ESTBAN.CSV
2026-03-18 17:05:25,834 - INFO - Skipping existing ESTBAN file: 202503_ESTBAN.CSV
2026-03-18 17:05:25,836 - INFO - Skipping existing ESTBAN file: 202502_ESTBAN.CSV
2026-03-18 17:05:25,837 - INFO - Skipping existing ESTBAN file: 202501_ESTBAN.CSV
2026-03-18 17:05:25,838 - INFO - Skipping existing ESTBAN file: 202412_ESTBAN.CSV
2026-03-18 17:05:25,839 - INFO - Skipping existing ESTBAN file: 202411_ESTBAN.CSV
2026-03-18 17:05:25,841 - INFO - Skipping existing ESTBAN file: 202410_ESTBAN.CSV
2026-03-18 17:05:25,842 - INFO - Skipping existing ESTBAN file: 202409_ESTBAN.CSV
2026-03-18 17:05:25,843 - INFO - Skipping existing ESTBAN file: 202408_ESTBAN.CSV
2026-03-18 17:05:25,844 - INFO - Skipping existing ESTBAN file: 202407_ESTBAN.CSV
2026-03-18 17:05:25,845 - INFO - Skipping existing ESTBAN file: 202406_ESTBAN.CSV
2026-03-18 17:05:25,846 - INFO - Skipping existing ESTBAN file: 202405_ESTBAN.CSV
2026-03-18 17:05:25,847 - INFO - Skipping existing ESTBAN file: 202404_ESTBAN.CSV
2026-03-18 17:05:25,847 - INFO - Skipping existing ESTBAN file: 202403_ESTBAN.CSV
2026-03-18 17:05:25,848 - INFO - Skipping existing ESTBAN file: 202402_ESTBAN.CSV
2026-03-18 17:05:25,850 - INFO - Skipping existing ESTBAN file: 202401_ESTBAN.CSV
2026-03-18 17:05:25,850 - INFO - Skipping existing ESTBAN file: 202312_ESTBAN.CSV
2026-03-18 17:05:25,854 - INFO - Skipping existing ESTBAN file: 202311_ESTBAN.CSV
2026-03-18 17:05:25,854 - INFO - Skipping existing ESTBAN file: 202310_ESTBAN.CSV
2026-03-18 17:05:25,854 - INFO - Skipping existing ESTBAN file: 202309_ESTBAN.CSV
2026-03-18 17:05:25,854 - INFO - Skipping existing ESTBAN file: 202308_ESTBAN.CSV
2026-03-18 17:05:25,854 - INFO - Skipping existing ESTBAN file: 202307_ESTBAN.CSV
2026-03-18 17:05:25,857 - INFO - Skipping existing ESTBAN file: 202306_ESTBAN.CSV
2026-03-18 17:05:25,857 - INFO - Skipping existing ESTBAN file: 202305_ESTBAN.CSV
2026-03-18 17:05:25,859 - INFO - Skipping existing ESTBAN file: 202304_ESTBAN.CSV
2026-03-18 17:05:25,859 - INFO - Skipping existing ESTBAN file: 202303_ESTBAN.CSV
2026-03-18 17:05:25,862 - INFO - Skipping existing ESTBAN file: 202302_ESTBAN.CSV
2026-03-18 17:05:25,864 - INFO - Skipping existing ESTBAN file: 202301_ESTBAN.CSV
2026-03-18 17:05:25,865 - INFO - Skipping existing ESTBAN file: 202212_ESTBAN.CSV
2026-03-18 17:05:25,865 - INFO - Skipping existing ESTBAN file: 202211_ESTBAN.CSV
2026-03-18 17:05:25,865 - INFO - Skipping existing ESTBAN file: 202210_ESTBAN.CSV
2026-03-18 17:05:25,865 - INFO - Skipping existing ESTBAN file: 202209_ESTBAN.CSV
2026-03-18 17:05:25,865 - INFO - Skipping existing ESTBAN file: 202208_ESTBAN.CSV
2026-03-18 17:05:25,865 - INFO - Skipping existing ESTBAN file: 202207_ESTBAN.CSV
2026-03-18 17:05:25,865 - INFO - Skipping existing ESTBAN file: 202206_ESTBAN.CSV
2026-03-18 17:05:25,865 - INFO - Skipping existing ESTBAN file: 202205_ESTBAN.CSV
2026-03-18 17:05:25,877 - INFO - Skipping existing ESTBAN file: 202204_ESTBAN.CSV
2026-03-18 17:05:25,877 - INFO - Skipping existing ESTBAN file: 202203_ESTBAN.CSV
2026-03-18 17:05:25,879 - INFO - Skipping existing ESTBAN file: 202202_ESTBAN.CSV
2026-03-18 17:05:25,881 - INFO - Skipping existing ESTBAN file: 202201_ESTBAN.CSV
2026-03-18 17:05:25,881 - INFO - Skipping existing ESTBAN file: 202112_ESTBAN.CSV
2026-03-18 17:05:25,881 - INFO - Skipping existing ESTBAN file: 202111_ESTBAN.CSV
2026-03-18 17:05:25,883 - INFO - Skipping existing ESTBAN file: 202110_ESTBAN.CSV
2026-03-18 17:05:25,883 - INFO - Skipping existing ESTBAN file: 202109_ESTBAN.CSV
2026-03-18 17:05:25,885 - INFO - Skipping existing ESTBAN file: 202108_ESTBAN.CSV
2026-03-18 17:05:25,885 - INFO - Skipping existing ESTBAN file: 202107_ESTBAN.CSV
2026-03-18 17:05:25,885 - INFO - Skipping existing ESTBAN file: 202106_ESTBAN.CSV
2026-03-18 17:05:25,889 - INFO - Skipping existing ESTBAN file: 202105_ESTBAN.CSV
2026-03-18 17:05:25,891 - INFO - Skipping existing ESTBAN file: 202104_ESTBAN.CSV
2026-03-18 17:05:25,893 - INFO - Skipping existing ESTBAN file: 202103_ESTBAN.CSV
2026-03-18 17:05:25,893 - INFO - Skipping existing ESTBAN file: 202102_ESTBAN.CSV
2026-03-18 17:05:25,895 - INFO - Skipping existing ESTBAN file: 202101_ESTBAN.CSV
2026-03-18 17:05:25,897 - INFO - Skipping existing ESTBAN file: 202012_ESTBAN.CSV
2026-03-18 17:05:25,897 - INFO - Skipping existing ESTBAN file: 202011_ESTBAN.CSV
2026-03-18 17:05:25,899 - INFO - Skipping existing ESTBAN file: 202010_ESTBAN.CSV
2026-03-18 17:05:25,901 - INFO - Skipping existing ESTBAN file: 202009_ESTBAN.CSV
2026-03-18 17:05:25,901 - INFO - Skipping existing ESTBAN file: 202008_ESTBAN.CSV
2026-03-18 17:05:25,905 - INFO - Skipping existing ESTBAN file: 202007_ESTBAN.CSV
2026-03-18 17:05:25,907 - INFO - Skipping existing ESTBAN file: 202006_ESTBAN.CSV
2026-03-18 17:05:25,909 - INFO - Skipping existing ESTBAN file: 202005_ESTBAN.CSV
2026-03-18 17:05:25,911 - INFO - Skipping existing ESTBAN file: 202004_ESTBAN.CSV
2026-03-18 17:05:25,913 - INFO - Skipping existing ESTBAN file: 202003_ESTBAN.CSV
2026-03-18 17:05:25,918 - INFO - Skipping existing ESTBAN file: 202002_ESTBAN.CSV
2026-03-18 17:05:25,921 - INFO - Skipping existing ESTBAN file: 202001_ESTBAN.CSV
2026-03-18 17:05:25,922 - INFO - Skipping existing ESTBAN file: 201912_ESTBAN.CSV
2026-03-18 17:05:25,923 - INFO - Skipping existing ESTBAN file: 201911_ESTBAN.CSV
2026-03-18 17:05:25,924 - INFO - Skipping existing ESTBAN file: 201910_ESTBAN.CSV
2026-03-18 17:05:25,926 - INFO - Skipping existing ESTBAN file: 201909_ESTBAN.CSV
2026-03-18 17:05:25,928 - INFO - Skipping existing ESTBAN file: 201908_ESTBAN.CSV
2026-03-18 17:05:25,930 - INFO - Skipping existing ESTBAN file: 201907_ESTBAN.CSV
2026-03-18 17:05:25,931 - INFO - Skipping existing ESTBAN file: 201906_ESTBAN.CSV
2026-03-18 17:05:25,934 - INFO - Skipping existing ESTBAN file: 201905_ESTBAN.CSV
2026-03-18 17:05:25,936 - INFO - Skipping existing ESTBAN file: 201904_ESTBAN.CSV
2026-03-18 17:05:25,937 - INFO - Skipping existing ESTBAN file: 201903_ESTBAN.CSV
2026-03-18 17:05:25,939 - INFO - Skipping existing ESTBAN file: 201902_ESTBAN.CSV
2026-03-18 17:05:25,940 - INFO - Skipping existing ESTBAN file: 201901_ESTBAN.CSV
2026-03-18 17:05:25,941 - INFO - Skipping existing ESTBAN file: 201812_ESTBAN.CSV
2026-03-18 17:05:25,943 - INFO - Skipping existing ESTBAN file: 201811_ESTBAN.CSV
2026-03-18 17:05:25,944 - INFO - Skipping existing ESTBAN file: 201810_ESTBAN.CSV
2026-03-18 17:05:25,945 - INFO - Skipping existing ESTBAN file: 201809_ESTBAN.CSV
2026-03-18 17:05:25,947 - INFO - Skipping existing ESTBAN file: 201808_ESTBAN.CSV
2026-03-18 17:05:25,948 - INFO - Skipping existing ESTBAN file: 201807_ESTBAN.CSV
2026-03-18 17:05:25,951 - INFO - Skipping existing ESTBAN file: 201806_ESTBAN.CSV
2026-03-18 17:05:25,953 - INFO - Skipping existing ESTBAN file: 201805_ESTBAN.CSV
2026-03-18 17:05:25,954 - INFO - Skipping existing ESTBAN file: 201804_ESTBAN.CSV
2026-03-18 17:05:25,955 - INFO - Skipping existing ESTBAN file: 201803_ESTBAN.CSV
2026-03-18 17:05:25,957 - INFO - Skipping existing ESTBAN file: 201802_ESTBAN.CSV
2026-03-18 17:05:25,959 - INFO - Skipping existing ESTBAN file: 201801_ESTBAN.CSV
2026-03-18 17:05:25,960 - INFO - Skipping existing ESTBAN file: 201712_ESTBAN.CSV
2026-03-18 17:05:25,962 - INFO - Skipping existing ESTBAN file: 201711_ESTBAN.CSV
2026-03-18 17:05:25,965 - INFO - Skipping existing ESTBAN file: 201710_ESTBAN.CSV
2026-03-18 17:05:25,968 - INFO - Skipping existing ESTBAN file: 201709_ESTBAN.CSV
2026-03-18 17:05:25,970 - INFO - Skipping existing ESTBAN file: 201708_ESTBAN.CSV
2026-03-18 17:05:25,971 - INFO - Skipping existing ESTBAN file: 201707_ESTBAN.CSV
2026-03-18 17:05:25,973 - INFO - Skipping existing ESTBAN file: 201706_ESTBAN.CSV
2026-03-18 17:05:25,974 - INFO - Skipping existing ESTBAN file: 201705_ESTBAN.CSV
2026-03-18 17:05:25,976 - INFO - Skipping existing ESTBAN file: 201704_ESTBAN.CSV
2026-03-18 17:05:25,977 - INFO - Skipping existing ESTBAN file: 201703_ESTBAN.CSV
2026-03-18 17:05:25,978 - INFO - Skipping existing ESTBAN file: 201702_ESTBAN.CSV
2026-03-18 17:05:25,980 - INFO - Skipping existing ESTBAN file: 201701_ESTBAN.CSV
2026-03-18 17:05:25,981 - INFO - Skipping existing ESTBAN file: 201612_ESTBAN.CSV
2026-03-18 17:05:25,984 - INFO - Skipping existing ESTBAN file: 201611_ESTBAN.CSV
2026-03-18 17:05:25,986 - INFO - Skipping existing ESTBAN file: 201610_ESTBAN.CSV
2026-03-18 17:05:25,988 - INFO - Skipping existing ESTBAN file: 201609_ESTBAN.CSV
2026-03-18 17:05:25,990 - INFO - Skipping existing ESTBAN file: 201608_ESTBAN.CSV
2026-03-18 17:05:25,992 - INFO - Skipping existing ESTBAN file: 201607_ESTBAN.CSV
2026-03-18 17:05:25,994 - INFO - Skipping existing ESTBAN file: 201606_ESTBAN.CSV
2026-03-18 17:05:25,995 - INFO - Skipping existing ESTBAN file: 201605_ESTBAN.CSV
2026-03-18 17:05:25,998 - INFO - Skipping existing ESTBAN file: 201604_ESTBAN.CSV
2026-03-18 17:05:26,000 - INFO - Skipping existing ESTBAN file: 201603_ESTBAN.CSV
2026-03-18 17:05:26,002 - INFO - Skipping existing ESTBAN file: 201602_ESTBAN.CSV
2026-03-18 17:05:26,004 - INFO - Skipping existing ESTBAN file: 201601_ESTBAN.CSV
2026-03-18 17:05:26,007 - INFO - Skipping existing ESTBAN file: 201512_ESTBAN.CSV
2026-03-18 17:05:26,009 - INFO - Skipping existing ESTBAN file: 201511_ESTBAN.CSV
2026-03-18 17:05:26,010 - INFO - Skipping existing ESTBAN file: 201510_ESTBAN.CSV
2026-03-18 17:05:26,013 - INFO - Skipping existing ESTBAN file: 201509_ESTBAN.CSV
2026-03-18 17:05:26,015 - INFO - Skipping existing ESTBAN file: 201508_ESTBAN.CSV
2026-03-18 17:05:26,017 - INFO - Skipping existing ESTBAN file: 201507_ESTBAN.CSV
2026-03-18 17:05:26,019 - INFO - Skipping existing ESTBAN file: 201506_ESTBAN.CSV
2026-03-18 17:05:26,019 - INFO - Skipping existing ESTBAN file: 201505_ESTBAN.CSV
2026-03-18 17:05:26,020 - INFO - Skipping existing ESTBAN file: 201504_ESTBAN.CSV
2026-03-18 17:05:26,021 - INFO - Skipping existing ESTBAN file: 201503_ESTBAN.CSV
2026-03-18 17:05:26,022 - INFO - Skipping existing ESTBAN file: 201502_ESTBAN.CSV
2026-03-18 17:05:26,023 - INFO - Skipping existing ESTBAN file: 201501_ESTBAN.CSV
2026-03-18 17:05:26,025 - INFO - Skipping existing ESTBAN file: 201412_ESTBAN.CSV
2026-03-18 17:05:26,025 - INFO - Skipping existing ESTBAN file: 201411_ESTBAN.CSV
2026-03-18 17:05:26,026 - INFO - Skipping existing ESTBAN file: 201410_ESTBAN.CSV
2026-03-18 17:05:26,027 - INFO - Skipping existing ESTBAN file: 201409_ESTBAN.CSV
2026-03-18 17:05:26,027 - INFO - Skipping existing ESTBAN file: 201408_ESTBAN.CSV
2026-03-18 17:05:26,028 - INFO - Skipping existing ESTBAN file: 201407_ESTBAN.CSV
2026-03-18 17:05:26,030 - INFO - Skipping existing ESTBAN file: 201406_ESTBAN.CSV
2026-03-18 17:05:26,031 - INFO - Skipping existing ESTBAN file: 201405_ESTBAN.CSV
2026-03-18 17:05:26,031 - INFO - Skipping existing ESTBAN file: 201404_ESTBAN.CSV
2026-03-18 17:05:26,032 - INFO - Skipping existing ESTBAN file: 201403_ESTBAN.CSV
2026-03-18 17:05:26,032 - INFO - Skipping existing ESTBAN file: 201402_ESTBAN.CSV
2026-03-18 17:05:26,033 - INFO - Skipping existing ESTBAN file: 201401_ESTBAN.CSV
2026-03-18 17:05:26,033 - INFO - Skipping existing ESTBAN file: 201312_ESTBAN.CSV
2026-03-18 17:05:26,034 - INFO - Skipping existing ESTBAN file: 201311_ESTBAN.CSV
2026-03-18 17:05:26,034 - INFO - Skipping existing ESTBAN file: 201310_ESTBAN.CSV
2026-03-18 17:05:26,035 - INFO - Skipping existing ESTBAN file: 201309_ESTBAN.CSV
2026-03-18 17:05:26,036 - INFO - Skipping existing ESTBAN file: 201308_ESTBAN.CSV
2026-03-18 17:05:26,037 - INFO - Skipping existing ESTBAN file: 201307_ESTBAN.CSV
2026-03-18 17:05:26,038 - INFO - Skipping existing ESTBAN file: 201306_ESTBAN.CSV
2026-03-18 17:05:26,038 - INFO - Skipping existing ESTBAN file: 201305_ESTBAN.CSV
2026-03-18 17:05:26,039 - INFO - Skipping existing ESTBAN file: 201304_ESTBAN.CSV
2026-03-18 17:05:26,040 - INFO - Skipping existing ESTBAN file: 201303_ESTBAN.CSV
2026-03-18 17:05:26,040 - INFO - Skipping existing ESTBAN file: 201302_ESTBAN.CSV
2026-03-18 17:05:26,041 - INFO - Skipping existing ESTBAN file: 201301_ESTBAN.CSV
2026-03-18 17:05:26,041 - INFO - Skipping existing ESTBAN file: 202509_ESTBAN_AG.CSV
2026-03-18 17:05:26,042 - INFO - Skipping existing ESTBAN file: 202508_ESTBAN_AG.CSV
2026-03-18 17:05:26,042 - INFO - Skipping existing ESTBAN file: 202507_ESTBAN_AG.CSV
2026-03-18 17:05:26,044 - INFO - Skipping existing ESTBAN file: 202506_ESTBAN_AG.CSV
2026-03-18 17:05:26,044 - INFO - Skipping existing ESTBAN file: 202505_ESTBAN_AG.CSV
2026-03-18 17:05:26,045 - INFO - Skipping existing ESTBAN file: 202504_ESTBAN_AG.CSV
2026-03-18 17:05:26,046 - INFO - Skipping existing ESTBAN file: 202503_ESTBAN_AG.CSV
2026-03-18 17:05:26,047 - INFO - Skipping existing ESTBAN file: 202502_ESTBAN_AG.CSV
2026-03-18 17:05:26,048 - INFO - Skipping existing ESTBAN file: 202501_ESTBAN_AG.CSV
2026-03-18 17:05:26,048 - INFO - Skipping existing ESTBAN file: 202412_ESTBAN_AG.CSV
2026-03-18 17:05:26,051 - INFO - Skipping existing ESTBAN file: 202411_ESTBAN_AG.CSV
2026-03-18 17:05:26,053 - INFO - Skipping existing ESTBAN file: 202410_ESTBAN_AG.CSV
2026-03-18 17:05:26,055 - INFO - Skipping existing ESTBAN file: 202409_ESTBAN_AG.CSV
2026-03-18 17:05:26,056 - INFO - Skipping existing ESTBAN file: 202408_ESTBAN_AG.CSV
2026-03-18 17:05:26,057 - INFO - Skipping existing ESTBAN file: 202407_ESTBAN_AG.CSV
2026-03-18 17:05:26,059 - INFO - Skipping existing ESTBAN file: 202406_ESTBAN_AG.CSV
2026-03-18 17:05:26,059 - INFO - Skipping existing ESTBAN file: 202405_ESTBAN_AG.CSV
2026-03-18 17:05:26,059 - INFO - Skipping existing ESTBAN file: 202404_ESTBAN_AG.CSV
2026-03-18 17:05:26,060 - INFO - Skipping existing ESTBAN file: 202403_ESTBAN_AG.CSV
2026-03-18 17:05:26,061 - INFO - Skipping existing ESTBAN file: 202402_ESTBAN_AG.CSV
2026-03-18 17:05:26,063 - INFO - Skipping existing ESTBAN file: 202401_ESTBAN_AG.CSV
2026-03-18 17:05:26,063 - INFO - Skipping existing ESTBAN file: 202312_ESTBAN_AG.CSV
2026-03-18 17:05:26,065 - INFO - Skipping existing ESTBAN file: 202311_ESTBAN_AG.CSV
2026-03-18 17:05:26,066 - INFO - Skipping existing ESTBAN file: 202310_ESTBAN_AG.CSV
2026-03-18 17:05:26,067 - INFO - Skipping existing ESTBAN file: 202309_ESTBAN_AG.CSV
2026-03-18 17:05:26,069 - INFO - Skipping existing ESTBAN file: 202308_ESTBAN_AG.CSV
2026-03-18 17:05:26,069 - INFO - Skipping existing ESTBAN file: 202307_ESTBAN_AG.CSV
2026-03-18 17:05:26,070 - INFO - Skipping existing ESTBAN file: 202306_ESTBAN_AG.CSV
2026-03-18 17:05:26,071 - INFO - Skipping existing ESTBAN file: 202305_ESTBAN_AG.CSV
2026-03-18 17:05:26,071 - INFO - Skipping existing ESTBAN file: 202304_ESTBAN_AG.CSV
2026-03-18 17:05:26,072 - INFO - Skipping existing ESTBAN file: 202303_ESTBAN_AG.CSV
2026-03-18 17:05:26,074 - INFO - Skipping existing ESTBAN file: 202302_ESTBAN_AG.CSV
2026-03-18 17:05:26,074 - INFO - Skipping existing ESTBAN file: 202301_ESTBAN_AG.CSV
2026-03-18 17:05:26,076 - INFO - Skipping existing ESTBAN file: 202212_ESTBAN_AG.CSV
2026-03-18 17:05:26,077 - INFO - Skipping existing ESTBAN file: 202211_ESTBAN_AG.CSV
2026-03-18 17:05:26,077 - INFO - Skipping existing ESTBAN file: 202210_ESTBAN_AG.CSV
2026-03-18 17:05:26,078 - INFO - Skipping existing ESTBAN file: 202209_ESTBAN_AG.CSV
2026-03-18 17:05:26,079 - INFO - Skipping existing ESTBAN file: 202208_ESTBAN_AG.CSV
2026-03-18 17:05:26,079 - INFO - Skipping existing ESTBAN file: 202207_ESTBAN_AG.CSV
2026-03-18 17:05:26,080 - INFO - Skipping existing ESTBAN file: 202206_ESTBAN_AG.CSV
2026-03-18 17:05:26,081 - INFO - Skipping existing ESTBAN file: 202205_ESTBAN_AG.CSV
2026-03-18 17:05:26,081 - INFO - Skipping existing ESTBAN file: 202204_ESTBAN_AG.CSV
2026-03-18 17:05:26,082 - INFO - Skipping existing ESTBAN file: 202203_ESTBAN_AG.CSV
2026-03-18 17:05:26,082 - INFO - Skipping existing ESTBAN file: 202202_ESTBAN_AG.CSV
2026-03-18 17:05:26,084 - INFO - Skipping existing ESTBAN file: 202201_ESTBAN_AG.CSV
2026-03-18 17:05:26,085 - INFO - Skipping existing ESTBAN file: 202112_ESTBAN_AG.CSV
2026-03-18 17:05:26,085 - INFO - Skipping existing ESTBAN file: 202111_ESTBAN_AG.CSV
2026-03-18 17:05:26,086 - INFO - Skipping existing ESTBAN file: 202110_ESTBAN_AG.CSV
2026-03-18 17:05:26,086 - INFO - Skipping existing ESTBAN file: 202109_ESTBAN_AG.CSV
2026-03-18 17:05:26,087 - INFO - Skipping existing ESTBAN file: 202108_ESTBAN_AG.CSV
2026-03-18 17:05:26,087 - INFO - Skipping existing ESTBAN file: 202107_ESTBAN_AG.CSV
2026-03-18 17:05:26,088 - INFO - Skipping existing ESTBAN file: 202106_ESTBAN_AG.CSV
2026-03-18 17:05:26,089 - INFO - Skipping existing ESTBAN file: 202105_ESTBAN_AG.CSV
2026-03-18 17:05:26,089 - INFO - Skipping existing ESTBAN file: 202104_ESTBAN_AG.CSV
2026-03-18 17:05:26,090 - INFO - Skipping existing ESTBAN file: 202103_ESTBAN_AG.CSV
2026-03-18 17:05:26,091 - INFO - Skipping existing ESTBAN file: 202102_ESTBAN_AG.CSV
2026-03-18 17:05:26,092 - INFO - Skipping existing ESTBAN file: 202101_ESTBAN_AG.CSV
2026-03-18 17:05:26,092 - INFO - Skipping existing ESTBAN file: 202012_ESTBAN_AG.CSV
2026-03-18 17:05:26,093 - INFO - Skipping existing ESTBAN file: 202011_ESTBAN_AG.CSV
2026-03-18 17:05:26,094 - INFO - Skipping existing ESTBAN file: 202010_ESTBAN_AG.CSV
2026-03-18 17:05:26,094 - INFO - Skipping existing ESTBAN file: 202009_ESTBAN_AG.CSV
2026-03-18 17:05:26,095 - INFO - Skipping existing ESTBAN file: 202008_ESTBAN_AG.CSV
2026-03-18 17:05:26,096 - INFO - Skipping existing ESTBAN file: 202007_ESTBAN_AG.CSV
2026-03-18 17:05:26,097 - INFO - Skipping existing ESTBAN file: 202006_ESTBAN_AG.CSV
2026-03-18 17:05:26,097 - INFO - Skipping existing ESTBAN file: 202005_ESTBAN_AG.CSV
2026-03-18 17:05:26,099 - INFO - Skipping existing ESTBAN file: 202004_ESTBAN_AG.CSV
2026-03-18 17:05:26,100 - INFO - Skipping existing ESTBAN file: 202003_ESTBAN_AG.CSV
2026-03-18 17:05:26,100 - INFO - Skipping existing ESTBAN file: 202002_ESTBAN_AG.CSV
2026-03-18 17:05:26,101 - INFO - Skipping existing ESTBAN file: 202001_ESTBAN_AG.CSV
2026-03-18 17:05:26,101 - INFO - Skipping existing ESTBAN file: 201912_ESTBAN_AG.CSV
2026-03-18 17:05:26,101 - INFO - Skipping existing ESTBAN file: 201911_ESTBAN_AG.CSV
2026-03-18 17:05:26,103 - INFO - Skipping existing ESTBAN file: 201910_ESTBAN_AG.CSV
2026-03-18 17:05:26,104 - INFO - Skipping existing ESTBAN file: 201909_ESTBAN_AG.CSV
2026-03-18 17:05:26,105 - INFO - Skipping existing ESTBAN file: 201908_ESTBAN_AG.CSV
2026-03-18 17:05:26,106 - INFO - Skipping existing ESTBAN file: 201907_ESTBAN_AG.CSV
2026-03-18 17:05:26,107 - INFO - Skipping existing ESTBAN file: 201906_ESTBAN_AG.CSV
2026-03-18 17:05:26,107 - INFO - Skipping existing ESTBAN file: 201905_ESTBAN_AG.CSV
2026-03-18 17:05:26,108 - INFO - Skipping existing ESTBAN file: 201904_ESTBAN_AG.CSV
2026-03-18 17:05:26,109 - INFO - Skipping existing ESTBAN file: 201903_ESTBAN_AG.CSV
2026-03-18 17:05:26,110 - INFO - Skipping existing ESTBAN file: 201902_ESTBAN_AG.CSV
2026-03-18 17:05:26,110 - INFO - Skipping existing ESTBAN file: 201901_ESTBAN_AG.CSV
2026-03-18 17:05:26,111 - INFO - Skipping existing ESTBAN file: 201812_ESTBAN_AG.CSV
2026-03-18 17:05:26,111 - INFO - Skipping existing ESTBAN file: 201811_ESTBAN_AG.CSV
2026-03-18 17:05:26,113 - INFO - Skipping existing ESTBAN file: 201810_ESTBAN_AG.CSV
2026-03-18 17:05:26,114 - INFO - Skipping existing ESTBAN file: 201809_ESTBAN_AG.CSV
2026-03-18 17:05:26,115 - INFO - Skipping existing ESTBAN file: 201808_ESTBAN_AG.CSV
2026-03-18 17:05:26,116 - INFO - Skipping existing ESTBAN file: 201807_ESTBAN_AG.CSV
2026-03-18 17:05:26,117 - INFO - Skipping existing ESTBAN file: 201806_ESTBAN_AG.CSV
2026-03-18 17:05:26,117 - INFO - Skipping existing ESTBAN file: 201805_ESTBAN_AG.CSV
2026-03-18 17:05:26,117 - INFO - Skipping existing ESTBAN file: 201804_ESTBAN_AG.CSV
2026-03-18 17:05:26,119 - INFO - Skipping existing ESTBAN file: 201803_ESTBAN_AG.CSV
2026-03-18 17:05:26,119 - INFO - Skipping existing ESTBAN file: 201802_ESTBAN_AG.CSV
2026-03-18 17:05:26,119 - INFO - Skipping existing ESTBAN file: 201801_ESTBAN_AG.CSV
2026-03-18 17:05:26,119 - INFO - Skipping existing ESTBAN file: 201712_ESTBAN_AG.CSV
2026-03-18 17:05:26,119 - INFO - Skipping existing ESTBAN file: 201711_ESTBAN_AG.CSV
2026-03-18 17:05:26,122 - INFO - Skipping existing ESTBAN file: 201710_ESTBAN_AG.CSV
2026-03-18 17:05:26,122 - INFO - Skipping existing ESTBAN file: 201709_ESTBAN_AG.CSV
2026-03-18 17:05:26,122 - INFO - Skipping existing ESTBAN file: 201708_ESTBAN_AG.CSV
2026-03-18 17:05:26,122 - INFO - Skipping existing ESTBAN file: 201707_ESTBAN_AG.CSV
2026-03-18 17:05:26,124 - INFO - Skipping existing ESTBAN file: 201706_ESTBAN_AG.CSV
2026-03-18 17:05:26,124 - INFO - Skipping existing ESTBAN file: 201705_ESTBAN_AG.CSV
2026-03-18 17:05:26,126 - INFO - Skipping existing ESTBAN file: 201704_ESTBAN_AG.CSV
2026-03-18 17:05:26,126 - INFO - Skipping existing ESTBAN file: 201703_ESTBAN_AG.CSV
2026-03-18 17:05:26,126 - INFO - Skipping existing ESTBAN file: 201702_ESTBAN_AG.CSV
2026-03-18 17:05:26,126 - INFO - Skipping existing ESTBAN file: 201701_ESTBAN_AG.CSV
2026-03-18 17:05:26,126 - INFO - Skipping existing ESTBAN file: 201612_ESTBAN_AG.CSV
2026-03-18 17:05:26,126 - INFO - Skipping existing ESTBAN file: 201611_ESTBAN_AG.CSV
2026-03-18 17:05:26,131 - INFO - Skipping existing ESTBAN file: 201610_ESTBAN_AG.CSV
2026-03-18 17:05:26,132 - INFO - Skipping existing ESTBAN file: 201609_ESTBAN_AG.CSV
2026-03-18 17:05:26,132 - INFO - Skipping existing ESTBAN file: 201608_ESTBAN_AG.CSV
2026-03-18 17:05:26,134 - INFO - Skipping existing ESTBAN file: 201607_ESTBAN_AG.CSV
2026-03-18 17:05:26,134 - INFO - Skipping existing ESTBAN file: 201606_ESTBAN_AG.CSV
2026-03-18 17:05:26,134 - INFO - Skipping existing ESTBAN file: 201605_ESTBAN_AG.CSV
2026-03-18 17:05:26,136 - INFO - Skipping existing ESTBAN file: 201604_ESTBAN_AG.CSV
2026-03-18 17:05:26,136 - INFO - Skipping existing ESTBAN file: 201603_ESTBAN_AG.CSV
2026-03-18 17:05:26,136 - INFO - Skipping existing ESTBAN file: 201602_ESTBAN_AG.CSV
2026-03-18 17:05:26,136 - INFO - Skipping existing ESTBAN file: 201601_ESTBAN_AG.CSV
2026-03-18 17:05:26,136 - INFO - Skipping existing ESTBAN file: 201512_ESTBAN_AG.CSV
2026-03-18 17:05:26,136 - INFO - Skipping existing ESTBAN file: 201511_ESTBAN_AG.CSV
2026-03-18 17:05:26,140 - INFO - Skipping existing ESTBAN file: 201510_ESTBAN_AG.CSV
2026-03-18 17:05:26,140 - INFO - Skipping existing ESTBAN file: 201509_ESTBAN_AG.CSV
2026-03-18 17:05:26,141 - INFO - Skipping existing ESTBAN file: 201508_ESTBAN_AG.CSV
2026-03-18 17:05:26,142 - INFO - Skipping existing ESTBAN file: 201507_ESTBAN_AG.CSV
2026-03-18 17:05:26,142 - INFO - Skipping existing ESTBAN file: 201506_ESTBAN_AG.CSV
2026-03-18 17:05:26,142 - INFO - Skipping existing ESTBAN file: 201505_ESTBAN_AG.CSV
2026-03-18 17:05:26,142 - INFO - Skipping existing ESTBAN file: 201504_ESTBAN_AG.CSV
2026-03-18 17:05:26,142 - INFO - Skipping existing ESTBAN file: 201503_ESTBAN_AG.CSV
2026-03-18 17:05:26,142 - INFO - Skipping existing ESTBAN file: 201502_ESTBAN_AG.CSV
2026-03-18 17:05:26,142 - INFO - Skipping existing ESTBAN file: 201501_ESTBAN_AG.CSV
2026-03-18 17:05:26,148 - INFO - Skipping existing ESTBAN file: 201412_ESTBAN_AG.CSV
2026-03-18 17:05:26,150 - INFO - Skipping existing ESTBAN file: 201411_ESTBAN_AG.CSV
2026-03-18 17:05:26,151 - INFO - Skipping existing ESTBAN file: 201410_ESTBAN_AG.CSV
2026-03-18 17:05:26,151 - INFO - Skipping existing ESTBAN file: 201409_ESTBAN_AG.CSV
2026-03-18 17:05:26,152 - INFO - Skipping existing ESTBAN file: 201408_ESTBAN_AG.CSV
2026-03-18 17:05:26,154 - INFO - Skipping existing ESTBAN file: 201407_ESTBAN_AG.CSV
2026-03-18 17:05:26,154 - INFO - Skipping existing ESTBAN file: 201406_ESTBAN_AG.CSV
2026-03-18 17:05:26,155 - INFO - Skipping existing ESTBAN file: 201405_ESTBAN_AG.CSV
2026-03-18 17:05:26,155 - INFO - Skipping existing ESTBAN file: 201404_ESTBAN_AG.CSV
2026-03-18 17:05:26,157 - INFO - Skipping existing ESTBAN file: 201403_ESTBAN_AG.CSV
2026-03-18 17:05:26,158 - INFO - Skipping existing ESTBAN file: 201402_ESTBAN_AG.CSV
2026-03-18 17:05:26,158 - INFO - Skipping existing ESTBAN file: 201401_ESTBAN_AG.CSV
2026-03-18 17:05:26,159 - INFO - Skipping existing ESTBAN file: 201312_ESTBAN_AG.CSV
2026-03-18 17:05:26,160 - INFO - Skipping existing ESTBAN file: 201311_ESTBAN_AG.CSV
2026-03-18 17:05:26,161 - INFO - Skipping existing ESTBAN file: 201310_ESTBAN_AG.CSV
2026-03-18 17:05:26,162 - INFO - Skipping existing ESTBAN file: 201309_ESTBAN_AG.CSV
2026-03-18 17:05:26,162 - INFO - Skipping existing ESTBAN file: 201308_ESTBAN_AG.CSV
2026-03-18 17:05:26,163 - INFO - Skipping existing ESTBAN file: 201307_ESTBAN_AG.CSV
2026-03-18 17:05:26,163 - INFO - Skipping existing ESTBAN file: 201306_ESTBAN_AG.CSV
2026-03-18 17:05:26,164 - INFO - Skipping existing ESTBAN file: 201305_ESTBAN_AG.CSV
2026-03-18 17:05:26,165 - INFO - Skipping existing ESTBAN file: 201304_ESTBAN_AG.CSV
2026-03-18 17:05:26,166 - INFO - Skipping existing ESTBAN file: 201303_ESTBAN_AG.CSV
2026-03-18 17:05:26,167 - INFO - Skipping existing ESTBAN file: 201302_ESTBAN_AG.CSV
2026-03-18 17:05:26,168 - INFO - Skipping existing ESTBAN file: 201301_ESTBAN_AG.CSV
